2026-09-13 15:49:18 | INFO | ==========================================================
2026-09-13 15:49:18 | INFO | === ARDUPILOT POLYGON RASTER COVERAGE MISSION ===
2026-09-13 15:49:18 | INFO | ==========================================================
2026-09-13 15:49:18 | INFO | Project directory : /home/aahswarm/ardupilotPatterenTest
2026-09-13 15:49:18 | INFO | Mission log       : /home/aahswarm/ardupilotPatterenTest/ardupilot_raster_mission.log
2026-09-13 15:49:18 | INFO | Trigger file      : /home/aahswarm/ardupilotPatterenTest/START_RASTER_MISSION
2026-09-13 15:49:18 | INFO | Recordings        : /home/aahswarm/ardupilotPatterenTest/recordings/
2026-09-13 15:49:18 | INFO | =========================================================
2026-09-13 15:49:18 | INFO | === POLYGON RASTER MISSION PLAN ===
2026-09-13 15:49:18 | INFO | =========================================================
2026-09-13 15:49:18 | INFO |   Corner A: 13.3457860, 74.7940120
2026-09-13 15:49:18 | INFO |   Corner B: 13.3457940, 74.7940550
2026-09-13 15:49:18 | INFO |   Corner C: 13.3459110, 74.7940240
2026-09-13 15:49:18 | INFO |   Corner D: 13.3459020, 74.7939900
2026-09-13 15:49:18 | INFO |   Sides: AB=4.74m BC=13.45m CD=3.82m DA=13.13m; area=56.80m^2
2026-09-13 15:49:18 | INFO |   Corner angles: A=89.6 B=86.4 C=89.2 D=94.8 deg (a rectangle is not required)
2026-09-13 15:49:18 | INFO |   Inward safety inset: 0.20m -> inset area 49.93m^2
2026-09-13 15:49:18 | INFO |   Raster direction: A->B, bearing 79.2 deg, alternating
2026-09-13 15:49:18 | INFO |   Passes: 33, spacing 0.394m (requested 0.400m), waypoints 66
2026-09-13 15:49:18 | INFO |   Path length 140.1m, estimated 701s at 0.20m/s (horizontal travel only)
2026-09-13 15:49:18 | INFO |   Containment: 66/66 waypoints and 65 segments verified inside the inset polygon (2888 samples); worst clearance +0.200m from the polygon edge
2026-09-13 15:49:18 | INFO |   Outer safety geofence: area 204.26m^2, sides 21.44m, 9.68m, 21.18m, 9.51m, winding CCW
2026-09-13 15:49:18 | INFO |   Inner inside outer: minimum separation 1.51m (corners A=1.57m, B=3.31m, C=1.51m, D=1.76m); raster path worst 1.78m, 1.28m against the effective boundary
2026-09-13 15:49:18 | INFO |   Outer safety geofence: 4 GPS corners, effective boundary 0.50m inside them (independent safety layer, NOT the mission polygon, NOT an ArduPilot fence)
2026-09-13 15:49:18 | INFO |   Inner runtime breach tolerance: 0.50m beyond the mission-polygon edge, enforced during the RASTER phase only
2026-09-13 15:49:18 | INFO |   Max planned distance from polygon centroid: 6.79m
2026-09-13 15:49:18 | INFO | ==========================================================
2026-09-13 15:49:18 | INFO | === ARDUPILOT CONTINUOUS AUTONOMOUS MISSION DAEMON ===
2026-09-13 15:49:18 | INFO | ==========================================================
2026-09-13 15:49:18 | INFO | Mission Parameters: Port=auto-discover, Baud=115200, TakeoffAlt=2.0m, DescentSpeed=0.15m/s, TouchdownSpeed=0.08m/s, Orbit=3.0m x 1.0 at 0.2m/s, HorizontalFence=4.0m, Geofence=DISABLED
2026-09-13 15:49:18 | INFO | Waiting for ArduPilot flight controller... (no serial device found, retrying in 3s)
2026-09-13 15:49:21 | INFO | Waiting for ArduPilot flight controller... (no serial device found, retrying in 3s)
2026-09-13 15:49:24 | INFO | Waiting for ArduPilot flight controller... (no serial device found, retrying in 3s)
2026-09-13 15:49:27 | INFO | Waiting for ArduPilot flight controller... (no serial device found, retrying in 3s)
2026-09-13 15:49:30 | INFO | Waiting for ArduPilot flight controller... (no serial device found, retrying in 3s)
2026-09-13 15:49:33 | INFO | Waiting for ArduPilot flight controller... (no serial device found, retrying in 3s)
2026-09-13 15:49:36 | INFO | Waiting for ArduPilot flight controller... (no serial device found, retrying in 3s)
2026-09-13 15:49:39 | INFO | Waiting for ArduPilot flight controller... (no serial device found, retrying in 3s)
2026-09-13 15:49:42 | INFO | Waiting for ArduPilot flight controller... (no serial device found, retrying in 3s)
2026-09-13 15:49:45 | INFO | Waiting for ArduPilot flight controller... (no serial device found, retrying in 3s)
2026-09-13 15:49:48 | INFO | Waiting for ArduPilot flight controller... (no serial device found, retrying in 3s)
2026-09-13 15:49:51 | INFO | Waiting for ArduPilot flight controller... (no serial device found, retrying in 3s)
2026-09-13 15:49:54 | INFO | Waiting for ArduPilot flight controller... (no serial device found, retrying in 3s)
2026-09-13 15:49:57 | INFO | Waiting for ArduPilot flight controller... (no serial device found, retrying in 3s)
2026-09-13 15:50:00 | INFO | Waiting for ArduPilot flight controller... (no serial device found, retrying in 3s)
2026-09-13 15:50:03 | INFO | Waiting for ArduPilot flight controller... (no serial device found, retrying in 3s)
2026-09-13 15:50:06 | INFO | Waiting for ArduPilot flight controller... (no serial device found, retrying in 3s)
2026-09-13 15:50:09 | INFO | Waiting for ArduPilot flight controller... (no serial device found, retrying in 3s)
2026-09-13 15:50:12 | INFO | Waiting for ArduPilot flight controller... (no serial device found, retrying in 3s)
2026-09-13 15:50:15 | INFO | Waiting for ArduPilot flight controller... (no serial device found, retrying in 3s)
2026-09-13 15:50:18 | INFO | Waiting for ArduPilot flight controller... (no serial device found, retrying in 3s)
2026-09-13 15:50:21 | INFO | Waiting for ArduPilot flight controller... (no serial device found, retrying in 3s)
2026-09-13 15:50:24 | INFO | Waiting for ArduPilot flight controller... (no serial device found, retrying in 3s)
2026-09-13 15:50:27 | INFO | Waiting for ArduPilot flight controller... (no serial device found, retrying in 3s)
2026-09-13 15:50:30 | INFO | Waiting for ArduPilot flight controller... (no serial device found, retrying in 3s)
2026-09-13 15:50:33 | INFO | Waiting for ArduPilot flight controller... (no serial device found, retrying in 3s)
2026-09-13 15:50:36 | INFO | Waiting for ArduPilot flight controller... (no serial device found, retrying in 3s)
2026-09-13 15:50:39 | INFO | Waiting for ArduPilot flight controller... (no serial device found, retrying in 3s)
2026-09-13 15:50:42 | INFO | Waiting for ArduPilot flight controller... (no serial device found, retrying in 3s)
2026-09-13 15:50:45 | INFO | Waiting for ArduPilot flight controller... (no serial device found, retrying in 3s)
2026-09-13 15:50:48 | INFO | Waiting for ArduPilot flight controller... (no serial device found, retrying in 3s)
2026-09-13 15:50:51 | INFO | Waiting for ArduPilot flight controller... (no serial device found, retrying in 3s)
2026-09-13 15:50:54 | INFO | Waiting for ArduPilot flight controller... (no serial device found, retrying in 3s)
2026-09-13 15:50:57 | INFO | Waiting for ArduPilot flight controller... (no serial device found, retrying in 3s)
2026-09-13 15:51:00 | INFO | Waiting for ArduPilot flight controller... (no serial device found, retrying in 3s)
2026-09-13 15:51:03 | INFO | Waiting for ArduPilot flight controller... (no serial device found, retrying in 3s)
2026-09-13 15:51:06 | INFO | Waiting for ArduPilot flight controller... (no serial device found, retrying in 3s)
2026-09-13 15:51:09 | INFO | Waiting for ArduPilot flight controller... (no serial device found, retrying in 3s)
2026-09-13 15:51:12 | INFO | Waiting for ArduPilot flight controller... (no serial device found, retrying in 3s)
2026-09-13 15:51:15 | INFO | Waiting for ArduPilot flight controller... (no serial device found, retrying in 3s)
2026-09-13 15:51:18 | INFO | Waiting for ArduPilot flight controller... (no serial device found, retrying in 3s)
2026-09-13 15:51:21 | INFO | Waiting for ArduPilot flight controller... (no serial device found, retrying in 3s)
2026-09-13 15:51:24 | INFO | Waiting for ArduPilot flight controller... (no serial device found, retrying in 3s)
2026-09-13 15:51:27 | INFO | Waiting for ArduPilot flight controller... (no serial device found, retrying in 3s)
2026-09-13 15:51:30 | INFO | Waiting for ArduPilot flight controller... (no serial device found, retrying in 3s)
2026-09-13 15:51:33 | INFO | Waiting for ArduPilot flight controller... (no serial device found, retrying in 3s)
2026-09-13 15:51:36 | INFO | Waiting for ArduPilot flight controller... (no serial device found, retrying in 3s)
2026-09-13 15:51:39 | INFO | Waiting for ArduPilot flight controller... (no serial device found, retrying in 3s)
2026-09-13 15:51:42 | INFO | Waiting for ArduPilot flight controller... (no serial device found, retrying in 3s)
2026-09-13 15:51:45 | INFO | Waiting for ArduPilot flight controller... (no serial device found, retrying in 3s)
2026-09-13 15:51:48 | INFO | Waiting for ArduPilot flight controller... (no serial device found, retrying in 3s)
2026-09-13 15:51:51 | INFO | Waiting for ArduPilot flight controller... (no serial device found, retrying in 3s)
2026-09-13 15:51:54 | INFO | Waiting for ArduPilot flight controller... (no serial device found, retrying in 3s)
2026-09-13 15:51:57 | INFO | Waiting for ArduPilot flight controller... (no serial device found, retrying in 3s)
2026-09-13 15:52:00 | INFO | Waiting for ArduPilot flight controller... (no serial device found, retrying in 3s)
2026-09-13 15:52:03 | INFO | Waiting for ArduPilot flight controller... (no serial device found, retrying in 3s)
2026-09-13 15:52:06 | INFO | Waiting for ArduPilot flight controller... (no serial device found, retrying in 3s)
2026-09-13 15:52:09 | INFO | Waiting for ArduPilot flight controller... (no serial device found, retrying in 3s)
2026-09-13 15:52:12 | INFO | Waiting for ArduPilot flight controller... (no serial device found, retrying in 3s)
2026-09-13 15:52:15 | INFO | Waiting for ArduPilot flight controller... (no serial device found, retrying in 3s)
2026-09-13 15:52:18 | INFO | Waiting for ArduPilot flight controller... (no serial device found, retrying in 3s)
2026-09-13 15:52:21 | INFO | Waiting for ArduPilot flight controller... (no serial device found, retrying in 3s)
2026-09-13 15:52:24 | INFO | Waiting for ArduPilot flight controller... (no serial device found, retrying in 3s)
2026-09-13 15:52:27 | INFO | Waiting for ArduPilot flight controller... (no serial device found, retrying in 3s)
2026-09-13 15:52:30 | INFO | Waiting for ArduPilot flight controller... (no serial device found, retrying in 3s)
2026-09-13 15:52:33 | INFO | Waiting for ArduPilot flight controller... (no serial device found, retrying in 3s)
2026-09-13 15:52:36 | INFO | Waiting for ArduPilot flight controller... (no serial device found, retrying in 3s)
2026-09-13 15:52:39 | INFO | Waiting for ArduPilot flight controller... (no serial device found, retrying in 3s)
2026-09-13 15:52:42 | INFO | Waiting for ArduPilot flight controller... (no serial device found, retrying in 3s)
2026-09-13 15:52:45 | INFO | Waiting for ArduPilot flight controller... (no serial device found, retrying in 3s)
2026-09-13 15:52:48 | INFO | Waiting for ArduPilot flight controller... (no serial device found, retrying in 3s)
2026-09-13 15:52:51 | INFO | Waiting for ArduPilot flight controller... (no serial device found, retrying in 3s)
2026-09-13 15:52:54 | INFO | Waiting for ArduPilot flight controller... (no serial device found, retrying in 3s)
2026-09-13 15:52:57 | INFO | Waiting for ArduPilot flight controller... (no serial device found, retrying in 3s)
2026-09-13 15:53:00 | INFO | Waiting for ArduPilot flight controller... (no serial device found, retrying in 3s)
2026-09-13 15:53:03 | INFO | Waiting for ArduPilot flight controller... (no serial device found, retrying in 3s)
2026-09-13 15:53:06 | INFO | Waiting for ArduPilot flight controller... (no serial device found, retrying in 3s)
2026-09-13 15:53:09 | INFO | Waiting for ArduPilot flight controller... (no serial device found, retrying in 3s)
2026-09-13 15:53:12 | INFO | Waiting for ArduPilot flight controller... (no serial device found, retrying in 3s)
2026-09-13 15:53:15 | INFO | Waiting for ArduPilot flight controller... (no serial device found, retrying in 3s)
2026-09-13 15:53:18 | INFO | Waiting for ArduPilot flight controller... (no serial device found, retrying in 3s)
2026-09-13 15:53:21 | INFO | Waiting for ArduPilot flight controller... (no serial device found, retrying in 3s)
2026-09-13 15:53:24 | INFO | Waiting for ArduPilot flight controller... (no serial device found, retrying in 3s)
2026-09-13 15:53:27 | INFO | Waiting for ArduPilot flight controller... (no serial device found, retrying in 3s)
2026-09-13 15:53:30 | INFO | Waiting for ArduPilot flight controller... (no serial device found, retrying in 3s)
2026-09-13 15:53:33 | INFO | Waiting for ArduPilot flight controller... (no serial device found, retrying in 3s)
2026-09-13 15:53:36 | INFO | Waiting for ArduPilot flight controller... (no serial device found, retrying in 3s)
2026-09-13 15:53:39 | INFO | Waiting for ArduPilot flight controller... (no serial device found, retrying in 3s)
2026-09-13 15:53:42 | INFO | Waiting for ArduPilot flight controller... (no serial device found, retrying in 3s)
2026-09-13 15:53:45 | INFO | Waiting for ArduPilot flight controller... (no serial device found, retrying in 3s)
2026-09-13 15:53:48 | INFO | Waiting for ArduPilot flight controller... (no serial device found, retrying in 3s)
2026-09-13 15:53:51 | INFO | Waiting for ArduPilot flight controller... (no serial device found, retrying in 3s)
2026-09-13 15:53:54 | INFO | Waiting for ArduPilot flight controller... (no serial device found, retrying in 3s)
2026-09-13 15:53:57 | INFO | Waiting for ArduPilot flight controller... (no serial device found, retrying in 3s)
2026-09-13 15:54:00 | INFO | Waiting for ArduPilot flight controller... (no serial device found, retrying in 3s)
2026-09-13 15:54:03 | INFO | Waiting for ArduPilot flight controller... (no serial device found, retrying in 3s)
2026-09-13 15:54:06 | INFO | Waiting for ArduPilot flight controller... (no serial device found, retrying in 3s)
2026-09-13 15:54:09 | INFO | Waiting for ArduPilot flight controller... (no serial device found, retrying in 3s)
2026-09-13 15:54:12 | INFO | Waiting for ArduPilot flight controller... (no serial device found, retrying in 3s)
2026-09-13 15:54:15 | INFO | Waiting for ArduPilot flight controller... (no serial device found, retrying in 3s)
2026-09-13 15:54:18 | INFO | Waiting for ArduPilot flight controller... (no serial device found, retrying in 3s)
2026-09-13 15:54:21 | INFO | Waiting for ArduPilot flight controller... (no serial device found, retrying in 3s)
2026-09-13 15:54:24 | INFO | Waiting for ArduPilot flight controller... (no serial device found, retrying in 3s)
2026-09-13 15:54:27 | INFO | Waiting for ArduPilot flight controller... (no serial device found, retrying in 3s)
2026-09-13 15:54:30 | INFO | Waiting for ArduPilot flight controller... (no serial device found, retrying in 3s)
2026-09-13 15:54:33 | INFO | Waiting for ArduPilot flight controller... (no serial device found, retrying in 3s)
2026-09-13 15:54:36 | INFO | Waiting for ArduPilot flight controller... (no serial device found, retrying in 3s)
2026-09-13 15:54:39 | INFO | Waiting for ArduPilot flight controller... (no serial device found, retrying in 3s)
2026-09-13 15:54:42 | INFO | Waiting for ArduPilot flight controller... (no serial device found, retrying in 3s)
2026-09-13 15:54:45 | INFO | Waiting for ArduPilot flight controller... (no serial device found, retrying in 3s)
2026-09-13 15:54:48 | INFO | Waiting for ArduPilot flight controller... (no serial device found, retrying in 3s)
2026-09-13 15:54:51 | INFO | Waiting for ArduPilot flight controller... (no serial device found, retrying in 3s)
2026-09-13 15:54:54 | INFO | Waiting for ArduPilot flight controller... (no serial device found, retrying in 3s)
2026-09-13 15:54:57 | INFO | Waiting for ArduPilot flight controller... (no serial device found, retrying in 3s)
2026-09-13 15:55:00 | INFO | Waiting for ArduPilot flight controller... (no serial device found, retrying in 3s)
2026-09-13 15:55:03 | INFO | Waiting for ArduPilot flight controller... (no serial device found, retrying in 3s)
2026-09-13 15:55:06 | INFO | Waiting for ArduPilot flight controller... (no serial device found, retrying in 3s)
2026-09-13 15:55:09 | INFO | Waiting for ArduPilot flight controller... (no serial device found, retrying in 3s)
2026-09-13 15:55:12 | INFO | Waiting for ArduPilot flight controller... (no serial device found, retrying in 3s)
2026-09-13 15:55:15 | INFO | Waiting for ArduPilot flight controller... (no serial device found, retrying in 3s)
2026-09-13 15:55:18 | INFO | Waiting for ArduPilot flight controller... (no serial device found, retrying in 3s)
2026-09-13 15:55:21 | INFO | Waiting for ArduPilot flight controller... (no serial device found, retrying in 3s)
2026-09-13 15:55:24 | INFO | Waiting for ArduPilot flight controller... (no serial device found, retrying in 3s)
2026-09-13 15:55:27 | INFO | Waiting for ArduPilot flight controller... (no serial device found, retrying in 3s)
2026-09-13 15:55:30 | INFO | Waiting for ArduPilot flight controller... (no serial device found, retrying in 3s)
2026-09-13 15:55:33 | INFO | Waiting for ArduPilot flight controller... (no serial device found, retrying in 3s)
2026-09-13 15:55:36 | INFO | Waiting for ArduPilot flight controller... (no serial device found, retrying in 3s)
2026-09-13 15:55:39 | INFO | Waiting for ArduPilot flight controller... (no serial device found, retrying in 3s)
2026-09-13 15:55:42 | INFO | Waiting for ArduPilot flight controller... (no serial device found, retrying in 3s)
2026-09-13 15:55:45 | INFO | Waiting for ArduPilot flight controller... (no serial device found, retrying in 3s)
2026-09-13 15:55:48 | INFO | Waiting for ArduPilot flight controller... (no serial device found, retrying in 3s)
2026-09-13 15:55:51 | INFO | Waiting for ArduPilot flight controller... (no serial device found, retrying in 3s)
2026-09-13 15:55:54 | INFO | Waiting for ArduPilot flight controller... (no serial device found, retrying in 3s)
2026-09-13 15:55:57 | INFO | Waiting for ArduPilot flight controller... (no serial device found, retrying in 3s)
2026-09-13 15:56:00 | INFO | Waiting for ArduPilot flight controller... (no serial device found, retrying in 3s)
2026-09-13 15:56:03 | INFO | Waiting for ArduPilot flight controller... (no serial device found, retrying in 3s)
2026-09-13 15:56:06 | INFO | Waiting for ArduPilot flight controller... (no serial device found, retrying in 3s)
2026-09-13 15:56:09 | INFO | Waiting for ArduPilot flight controller... (no serial device found, retrying in 3s)
2026-09-13 15:56:12 | INFO | Waiting for ArduPilot flight controller... (no serial device found, retrying in 3s)
2026-09-13 15:56:15 | INFO | Waiting for ArduPilot flight controller... (no serial device found, retrying in 3s)
2026-09-13 15:56:18 | INFO | Waiting for ArduPilot flight controller... (no serial device found, retrying in 3s)
2026-09-13 15:56:21 | INFO | Waiting for ArduPilot flight controller... (no serial device found, retrying in 3s)
2026-09-13 15:56:24 | INFO | Waiting for ArduPilot flight controller... (no serial device found, retrying in 3s)
2026-09-13 15:56:27 | INFO | Waiting for ArduPilot flight controller... (no serial device found, retrying in 3s)
2026-09-13 15:56:30 | INFO | Waiting for ArduPilot flight controller... (no serial device found, retrying in 3s)
2026-09-13 15:56:33 | INFO | Waiting for ArduPilot flight controller... (no serial device found, retrying in 3s)
2026-09-13 15:56:36 | INFO | Waiting for ArduPilot flight controller... (no serial device found, retrying in 3s)
2026-09-13 15:56:39 | INFO | Waiting for ArduPilot flight controller... (no serial device found, retrying in 3s)
2026-09-13 15:56:42 | INFO | Waiting for ArduPilot flight controller... (no serial device found, retrying in 3s)
2026-09-13 15:56:45 | INFO | Waiting for ArduPilot flight controller... (no serial device found, retrying in 3s)
2026-09-13 15:56:48 | INFO | Waiting for ArduPilot flight controller... (no serial device found, retrying in 3s)
2026-09-13 15:56:51 | INFO | Waiting for ArduPilot flight controller... (no serial device found, retrying in 3s)
2026-09-13 15:56:54 | INFO | Waiting for ArduPilot flight controller... (no serial device found, retrying in 3s)
2026-09-13 15:56:57 | INFO | Waiting for ArduPilot flight controller... (no serial device found, retrying in 3s)
2026-09-13 15:57:00 | INFO | Waiting for ArduPilot flight controller... (no serial device found, retrying in 3s)
2026-09-13 15:57:03 | INFO | Waiting for ArduPilot flight controller... (no serial device found, retrying in 3s)
2026-09-13 15:57:06 | INFO | Waiting for ArduPilot flight controller... (no serial device found, retrying in 3s)
2026-09-13 15:57:09 | INFO | Waiting for ArduPilot flight controller... (no serial device found, retrying in 3s)
2026-09-13 15:57:12 | INFO | Waiting for ArduPilot flight controller... (no serial device found, retrying in 3s)
2026-09-13 15:57:15 | INFO | Waiting for ArduPilot flight controller... (no serial device found, retrying in 3s)
2026-09-13 15:57:18 | INFO | Waiting for ArduPilot flight controller... (no serial device found, retrying in 3s)
2026-09-13 15:57:21 | INFO | Waiting for ArduPilot flight controller... (no serial device found, retrying in 3s)
2026-09-13 15:57:24 | INFO | Waiting for ArduPilot flight controller... (no serial device found, retrying in 3s)
2026-09-13 15:57:27 | INFO | Waiting for ArduPilot flight controller... (no serial device found, retrying in 3s)
2026-09-13 15:57:30 | INFO | Waiting for ArduPilot flight controller... (no serial device found, retrying in 3s)
2026-09-13 15:57:33 | INFO | Waiting for ArduPilot flight controller... (no serial device found, retrying in 3s)
2026-09-13 15:57:36 | INFO | Waiting for ArduPilot flight controller... (no serial device found, retrying in 3s)
2026-09-13 15:57:39 | INFO | Waiting for ArduPilot flight controller... (no serial device found, retrying in 3s)
2026-09-13 15:57:42 | INFO | Waiting for ArduPilot flight controller... (no serial device found, retrying in 3s)
2026-09-13 15:57:45 | INFO | Waiting for ArduPilot flight controller... (no serial device found, retrying in 3s)
2026-09-13 15:57:48 | INFO | Waiting for ArduPilot flight controller... (no serial device found, retrying in 3s)
2026-09-13 15:57:51 | INFO | Waiting for ArduPilot flight controller... (no serial device found, retrying in 3s)
2026-09-13 15:57:54 | INFO | Waiting for ArduPilot flight controller... (no serial device found, retrying in 3s)
2026-09-13 15:57:57 | INFO | Waiting for ArduPilot flight controller... (no serial device found, retrying in 3s)
2026-09-13 15:58:00 | INFO | Waiting for ArduPilot flight controller... (no serial device found, retrying in 3s)
2026-09-13 15:58:03 | INFO | Waiting for ArduPilot flight controller... (no serial device found, retrying in 3s)
2026-09-13 15:58:06 | INFO | Waiting for ArduPilot flight controller... (no serial device found, retrying in 3s)
2026-09-13 15:58:09 | INFO | Waiting for ArduPilot flight controller... (no serial device found, retrying in 3s)
2026-09-13 15:58:12 | INFO | Waiting for ArduPilot flight controller... (no serial device found, retrying in 3s)
2026-09-13 15:58:15 | INFO | Waiting for ArduPilot flight controller... (no serial device found, retrying in 3s)
2026-09-13 15:58:18 | INFO | Waiting for ArduPilot flight controller... (no serial device found, retrying in 3s)
2026-09-13 15:58:21 | INFO | Waiting for ArduPilot flight controller... (no serial device found, retrying in 3s)
2026-09-13 15:58:24 | INFO | Waiting for ArduPilot flight controller... (no serial device found, retrying in 3s)
2026-09-13 15:58:27 | INFO | Waiting for ArduPilot flight controller... (no serial device found, retrying in 3s)
2026-09-13 15:58:30 | INFO | Waiting for ArduPilot flight controller... (no serial device found, retrying in 3s)
2026-09-13 15:58:33 | INFO | Waiting for ArduPilot flight controller... (no serial device found, retrying in 3s)
2026-09-13 15:58:36 | INFO | Waiting for ArduPilot flight controller... (no serial device found, retrying in 3s)
2026-09-13 15:58:39 | INFO | Waiting for ArduPilot flight controller... (no serial device found, retrying in 3s)
2026-09-13 15:58:42 | INFO | Waiting for ArduPilot flight controller... (no serial device found, retrying in 3s)
2026-09-13 15:58:45 | INFO | Waiting for ArduPilot flight controller... (no serial device found, retrying in 3s)
2026-09-13 15:58:48 | INFO | Waiting for ArduPilot flight controller... (no serial device found, retrying in 3s)
2026-09-13 15:58:51 | INFO | Waiting for ArduPilot flight controller... (no serial device found, retrying in 3s)
2026-09-13 15:58:54 | INFO | Waiting for ArduPilot flight controller... (no serial device found, retrying in 3s)
2026-09-13 15:58:57 | INFO | Waiting for ArduPilot flight controller... (no serial device found, retrying in 3s)
2026-09-13 15:59:00 | INFO | Waiting for ArduPilot flight controller... (no serial device found, retrying in 3s)
2026-09-13 15:59:03 | INFO | Waiting for ArduPilot flight controller... (no serial device found, retrying in 3s)
2026-09-13 15:59:06 | INFO | Waiting for ArduPilot flight controller... (no serial device found, retrying in 3s)
2026-09-13 15:59:09 | INFO | Waiting for ArduPilot flight controller... (no serial device found, retrying in 3s)
2026-09-13 15:59:12 | INFO | Waiting for ArduPilot flight controller... (no serial device found, retrying in 3s)
2026-09-13 15:59:15 | INFO | Waiting for ArduPilot flight controller... (no serial device found, retrying in 3s)
2026-09-13 15:59:18 | INFO | Waiting for ArduPilot flight controller... (no serial device found, retrying in 3s)
2026-09-13 15:59:21 | INFO | Waiting for ArduPilot flight controller... (no serial device found, retrying in 3s)
2026-09-13 15:59:24 | INFO | Waiting for ArduPilot flight controller... (no serial device found, retrying in 3s)
2026-09-13 15:59:27 | INFO | Waiting for ArduPilot flight controller... (no serial device found, retrying in 3s)
2026-09-13 15:59:30 | INFO | Waiting for ArduPilot flight controller... (no serial device found, retrying in 3s)
2026-09-13 15:59:33 | INFO | Waiting for ArduPilot flight controller... (no serial device found, retrying in 3s)
2026-09-13 15:59:36 | INFO | Waiting for ArduPilot flight controller... (no serial device found, retrying in 3s)
2026-09-13 15:59:39 | INFO | Waiting for ArduPilot flight controller... (no serial device found, retrying in 3s)
2026-09-13 15:59:42 | INFO | Waiting for ArduPilot flight controller... (no serial device found, retrying in 3s)
2026-09-13 15:59:45 | INFO | Waiting for ArduPilot flight controller... (no serial device found, retrying in 3s)
2026-09-13 15:59:48 | INFO | Waiting for ArduPilot flight controller... (no serial device found, retrying in 3s)
2026-09-13 15:59:51 | INFO | Waiting for ArduPilot flight controller... (no serial device found, retrying in 3s)
2026-09-13 15:59:54 | INFO | Waiting for ArduPilot flight controller... (no serial device found, retrying in 3s)
2026-09-13 15:59:57 | INFO | Waiting for ArduPilot flight controller... (no serial device found, retrying in 3s)
2026-09-13 16:00:00 | INFO | Waiting for ArduPilot flight controller... (no serial device found, retrying in 3s)
2026-09-13 16:00:03 | INFO | Waiting for ArduPilot flight controller... (no serial device found, retrying in 3s)
2026-09-13 16:00:06 | INFO | Waiting for ArduPilot flight controller... (no serial device found, retrying in 3s)
2026-09-13 16:00:09 | INFO | Waiting for ArduPilot flight controller... (no serial device found, retrying in 3s)
2026-09-13 16:00:12 | INFO | Waiting for ArduPilot flight controller... (no serial device found, retrying in 3s)
2026-09-13 16:00:15 | INFO | Waiting for ArduPilot flight controller... (no serial device found, retrying in 3s)
2026-09-13 16:00:18 | INFO | Waiting for ArduPilot flight controller... (no serial device found, retrying in 3s)
2026-09-13 16:00:21 | INFO | Waiting for ArduPilot flight controller... (no serial device found, retrying in 3s)
2026-09-13 16:00:24 | INFO | Waiting for ArduPilot flight controller... (no serial device found, retrying in 3s)
2026-09-13 16:00:27 | INFO | Waiting for ArduPilot flight controller... (no serial device found, retrying in 3s)
2026-09-13 16:00:30 | INFO | Waiting for ArduPilot flight controller... (no serial device found, retrying in 3s)
2026-09-13 16:00:33 | INFO | Waiting for ArduPilot flight controller... (no serial device found, retrying in 3s)
2026-09-13 16:00:36 | INFO | Waiting for ArduPilot flight controller... (no serial device found, retrying in 3s)
2026-09-13 16:00:39 | INFO | Waiting for ArduPilot flight controller... (no serial device found, retrying in 3s)
2026-09-13 16:00:42 | INFO | Waiting for ArduPilot flight controller... (no serial device found, retrying in 3s)
2026-09-13 16:00:45 | INFO | Waiting for ArduPilot flight controller... (no serial device found, retrying in 3s)
2026-09-13 16:00:48 | INFO | Waiting for ArduPilot flight controller... (no serial device found, retrying in 3s)
2026-09-13 16:00:51 | INFO | Waiting for ArduPilot flight controller... (no serial device found, retrying in 3s)
2026-09-13 16:00:54 | INFO | Received exit signal 15. Finalizing video and exiting...
2026-09-13 16:01:09 | INFO | ==========================================================
2026-09-13 16:01:09 | INFO | === ARDUPILOT POLYGON RASTER COVERAGE MISSION ===
2026-09-13 16:01:09 | INFO | ==========================================================
2026-09-13 16:01:09 | INFO | Project directory : /home/aahswarm/ardupilotPatterenTest
2026-09-13 16:01:09 | INFO | Mission log       : /home/aahswarm/ardupilotPatterenTest/ardupilot_raster_mission.log
2026-09-13 16:01:09 | INFO | Trigger file      : /home/aahswarm/ardupilotPatterenTest/START_RASTER_MISSION
2026-09-13 16:01:09 | INFO | Recordings        : /home/aahswarm/ardupilotPatterenTest/recordings/
2026-09-13 16:01:09 | INFO | =========================================================
2026-09-13 16:01:09 | INFO | === POLYGON RASTER MISSION PLAN ===
2026-09-13 16:01:09 | INFO | =========================================================
2026-09-13 16:01:09 | INFO |   Corner A: 13.3457860, 74.7940120
2026-09-13 16:01:09 | INFO |   Corner B: 13.3457940, 74.7940550
2026-09-13 16:01:09 | INFO |   Corner C: 13.3459110, 74.7940240
2026-09-13 16:01:09 | INFO |   Corner D: 13.3459020, 74.7939900
2026-09-13 16:01:09 | INFO |   Sides: AB=4.74m BC=13.45m CD=3.82m DA=13.13m; area=56.80m^2
2026-09-13 16:01:09 | INFO |   Corner angles: A=89.6 B=86.4 C=89.2 D=94.8 deg (a rectangle is not required)
2026-09-13 16:01:09 | INFO |   Inward safety inset: 0.20m -> inset area 49.93m^2
2026-09-13 16:01:09 | INFO |   Raster direction: A->B, bearing 79.2 deg, alternating
2026-09-13 16:01:09 | INFO |   Passes: 33, spacing 0.394m (requested 0.400m), waypoints 66
2026-09-13 16:01:09 | INFO |   Path length 140.1m, estimated 701s at 0.20m/s (horizontal travel only)
2026-09-13 16:01:09 | INFO |   Containment: 66/66 waypoints and 65 segments verified inside the inset polygon (2888 samples); worst clearance +0.200m from the polygon edge
2026-09-13 16:01:09 | INFO |   Outer safety geofence: area 204.26m^2, sides 21.44m, 9.68m, 21.18m, 9.51m, winding CCW
2026-09-13 16:01:09 | INFO |   Inner inside outer: minimum separation 1.51m (corners A=1.57m, B=3.31m, C=1.51m, D=1.76m); raster path worst 1.78m, 1.28m against the effective boundary
2026-09-13 16:01:09 | INFO |   Outer safety geofence: 4 GPS corners, effective boundary 0.50m inside them (independent safety layer, NOT the mission polygon, NOT an ArduPilot fence)
2026-09-13 16:01:09 | INFO |   Inner runtime breach tolerance: 0.50m beyond the mission-polygon edge, enforced during the RASTER phase only
2026-09-13 16:01:09 | INFO |   Max planned distance from polygon centroid: 6.79m
2026-09-13 16:01:09 | INFO | ==========================================================
2026-09-13 16:01:09 | INFO | === ARDUPILOT CONTINUOUS AUTONOMOUS MISSION DAEMON ===
2026-09-13 16:01:09 | INFO | ==========================================================
2026-09-13 16:01:09 | INFO | Mission Parameters: Port=auto-discover, Baud=115200, TakeoffAlt=2.0m, DescentSpeed=0.15m/s, TouchdownSpeed=0.08m/s, Orbit=3.0m x 1.0 at 0.2m/s, HorizontalFence=4.0m, Geofence=DISABLED
2026-09-13 16:01:09 | INFO | Waiting for ArduPilot flight controller... (no serial device found, retrying in 3s)
2026-09-13 16:01:12 | INFO | Waiting for ArduPilot flight controller... (no serial device found, retrying in 3s)
2026-09-13 16:01:15 | INFO | Waiting for ArduPilot flight controller... (no serial device found, retrying in 3s)
2026-09-13 16:01:18 | INFO | Waiting for ArduPilot flight controller... (no serial device found, retrying in 3s)
2026-09-13 16:01:21 | INFO | Waiting for ArduPilot flight controller... (no serial device found, retrying in 3s)
2026-09-13 16:01:24 | INFO | Waiting for ArduPilot flight controller... (no serial device found, retrying in 3s)
2026-09-13 16:01:27 | INFO | Waiting for ArduPilot flight controller... (no serial device found, retrying in 3s)
2026-09-13 16:03:03 | INFO | Waiting for ArduPilot flight controller... (no serial device found, retrying in 3s)
2026-09-13 16:03:06 | INFO | Waiting for ArduPilot flight controller... (no serial device found, retrying in 3s)
2026-09-13 16:03:09 | INFO | Waiting for ArduPilot flight controller... (no serial device found, retrying in 3s)
2026-09-13 16:03:12 | INFO | Waiting for ArduPilot flight controller... (no serial device found, retrying in 3s)
2026-09-13 16:03:15 | INFO | Waiting for ArduPilot flight controller... (no serial device found, retrying in 3s)
2026-09-13 16:03:18 | INFO | Waiting for ArduPilot flight controller... (no serial device found, retrying in 3s)
2026-09-13 16:03:21 | INFO | Waiting for ArduPilot flight controller... (no serial device found, retrying in 3s)
2026-09-13 16:03:24 | INFO | Waiting for ArduPilot flight controller... (no serial device found, retrying in 3s)
2026-09-13 16:03:27 | INFO | Waiting for ArduPilot flight controller... (no serial device found, retrying in 3s)
2026-09-13 16:03:30 | INFO | Waiting for ArduPilot flight controller... (no serial device found, retrying in 3s)
2026-09-13 16:03:33 | INFO | Waiting for ArduPilot flight controller... (no serial device found, retrying in 3s)
2026-09-13 16:03:36 | INFO | Waiting for ArduPilot flight controller... (no serial device found, retrying in 3s)
2026-09-13 16:03:39 | INFO | Waiting for ArduPilot flight controller... (no serial device found, retrying in 3s)
2026-09-13 16:03:42 | INFO | Waiting for ArduPilot flight controller... (no serial device found, retrying in 3s)
2026-09-13 16:03:45 | INFO | Waiting for ArduPilot flight controller... (no serial device found, retrying in 3s)
2026-09-13 16:03:48 | INFO | Waiting for ArduPilot flight controller... (no serial device found, retrying in 3s)
2026-09-13 16:03:51 | INFO | Waiting for ArduPilot flight controller... (no serial device found, retrying in 3s)
2026-09-13 16:03:54 | INFO | Waiting for ArduPilot flight controller... (no serial device found, retrying in 3s)
2026-09-13 16:03:57 | INFO | Waiting for ArduPilot flight controller... (no serial device found, retrying in 3s)
2026-09-13 16:04:00 | INFO | Waiting for ArduPilot flight controller... (no serial device found, retrying in 3s)
2026-09-13 16:04:03 | INFO | Waiting for ArduPilot flight controller... (no serial device found, retrying in 3s)
2026-09-13 16:04:06 | INFO | Waiting for ArduPilot flight controller... (no serial device found, retrying in 3s)
2026-09-13 16:04:09 | INFO | Waiting for ArduPilot flight controller... (no serial device found, retrying in 3s)
2026-09-13 16:04:12 | INFO | Waiting for ArduPilot flight controller... (no serial device found, retrying in 3s)
2026-09-13 16:04:15 | INFO | Waiting for ArduPilot flight controller... (no serial device found, retrying in 3s)
2026-09-13 16:04:18 | INFO | Waiting for ArduPilot flight controller... (no serial device found, retrying in 3s)
2026-09-13 16:04:21 | INFO | Waiting for ArduPilot flight controller... (no serial device found, retrying in 3s)
2026-09-13 16:04:24 | INFO | Waiting for ArduPilot flight controller... (no serial device found, retrying in 3s)
2026-09-13 16:04:24 | INFO | Received exit signal 15. Finalizing video and exiting...
2026-09-13 16:04:42 | INFO | ==========================================================
2026-09-13 16:04:42 | INFO | === ARDUPILOT POLYGON RASTER COVERAGE MISSION ===
2026-09-13 16:04:42 | INFO | ==========================================================
2026-09-13 16:04:42 | INFO | Project directory : /home/aahswarm/ardupilotPatterenTest
2026-09-13 16:04:42 | INFO | Mission log       : /home/aahswarm/ardupilotPatterenTest/ardupilot_raster_mission.log
2026-09-13 16:04:42 | INFO | Trigger file      : /home/aahswarm/ardupilotPatterenTest/START_RASTER_MISSION
2026-09-13 16:04:42 | INFO | Recordings        : /home/aahswarm/ardupilotPatterenTest/recordings/
2026-09-13 16:04:42 | INFO | =========================================================
2026-09-13 16:04:42 | INFO | === POLYGON RASTER MISSION PLAN ===
2026-09-13 16:04:42 | INFO | =========================================================
2026-09-13 16:04:42 | INFO |   Corner A: 13.3457860, 74.7940120
2026-09-13 16:04:42 | INFO |   Corner B: 13.3457940, 74.7940550
2026-09-13 16:04:42 | INFO |   Corner C: 13.3459110, 74.7940240
2026-09-13 16:04:42 | INFO |   Corner D: 13.3459020, 74.7939900
2026-09-13 16:04:42 | INFO |   Sides: AB=4.74m BC=13.45m CD=3.82m DA=13.13m; area=56.80m^2
2026-09-13 16:04:42 | INFO |   Corner angles: A=89.6 B=86.4 C=89.2 D=94.8 deg (a rectangle is not required)
2026-09-13 16:04:42 | INFO |   Inward safety inset: 0.20m -> inset area 49.93m^2
2026-09-13 16:04:42 | INFO |   Raster direction: A->B, bearing 79.2 deg, alternating
2026-09-13 16:04:42 | INFO |   Passes: 33, spacing 0.394m (requested 0.400m), waypoints 66
2026-09-13 16:04:42 | INFO |   Path length 140.1m, estimated 701s at 0.20m/s (horizontal travel only)
2026-09-13 16:04:42 | INFO |   Containment: 66/66 waypoints and 65 segments verified inside the inset polygon (2888 samples); worst clearance +0.200m from the polygon edge
2026-09-13 16:04:42 | INFO |   Outer safety geofence: area 204.26m^2, sides 21.44m, 9.68m, 21.18m, 9.51m, winding CCW
2026-09-13 16:04:42 | INFO |   Inner inside outer: minimum separation 1.51m (corners A=1.57m, B=3.31m, C=1.51m, D=1.76m); raster path worst 1.78m, 1.28m against the effective boundary
2026-09-13 16:04:42 | INFO |   Outer safety geofence: 4 GPS corners, effective boundary 0.50m inside them (independent safety layer, NOT the mission polygon, NOT an ArduPilot fence)
2026-09-13 16:04:42 | INFO |   Inner runtime breach tolerance: 0.50m beyond the mission-polygon edge, enforced during the RASTER phase only
2026-09-13 16:04:42 | INFO |   Max planned distance from polygon centroid: 6.79m
2026-09-13 16:04:42 | INFO | ==========================================================
2026-09-13 16:04:42 | INFO | === ARDUPILOT CONTINUOUS AUTONOMOUS MISSION DAEMON ===
2026-09-13 16:04:42 | INFO | ==========================================================
2026-09-13 16:04:42 | INFO | Mission Parameters: Port=auto-discover, Baud=115200, TakeoffAlt=2.0m, DescentSpeed=0.15m/s, TouchdownSpeed=0.08m/s, Orbit=3.0m x 1.0 at 0.2m/s, HorizontalFence=4.0m, Geofence=DISABLED
2026-09-13 16:04:42 | INFO | Waiting for ArduPilot flight controller... (no serial device found, retrying in 3s)
2026-09-13 16:04:45 | INFO | Waiting for ArduPilot flight controller... (no serial device found, retrying in 3s)
2026-09-13 16:04:48 | INFO | Waiting for ArduPilot flight controller... (no serial device found, retrying in 3s)
2026-09-13 16:04:51 | INFO | Waiting for ArduPilot flight controller... (no serial device found, retrying in 3s)
2026-09-13 16:04:54 | INFO | Waiting for ArduPilot flight controller... (no serial device found, retrying in 3s)
2026-09-13 16:04:57 | INFO | Waiting for ArduPilot flight controller... (no serial device found, retrying in 3s)
2026-09-13 17:55:40 | INFO | Waiting for ArduPilot flight controller... (no serial device found, retrying in 3s)
2026-09-13 17:55:43 | INFO | Waiting for ArduPilot flight controller... (no serial device found, retrying in 3s)
2026-09-13 17:55:46 | INFO | Waiting for ArduPilot flight controller... (no serial device found, retrying in 3s)
2026-09-13 17:55:49 | INFO | Waiting for ArduPilot flight controller... (no serial device found, retrying in 3s)
2026-09-13 17:55:52 | INFO | Waiting for ArduPilot flight controller... (no serial device found, retrying in 3s)
2026-09-13 17:55:55 | INFO | Waiting for ArduPilot flight controller... (no serial device found, retrying in 3s)
2026-09-13 17:55:58 | INFO | Waiting for ArduPilot flight controller... (no serial device found, retrying in 3s)
2026-09-13 17:56:01 | INFO | Waiting for ArduPilot flight controller... (no serial device found, retrying in 3s)
2026-09-13 17:56:04 | INFO | Waiting for ArduPilot flight controller... (no serial device found, retrying in 3s)
2026-09-13 17:56:07 | INFO | Waiting for ArduPilot flight controller... (no serial device found, retrying in 3s)
2026-09-13 17:56:10 | INFO | Waiting for ArduPilot flight controller... (no serial device found, retrying in 3s)
2026-09-13 17:56:13 | INFO | Waiting for ArduPilot flight controller... (no serial device found, retrying in 3s)
2026-09-13 17:56:16 | INFO | Waiting for ArduPilot flight controller... (no serial device found, retrying in 3s)
2026-09-13 17:56:19 | INFO | Waiting for ArduPilot flight controller... (no serial device found, retrying in 3s)
2026-09-13 17:56:22 | INFO | Waiting for ArduPilot flight controller... (no serial device found, retrying in 3s)
2026-09-13 17:56:25 | INFO | Waiting for ArduPilot flight controller... (no serial device found, retrying in 3s)
2026-09-13 17:56:28 | INFO | Waiting for ArduPilot flight controller... (no serial device found, retrying in 3s)
2026-09-13 17:56:31 | INFO | Waiting for ArduPilot flight controller... (no serial device found, retrying in 3s)
2026-09-13 17:56:34 | INFO | Waiting for ArduPilot flight controller... (no serial device found, retrying in 3s)
2026-09-13 17:56:37 | INFO | Waiting for ArduPilot flight controller... (no serial device found, retrying in 3s)
2026-09-13 17:56:40 | INFO | Waiting for ArduPilot flight controller... (no serial device found, retrying in 3s)
2026-09-13 17:56:43 | INFO | Waiting for ArduPilot flight controller... (no serial device found, retrying in 3s)
2026-09-13 17:56:46 | INFO | Waiting for ArduPilot flight controller... (no serial device found, retrying in 3s)
2026-09-13 17:56:49 | INFO | Waiting for ArduPilot flight controller... (no serial device found, retrying in 3s)
2026-09-13 17:56:52 | INFO | Waiting for ArduPilot flight controller... (no serial device found, retrying in 3s)
2026-09-13 17:56:55 | INFO | Waiting for ArduPilot flight controller... (no serial device found, retrying in 3s)
2026-09-13 17:56:58 | INFO | Waiting for ArduPilot flight controller... (no serial device found, retrying in 3s)
2026-09-13 17:57:01 | INFO | Waiting for ArduPilot flight controller... (no serial device found, retrying in 3s)
2026-09-13 17:57:04 | INFO | Waiting for ArduPilot flight controller... (no serial device found, retrying in 3s)
2026-09-13 17:57:07 | INFO | Waiting for ArduPilot flight controller... (no serial device found, retrying in 3s)
2026-09-13 17:57:10 | INFO | Waiting for ArduPilot flight controller... (no serial device found, retrying in 3s)
2026-09-13 17:57:13 | INFO | Waiting for ArduPilot flight controller... (no serial device found, retrying in 3s)
2026-09-13 17:57:16 | INFO | Waiting for ArduPilot flight controller... (no serial device found, retrying in 3s)
2026-09-13 17:57:19 | INFO | Waiting for ArduPilot flight controller... (no serial device found, retrying in 3s)
2026-09-13 17:57:22 | INFO | Waiting for ArduPilot flight controller... (no serial device found, retrying in 3s)
2026-09-13 17:57:25 | INFO | Waiting for ArduPilot flight controller... (no serial device found, retrying in 3s)
2026-09-13 17:57:28 | INFO | Waiting for ArduPilot flight controller... (no serial device found, retrying in 3s)
2026-09-13 17:57:31 | INFO | Waiting for ArduPilot flight controller... (no serial device found, retrying in 3s)
2026-09-13 17:57:34 | INFO | Waiting for ArduPilot flight controller... (no serial device found, retrying in 3s)
2026-09-13 17:57:37 | INFO | Waiting for ArduPilot flight controller... (no serial device found, retrying in 3s)
2026-09-13 17:57:40 | INFO | Waiting for ArduPilot flight controller... (no serial device found, retrying in 3s)
2026-09-13 17:57:43 | INFO | Waiting for ArduPilot flight controller... (no serial device found, retrying in 3s)
2026-09-13 17:57:46 | INFO | Waiting for ArduPilot flight controller... (no serial device found, retrying in 3s)
2026-09-13 17:57:49 | INFO | Waiting for ArduPilot flight controller... (no serial device found, retrying in 3s)
2026-09-13 17:57:52 | INFO | Waiting for ArduPilot flight controller... (no serial device found, retrying in 3s)
2026-09-13 17:57:55 | INFO | Waiting for ArduPilot flight controller... (no serial device found, retrying in 3s)
2026-09-13 17:57:58 | INFO | Waiting for ArduPilot flight controller... (no serial device found, retrying in 3s)
2026-09-13 17:58:01 | INFO | Waiting for ArduPilot flight controller... (no serial device found, retrying in 3s)
2026-09-13 17:58:04 | INFO | Waiting for ArduPilot flight controller... (no serial device found, retrying in 3s)
2026-09-13 17:58:07 | INFO | Waiting for ArduPilot flight controller... (no serial device found, retrying in 3s)
2026-09-13 17:58:10 | INFO | Waiting for ArduPilot flight controller... (no serial device found, retrying in 3s)
2026-09-13 17:58:13 | INFO | Waiting for ArduPilot flight controller... (no serial device found, retrying in 3s)
2026-09-13 17:58:16 | INFO | Waiting for ArduPilot flight controller... (no serial device found, retrying in 3s)
2026-09-13 17:58:19 | INFO | Waiting for ArduPilot flight controller... (no serial device found, retrying in 3s)
2026-09-13 17:58:22 | INFO | Waiting for ArduPilot flight controller... (no serial device found, retrying in 3s)
2026-09-13 17:58:25 | INFO | Waiting for ArduPilot flight controller... (no serial device found, retrying in 3s)
2026-09-13 17:58:28 | INFO | Waiting for ArduPilot flight controller... (no serial device found, retrying in 3s)
2026-09-13 17:58:31 | INFO | Waiting for ArduPilot flight controller... (no serial device found, retrying in 3s)
2026-09-13 17:58:34 | INFO | Waiting for ArduPilot flight controller... (no serial device found, retrying in 3s)
2026-09-13 17:58:37 | INFO | Waiting for ArduPilot flight controller... (no serial device found, retrying in 3s)
2026-09-13 17:58:40 | INFO | Waiting for ArduPilot flight controller... (no serial device found, retrying in 3s)
2026-09-13 17:58:43 | INFO | Waiting for ArduPilot flight controller... (no serial device found, retrying in 3s)
2026-09-13 17:58:46 | INFO | Waiting for ArduPilot flight controller... (no serial device found, retrying in 3s)
2026-09-13 17:58:49 | INFO | Waiting for ArduPilot flight controller... (no serial device found, retrying in 3s)
2026-09-13 17:58:52 | INFO | Waiting for ArduPilot flight controller... (no serial device found, retrying in 3s)
2026-09-13 17:58:55 | INFO | Waiting for ArduPilot flight controller... (no serial device found, retrying in 3s)
2026-09-13 17:58:58 | INFO | Waiting for ArduPilot flight controller... (no serial device found, retrying in 3s)
2026-09-13 17:59:01 | INFO | Waiting for ArduPilot flight controller... (no serial device found, retrying in 3s)
2026-09-13 17:59:04 | INFO | Waiting for ArduPilot flight controller... (no serial device found, retrying in 3s)
2026-09-13 17:59:07 | INFO | Waiting for ArduPilot flight controller... (no serial device found, retrying in 3s)
2026-09-13 17:59:10 | INFO | Waiting for ArduPilot flight controller... (no serial device found, retrying in 3s)
2026-09-13 17:59:13 | INFO | Waiting for ArduPilot flight controller... (no serial device found, retrying in 3s)
2026-09-13 17:59:16 | INFO | Waiting for ArduPilot flight controller... (no serial device found, retrying in 3s)
2026-09-13 17:59:19 | INFO | Waiting for ArduPilot flight controller... (no serial device found, retrying in 3s)
2026-09-13 17:59:22 | INFO | Waiting for ArduPilot flight controller... (no serial device found, retrying in 3s)
2026-09-13 17:59:25 | INFO | Waiting for ArduPilot flight controller... (no serial device found, retrying in 3s)
2026-09-13 17:59:28 | INFO | Waiting for ArduPilot flight controller... (no serial device found, retrying in 3s)
2026-09-13 17:59:31 | INFO | Waiting for ArduPilot flight controller... (no serial device found, retrying in 3s)
2026-09-13 17:59:34 | INFO | Waiting for ArduPilot flight controller... (no serial device found, retrying in 3s)
2026-09-13 17:59:37 | INFO | Waiting for ArduPilot flight controller... (no serial device found, retrying in 3s)
2026-09-13 17:59:40 | INFO | Waiting for ArduPilot flight controller... (no serial device found, retrying in 3s)
2026-09-13 17:59:43 | INFO | Waiting for ArduPilot flight controller... (no serial device found, retrying in 3s)
2026-09-13 17:59:46 | INFO | Waiting for ArduPilot flight controller... (no serial device found, retrying in 3s)
2026-09-13 17:59:49 | INFO | Waiting for ArduPilot flight controller... (no serial device found, retrying in 3s)
2026-09-13 17:59:52 | INFO | Waiting for ArduPilot flight controller... (no serial device found, retrying in 3s)
2026-09-13 17:59:55 | INFO | Waiting for ArduPilot flight controller... (no serial device found, retrying in 3s)
2026-09-13 17:59:58 | INFO | Waiting for ArduPilot flight controller... (no serial device found, retrying in 3s)
2026-09-13 18:00:01 | INFO | Waiting for ArduPilot flight controller... (no serial device found, retrying in 3s)
2026-09-13 18:00:04 | INFO | Waiting for ArduPilot flight controller... (no serial device found, retrying in 3s)
2026-09-13 18:00:07 | INFO | Waiting for ArduPilot flight controller... (no serial device found, retrying in 3s)
2026-09-13 18:00:10 | INFO | Waiting for ArduPilot flight controller... (no serial device found, retrying in 3s)
2026-09-13 18:00:13 | INFO | Waiting for ArduPilot flight controller... (no serial device found, retrying in 3s)
2026-09-13 18:00:16 | INFO | Waiting for ArduPilot flight controller... (no serial device found, retrying in 3s)
2026-09-13 18:00:19 | INFO | Waiting for ArduPilot flight controller... (no serial device found, retrying in 3s)
2026-09-13 18:00:22 | INFO | Waiting for ArduPilot flight controller... (no serial device found, retrying in 3s)
2026-09-13 18:00:25 | INFO | Waiting for ArduPilot flight controller... (no serial device found, retrying in 3s)
2026-09-13 18:00:28 | INFO | Waiting for ArduPilot flight controller... (no serial device found, retrying in 3s)
2026-09-13 18:00:31 | INFO | Waiting for ArduPilot flight controller... (no serial device found, retrying in 3s)
2026-09-13 18:00:34 | INFO | Waiting for ArduPilot flight controller... (no serial device found, retrying in 3s)
2026-09-13 18:00:37 | INFO | Waiting for ArduPilot flight controller... (no serial device found, retrying in 3s)
2026-09-13 18:00:40 | INFO | Waiting for ArduPilot flight controller... (no serial device found, retrying in 3s)
2026-09-13 18:00:43 | INFO | Waiting for ArduPilot flight controller... (no serial device found, retrying in 3s)
2026-09-13 18:00:46 | INFO | Waiting for ArduPilot flight controller... (no serial device found, retrying in 3s)
2026-09-13 18:00:49 | INFO | Waiting for ArduPilot flight controller... (no serial device found, retrying in 3s)
2026-09-13 18:00:52 | INFO | Waiting for ArduPilot flight controller... (no serial device found, retrying in 3s)
2026-09-13 18:00:55 | INFO | Waiting for ArduPilot flight controller... (no serial device found, retrying in 3s)
2026-09-13 18:00:58 | INFO | Waiting for ArduPilot flight controller... (no serial device found, retrying in 3s)
2026-09-13 18:01:01 | INFO | Waiting for ArduPilot flight controller... (no serial device found, retrying in 3s)
2026-09-13 18:01:04 | INFO | Waiting for ArduPilot flight controller... (no serial device found, retrying in 3s)
2026-09-13 18:01:07 | INFO | Waiting for ArduPilot flight controller... (no serial device found, retrying in 3s)
2026-09-13 18:01:10 | INFO | Waiting for ArduPilot flight controller... (no serial device found, retrying in 3s)
2026-09-13 18:01:13 | INFO | Waiting for ArduPilot flight controller... (no serial device found, retrying in 3s)
2026-09-13 18:01:16 | INFO | Waiting for ArduPilot flight controller... (no serial device found, retrying in 3s)
2026-09-13 18:01:19 | INFO | Waiting for ArduPilot flight controller... (no serial device found, retrying in 3s)
2026-09-13 18:01:22 | INFO | Waiting for ArduPilot flight controller... (no serial device found, retrying in 3s)
2026-09-13 18:01:25 | INFO | Waiting for ArduPilot flight controller... (no serial device found, retrying in 3s)
2026-09-13 18:01:28 | INFO | Waiting for ArduPilot flight controller... (no serial device found, retrying in 3s)
2026-09-13 18:01:31 | INFO | Waiting for ArduPilot flight controller... (no serial device found, retrying in 3s)
2026-09-13 18:01:34 | INFO | Waiting for ArduPilot flight controller... (no serial device found, retrying in 3s)
2026-09-13 18:01:37 | INFO | Waiting for ArduPilot flight controller... (no serial device found, retrying in 3s)
2026-09-13 18:01:40 | INFO | Waiting for ArduPilot flight controller... (no serial device found, retrying in 3s)
2026-09-13 18:01:43 | INFO | Waiting for ArduPilot flight controller... (no serial device found, retrying in 3s)
2026-09-13 18:01:46 | INFO | Waiting for ArduPilot flight controller... (no serial device found, retrying in 3s)
2026-09-13 18:01:49 | INFO | Waiting for ArduPilot flight controller... (no serial device found, retrying in 3s)
2026-09-13 18:01:52 | INFO | Waiting for ArduPilot flight controller... (no serial device found, retrying in 3s)
2026-09-13 18:01:55 | INFO | Waiting for ArduPilot flight controller... (no serial device found, retrying in 3s)
2026-09-13 18:01:58 | INFO | Waiting for ArduPilot flight controller... (no serial device found, retrying in 3s)
2026-09-13 18:02:01 | INFO | Waiting for ArduPilot flight controller... (no serial device found, retrying in 3s)
2026-09-13 18:02:04 | INFO | Waiting for ArduPilot flight controller... (no serial device found, retrying in 3s)
2026-09-13 18:02:07 | INFO | Waiting for ArduPilot flight controller... (no serial device found, retrying in 3s)
2026-09-13 18:02:10 | INFO | Waiting for ArduPilot flight controller... (no serial device found, retrying in 3s)
2026-09-13 18:02:13 | INFO | Waiting for ArduPilot flight controller... (no serial device found, retrying in 3s)
2026-09-13 18:02:16 | INFO | Waiting for ArduPilot flight controller... (no serial device found, retrying in 3s)
2026-09-13 18:02:19 | INFO | Waiting for ArduPilot flight controller... (no serial device found, retrying in 3s)
2026-09-13 18:02:22 | INFO | Waiting for ArduPilot flight controller... (no serial device found, retrying in 3s)
2026-09-13 18:02:25 | INFO | Waiting for ArduPilot flight controller... (no serial device found, retrying in 3s)
2026-09-13 18:02:28 | INFO | Waiting for ArduPilot flight controller... (no serial device found, retrying in 3s)
2026-09-13 18:02:31 | INFO | Waiting for ArduPilot flight controller... (no serial device found, retrying in 3s)
2026-09-13 18:02:34 | INFO | Waiting for ArduPilot flight controller... (no serial device found, retrying in 3s)
2026-09-13 18:02:37 | INFO | Waiting for ArduPilot flight controller... (no serial device found, retrying in 3s)
2026-09-13 18:02:40 | INFO | Waiting for ArduPilot flight controller... (no serial device found, retrying in 3s)
2026-09-13 18:02:43 | INFO | Waiting for ArduPilot flight controller... (no serial device found, retrying in 3s)
2026-09-13 18:02:46 | INFO | Waiting for ArduPilot flight controller... (no serial device found, retrying in 3s)
2026-09-13 18:02:49 | INFO | Waiting for ArduPilot flight controller... (no serial device found, retrying in 3s)
2026-09-13 18:02:52 | INFO | Waiting for ArduPilot flight controller... (no serial device found, retrying in 3s)
2026-09-13 18:02:55 | INFO | Waiting for ArduPilot flight controller... (no serial device found, retrying in 3s)
2026-09-13 18:02:58 | INFO | Waiting for ArduPilot flight controller... (no serial device found, retrying in 3s)
2026-09-13 18:03:01 | INFO | Waiting for ArduPilot flight controller... (no serial device found, retrying in 3s)
2026-09-13 18:03:04 | INFO | Waiting for ArduPilot flight controller... (no serial device found, retrying in 3s)
2026-09-13 18:03:07 | INFO | Waiting for ArduPilot flight controller... (no serial device found, retrying in 3s)
2026-09-13 18:03:10 | INFO | Waiting for ArduPilot flight controller... (no serial device found, retrying in 3s)
2026-09-13 18:03:13 | INFO | Waiting for ArduPilot flight controller... (no serial device found, retrying in 3s)
2026-09-13 18:03:16 | INFO | Waiting for ArduPilot flight controller... (no serial device found, retrying in 3s)
2026-09-13 18:03:19 | INFO | Waiting for ArduPilot flight controller... (no serial device found, retrying in 3s)
2026-09-13 18:03:22 | INFO | Waiting for ArduPilot flight controller... (no serial device found, retrying in 3s)
2026-09-13 18:03:25 | INFO | Waiting for ArduPilot flight controller... (no serial device found, retrying in 3s)
2026-09-13 18:03:28 | INFO | Waiting for ArduPilot flight controller... (no serial device found, retrying in 3s)
2026-09-13 18:03:31 | INFO | Waiting for ArduPilot flight controller... (no serial device found, retrying in 3s)
2026-09-13 18:03:34 | INFO | Waiting for ArduPilot flight controller... (no serial device found, retrying in 3s)
2026-09-13 18:03:37 | INFO | Waiting for ArduPilot flight controller... (no serial device found, retrying in 3s)
2026-09-13 18:03:40 | INFO | Waiting for ArduPilot flight controller... (no serial device found, retrying in 3s)
2026-09-13 18:03:43 | INFO | Waiting for ArduPilot flight controller... (no serial device found, retrying in 3s)
2026-09-13 18:03:46 | INFO | Waiting for ArduPilot flight controller... (no serial device found, retrying in 3s)
2026-09-13 18:03:49 | INFO | Waiting for ArduPilot flight controller... (no serial device found, retrying in 3s)
2026-09-13 18:03:52 | INFO | Waiting for ArduPilot flight controller... (no serial device found, retrying in 3s)
2026-09-13 18:03:55 | INFO | Waiting for ArduPilot flight controller... (no serial device found, retrying in 3s)
2026-09-13 18:03:58 | INFO | Waiting for ArduPilot flight controller... (no serial device found, retrying in 3s)
2026-09-13 18:04:01 | INFO | Waiting for ArduPilot flight controller... (no serial device found, retrying in 3s)
2026-09-13 18:04:04 | INFO | Waiting for ArduPilot flight controller... (no serial device found, retrying in 3s)
2026-09-13 18:04:07 | INFO | Waiting for ArduPilot flight controller... (no serial device found, retrying in 3s)
2026-09-13 18:04:10 | INFO | Waiting for ArduPilot flight controller... (no serial device found, retrying in 3s)
2026-09-13 18:04:13 | INFO | Waiting for ArduPilot flight controller... (no serial device found, retrying in 3s)
2026-09-13 18:04:16 | INFO | Waiting for ArduPilot flight controller... (no serial device found, retrying in 3s)
2026-09-13 18:04:19 | INFO | Waiting for ArduPilot flight controller... (no serial device found, retrying in 3s)
2026-09-13 18:04:22 | INFO | Waiting for ArduPilot flight controller... (no serial device found, retrying in 3s)
2026-09-13 18:04:25 | INFO | Waiting for ArduPilot flight controller... (no serial device found, retrying in 3s)
2026-09-13 18:04:28 | INFO | Waiting for ArduPilot flight controller... (no serial device found, retrying in 3s)
2026-09-13 18:04:31 | INFO | Waiting for ArduPilot flight controller... (no serial device found, retrying in 3s)
2026-09-13 18:04:34 | INFO | Waiting for ArduPilot flight controller... (no serial device found, retrying in 3s)
2026-09-13 18:04:37 | INFO | Waiting for ArduPilot flight controller... (no serial device found, retrying in 3s)
2026-09-13 18:04:40 | INFO | Waiting for ArduPilot flight controller... (no serial device found, retrying in 3s)
2026-09-13 18:04:43 | INFO | Waiting for ArduPilot flight controller... (no serial device found, retrying in 3s)
2026-09-13 18:04:46 | INFO | Waiting for ArduPilot flight controller... (no serial device found, retrying in 3s)
2026-09-13 18:04:49 | INFO | Waiting for ArduPilot flight controller... (no serial device found, retrying in 3s)
2026-09-13 18:04:52 | INFO | Waiting for ArduPilot flight controller... (no serial device found, retrying in 3s)
2026-09-13 18:04:55 | INFO | Waiting for ArduPilot flight controller... (no serial device found, retrying in 3s)
2026-09-13 18:04:58 | INFO | Waiting for ArduPilot flight controller... (no serial device found, retrying in 3s)
2026-09-13 18:05:01 | INFO | Waiting for ArduPilot flight controller... (no serial device found, retrying in 3s)
2026-09-13 18:05:04 | INFO | Waiting for ArduPilot flight controller... (no serial device found, retrying in 3s)
2026-09-13 18:05:07 | INFO | Waiting for ArduPilot flight controller... (no serial device found, retrying in 3s)
2026-09-13 18:05:10 | INFO | Waiting for ArduPilot flight controller... (no serial device found, retrying in 3s)
2026-09-13 18:05:13 | INFO | Waiting for ArduPilot flight controller... (no serial device found, retrying in 3s)
2026-09-13 18:05:16 | INFO | Waiting for ArduPilot flight controller... (no serial device found, retrying in 3s)
2026-09-13 18:05:19 | INFO | Waiting for ArduPilot flight controller... (no serial device found, retrying in 3s)
2026-09-13 18:05:22 | INFO | Waiting for ArduPilot flight controller... (no serial device found, retrying in 3s)
2026-09-13 18:05:25 | INFO | Waiting for ArduPilot flight controller... (no serial device found, retrying in 3s)
2026-09-13 18:05:28 | INFO | Waiting for ArduPilot flight controller... (no serial device found, retrying in 3s)
2026-09-13 18:05:31 | INFO | Waiting for ArduPilot flight controller... (no serial device found, retrying in 3s)
2026-09-13 18:05:34 | INFO | Waiting for ArduPilot flight controller... (no serial device found, retrying in 3s)
2026-09-13 18:05:37 | INFO | Waiting for ArduPilot flight controller... (no serial device found, retrying in 3s)
2026-09-13 18:05:40 | INFO | Waiting for ArduPilot flight controller... (no serial device found, retrying in 3s)
2026-09-13 18:05:43 | INFO | Waiting for ArduPilot flight controller... (no serial device found, retrying in 3s)
2026-09-13 18:05:46 | INFO | Waiting for ArduPilot flight controller... (no serial device found, retrying in 3s)
2026-09-13 18:05:49 | INFO | Waiting for ArduPilot flight controller... (no serial device found, retrying in 3s)
2026-09-13 18:05:52 | INFO | Waiting for ArduPilot flight controller... (no serial device found, retrying in 3s)
2026-09-13 18:05:55 | INFO | Waiting for ArduPilot flight controller... (no serial device found, retrying in 3s)
2026-09-13 18:05:58 | INFO | Waiting for ArduPilot flight controller... (no serial device found, retrying in 3s)
2026-09-13 18:06:01 | INFO | Waiting for ArduPilot flight controller... (no serial device found, retrying in 3s)
2026-09-13 18:06:04 | INFO | Waiting for ArduPilot flight controller... (no serial device found, retrying in 3s)
2026-09-13 18:06:07 | INFO | Waiting for ArduPilot flight controller... (no serial device found, retrying in 3s)
2026-09-13 18:06:10 | INFO | Waiting for ArduPilot flight controller... (no serial device found, retrying in 3s)
2026-09-13 18:06:13 | INFO | Waiting for ArduPilot flight controller... (no serial device found, retrying in 3s)
2026-09-13 18:06:16 | INFO | Waiting for ArduPilot flight controller... (no serial device found, retrying in 3s)
2026-09-13 18:06:19 | INFO | Waiting for ArduPilot flight controller... (no serial device found, retrying in 3s)
2026-09-13 18:06:22 | INFO | Waiting for ArduPilot flight controller... (no serial device found, retrying in 3s)
2026-09-13 18:06:25 | INFO | Waiting for ArduPilot flight controller... (no serial device found, retrying in 3s)
2026-09-13 18:06:28 | INFO | Waiting for ArduPilot flight controller... (no serial device found, retrying in 3s)
2026-09-13 18:06:31 | INFO | Waiting for ArduPilot flight controller... (no serial device found, retrying in 3s)
2026-09-13 18:06:34 | INFO | Waiting for ArduPilot flight controller... (no serial device found, retrying in 3s)
2026-09-13 18:06:37 | INFO | Waiting for ArduPilot flight controller... (no serial device found, retrying in 3s)
2026-09-13 18:06:40 | INFO | Waiting for ArduPilot flight controller... (no serial device found, retrying in 3s)
2026-09-13 18:06:43 | INFO | Waiting for ArduPilot flight controller... (no serial device found, retrying in 3s)
2026-09-13 18:06:46 | INFO | Waiting for ArduPilot flight controller... (no serial device found, retrying in 3s)
2026-09-13 18:06:49 | INFO | Waiting for ArduPilot flight controller... (no serial device found, retrying in 3s)
2026-09-13 18:06:52 | INFO | Waiting for ArduPilot flight controller... (no serial device found, retrying in 3s)
2026-09-13 18:06:55 | INFO | Waiting for ArduPilot flight controller... (no serial device found, retrying in 3s)
2026-09-13 18:06:58 | INFO | Waiting for ArduPilot flight controller... (no serial device found, retrying in 3s)
2026-09-13 18:07:01 | INFO | Waiting for ArduPilot flight controller... (no serial device found, retrying in 3s)
2026-09-13 18:07:04 | INFO | Waiting for ArduPilot flight controller... (no serial device found, retrying in 3s)
2026-09-13 18:07:07 | INFO | Waiting for ArduPilot flight controller... (no serial device found, retrying in 3s)
2026-09-13 18:07:10 | INFO | Waiting for ArduPilot flight controller... (no serial device found, retrying in 3s)
2026-09-13 18:07:13 | INFO | Waiting for ArduPilot flight controller... (no serial device found, retrying in 3s)
2026-09-13 18:07:16 | INFO | Waiting for ArduPilot flight controller... (no serial device found, retrying in 3s)
2026-09-13 18:07:19 | INFO | Waiting for ArduPilot flight controller... (no serial device found, retrying in 3s)
2026-09-13 18:07:22 | INFO | Waiting for ArduPilot flight controller... (no serial device found, retrying in 3s)
2026-09-13 18:07:25 | INFO | Waiting for ArduPilot flight controller... (no serial device found, retrying in 3s)
2026-09-13 18:07:28 | INFO | Waiting for ArduPilot flight controller... (no serial device found, retrying in 3s)
2026-09-13 18:07:31 | INFO | Waiting for ArduPilot flight controller... (no serial device found, retrying in 3s)
2026-09-13 18:07:34 | INFO | Waiting for ArduPilot flight controller... (no serial device found, retrying in 3s)
2026-09-13 18:07:37 | INFO | Waiting for ArduPilot flight controller... (no serial device found, retrying in 3s)
2026-09-13 18:07:40 | INFO | Waiting for ArduPilot flight controller... (no serial device found, retrying in 3s)
2026-09-13 18:07:43 | INFO | Waiting for ArduPilot flight controller... (no serial device found, retrying in 3s)
2026-09-13 18:07:46 | INFO | Waiting for ArduPilot flight controller... (no serial device found, retrying in 3s)
2026-09-13 18:07:49 | INFO | Waiting for ArduPilot flight controller... (no serial device found, retrying in 3s)
2026-09-13 18:07:52 | INFO | Waiting for ArduPilot flight controller... (no serial device found, retrying in 3s)
2026-09-13 18:07:55 | INFO | Waiting for ArduPilot flight controller... (no serial device found, retrying in 3s)
2026-09-13 18:07:58 | INFO | Waiting for ArduPilot flight controller... (no serial device found, retrying in 3s)
2026-09-13 18:08:01 | INFO | Waiting for ArduPilot flight controller... (no serial device found, retrying in 3s)
2026-09-13 18:08:04 | INFO | Waiting for ArduPilot flight controller... (no serial device found, retrying in 3s)
2026-09-13 18:08:07 | INFO | Waiting for ArduPilot flight controller... (no serial device found, retrying in 3s)
2026-09-13 18:08:10 | INFO | Waiting for ArduPilot flight controller... (no serial device found, retrying in 3s)
2026-09-13 18:08:13 | INFO | Waiting for ArduPilot flight controller... (no serial device found, retrying in 3s)
2026-09-13 18:08:16 | INFO | Waiting for ArduPilot flight controller... (no serial device found, retrying in 3s)
2026-09-13 18:08:19 | INFO | Waiting for ArduPilot flight controller... (no serial device found, retrying in 3s)
2026-09-13 18:08:22 | INFO | Waiting for ArduPilot flight controller... (no serial device found, retrying in 3s)
2026-09-13 18:08:25 | INFO | Waiting for ArduPilot flight controller... (no serial device found, retrying in 3s)
2026-09-13 18:08:28 | INFO | Waiting for ArduPilot flight controller... (no serial device found, retrying in 3s)
2026-09-13 18:08:31 | INFO | Waiting for ArduPilot flight controller... (no serial device found, retrying in 3s)
2026-09-13 18:08:34 | INFO | Waiting for ArduPilot flight controller... (no serial device found, retrying in 3s)
2026-09-13 18:08:37 | INFO | Waiting for ArduPilot flight controller... (no serial device found, retrying in 3s)
2026-09-13 18:08:40 | INFO | Waiting for ArduPilot flight controller... (no serial device found, retrying in 3s)
2026-09-13 18:08:43 | INFO | Waiting for ArduPilot flight controller... (no serial device found, retrying in 3s)
2026-09-13 18:08:46 | INFO | Waiting for ArduPilot flight controller... (no serial device found, retrying in 3s)
2026-09-13 18:08:49 | INFO | Waiting for ArduPilot flight controller... (no serial device found, retrying in 3s)
2026-09-13 18:08:52 | INFO | Waiting for ArduPilot flight controller... (no serial device found, retrying in 3s)
2026-09-13 18:08:55 | INFO | Waiting for ArduPilot flight controller... (no serial device found, retrying in 3s)
2026-09-13 18:08:58 | INFO | Waiting for ArduPilot flight controller... (no serial device found, retrying in 3s)
2026-09-13 18:09:01 | INFO | Waiting for ArduPilot flight controller... (no serial device found, retrying in 3s)
2026-09-13 18:09:04 | INFO | Waiting for ArduPilot flight controller... (no serial device found, retrying in 3s)
2026-09-13 18:09:07 | INFO | Waiting for ArduPilot flight controller... (no serial device found, retrying in 3s)
2026-09-13 18:09:10 | INFO | Waiting for ArduPilot flight controller... (no serial device found, retrying in 3s)
2026-09-13 18:09:13 | INFO | Waiting for ArduPilot flight controller... (no serial device found, retrying in 3s)
2026-09-13 18:09:16 | INFO | Waiting for ArduPilot flight controller... (no serial device found, retrying in 3s)
2026-09-13 18:09:19 | INFO | Waiting for ArduPilot flight controller... (no serial device found, retrying in 3s)
2026-09-13 18:09:22 | INFO | Waiting for ArduPilot flight controller... (no serial device found, retrying in 3s)
2026-09-13 18:09:25 | INFO | Waiting for ArduPilot flight controller... (no serial device found, retrying in 3s)
2026-09-13 18:09:28 | INFO | Waiting for ArduPilot flight controller... (no serial device found, retrying in 3s)
2026-09-13 18:09:31 | INFO | Waiting for ArduPilot flight controller... (no serial device found, retrying in 3s)
2026-09-13 18:09:34 | INFO | Waiting for ArduPilot flight controller... (no serial device found, retrying in 3s)
2026-09-13 18:09:37 | INFO | Waiting for ArduPilot flight controller... (no serial device found, retrying in 3s)
2026-09-13 18:09:40 | INFO | Waiting for ArduPilot flight controller... (no serial device found, retrying in 3s)
2026-09-13 18:09:43 | INFO | Waiting for ArduPilot flight controller... (no serial device found, retrying in 3s)
2026-09-13 18:09:46 | INFO | Waiting for ArduPilot flight controller... (no serial device found, retrying in 3s)
2026-09-13 18:09:49 | INFO | Waiting for ArduPilot flight controller... (no serial device found, retrying in 3s)
2026-09-13 18:09:52 | INFO | Waiting for ArduPilot flight controller... (no serial device found, retrying in 3s)
2026-09-13 18:09:55 | INFO | Waiting for ArduPilot flight controller... (no serial device found, retrying in 3s)
2026-09-13 18:09:58 | INFO | Waiting for ArduPilot flight controller... (no serial device found, retrying in 3s)
2026-09-13 18:10:01 | INFO | Waiting for ArduPilot flight controller... (no serial device found, retrying in 3s)
2026-09-13 18:10:04 | INFO | Waiting for ArduPilot flight controller... (no serial device found, retrying in 3s)
2026-09-13 18:10:07 | INFO | Waiting for ArduPilot flight controller... (no serial device found, retrying in 3s)
2026-09-13 18:10:10 | INFO | Waiting for ArduPilot flight controller... (no serial device found, retrying in 3s)
2026-09-13 18:10:13 | INFO | Waiting for ArduPilot flight controller... (no serial device found, retrying in 3s)
2026-09-13 18:10:16 | INFO | Waiting for ArduPilot flight controller... (no serial device found, retrying in 3s)
2026-09-13 18:10:19 | INFO | Waiting for ArduPilot flight controller... (no serial device found, retrying in 3s)
2026-09-13 18:10:22 | INFO | Waiting for ArduPilot flight controller... (no serial device found, retrying in 3s)
2026-09-13 18:10:25 | INFO | Waiting for ArduPilot flight controller... (no serial device found, retrying in 3s)
2026-09-13 18:10:28 | INFO | Waiting for ArduPilot flight controller... (no serial device found, retrying in 3s)
2026-09-13 18:10:31 | INFO | Waiting for ArduPilot flight controller... (no serial device found, retrying in 3s)
2026-09-13 18:10:34 | INFO | Waiting for ArduPilot flight controller... (no serial device found, retrying in 3s)
2026-09-13 18:10:37 | INFO | Waiting for ArduPilot flight controller... (no serial device found, retrying in 3s)
2026-09-13 18:10:40 | INFO | Waiting for ArduPilot flight controller... (no serial device found, retrying in 3s)
2026-09-13 18:10:43 | INFO | Waiting for ArduPilot flight controller... (no serial device found, retrying in 3s)
2026-09-13 18:10:46 | INFO | Waiting for ArduPilot flight controller... (no serial device found, retrying in 3s)
2026-09-13 18:10:49 | INFO | Waiting for ArduPilot flight controller... (no serial device found, retrying in 3s)
2026-09-13 18:10:52 | INFO | Waiting for ArduPilot flight controller... (no serial device found, retrying in 3s)
2026-09-13 18:10:55 | INFO | Waiting for ArduPilot flight controller... (no serial device found, retrying in 3s)
2026-09-13 18:10:58 | INFO | Waiting for ArduPilot flight controller... (no serial device found, retrying in 3s)
2026-09-13 18:11:01 | INFO | Waiting for ArduPilot flight controller... (no serial device found, retrying in 3s)
2026-09-13 18:11:04 | INFO | Waiting for ArduPilot flight controller... (no serial device found, retrying in 3s)
2026-09-13 18:11:07 | INFO | Waiting for ArduPilot flight controller... (no serial device found, retrying in 3s)
2026-09-13 18:11:10 | INFO | Waiting for ArduPilot flight controller... (no serial device found, retrying in 3s)
2026-09-13 18:11:13 | INFO | Waiting for ArduPilot flight controller... (no serial device found, retrying in 3s)
2026-09-13 18:11:16 | INFO | Waiting for ArduPilot flight controller... (no serial device found, retrying in 3s)
2026-09-13 18:11:19 | INFO | Waiting for ArduPilot flight controller... (no serial device found, retrying in 3s)
2026-09-13 18:11:22 | INFO | Waiting for ArduPilot flight controller... (no serial device found, retrying in 3s)
2026-09-13 18:11:25 | INFO | Waiting for ArduPilot flight controller... (no serial device found, retrying in 3s)
2026-09-13 18:11:28 | INFO | Waiting for ArduPilot flight controller... (no serial device found, retrying in 3s)
2026-09-13 18:11:31 | INFO | Waiting for ArduPilot flight controller... (no serial device found, retrying in 3s)
2026-09-13 18:11:34 | INFO | Waiting for ArduPilot flight controller... (no serial device found, retrying in 3s)
2026-09-13 18:11:37 | INFO | Waiting for ArduPilot flight controller... (no serial device found, retrying in 3s)
2026-09-13 18:11:40 | INFO | Waiting for ArduPilot flight controller... (no serial device found, retrying in 3s)
2026-09-13 18:11:43 | INFO | Waiting for ArduPilot flight controller... (no serial device found, retrying in 3s)
2026-09-13 18:11:46 | INFO | Waiting for ArduPilot flight controller... (no serial device found, retrying in 3s)
2026-09-13 18:11:49 | INFO | Waiting for ArduPilot flight controller... (no serial device found, retrying in 3s)
2026-09-13 18:11:49 | INFO | Received exit signal 15. Finalizing video and exiting...
2026-09-13 18:11:50 | INFO | ==========================================================
2026-09-13 18:11:50 | INFO | === ARDUPILOT POLYGON RASTER COVERAGE MISSION ===
2026-09-13 18:11:50 | INFO | ==========================================================
2026-09-13 18:11:50 | INFO | Project directory : /home/aahswarm/ardupilotPatterenTest
2026-09-13 18:11:50 | INFO | Mission log       : /home/aahswarm/ardupilotPatterenTest/ardupilot_raster_mission.log
2026-09-13 18:11:50 | INFO | Trigger file      : /home/aahswarm/ardupilotPatterenTest/START_RASTER_MISSION
2026-09-13 18:11:50 | INFO | Recordings        : /home/aahswarm/ardupilotPatterenTest/recordings/
2026-09-13 18:11:50 | INFO | =========================================================
2026-09-13 18:11:50 | INFO | === POLYGON RASTER MISSION PLAN ===
2026-09-13 18:11:50 | INFO | =========================================================
2026-09-13 18:11:50 | INFO |   Corner A: 13.3457860, 74.7940120
2026-09-13 18:11:50 | INFO |   Corner B: 13.3457940, 74.7940550
2026-09-13 18:11:50 | INFO |   Corner C: 13.3459110, 74.7940240
2026-09-13 18:11:50 | INFO |   Corner D: 13.3459020, 74.7939900
2026-09-13 18:11:50 | INFO |   Sides: AB=4.74m BC=13.45m CD=3.82m DA=13.13m; area=56.80m^2
2026-09-13 18:11:50 | INFO |   Corner angles: A=89.6 B=86.4 C=89.2 D=94.8 deg (a rectangle is not required)
2026-09-13 18:11:50 | INFO |   Inward safety inset: 0.20m -> inset area 49.93m^2
2026-09-13 18:11:50 | INFO |   Raster direction: A->B, bearing 79.2 deg, alternating
2026-09-13 18:11:50 | INFO |   Passes: 14, spacing 0.929m (requested 1.000m), waypoints 28
2026-09-13 18:11:50 | INFO |   Path length 66.3m, estimated 332s at 0.20m/s (horizontal travel only)
2026-09-13 18:11:50 | INFO |   Containment: 28/28 waypoints and 27 segments verified inside the inset polygon (1366 samples); worst clearance +0.200m from the polygon edge
2026-09-13 18:11:50 | INFO |   Outer safety geofence: area 204.26m^2, sides 21.44m, 9.68m, 21.18m, 9.51m, winding CCW
2026-09-13 18:11:50 | INFO |   Inner inside outer: minimum separation 1.51m (corners A=1.57m, B=3.31m, C=1.51m, D=1.76m); raster path worst 1.78m, 1.28m against the effective boundary
2026-09-13 18:11:50 | INFO |   Outer safety geofence: 4 GPS corners, effective boundary 0.50m inside them (independent safety layer, NOT the mission polygon, NOT an ArduPilot fence)
2026-09-13 18:11:50 | INFO |   Inner runtime breach tolerance: 0.50m beyond the mission-polygon edge, enforced during the RASTER phase only
2026-09-13 18:11:50 | INFO |   Max planned distance from polygon centroid: 6.63m
2026-09-13 18:11:50 | INFO | ==========================================================
2026-09-13 18:11:50 | INFO | === ARDUPILOT CONTINUOUS AUTONOMOUS MISSION DAEMON ===
2026-09-13 18:11:50 | INFO | ==========================================================
2026-09-13 18:11:50 | INFO | Mission Parameters: Port=auto-discover, Baud=115200, TakeoffAlt=2.0m, DescentSpeed=0.15m/s, TouchdownSpeed=0.08m/s, Orbit=3.0m x 1.0 at 0.2m/s, HorizontalFence=4.0m, Geofence=DISABLED
2026-09-13 18:11:50 | INFO | Waiting for ArduPilot flight controller... (no serial device found, retrying in 3s)
2026-09-13 18:11:53 | INFO | Waiting for ArduPilot flight controller... (no serial device found, retrying in 3s)
2026-09-13 18:11:56 | INFO | Waiting for ArduPilot flight controller... (no serial device found, retrying in 3s)
2026-09-13 18:11:59 | INFO | Waiting for ArduPilot flight controller... (no serial device found, retrying in 3s)
2026-09-13 18:12:02 | INFO | Waiting for ArduPilot flight controller... (no serial device found, retrying in 3s)
2026-09-13 18:12:05 | INFO | Waiting for ArduPilot flight controller... (no serial device found, retrying in 3s)
2026-09-13 18:12:08 | INFO | Waiting for ArduPilot flight controller... (no serial device found, retrying in 3s)
2026-09-13 18:12:11 | INFO | Waiting for ArduPilot flight controller... (no serial device found, retrying in 3s)
2026-09-13 18:12:14 | INFO | Waiting for ArduPilot flight controller... (no serial device found, retrying in 3s)
2026-09-13 18:12:17 | INFO | Waiting for ArduPilot flight controller... (no serial device found, retrying in 3s)
2026-09-13 18:12:20 | INFO | Waiting for ArduPilot flight controller... (no serial device found, retrying in 3s)
2026-09-13 18:12:23 | INFO | Waiting for ArduPilot flight controller... (no serial device found, retrying in 3s)
2026-09-13 18:12:26 | INFO | Waiting for ArduPilot flight controller... (no serial device found, retrying in 3s)
2026-09-13 18:12:29 | INFO | Waiting for ArduPilot flight controller... (no serial device found, retrying in 3s)
2026-09-13 18:12:32 | INFO | Waiting for ArduPilot flight controller... (no serial device found, retrying in 3s)
2026-09-13 18:12:35 | INFO | Waiting for ArduPilot flight controller... (no serial device found, retrying in 3s)
2026-09-13 18:12:38 | INFO | Waiting for ArduPilot flight controller... (no serial device found, retrying in 3s)
2026-09-13 18:12:41 | INFO | Waiting for ArduPilot flight controller... (no serial device found, retrying in 3s)
2026-09-13 18:12:44 | INFO | Waiting for ArduPilot flight controller... (no serial device found, retrying in 3s)
2026-09-13 18:12:47 | INFO | Waiting for ArduPilot flight controller... (no serial device found, retrying in 3s)
2026-09-13 18:12:50 | INFO | Waiting for ArduPilot flight controller... (no serial device found, retrying in 3s)
2026-09-13 18:12:53 | INFO | Waiting for ArduPilot flight controller... (no serial device found, retrying in 3s)
2026-09-13 18:12:56 | INFO | Waiting for ArduPilot flight controller... (no serial device found, retrying in 3s)
2026-09-13 18:12:59 | INFO | Waiting for ArduPilot flight controller... (no serial device found, retrying in 3s)
2026-09-13 18:13:02 | INFO | Waiting for ArduPilot flight controller... (no serial device found, retrying in 3s)
2026-09-13 18:13:05 | INFO | Waiting for ArduPilot flight controller... (no serial device found, retrying in 3s)
2026-09-13 18:13:08 | INFO | Waiting for ArduPilot flight controller... (no serial device found, retrying in 3s)
2026-09-13 18:13:11 | INFO | Waiting for ArduPilot flight controller... (no serial device found, retrying in 3s)
2026-09-13 18:13:14 | INFO | Waiting for ArduPilot flight controller... (no serial device found, retrying in 3s)
2026-09-13 18:13:17 | INFO | Waiting for ArduPilot flight controller... (no serial device found, retrying in 3s)
2026-09-13 18:13:20 | INFO | Waiting for ArduPilot flight controller... (no serial device found, retrying in 3s)
2026-09-13 18:13:23 | INFO | Waiting for ArduPilot flight controller... (no serial device found, retrying in 3s)
2026-09-13 18:13:26 | INFO | Waiting for ArduPilot flight controller... (no serial device found, retrying in 3s)
2026-09-13 18:13:26 | INFO | Received exit signal 15. Finalizing video and exiting...
2026-09-13 18:13:26 | INFO | ==========================================================
2026-09-13 18:13:26 | INFO | === ARDUPILOT POLYGON RASTER COVERAGE MISSION ===
2026-09-13 18:13:26 | INFO | ==========================================================
2026-09-13 18:13:26 | INFO | Project directory : /home/aahswarm/ardupilotPatterenTest
2026-09-13 18:13:26 | INFO | Mission log       : /home/aahswarm/ardupilotPatterenTest/ardupilot_raster_mission.log
2026-09-13 18:13:26 | INFO | Trigger file      : /home/aahswarm/ardupilotPatterenTest/START_RASTER_MISSION
2026-09-13 18:13:26 | INFO | Recordings        : /home/aahswarm/ardupilotPatterenTest/recordings/
2026-09-13 18:13:26 | INFO | =========================================================
2026-09-13 18:13:26 | INFO | === POLYGON RASTER MISSION PLAN ===
2026-09-13 18:13:26 | INFO | =========================================================
2026-09-13 18:13:26 | INFO |   Corner A: 13.3457860, 74.7940120
2026-09-13 18:13:26 | INFO |   Corner B: 13.3457940, 74.7940550
2026-09-13 18:13:26 | INFO |   Corner C: 13.3459110, 74.7940240
2026-09-13 18:13:26 | INFO |   Corner D: 13.3459020, 74.7939900
2026-09-13 18:13:26 | INFO |   Sides: AB=4.74m BC=13.45m CD=3.82m DA=13.13m; area=56.80m^2
2026-09-13 18:13:26 | INFO |   Corner angles: A=89.6 B=86.4 C=89.2 D=94.8 deg (a rectangle is not required)
2026-09-13 18:13:26 | INFO |   Inward safety inset: 0.20m -> inset area 49.93m^2
2026-09-13 18:13:26 | INFO |   Raster direction: A->B, bearing 79.2 deg, alternating
2026-09-13 18:13:26 | INFO |   Passes: 14, spacing 0.929m (requested 1.000m), waypoints 28
2026-09-13 18:13:26 | INFO |   Path length 66.3m, estimated 332s at 0.20m/s (horizontal travel only)
2026-09-13 18:13:26 | INFO |   Containment: 28/28 waypoints and 27 segments verified inside the inset polygon (1366 samples); worst clearance +0.200m from the polygon edge
2026-09-13 18:13:26 | INFO |   Outer safety geofence: area 204.26m^2, sides 21.44m, 9.68m, 21.18m, 9.51m, winding CCW
2026-09-13 18:13:26 | INFO |   Inner inside outer: minimum separation 1.51m (corners A=1.57m, B=3.31m, C=1.51m, D=1.76m); raster path worst 1.78m, 1.28m against the effective boundary
2026-09-13 18:13:26 | INFO |   Outer safety geofence: 4 GPS corners, effective boundary 0.50m inside them (independent safety layer, NOT the mission polygon, NOT an ArduPilot fence)
2026-09-13 18:13:26 | INFO |   Inner runtime breach tolerance: 0.50m beyond the mission-polygon edge, enforced during the RASTER phase only
2026-09-13 18:13:26 | INFO |   Max planned distance from polygon centroid: 6.63m
2026-09-13 18:13:26 | INFO | ==========================================================
2026-09-13 18:13:26 | INFO | === ARDUPILOT CONTINUOUS AUTONOMOUS MISSION DAEMON ===
2026-09-13 18:13:26 | INFO | ==========================================================
2026-09-13 18:13:26 | INFO | Mission Parameters: Port=auto-discover, Baud=115200, TakeoffAlt=2.0m, DescentSpeed=0.15m/s, TouchdownSpeed=0.08m/s, Orbit=3.0m x 1.0 at 0.2m/s, HorizontalFence=4.0m, Geofence=DISABLED
2026-09-13 18:13:26 | INFO | Waiting for ArduPilot flight controller... (no serial device found, retrying in 3s)
2026-09-13 18:13:29 | INFO | Waiting for ArduPilot flight controller... (no serial device found, retrying in 3s)
2026-09-13 18:13:29 | INFO | Received exit signal 15. Finalizing video and exiting...
2026-09-13 18:13:30 | INFO | ==========================================================
2026-09-13 18:13:30 | INFO | === ARDUPILOT POLYGON RASTER COVERAGE MISSION ===
2026-09-13 18:13:30 | INFO | ==========================================================
2026-09-13 18:13:30 | INFO | Project directory : /home/aahswarm/ardupilotPatterenTest
2026-09-13 18:13:30 | INFO | Mission log       : /home/aahswarm/ardupilotPatterenTest/ardupilot_raster_mission.log
2026-09-13 18:13:30 | INFO | Trigger file      : /home/aahswarm/ardupilotPatterenTest/START_RASTER_MISSION
2026-09-13 18:13:30 | INFO | Recordings        : /home/aahswarm/ardupilotPatterenTest/recordings/
2026-09-13 18:13:30 | INFO | =========================================================
2026-09-13 18:13:30 | INFO | === POLYGON RASTER MISSION PLAN ===
2026-09-13 18:13:30 | INFO | =========================================================
2026-09-13 18:13:30 | INFO |   Corner A: 13.3457860, 74.7940120
2026-09-13 18:13:30 | INFO |   Corner B: 13.3457940, 74.7940550
2026-09-13 18:13:30 | INFO |   Corner C: 13.3459110, 74.7940240
2026-09-13 18:13:30 | INFO |   Corner D: 13.3459020, 74.7939900
2026-09-13 18:13:30 | INFO |   Sides: AB=4.74m BC=13.45m CD=3.82m DA=13.13m; area=56.80m^2
2026-09-13 18:13:30 | INFO |   Corner angles: A=89.6 B=86.4 C=89.2 D=94.8 deg (a rectangle is not required)
2026-09-13 18:13:30 | INFO |   Inward safety inset: 0.20m -> inset area 49.93m^2
2026-09-13 18:13:30 | INFO |   Raster direction: A->B, bearing 79.2 deg, alternating
2026-09-13 18:13:30 | INFO |   Passes: 14, spacing 0.929m (requested 1.000m), waypoints 28
2026-09-13 18:13:30 | INFO |   Path length 66.3m, estimated 332s at 0.20m/s (horizontal travel only)
2026-09-13 18:13:30 | INFO |   Containment: 28/28 waypoints and 27 segments verified inside the inset polygon (1366 samples); worst clearance +0.200m from the polygon edge
2026-09-13 18:13:30 | INFO |   Outer safety geofence: area 204.26m^2, sides 21.44m, 9.68m, 21.18m, 9.51m, winding CCW
2026-09-13 18:13:30 | INFO |   Inner inside outer: minimum separation 1.51m (corners A=1.57m, B=3.31m, C=1.51m, D=1.76m); raster path worst 1.78m, 1.28m against the effective boundary
2026-09-13 18:13:30 | INFO |   Outer safety geofence: 4 GPS corners, effective boundary 0.50m inside them (independent safety layer, NOT the mission polygon, NOT an ArduPilot fence)
2026-09-13 18:13:30 | INFO |   Inner runtime breach tolerance: 0.50m beyond the mission-polygon edge, enforced during the RASTER phase only
2026-09-13 18:13:30 | INFO |   Max planned distance from polygon centroid: 6.63m
2026-09-13 18:13:30 | INFO | ==========================================================
2026-09-13 18:13:30 | INFO | === ARDUPILOT CONTINUOUS AUTONOMOUS MISSION DAEMON ===
2026-09-13 18:13:30 | INFO | ==========================================================
2026-09-13 18:13:30 | INFO | Mission Parameters: Port=auto-discover, Baud=115200, TakeoffAlt=2.0m, DescentSpeed=0.15m/s, TouchdownSpeed=0.08m/s, Orbit=3.0m x 1.0 at 0.2m/s, HorizontalFence=4.0m, Geofence=DISABLED
2026-09-13 18:13:30 | INFO | Waiting for ArduPilot flight controller... (no serial device found, retrying in 3s)
2026-09-13 18:13:33 | INFO | Waiting for ArduPilot flight controller... (no serial device found, retrying in 3s)
2026-09-13 18:13:36 | INFO | Waiting for ArduPilot flight controller... (no serial device found, retrying in 3s)
2026-09-13 18:13:37 | INFO | Received exit signal 15. Finalizing video and exiting...
2026-09-13 18:13:53 | INFO | ==========================================================
2026-09-13 18:13:53 | INFO | === ARDUPILOT POLYGON RASTER COVERAGE MISSION ===
2026-09-13 18:13:53 | INFO | ==========================================================
2026-09-13 18:13:53 | INFO | Project directory : /home/aahswarm/ardupilotPatterenTest
2026-09-13 18:13:53 | INFO | Mission log       : /home/aahswarm/ardupilotPatterenTest/ardupilot_raster_mission.log
2026-09-13 18:13:53 | INFO | Trigger file      : /home/aahswarm/ardupilotPatterenTest/START_RASTER_MISSION
2026-09-13 18:13:53 | INFO | Recordings        : /home/aahswarm/ardupilotPatterenTest/recordings/
2026-09-13 18:13:53 | INFO | =========================================================
2026-09-13 18:13:53 | INFO | === POLYGON RASTER MISSION PLAN ===
2026-09-13 18:13:53 | INFO | =========================================================
2026-09-13 18:13:53 | INFO |   Corner A: 13.3457860, 74.7940120
2026-09-13 18:13:53 | INFO |   Corner B: 13.3457940, 74.7940550
2026-09-13 18:13:53 | INFO |   Corner C: 13.3459110, 74.7940240
2026-09-13 18:13:53 | INFO |   Corner D: 13.3459020, 74.7939900
2026-09-13 18:13:53 | INFO |   Sides: AB=4.74m BC=13.45m CD=3.82m DA=13.13m; area=56.80m^2
2026-09-13 18:13:53 | INFO |   Corner angles: A=89.6 B=86.4 C=89.2 D=94.8 deg (a rectangle is not required)
2026-09-13 18:13:53 | INFO |   Inward safety inset: 0.20m -> inset area 49.93m^2
2026-09-13 18:13:53 | INFO |   Raster direction: A->B, bearing 79.2 deg, alternating
2026-09-13 18:13:53 | INFO |   Passes: 14, spacing 0.929m (requested 1.000m), waypoints 28
2026-09-13 18:13:53 | INFO |   Path length 66.3m, estimated 332s at 0.20m/s (horizontal travel only)
2026-09-13 18:13:53 | INFO |   Containment: 28/28 waypoints and 27 segments verified inside the inset polygon (1366 samples); worst clearance +0.200m from the polygon edge
2026-09-13 18:13:53 | INFO |   Outer safety geofence: area 204.26m^2, sides 21.44m, 9.68m, 21.18m, 9.51m, winding CCW
2026-09-13 18:13:53 | INFO |   Inner inside outer: minimum separation 1.51m (corners A=1.57m, B=3.31m, C=1.51m, D=1.76m); raster path worst 1.78m, 1.28m against the effective boundary
2026-09-13 18:13:53 | INFO |   Outer safety geofence: 4 GPS corners, effective boundary 0.50m inside them (independent safety layer, NOT the mission polygon, NOT an ArduPilot fence)
2026-09-13 18:13:53 | INFO |   Inner runtime breach tolerance: 0.50m beyond the mission-polygon edge, enforced during the RASTER phase only
2026-09-13 18:13:53 | INFO |   Max planned distance from polygon centroid: 6.63m
2026-09-13 18:13:53 | INFO | ==========================================================
2026-09-13 18:13:53 | INFO | === ARDUPILOT CONTINUOUS AUTONOMOUS MISSION DAEMON ===
2026-09-13 18:13:53 | INFO | ==========================================================
2026-09-13 18:13:53 | INFO | Mission Parameters: Port=auto-discover, Baud=115200, TakeoffAlt=2.0m, DescentSpeed=0.15m/s, TouchdownSpeed=0.08m/s, Orbit=3.0m x 1.0 at 0.2m/s, HorizontalFence=4.0m, Geofence=DISABLED
2026-09-13 18:13:53 | INFO | Connecting to ArduPilot flight controller at /dev/serial/by-id/usb-ArduPilot_MicoAir743v2_300020001251333236353637-if00 (baud: 115200)...
2026-09-13 18:13:53 | INFO | Waiting for ArduPilot heartbeat...
2026-09-13 18:13:53 | INFO | Connected to ArduPilot! (System ID: 1, Component ID: 1)
2026-09-13 18:13:53 | INFO | Starting GCS heartbeat sender (1 Hz)...
2026-09-13 18:13:53 | INFO | Requesting telemetry message streams from ArduPilot...
2026-09-13 18:13:53 | INFO | [RASTER] Position snapshot hook attached to the existing MAVLink receive path (no additional reader).
2026-09-13 18:13:53 | INFO | [FC LOG] Verbose flight-controller log attached to the existing MAVLink receive path (no additional reader) -> /home/aahswarm/ardupilotPatterenTest/fc_telemetry.log [level=full]
2026-09-13 18:13:53 | WARNING | Geofence DISABLED (CONFIGURE_FENCE=0) — writing FENCE_ENABLE=0. There is no automatic containment: the pilot is responsible for keeping the aircraft inside the test area, taking manual control on the transmitter if it drifts.
2026-09-13 18:13:53 | INFO | Configured ArduPilot parameter: LAND_SPEED = 20.0
2026-09-13 18:13:53 | INFO | Configured ArduPilot parameter: LAND_ALT_LOW = 150.0
2026-09-13 18:13:53 | INFO | Configured ArduPilot parameter: BATT_FS_LOW_ACT = 1.0
2026-09-13 18:13:53 | INFO | Configured ArduPilot parameter: BATT_FS_CRT_ACT = 1.0
2026-09-13 18:13:53 | INFO | Configured ArduPilot parameter: FS_THR_ENABLE = 3.0
2026-09-13 18:13:53 | INFO | Configured ArduPilot parameter: FS_GCS_ENABLE = 5.0
2026-09-13 18:13:53 | INFO | Configured ArduPilot parameter: FENCE_ENABLE = 0.0
2026-09-13 18:13:53 | INFO | Configured ArduPilot parameter: ARMING_CHECK = 1.0
2026-09-13 18:13:54 | INFO | [AP STATUSTEXT] Initialising ArduPilot
2026-09-13 18:13:56 | INFO | ArduPilot Health: Mode=STABILIZE, Armed=False, AGL=0.00m (src=NONE), GPS=NO FIX, EKF=FAIL, Batt=-1% (0.00V), RC=NONE
2026-09-13 18:13:56 | WARNING | Flight controller reports NO RC receiver data (RC_CHANNELS chancount=0).
2026-09-13 18:13:56 | WARNING | Flight controller reports battery voltage 0.00V — no flight battery detected. The motors cannot run on USB power alone.
2026-09-13 18:13:56 | INFO | System initialized and READY in STANDBY mode.
2026-09-13 18:13:56 | INFO | Continuous flight supervisor active. Ready for flight triggers.
2026-09-13 18:13:56 | INFO | [TRIGGER] Mission starts on an observed transition into GUIDED flight mode (CH8 must also be GUIDED when a receiver is present). The CH8 launch condition is disabled; CH8=MANUAL/LAND still aborts.
2026-09-13 18:13:56 | WARNING | No RC receiver data. CH8 triggering is unavailable; create /home/aahswarm/ardupilotPatterenTest/START_RASTER_MISSION to start a mission.
2026-09-13 18:13:56 | INFO | [SUPERVISOR] CH8 state: None -> NO_SIGNAL (Mode=STABILIZE, Armed=False, InAir=False, AGL=0.00m)
2026-09-13 18:13:56 | INFO | [SUPERVISOR] Flight mode: None -> STABILIZE (CH8=NO_SIGNAL, Armed=False, InAir=False, AGL=0.00m)
2026-09-13 18:13:56 | INFO | [SUPERVISOR] GUIDED-mode trigger armed — putting the aircraft into GUIDED will now start an autonomous mission.
2026-09-13 18:13:56 | INFO | [STANDBY] Waiting for the aircraft to be put into GUIDED flight mode... (CH8=NO_SIGNAL, Mode=STABILIZE, Armed=False, Batt=-1%, AGL=0.00m)
2026-09-13 18:13:57 | INFO | [AP STATUSTEXT] RCInput: decoding CRSF(3)
2026-09-13 18:13:57 | INFO | [AP STATUSTEXT] CRSFv2: Link rate 4Hz, Telemetry rate 241Hz
2026-09-13 18:13:57 | INFO | [AP STATUSTEXT] CRSFv2: RSSI now displays normally
2026-09-13 18:13:57 | INFO | [AP STATUSTEXT] CRSFv2: requesting RX device info
2026-09-13 18:13:57 | INFO | [AP STATUSTEXT] ELRS: bootstrap complete, fw 1.00
2026-09-13 18:13:59 | INFO | [AP STATUSTEXT] Initialising ArduPilot
2026-09-13 18:14:02 | INFO | [AP STATUSTEXT] ELRS: Link rate 500Hz, Telemetry rate 81Hz
2026-09-13 18:14:04 | INFO | [AP STATUSTEXT] ArduPilot Ready
2026-09-13 18:14:04 | INFO | [AP STATUSTEXT] AHRS: DCM active
2026-09-13 18:14:04 | INFO | [AP STATUSTEXT] RCOut: DS600:1-4 PWM:5-11
2026-09-13 18:14:04 | INFO | [CH8] Switch state changed: None -> MANUAL (raw=999)
2026-09-13 18:14:04 | INFO | [SUPERVISOR] CH8 state: NO_SIGNAL -> MANUAL (Mode=STABILIZE, Armed=False, InAir=False, AGL=0.00m)
2026-09-13 18:14:05 | INFO | [AP STATUSTEXT] PreArm: Gyros not calibrated
2026-09-13 18:14:05 | INFO | [AP STATUSTEXT] PreArm: EKF attitude is bad
2026-09-13 18:14:05 | INFO | [AP STATUSTEXT] PreArm: AHRS: not using configured AHRS type
2026-09-13 18:14:06 | INFO | [AP STATUSTEXT] EKF3 IMU0 initialised
2026-09-13 18:14:06 | INFO | [AP STATUSTEXT] EKF3 IMU1 initialised
2026-09-13 18:14:06 | INFO | [AP STATUSTEXT] AHRS: EKF3 active
2026-09-13 18:14:07 | INFO | [AP STATUSTEXT] ELRS: Link rate 500Hz, Telemetry rate 37Hz
2026-09-13 18:14:07 | INFO | [AP STATUSTEXT] EKF3 IMU0 tilt alignment complete
2026-09-13 18:14:07 | INFO | [AP STATUSTEXT] EKF3 IMU1 tilt alignment complete
2026-09-13 18:14:07 | INFO | [AP STATUSTEXT] EKF3 IMU0 MAG0 initial yaw alignment complete
2026-09-13 18:14:07 | INFO | [AP STATUSTEXT] EKF3 IMU1 MAG0 initial yaw alignment complete
2026-09-13 18:14:11 | INFO | [AP STATUSTEXT] GPS 1: probing for u-blox at 230400 baud
2026-09-13 18:14:11 | INFO | [AP STATUSTEXT] GPS 1: detected u-blox
2026-09-13 18:14:11 | INFO | [STANDBY] Waiting for CH8=GUIDED, then GUIDED flight mode... (CH8=MANUAL, Mode=STABILIZE, Armed=False, Batt=99%, AGL=0.00m)
2026-09-13 18:14:15 | INFO | [AP STATUSTEXT] u-blox NEO-F10N 1 HW: 000A0000 SW: EXT SPGL1L5 6.0
2026-09-13 18:14:15 | INFO | [AP STATUSTEXT] 0 (041e8a)
2026-09-13 18:14:15 | INFO | [AP STATUSTEXT] u-blox supports L5 Band
2026-09-13 18:21:36 | INFO | [STANDBY] Waiting for CH8=GUIDED, then GUIDED flight mode... (CH8=MANUAL, Mode=STABILIZE, Armed=False, Batt=99%, AGL=0.00m)
2026-09-13 18:21:46 | INFO | [AP STATUSTEXT] PreArm: Gyros not calibrated
2026-09-13 18:21:46 | INFO | [AP STATUSTEXT] Mission Planner 1.3.83
2026-09-13 18:21:46 | INFO | [AP STATUSTEXT] Mission Planner 1.3.83
2026-09-13 18:21:47 | INFO | [AP STATUSTEXT] Mission Planner 1.3.83
2026-09-13 18:21:51 | INFO | [STANDBY] Waiting for CH8=GUIDED, then GUIDED flight mode... (CH8=MANUAL, Mode=STABILIZE, Armed=False, Batt=99%, AGL=0.00m)
2026-09-13 18:22:06 | INFO | [STANDBY] Waiting for CH8=GUIDED, then GUIDED flight mode... (CH8=MANUAL, Mode=STABILIZE, Armed=False, Batt=99%, AGL=0.00m)
2026-09-13 18:22:16 | INFO | [AP STATUSTEXT] PreArm: Gyros not calibrated
2026-09-13 18:22:21 | INFO | [STANDBY] Waiting for CH8=GUIDED, then GUIDED flight mode... (CH8=MANUAL, Mode=STABILIZE, Armed=False, Batt=99%, AGL=0.00m)
2026-09-13 18:22:24 | INFO | [AP STATUSTEXT] EKF3 IMU0 origin set
2026-09-13 18:22:24 | INFO | [AP STATUSTEXT] EKF3 IMU1 origin set
2026-09-13 18:22:24 | INFO | [AP STATUSTEXT] EKF3 IMU0 is using GPS
2026-09-13 18:22:24 | INFO | [AP STATUSTEXT] EKF3 IMU1 is using GPS
2026-09-13 18:22:24 | INFO | [AP STATUSTEXT] Field Elevation Set: 93m
2026-09-13 18:22:36 | INFO | [STANDBY] Waiting for CH8=GUIDED, then GUIDED flight mode... (CH8=MANUAL, Mode=STABILIZE, Armed=False, Batt=99%, AGL=0.00m)
2026-09-13 18:22:47 | INFO | [AP STATUSTEXT] PreArm: Gyros not calibrated
2026-09-13 18:22:47 | INFO | [AP STATUSTEXT] PreArm: Compass calibration running
2026-09-13 18:22:51 | INFO | [STANDBY] Waiting for CH8=GUIDED, then GUIDED flight mode... (CH8=MANUAL, Mode=STABILIZE, Armed=False, Batt=99%, AGL=0.00m)
2026-09-13 18:23:06 | INFO | [STANDBY] Waiting for CH8=GUIDED, then GUIDED flight mode... (CH8=MANUAL, Mode=STABILIZE, Armed=False, Batt=99%, AGL=0.00m)
2026-09-13 18:23:18 | INFO | [AP STATUSTEXT] PreArm: Gyros not calibrated
2026-09-13 18:23:18 | INFO | [AP STATUSTEXT] PreArm: Compass calibration running
2026-09-13 18:23:20 | INFO | [AP STATUSTEXT] Mag(1) bad orientation: 0/2 1.5
2026-09-13 18:23:21 | INFO | [STANDBY] Waiting for CH8=GUIDED, then GUIDED flight mode... (CH8=MANUAL, Mode=STABILIZE, Armed=False, Batt=99%, AGL=0.00m)
2026-09-13 18:23:26 | INFO | [AP STATUSTEXT] Mag(0) bad orientation: 14/8 1.5
2026-09-13 18:23:36 | INFO | [STANDBY] Waiting for CH8=GUIDED, then GUIDED flight mode... (CH8=MANUAL, Mode=STABILIZE, Armed=False, Batt=99%, AGL=0.00m)
2026-09-13 18:23:49 | INFO | [AP STATUSTEXT] PreArm: Gyros not calibrated
2026-09-13 18:23:49 | INFO | [AP STATUSTEXT] PreArm: Compass calibration running
2026-09-13 18:23:51 | INFO | [STANDBY] Waiting for CH8=GUIDED, then GUIDED flight mode... (CH8=MANUAL, Mode=STABILIZE, Armed=False, Batt=99%, AGL=0.00m)
2026-09-13 18:23:51 | INFO | [AP STATUSTEXT] Mag(1) good orientation: 0 8.6
2026-09-13 18:23:58 | INFO | [AP STATUSTEXT] Mag(0) good orientation: 14 10.0
2026-09-13 18:24:06 | INFO | [STANDBY] Waiting for CH8=GUIDED, then GUIDED flight mode... (CH8=MANUAL, Mode=STABILIZE, Armed=False, Batt=99%, AGL=0.00m)
2026-09-13 18:24:17 | INFO | [AP STATUSTEXT] Calibrating barometer
2026-09-13 18:24:19 | INFO | [AP STATUSTEXT] RCInput: decoding CRSF(3)
2026-09-13 18:24:19 | INFO | [AP STATUSTEXT] ELRS: bootstrap complete, fw 1.00
2026-09-13 18:24:19 | INFO | [AP STATUSTEXT] Barometer 1 calibration complete
2026-09-13 18:24:20 | INFO | [AP STATUSTEXT] ELRS: Link rate 500Hz, Telemetry rate 499Hz
2026-09-13 18:24:20 | INFO | [AP STATUSTEXT] ELRS: RSSI now displays normally
2026-09-13 18:24:20 | INFO | [AP STATUSTEXT] Initialising ArduPilot
2026-09-13 18:24:21 | INFO | [STANDBY] Waiting for CH8=GUIDED, then GUIDED flight mode... (CH8=MANUAL, Mode=STABILIZE, Armed=False, Batt=99%, AGL=0.00m)
2026-09-13 18:24:25 | INFO | [AP STATUSTEXT] Initialising ArduPilot
2026-09-13 18:24:25 | INFO | [AP STATUSTEXT] ELRS: Link rate 500Hz, Telemetry rate 116Hz
2026-09-13 18:24:30 | INFO | [AP STATUSTEXT] Initialising ArduPilot
2026-09-13 18:24:30 | INFO | [AP STATUSTEXT] ELRS: Link rate 500Hz, Telemetry rate 24Hz
2026-09-13 18:24:34 | INFO | [AP STATUSTEXT] ArduPilot Ready
2026-09-13 18:24:34 | INFO | [AP STATUSTEXT] AHRS: DCM active
2026-09-13 18:24:34 | INFO | [AP STATUSTEXT] RCOut: DS600:1-4 PWM:5-11
2026-09-13 18:24:36 | INFO | [STANDBY] Waiting for CH8=GUIDED, then GUIDED flight mode... (CH8=MANUAL, Mode=STABILIZE, Armed=False, Batt=99%, AGL=0.00m)
2026-09-13 18:24:36 | INFO | [AP STATUSTEXT] EKF3 IMU0 initialised
2026-09-13 18:24:36 | INFO | [AP STATUSTEXT] EKF3 IMU1 initialised
2026-09-13 18:24:36 | INFO | [AP STATUSTEXT] AHRS: EKF3 active
2026-09-13 18:24:38 | INFO | [AP STATUSTEXT] EKF3 IMU1 tilt alignment complete
2026-09-13 18:24:38 | INFO | [AP STATUSTEXT] EKF3 IMU0 tilt alignment complete
2026-09-13 18:24:38 | INFO | [AP STATUSTEXT] EKF3 IMU0 MAG0 initial yaw alignment complete
2026-09-13 18:24:38 | INFO | [AP STATUSTEXT] EKF3 IMU1 MAG0 initial yaw alignment complete
2026-09-13 18:24:42 | INFO | [AP STATUSTEXT] GPS 1: probing for u-blox at 230400 baud
2026-09-13 18:24:42 | INFO | [AP STATUSTEXT] GPS 1: detected u-blox
2026-09-13 18:24:45 | INFO | [AP STATUSTEXT] PreArm: Gyros inconsistent
2026-09-13 18:24:46 | INFO | [AP STATUSTEXT] u-blox NEO-F10N 1 HW: 000A0000 SW: EXT SPGL1L5 6.0
2026-09-13 18:24:46 | INFO | [AP STATUSTEXT] 0 (041e8a)
2026-09-13 18:24:46 | INFO | [AP STATUSTEXT] u-blox supports L5 Band
2026-09-13 18:24:51 | INFO | [STANDBY] Waiting for CH8=GUIDED, then GUIDED flight mode... (CH8=MANUAL, Mode=STABILIZE, Armed=False, Batt=99%, AGL=0.00m)
2026-09-13 18:25:06 | INFO | [STANDBY] Waiting for CH8=GUIDED, then GUIDED flight mode... (CH8=MANUAL, Mode=STABILIZE, Armed=False, Batt=99%, AGL=0.00m)
2026-09-13 18:25:21 | INFO | [STANDBY] Waiting for CH8=GUIDED, then GUIDED flight mode... (CH8=MANUAL, Mode=STABILIZE, Armed=False, Batt=99%, AGL=0.00m)
2026-09-13 18:25:36 | INFO | [STANDBY] Waiting for CH8=GUIDED, then GUIDED flight mode... (CH8=MANUAL, Mode=STABILIZE, Armed=False, Batt=99%, AGL=0.00m)
2026-09-13 18:25:51 | INFO | [STANDBY] Waiting for CH8=GUIDED, then GUIDED flight mode... (CH8=MANUAL, Mode=STABILIZE, Armed=False, Batt=99%, AGL=0.00m)
2026-09-13 18:26:06 | INFO | [STANDBY] Waiting for CH8=GUIDED, then GUIDED flight mode... (CH8=MANUAL, Mode=STABILIZE, Armed=False, Batt=99%, AGL=0.00m)
2026-09-13 18:26:21 | INFO | [STANDBY] Waiting for CH8=GUIDED, then GUIDED flight mode... (CH8=MANUAL, Mode=STABILIZE, Armed=False, Batt=99%, AGL=0.00m)
2026-09-13 18:26:36 | INFO | [STANDBY] Waiting for CH8=GUIDED, then GUIDED flight mode... (CH8=MANUAL, Mode=STABILIZE, Armed=False, Batt=99%, AGL=0.00m)
2026-09-13 18:26:51 | INFO | [STANDBY] Waiting for CH8=GUIDED, then GUIDED flight mode... (CH8=MANUAL, Mode=STABILIZE, Armed=False, Batt=99%, AGL=0.00m)
2026-09-13 18:27:06 | INFO | [STANDBY] Waiting for CH8=GUIDED, then GUIDED flight mode... (CH8=MANUAL, Mode=STABILIZE, Armed=False, Batt=99%, AGL=0.00m)
2026-09-13 18:27:21 | INFO | [STANDBY] Waiting for CH8=GUIDED, then GUIDED flight mode... (CH8=MANUAL, Mode=STABILIZE, Armed=False, Batt=99%, AGL=0.00m)
2026-09-13 18:27:36 | INFO | [STANDBY] Waiting for CH8=GUIDED, then GUIDED flight mode... (CH8=MANUAL, Mode=STABILIZE, Armed=False, Batt=99%, AGL=0.00m)
2026-09-13 18:27:51 | INFO | [STANDBY] Waiting for CH8=GUIDED, then GUIDED flight mode... (CH8=MANUAL, Mode=STABILIZE, Armed=False, Batt=99%, AGL=0.00m)
2026-09-13 18:28:06 | INFO | [STANDBY] Waiting for CH8=GUIDED, then GUIDED flight mode... (CH8=MANUAL, Mode=STABILIZE, Armed=False, Batt=99%, AGL=0.00m)
2026-09-13 18:28:21 | INFO | [STANDBY] Waiting for CH8=GUIDED, then GUIDED flight mode... (CH8=MANUAL, Mode=STABILIZE, Armed=False, Batt=99%, AGL=0.00m)
2026-09-13 18:28:36 | INFO | [STANDBY] Waiting for CH8=GUIDED, then GUIDED flight mode... (CH8=MANUAL, Mode=STABILIZE, Armed=False, Batt=99%, AGL=0.00m)
2026-09-13 18:28:43 | INFO | [AP STATUSTEXT] EKF3 IMU0 origin set
2026-09-13 18:28:43 | INFO | [AP STATUSTEXT] EKF3 IMU0 is using GPS
2026-09-13 18:28:43 | INFO | [AP STATUSTEXT] EKF3 IMU1 origin set
2026-09-13 18:28:43 | INFO | [AP STATUSTEXT] EKF3 IMU1 is using GPS
2026-09-13 18:28:43 | INFO | [AP STATUSTEXT] Field Elevation Set: 90m
2026-09-13 18:28:51 | INFO | [STANDBY] Waiting for CH8=GUIDED, then GUIDED flight mode... (CH8=MANUAL, Mode=STABILIZE, Armed=False, Batt=99%, AGL=0.00m)
2026-09-13 18:28:58 | INFO | ==========================================================
2026-09-13 18:28:58 | INFO | === ARDUPILOT POLYGON RASTER COVERAGE MISSION ===
2026-09-13 18:28:58 | INFO | ==========================================================
2026-09-13 18:28:58 | INFO | Project directory : /home/aahswarm/ardupilotPatterenTest
2026-09-13 18:28:58 | INFO | Mission log       : /home/aahswarm/ardupilotPatterenTest/ardupilot_raster_mission.log
2026-09-13 18:28:58 | INFO | Trigger file      : /home/aahswarm/ardupilotPatterenTest/START_RASTER_MISSION
2026-09-13 18:28:58 | INFO | Recordings        : /home/aahswarm/ardupilotPatterenTest/recordings/
2026-09-13 18:28:58 | INFO | =========================================================
2026-09-13 18:28:58 | INFO | === POLYGON RASTER MISSION PLAN ===
2026-09-13 18:28:58 | INFO | =========================================================
2026-09-13 18:28:58 | INFO |   Corner A: 13.3457860, 74.7940120
2026-09-13 18:28:58 | INFO |   Corner B: 13.3457940, 74.7940550
2026-09-13 18:28:58 | INFO |   Corner C: 13.3459110, 74.7940240
2026-09-13 18:28:58 | INFO |   Corner D: 13.3459020, 74.7939900
2026-09-13 18:28:58 | INFO |   Sides: AB=4.74m BC=13.45m CD=3.82m DA=13.13m; area=56.80m^2
2026-09-13 18:28:58 | INFO |   Corner angles: A=89.6 B=86.4 C=89.2 D=94.8 deg (a rectangle is not required)
2026-09-13 18:28:58 | INFO |   Inward safety inset: 0.20m -> inset area 49.93m^2
2026-09-13 18:28:58 | INFO |   Raster direction: A->B, bearing 79.2 deg, alternating
2026-09-13 18:28:58 | INFO |   Passes: 14, spacing 0.929m (requested 1.000m), waypoints 28
2026-09-13 18:28:58 | INFO |   Path length 66.3m, estimated 332s at 0.20m/s (horizontal travel only)
2026-09-13 18:28:58 | INFO |   Containment: 28/28 waypoints and 27 segments verified inside the inset polygon (1366 samples); worst clearance +0.200m from the polygon edge
2026-09-13 18:28:58 | INFO |   Outer safety geofence: area 204.26m^2, sides 21.44m, 9.68m, 21.18m, 9.51m, winding CCW
2026-09-13 18:28:58 | INFO |   Inner inside outer: minimum separation 1.51m (corners A=1.57m, B=3.31m, C=1.51m, D=1.76m); raster path worst 1.78m, 1.28m against the effective boundary
2026-09-13 18:28:58 | INFO |   Outer safety geofence: 4 GPS corners, effective boundary 0.50m inside them (independent safety layer, NOT the mission polygon, NOT an ArduPilot fence)
2026-09-13 18:28:58 | INFO |   Inner runtime breach tolerance: 0.50m beyond the mission-polygon edge, enforced during the RASTER phase only
2026-09-13 18:28:58 | INFO |   Max planned distance from polygon centroid: 6.63m
2026-09-13 18:28:58 | INFO | ==========================================================
2026-09-13 18:28:58 | INFO | === ARDUPILOT CONTINUOUS AUTONOMOUS MISSION DAEMON ===
2026-09-13 18:28:58 | INFO | ==========================================================
2026-09-13 18:28:58 | INFO | Mission Parameters: Port=auto-discover, Baud=115200, TakeoffAlt=2.0m, DescentSpeed=0.15m/s, TouchdownSpeed=0.08m/s, Orbit=3.0m x 1.0 at 0.2m/s, HorizontalFence=4.0m, Geofence=DISABLED
2026-09-13 18:28:58 | INFO | Connecting to ArduPilot flight controller at /dev/serial/by-id/usb-ArduPilot_MicoAir743v2_300020001251333236353637-if00 (baud: 115200)...
2026-09-13 18:28:58 | INFO | Waiting for ArduPilot heartbeat...
2026-09-13 18:28:58 | INFO | Connected to ArduPilot! (System ID: 1, Component ID: 1)
2026-09-13 18:28:58 | INFO | Starting GCS heartbeat sender (1 Hz)...
2026-09-13 18:28:58 | INFO | Requesting telemetry message streams from ArduPilot...
2026-09-13 18:28:58 | INFO | [RASTER] Position snapshot hook attached to the existing MAVLink receive path (no additional reader).
2026-09-13 18:28:58 | INFO | [FC LOG] Verbose flight-controller log attached to the existing MAVLink receive path (no additional reader) -> /home/aahswarm/ardupilotPatterenTest/fc_telemetry.log [level=full]
2026-09-13 18:28:58 | WARNING | Geofence DISABLED (CONFIGURE_FENCE=0) — writing FENCE_ENABLE=0. There is no automatic containment: the pilot is responsible for keeping the aircraft inside the test area, taking manual control on the transmitter if it drifts.
2026-09-13 18:28:58 | INFO | Configured ArduPilot parameter: LAND_SPEED = 20.0
2026-09-13 18:28:58 | INFO | Configured ArduPilot parameter: LAND_ALT_LOW = 150.0
2026-09-13 18:28:58 | INFO | Configured ArduPilot parameter: BATT_FS_LOW_ACT = 1.0
2026-09-13 18:28:58 | INFO | Configured ArduPilot parameter: BATT_FS_CRT_ACT = 1.0
2026-09-13 18:28:58 | INFO | Configured ArduPilot parameter: FS_THR_ENABLE = 3.0
2026-09-13 18:28:58 | INFO | Configured ArduPilot parameter: FS_GCS_ENABLE = 5.0
2026-09-13 18:28:58 | INFO | Configured ArduPilot parameter: FENCE_ENABLE = 0.0
2026-09-13 18:28:58 | INFO | Configured ArduPilot parameter: ARMING_CHECK = 1.0
2026-09-13 18:28:59 | INFO | [CH8] Switch state changed: None -> MANUAL (raw=999)
2026-09-13 18:29:02 | INFO | ArduPilot Health: Mode=STABILIZE, Armed=False, AGL=0.00m (src=GLOBAL_POSITION_INT), GPS=Fix=3 (Sats: 13), EKF=FAIL, Batt=99% (15.23V), CH8=999 (MANUAL)
2026-09-13 18:29:02 | INFO | System initialized and READY in STANDBY mode.
2026-09-13 18:29:02 | INFO | Continuous flight supervisor active. Ready for flight triggers.
2026-09-13 18:29:02 | INFO | [TRIGGER] Mission starts on an observed transition into GUIDED flight mode (CH8 must also be GUIDED when a receiver is present). The CH8 launch condition is disabled; CH8=MANUAL/LAND still aborts.
2026-09-13 18:29:02 | INFO | [SUPERVISOR] CH8 state: None -> MANUAL (Mode=STABILIZE, Armed=False, InAir=False, AGL=0.00m)
2026-09-13 18:29:02 | INFO | [SUPERVISOR] Flight mode: None -> STABILIZE (CH8=MANUAL, Armed=False, InAir=False, AGL=0.00m)
2026-09-13 18:29:02 | INFO | [SUPERVISOR] GUIDED-mode trigger armed — putting the aircraft into GUIDED will now start an autonomous mission.
2026-09-13 18:29:02 | INFO | [STANDBY] Waiting for CH8=GUIDED, then GUIDED flight mode... (CH8=MANUAL, Mode=STABILIZE, Armed=False, Batt=99%, AGL=0.00m)
2026-09-13 18:29:09 | INFO | Altitude baseline latched at takeoff point (source=GLOBAL_POSITION_INT, raw=-0.69m). All altitudes below are AGL.
2026-09-13 18:29:57 | WARNING | Heartbeat timeout (>10s without telemetry). Flight controller disconnected.
2026-09-13 18:29:58 | INFO | Connecting to ArduPilot flight controller at /dev/serial/by-id/usb-ArduPilot_MicoAir743v2_300020001251333236353637-if00 (baud: 115200)...
2026-09-13 18:29:58 | INFO | Waiting for ArduPilot heartbeat...
2026-09-13 18:29:58 | INFO | Connected to ArduPilot! (System ID: 1, Component ID: 1)
2026-09-13 18:29:58 | INFO | Starting GCS heartbeat sender (1 Hz)...
2026-09-13 18:29:58 | INFO | Requesting telemetry message streams from ArduPilot...
2026-09-13 18:29:58 | INFO | [CH8] Switch state changed: None -> MANUAL (raw=999)
2026-09-13 18:29:58 | INFO | [RASTER] Position snapshot hook attached to the existing MAVLink receive path (no additional reader).
2026-09-13 18:29:58 | INFO | [FC LOG] Verbose flight-controller log attached to the existing MAVLink receive path (no additional reader) -> /home/aahswarm/ardupilotPatterenTest/fc_telemetry.log [level=full]
2026-09-13 18:29:58 | WARNING | Geofence DISABLED (CONFIGURE_FENCE=0) — writing FENCE_ENABLE=0. There is no automatic containment: the pilot is responsible for keeping the aircraft inside the test area, taking manual control on the transmitter if it drifts.
2026-09-13 18:29:58 | INFO | Configured ArduPilot parameter: LAND_SPEED = 20.0
2026-09-13 18:29:58 | INFO | Configured ArduPilot parameter: LAND_ALT_LOW = 150.0
2026-09-13 18:29:58 | INFO | Configured ArduPilot parameter: BATT_FS_LOW_ACT = 1.0
2026-09-13 18:29:58 | INFO | Configured ArduPilot parameter: BATT_FS_CRT_ACT = 1.0
2026-09-13 18:29:58 | INFO | Configured ArduPilot parameter: FS_THR_ENABLE = 3.0
2026-09-13 18:29:58 | INFO | Configured ArduPilot parameter: FS_GCS_ENABLE = 5.0
2026-09-13 18:29:58 | INFO | Configured ArduPilot parameter: FENCE_ENABLE = 0.0
2026-09-13 18:29:58 | INFO | Configured ArduPilot parameter: ARMING_CHECK = 1.0
2026-09-13 18:29:59 | WARNING | Armed before a ground altitude reference was captured (daemon may have connected mid-flight). Reporting height above home instead of AGL.
2026-09-13 18:30:00 | INFO | [AP STATUSTEXT] EKF3 IMU0 is using GPS
2026-09-13 18:30:00 | INFO | [AP STATUSTEXT] EKF3 IMU1 is using GPS
2026-09-13 18:30:01 | INFO | ArduPilot Health: Mode=STABILIZE, Armed=False, AGL=0.00m (src=GLOBAL_POSITION_INT), GPS=Fix=3 (Sats: 18), EKF=OK, Batt=99% (15.12V), CH8=999 (MANUAL)
2026-09-13 18:30:01 | INFO | System initialized and READY in STANDBY mode.
2026-09-13 18:30:01 | INFO | Continuous flight supervisor active. Ready for flight triggers.
2026-09-13 18:30:01 | INFO | [TRIGGER] Mission starts on an observed transition into GUIDED flight mode (CH8 must also be GUIDED when a receiver is present). The CH8 launch condition is disabled; CH8=MANUAL/LAND still aborts.
2026-09-13 18:30:01 | INFO | [SUPERVISOR] CH8 state: None -> MANUAL (Mode=STABILIZE, Armed=False, InAir=False, AGL=0.00m)
2026-09-13 18:30:01 | INFO | [SUPERVISOR] Flight mode: None -> STABILIZE (CH8=MANUAL, Armed=False, InAir=False, AGL=0.00m)
2026-09-13 18:30:01 | INFO | [SUPERVISOR] GUIDED-mode trigger armed — putting the aircraft into GUIDED will now start an autonomous mission.
2026-09-13 18:30:01 | INFO | [STANDBY] Waiting for CH8=GUIDED, then GUIDED flight mode... (CH8=MANUAL, Mode=STABILIZE, Armed=False, Batt=99%, AGL=0.00m)
2026-09-13 18:30:08 | INFO | [CH8] Switch state changed: MANUAL -> GUIDED (raw=1503)
2026-09-13 18:30:08 | INFO | [SUPERVISOR] CH8 state: MANUAL -> GUIDED (Mode=GUIDED, Armed=False, InAir=False, AGL=0.00m)
2026-09-13 18:30:08 | INFO | [SUPERVISOR] Flight mode: STABILIZE -> GUIDED (CH8=GUIDED, Armed=False, InAir=False, AGL=0.00m)
2026-09-13 18:30:08 | INFO | [SUPERVISOR] GUIDED mode selected on GROUND -> Starting Autonomous Ground Mission...
2026-09-13 18:30:08 | INFO | ========================================================
2026-09-13 18:30:08 | INFO | === STARTING AUTONOMOUS GROUND FLIGHT SEQUENCE ===
2026-09-13 18:30:08 | INFO | ========================================================
2026-09-13 18:30:08 | INFO | ArduPilot Health: Mode=GUIDED, Armed=False, AGL=0.00m (src=GLOBAL_POSITION_INT), GPS=Fix=3 (Sats: 18), EKF=OK, Batt=99% (15.17V), CH8=1503 (GUIDED)
2026-09-13 18:30:08 | INFO | Starting onboard video recording...
2026-09-13 18:30:08 | INFO | Sending arm command to ArduPilot motors...
2026-09-13 18:30:08 | INFO | Altitude baseline latched at takeoff point (source=GLOBAL_POSITION_INT, raw=+0.01m). All altitudes below are AGL.
2026-09-13 18:30:08 | INFO | ArduPilot confirmed ARMED.
2026-09-13 18:30:09 | INFO | Sending MAV_CMD_NAV_TAKEOFF for target altitude 2.0m...
2026-09-13 18:30:09 | INFO | Takeoff command ACCEPTED by ArduPilot.
2026-09-13 18:30:09 | INFO | Monitoring takeoff climb to target 2.0m AGL (acceptance band: ±0.15m)...
2026-09-13 18:30:09 | INFO | Climbing... -0.01m AGL / target 2.0m (mode=GUIDED, armed=True)
2026-09-13 18:30:11 | INFO | Climbing... -0.01m AGL / target 2.0m (mode=GUIDED, armed=True)
2026-09-13 18:30:12 | INFO | Liftoff detected at 0.25m AGL.
2026-09-13 18:30:13 | INFO | Climbing... 1.62m AGL / target 2.0m (mode=GUIDED, armed=True)
2026-09-13 18:30:14 | INFO | Target altitude reached and stable: 1.99m AGL (target: 2.0m)
2026-09-13 18:30:14 | INFO | Takeoff stabilized. Hovering for 2.0 seconds...
2026-09-13 18:30:16 | INFO | [RASTER ANCHOR] GPS 13.3457973, 74.7940269 <-> local NED N=+0.25m E=-0.13m (samples 0ms apart, fix=3, sats=20).
2026-09-13 18:30:16 | INFO | =========================================================
2026-09-13 18:30:16 | INFO | === STARTING POLYGON RASTER COVERAGE PATTERN ===
2026-09-13 18:30:16 | INFO | =========================================================
2026-09-13 18:30:16 | INFO | [RASTER] Geofence origin (post-takeoff hover): N=+0.25m, E=-0.13m.
2026-09-13 18:30:16 | INFO | [RASTER] 28 waypoints converted into local NED; the first is 1.64m from the origin.
2026-09-13 18:30:16 | INFO | [RASTER BOUNDARY] Inner mission polygon projected into local NED; allowed excursion 0.50m beyond its edge, enforced during the RASTER phase only.
2026-09-13 18:30:16 | INFO | [RASTER BOUNDARY] Outer safety geofence projected into local NED from 4 GPS corners; enforced boundary is 0.50m inside them, active in EVERY phase.
2026-09-13 18:30:16 | INFO | [RASTER BOUNDARY] Altitude band 1.50-2.50m AGL (target 2.00m); companion battery floor 25%; flight controller reports 99%
2026-09-13 18:30:16 | INFO | [RASTER BOUNDARY] Inner polygon to outer polygon: minimum 1.51m; after the 0.50m outer margin 1.01m; after a full 0.50m inner excursion 0.51m remains.
2026-09-13 18:30:16 | INFO | [RASTER ORIGIN CHECK] Takeoff/hover origin N=+0.25m E=-0.13m sits +3.41m from the outer polygon edge; the enforced boundary needs >= 0.50m, leaving +2.91m.
2026-09-13 18:30:16 | INFO | [OUTER GEOFENCE CHECK] transit + pattern + return: 30 points and 29 segments, 1612 samples. Worst clearance to the raw outer polygon is +1.78m at WP00 (pass 1 pass_start); the enforced boundary is 0.50m inside it, leaving +1.28m.
2026-09-13 18:30:16 | INFO | [RASTER BUDGET] route from the captured origin: transit 1.6m + pattern 66.3m + return 11.9m = 79.9m
2026-09-13 18:30:16 | INFO | [RASTER BUDGET] 399s straight-line at 0.20m/s, x1.35 contingency = 539s expected, against a 650s budget (+111s).
2026-09-13 18:30:16 | INFO | [RASTER PHASE] TRANSIT_TO_RASTER: flying 1.64m from the origin to WP00 (pass 1 pass_start). Inner-polygon containment is not enforced on this leg; the outer GPS geofence, telemetry, EKF, altitude and battery checks are.
2026-09-13 18:30:21 | INFO | [AP STATUSTEXT] Battery 1 is low 14.42V used 36 mAh
2026-09-13 18:30:21 | INFO | [AP STATUSTEXT] Battery Failsafe
2026-09-13 18:30:21 | WARNING | [MODE CHANGE] Flight mode changed to LAND during transit to WP00 (pass 1 pass_start).
2026-09-13 18:30:21 | WARNING | [RASTER] Aborted during TRANSIT_TO_RASTER — stopped by a safety check or timed out. Yielding to the base mission.
2026-09-13 18:30:21 | WARNING | Horizontal geofence orbit interrupted. Yielding control.
2026-09-13 18:30:21 | WARNING | ==========================================================
2026-09-13 18:30:21 | WARNING | === EXECUTING SAFETY LAND ===
2026-09-13 18:30:21 | WARNING | ==========================================================
2026-09-13 18:30:21 | INFO | Issuing ArduPilot LAND command...
2026-09-13 18:30:21 | INFO | Setting flight mode to LAND (ID: 9)...
2026-09-13 18:30:21 | INFO | Flight mode confirmed: LAND
2026-09-13 18:30:21 | INFO | Landing descent in progress: altitude=1.93m, mode=LAND, armed=True
2026-09-13 18:30:21 | INFO | [AP STATUSTEXT] Battery 1 is critical 14.40V used 37 mAh
2026-09-13 18:30:21 | INFO | [AP STATUSTEXT] Battery Failsafe
2026-09-13 18:30:24 | INFO | Landing descent in progress: altitude=1.89m, mode=LAND, armed=True
2026-09-13 18:30:27 | INFO | Landing descent in progress: altitude=1.53m, mode=LAND, armed=True
2026-09-13 18:30:30 | INFO | Landing descent in progress: altitude=0.92m, mode=LAND, armed=True
2026-09-13 18:30:33 | INFO | Landing descent in progress: altitude=0.37m, mode=LAND, armed=True
2026-09-13 18:30:36 | INFO | Landing descent in progress: altitude=0.07m, mode=LAND, armed=True
2026-09-13 18:30:37 | INFO | Touchdown confirmed on ground and aircraft disarmed.
2026-09-13 18:30:37 | INFO | Setting flight mode to LOITER (ID: 5)...
2026-09-13 18:30:37 | INFO | Flight mode confirmed: LOITER
2026-09-13 18:30:37 | INFO | Safety landing completed. Returning to STANDBY mode.
2026-09-13 18:30:37 | INFO | Mission cycle finished (not fully successful). Returning to STANDBY mode.
2026-09-13 18:30:37 | INFO | [SUPERVISOR] GUIDED-mode trigger armed — putting the aircraft into GUIDED will now start an autonomous mission.
2026-09-13 18:30:37 | INFO | [STANDBY] Waiting for the aircraft to be put into GUIDED flight mode... (CH8=GUIDED, Mode=LOITER, Armed=False, Batt=97%, AGL=0.00m)
2026-09-13 18:30:38 | INFO | [AP STATUSTEXT] PreArm: Battery 1 low voltage failsafe
2026-09-13 18:30:38 | INFO | [AP STATUSTEXT] PreArm: Battery failsafe
2026-09-13 18:30:38 | INFO | [CH8] Switch state changed: GUIDED -> MANUAL (raw=999)
2026-09-13 18:30:38 | INFO | [SUPERVISOR] CH8 state: GUIDED -> MANUAL (Mode=STABILIZE, Armed=False, InAir=False, AGL=0.00m)
2026-09-13 18:30:38 | INFO | [SUPERVISOR] Flight mode: LOITER -> STABILIZE (CH8=MANUAL, Armed=False, InAir=False, AGL=0.00m)
2026-09-13 18:30:39 | INFO | [CH8] Switch state changed: MANUAL -> LAND (raw=2000)
2026-09-13 18:30:39 | INFO | [SUPERVISOR] CH8 state: MANUAL -> LAND (Mode=STABILIZE, Armed=False, InAir=False, AGL=0.00m)
2026-09-13 18:30:39 | INFO | [SUPERVISOR] CH8=LAND but aircraft is on ground. No action needed.
2026-09-13 18:30:39 | INFO | [SUPERVISOR] Flight mode: STABILIZE -> LAND (CH8=LAND, Armed=False, InAir=False, AGL=0.00m)
2026-09-13 18:30:39 | INFO | [CH8] Switch state changed: LAND -> GUIDED (raw=1503)
2026-09-13 18:30:39 | INFO | [SUPERVISOR] CH8 state: LAND -> GUIDED (Mode=GUIDED, Armed=False, InAir=False, AGL=0.00m)
2026-09-13 18:30:39 | INFO | [SUPERVISOR] Flight mode: LAND -> GUIDED (CH8=GUIDED, Armed=False, InAir=False, AGL=0.00m)
2026-09-13 18:30:50 | INFO | [AP STATUSTEXT] Arm: Battery 1 low voltage failsafe
2026-09-13 18:30:50 | INFO | [AP STATUSTEXT] Arm: Battery failsafe
2026-09-13 18:30:52 | INFO | [STANDBY] Waiting for the aircraft to be put into GUIDED flight mode... (CH8=GUIDED, Mode=GUIDED, Armed=False, Batt=97%, AGL=0.00m)
2026-09-13 18:30:52 | INFO | [CH8] Switch state changed: GUIDED -> MANUAL (raw=999)
2026-09-13 18:30:52 | INFO | [SUPERVISOR] CH8 state: GUIDED -> MANUAL (Mode=GUIDED, Armed=False, InAir=False, AGL=0.00m)
2026-09-13 18:30:52 | INFO | [SUPERVISOR] Flight mode: GUIDED -> STABILIZE (CH8=MANUAL, Armed=False, InAir=False, AGL=0.00m)
2026-09-13 18:30:56 | INFO | [AP STATUSTEXT] Arm: Battery 1 low voltage failsafe
2026-09-13 18:30:56 | INFO | [AP STATUSTEXT] Arm: Battery failsafe
2026-09-13 18:31:02 | INFO | [CH8] Switch state changed: MANUAL -> LAND (raw=2000)
2026-09-13 18:31:02 | INFO | [SUPERVISOR] CH8 state: MANUAL -> LAND (Mode=STABILIZE, Armed=False, InAir=False, AGL=0.00m)
2026-09-13 18:31:02 | INFO | [SUPERVISOR] CH8=LAND but aircraft is on ground. No action needed.
2026-09-13 18:31:02 | INFO | [SUPERVISOR] Flight mode: STABILIZE -> LAND (CH8=LAND, Armed=False, InAir=False, AGL=0.00m)
2026-09-13 18:31:02 | INFO | [CH8] Switch state changed: LAND -> MANUAL (raw=999)
2026-09-13 18:31:02 | INFO | [SUPERVISOR] CH8 state: LAND -> MANUAL (Mode=LAND, Armed=False, InAir=False, AGL=0.00m)
2026-09-13 18:31:03 | INFO | [SUPERVISOR] Flight mode: LAND -> STABILIZE (CH8=MANUAL, Armed=False, InAir=False, AGL=0.00m)
2026-09-13 18:31:07 | INFO | [STANDBY] Waiting for CH8=GUIDED, then GUIDED flight mode... (CH8=MANUAL, Mode=STABILIZE, Armed=False, Batt=97%, AGL=0.00m)
2026-09-13 18:31:09 | INFO | [AP STATUSTEXT] PreArm: Battery failsafe
2026-09-13 18:31:17 | INFO | [CH8] Switch state changed: MANUAL -> GUIDED (raw=1503)
2026-09-13 18:31:17 | INFO | [SUPERVISOR] CH8 state: MANUAL -> GUIDED (Mode=STABILIZE, Armed=False, InAir=False, AGL=0.00m)
2026-09-13 18:31:17 | INFO | [SUPERVISOR] Flight mode: STABILIZE -> GUIDED (CH8=GUIDED, Armed=False, InAir=False, AGL=0.00m)
2026-09-13 18:31:17 | INFO | [SUPERVISOR] GUIDED mode selected on GROUND -> Starting Autonomous Ground Mission...
2026-09-13 18:31:17 | INFO | ========================================================
2026-09-13 18:31:17 | INFO | === STARTING AUTONOMOUS GROUND FLIGHT SEQUENCE ===
2026-09-13 18:31:17 | INFO | ========================================================
2026-09-13 18:31:17 | INFO | ArduPilot Health: Mode=GUIDED, Armed=False, AGL=0.00m (src=GLOBAL_POSITION_INT), GPS=Fix=3 (Sats: 20), EKF=OK, Batt=97% (15.02V), CH8=1503 (GUIDED)
2026-09-13 18:31:17 | INFO | Starting onboard video recording...
2026-09-13 18:31:17 | INFO | Sending arm command to ArduPilot motors...
2026-09-13 18:31:17 | INFO | [AP STATUSTEXT] Arm: Battery failsafe
2026-09-13 18:31:17 | ERROR | Arm command REJECTED by ArduPilot: MAV_RESULT_FAILED
2026-09-13 18:31:17 | INFO | [AP STATUSTEXT] PreArm: Battery failsafe
2026-09-13 18:31:19 | ERROR | ArduPilot refused to arm for the following reason(s):
2026-09-13 18:31:19 | ERROR |     - Arm: Battery failsafe
2026-09-13 18:31:19 | ERROR |     - PreArm: Battery failsafe
2026-09-13 18:31:19 | ERROR | Arming failed. Aborting autonomous mission.
2026-09-13 18:31:19 | INFO | Mission cycle finished (not fully successful). Returning to STANDBY mode.
2026-09-13 18:31:20 | INFO | [CH8] Switch state changed: GUIDED -> MANUAL (raw=999)
2026-09-13 18:31:20 | INFO | [SUPERVISOR] CH8 state: GUIDED -> MANUAL (Mode=GUIDED, Armed=False, InAir=False, AGL=0.00m)
2026-09-13 18:31:20 | INFO | [SUPERVISOR] Flight mode: GUIDED -> STABILIZE (CH8=MANUAL, Armed=False, InAir=False, AGL=0.00m)
2026-09-13 18:31:20 | INFO | [SUPERVISOR] GUIDED-mode trigger armed — putting the aircraft into GUIDED will now start an autonomous mission.
2026-09-13 18:31:21 | INFO | [AP STATUSTEXT] Arm: Battery failsafe
2026-09-13 18:31:22 | INFO | [STANDBY] Waiting for CH8=GUIDED, then GUIDED flight mode... (CH8=MANUAL, Mode=STABILIZE, Armed=False, Batt=97%, AGL=0.00m)
2026-09-13 18:31:24 | INFO | [AP STATUSTEXT] Arm: Battery failsafe
2026-09-13 18:31:28 | INFO | [CH8] Switch state changed: MANUAL -> GUIDED (raw=1503)
2026-09-13 18:31:29 | INFO | [SUPERVISOR] CH8 state: MANUAL -> GUIDED (Mode=STABILIZE, Armed=False, InAir=False, AGL=0.00m)
2026-09-13 18:31:29 | INFO | [SUPERVISOR] Flight mode: STABILIZE -> GUIDED (CH8=GUIDED, Armed=False, InAir=False, AGL=0.00m)
2026-09-13 18:31:30 | INFO | [CH8] Switch state changed: GUIDED -> MANUAL (raw=999)
2026-09-13 18:31:30 | INFO | [SUPERVISOR] CH8 state: GUIDED -> MANUAL (Mode=GUIDED, Armed=False, InAir=False, AGL=0.00m)
2026-09-13 18:31:30 | INFO | [SUPERVISOR] Flight mode: GUIDED -> STABILIZE (CH8=MANUAL, Armed=False, InAir=False, AGL=0.00m)
2026-09-13 18:31:37 | INFO | [STANDBY] Waiting for CH8=GUIDED, then GUIDED flight mode... (CH8=MANUAL, Mode=STABILIZE, Armed=False, Batt=97%, AGL=0.00m)
2026-09-13 18:31:39 | INFO | [AP STATUSTEXT] Mission Planner 1.3.83
2026-09-13 18:31:39 | INFO | [AP STATUSTEXT] Mission Planner 1.3.83
2026-09-13 18:31:39 | INFO | [AP STATUSTEXT] Mission Planner 1.3.83
2026-09-13 18:31:40 | INFO | [AP STATUSTEXT] PreArm: Battery failsafe
2026-09-13 18:31:52 | INFO | [STANDBY] Waiting for CH8=GUIDED, then GUIDED flight mode... (CH8=MANUAL, Mode=STABILIZE, Armed=False, Batt=97%, AGL=0.00m)
2026-09-13 18:32:06 | INFO | [AP STATUSTEXT] Calibrating barometer
2026-09-13 18:32:07 | INFO | [STANDBY] Waiting for CH8=GUIDED, then GUIDED flight mode... (CH8=MANUAL, Mode=STABILIZE, Armed=False, Batt=97%, AGL=0.00m)
2026-09-13 18:32:07 | INFO | [AP STATUSTEXT] RCInput: decoding CRSF(3)
2026-09-13 18:32:07 | INFO | [AP STATUSTEXT] ELRS: bootstrap complete, fw 1.00
2026-09-13 18:32:07 | INFO | [AP STATUSTEXT] Barometer 1 calibration complete
2026-09-13 18:32:08 | INFO | [AP STATUSTEXT] ArduPilot Ready
2026-09-13 18:32:08 | INFO | [AP STATUSTEXT] AHRS: DCM active
2026-09-13 18:32:08 | INFO | [AP STATUSTEXT] RCOut: DS600:1-4 PWM:5-11
2026-09-13 18:32:08 | INFO | [AP STATUSTEXT] ELRS: Link rate 500Hz, Telemetry rate 499Hz
2026-09-13 18:32:08 | INFO | [AP STATUSTEXT] ELRS: RSSI now displays normally
2026-09-13 18:32:10 | INFO | [AP STATUSTEXT] EKF3 IMU0 initialised
2026-09-13 18:32:10 | INFO | [AP STATUSTEXT] EKF3 IMU1 initialised
2026-09-13 18:32:10 | INFO | [AP STATUSTEXT] AHRS: EKF3 active
2026-09-13 18:32:11 | INFO | [AP STATUSTEXT] EKF3 IMU0 tilt alignment complete
2026-09-13 18:32:11 | INFO | [AP STATUSTEXT] EKF3 IMU1 tilt alignment complete
2026-09-13 18:32:11 | INFO | [AP STATUSTEXT] EKF3 IMU0 MAG0 initial yaw alignment complete
2026-09-13 18:32:11 | INFO | [AP STATUSTEXT] EKF3 IMU1 MAG0 initial yaw alignment complete
2026-09-13 18:32:11 | INFO | [AP STATUSTEXT] Arm: Accels inconsistent
2026-09-13 18:32:13 | INFO | [AP STATUSTEXT] ELRS: Link rate 500Hz, Telemetry rate 147Hz
2026-09-13 18:32:15 | INFO | [AP STATUSTEXT] GPS 1: probing for u-blox at 230400 baud
2026-09-13 18:32:15 | INFO | [AP STATUSTEXT] GPS 1: detected u-blox
2026-09-13 18:32:18 | INFO | [AP STATUSTEXT] ELRS: Link rate 500Hz, Telemetry rate 68Hz
2026-09-13 18:32:19 | INFO | [AP STATUSTEXT] u-blox NEO-F10N 1 HW: 000A0000 SW: EXT SPGL1L5 6.0
2026-09-13 18:32:19 | INFO | [AP STATUSTEXT] 0 (041e8a)
2026-09-13 18:32:19 | INFO | [AP STATUSTEXT] u-blox supports L5 Band
2026-09-13 18:32:21 | INFO | [SUPERVISOR] Flight mode: STABILIZE -> GUIDED (CH8=MANUAL, Armed=False, InAir=False, AGL=0.00m)
2026-09-13 18:32:21 | WARNING | [SUPERVISOR] GUIDED mode selected but CH8=MANUAL. Not starting a mission. Move CH8 to GUIDED, then re-select GUIDED mode.
2026-09-13 18:32:22 | INFO | [STANDBY] Waiting for CH8=GUIDED, then GUIDED flight mode... (CH8=MANUAL, Mode=GUIDED, Armed=False, Batt=97%, AGL=0.00m)
2026-09-13 18:32:25 | INFO | [AP STATUSTEXT] EKF3 IMU0 origin set
2026-09-13 18:32:25 | INFO | [AP STATUSTEXT] EKF3 IMU1 origin set
2026-09-13 18:32:25 | INFO | [AP STATUSTEXT] Field Elevation Set: 85m
2026-09-13 18:32:34 | INFO | [AP STATUSTEXT] PreArm: Need Position Estimate
2026-09-13 18:32:37 | INFO | [STANDBY] Waiting for CH8=GUIDED, then GUIDED flight mode... (CH8=MANUAL, Mode=GUIDED, Armed=False, Batt=97%, AGL=0.00m)
2026-09-13 18:32:47 | INFO | [AP STATUSTEXT] EKF3 IMU0 is using GPS
2026-09-13 18:32:47 | INFO | [AP STATUSTEXT] EKF3 IMU1 is using GPS
2026-09-13 18:32:52 | INFO | [STANDBY] Waiting for CH8=GUIDED, then GUIDED flight mode... (CH8=MANUAL, Mode=GUIDED, Armed=False, Batt=97%, AGL=0.00m)
2026-09-13 18:33:07 | INFO | [STANDBY] Waiting for CH8=GUIDED, then GUIDED flight mode... (CH8=MANUAL, Mode=GUIDED, Armed=False, Batt=97%, AGL=0.00m)
2026-09-13 18:33:16 | INFO | [SUPERVISOR] Flight mode: GUIDED -> STABILIZE (CH8=MANUAL, Armed=False, InAir=False, AGL=0.00m)
2026-09-13 18:33:19 | INFO | Altitude baseline latched at takeoff point (source=GLOBAL_POSITION_INT, raw=+0.18m). All altitudes below are AGL.
2026-09-13 18:33:22 | INFO | [SUPERVISOR] Flight mode: STABILIZE -> GUIDED (CH8=MANUAL, Armed=True, InAir=False, AGL=0.00m)
2026-09-13 18:33:22 | INFO | [STANDBY] Waiting for CH8=GUIDED, then GUIDED flight mode... (CH8=MANUAL, Mode=GUIDED, Armed=True, Batt=97%, AGL=0.00m)
2026-09-13 18:33:25 | INFO | [SUPERVISOR] Flight mode: GUIDED -> STABILIZE (CH8=MANUAL, Armed=True, InAir=False, AGL=0.00m)
2026-09-13 18:33:26 | INFO | [SUPERVISOR] Flight mode: STABILIZE -> GUIDED (CH8=MANUAL, Armed=False, InAir=False, AGL=0.00m)
2026-09-13 18:33:26 | WARNING | [SUPERVISOR] GUIDED mode selected but CH8=MANUAL. Not starting a mission. Move CH8 to GUIDED, then re-select GUIDED mode.
2026-09-13 18:33:37 | INFO | [STANDBY] Waiting for CH8=GUIDED, then GUIDED flight mode... (CH8=MANUAL, Mode=GUIDED, Armed=False, Batt=97%, AGL=0.00m)
2026-09-13 18:33:37 | INFO | [SUPERVISOR] Flight mode: GUIDED -> STABILIZE (CH8=MANUAL, Armed=False, InAir=False, AGL=0.00m)
2026-09-13 18:33:39 | INFO | [SUPERVISOR] Flight mode: STABILIZE -> GUIDED (CH8=MANUAL, Armed=False, InAir=False, AGL=0.00m)
2026-09-13 18:33:39 | WARNING | [SUPERVISOR] GUIDED mode selected but CH8=MANUAL. Not starting a mission. Move CH8 to GUIDED, then re-select GUIDED mode.
2026-09-13 18:33:52 | INFO | [STANDBY] Waiting for CH8=GUIDED, then GUIDED flight mode... (CH8=MANUAL, Mode=GUIDED, Armed=False, Batt=97%, AGL=0.00m)
2026-09-13 18:34:17 | INFO | ==========================================================
2026-09-13 18:34:17 | INFO | === ARDUPILOT POLYGON RASTER COVERAGE MISSION ===
2026-09-13 18:34:17 | INFO | ==========================================================
2026-09-13 18:34:17 | INFO | Project directory : /home/aahswarm/ardupilotPatterenTest
2026-09-13 18:34:17 | INFO | Mission log       : /home/aahswarm/ardupilotPatterenTest/ardupilot_raster_mission.log
2026-09-13 18:34:17 | INFO | Trigger file      : /home/aahswarm/ardupilotPatterenTest/START_RASTER_MISSION
2026-09-13 18:34:17 | INFO | Recordings        : /home/aahswarm/ardupilotPatterenTest/recordings/
2026-09-13 18:34:17 | INFO | =========================================================
2026-09-13 18:34:17 | INFO | === POLYGON RASTER MISSION PLAN ===
2026-09-13 18:34:17 | INFO | =========================================================
2026-09-13 18:34:17 | INFO |   Corner A: 13.3457860, 74.7940120
2026-09-13 18:34:17 | INFO |   Corner B: 13.3457940, 74.7940550
2026-09-13 18:34:17 | INFO |   Corner C: 13.3459110, 74.7940240
2026-09-13 18:34:17 | INFO |   Corner D: 13.3459020, 74.7939900
2026-09-13 18:34:17 | INFO |   Sides: AB=4.74m BC=13.45m CD=3.82m DA=13.13m; area=56.80m^2
2026-09-13 18:34:17 | INFO |   Corner angles: A=89.6 B=86.4 C=89.2 D=94.8 deg (a rectangle is not required)
2026-09-13 18:34:17 | INFO |   Inward safety inset: 0.20m -> inset area 49.93m^2
2026-09-13 18:34:17 | INFO |   Raster direction: A->B, bearing 79.2 deg, alternating
2026-09-13 18:34:17 | INFO |   Passes: 14, spacing 0.929m (requested 1.000m), waypoints 28
2026-09-13 18:34:17 | INFO |   Path length 66.3m, estimated 332s at 0.20m/s (horizontal travel only)
2026-09-13 18:34:17 | INFO |   Containment: 28/28 waypoints and 27 segments verified inside the inset polygon (1366 samples); worst clearance +0.200m from the polygon edge
2026-09-13 18:34:17 | INFO |   Outer safety geofence: area 204.26m^2, sides 21.44m, 9.68m, 21.18m, 9.51m, winding CCW
2026-09-13 18:34:17 | INFO |   Inner inside outer: minimum separation 1.51m (corners A=1.57m, B=3.31m, C=1.51m, D=1.76m); raster path worst 1.78m, 1.28m against the effective boundary
2026-09-13 18:34:17 | INFO |   Outer safety geofence: 4 GPS corners, effective boundary 0.50m inside them (independent safety layer, NOT the mission polygon, NOT an ArduPilot fence)
2026-09-13 18:34:17 | INFO |   Inner runtime breach tolerance: 0.50m beyond the mission-polygon edge, enforced during the RASTER phase only
2026-09-13 18:34:17 | INFO |   Max planned distance from polygon centroid: 6.63m
2026-09-13 18:34:17 | INFO | ==========================================================
2026-09-13 18:34:17 | INFO | === ARDUPILOT CONTINUOUS AUTONOMOUS MISSION DAEMON ===
2026-09-13 18:34:17 | INFO | ==========================================================
2026-09-13 18:34:17 | INFO | Mission Parameters: Port=auto-discover, Baud=115200, TakeoffAlt=2.0m, DescentSpeed=0.15m/s, TouchdownSpeed=0.08m/s, Orbit=3.0m x 1.0 at 0.2m/s, HorizontalFence=4.0m, Geofence=DISABLED
2026-09-13 18:34:17 | INFO | Connecting to ArduPilot flight controller at /dev/serial/by-id/usb-ArduPilot_MicoAir743v2_300020001251333236353637-if00 (baud: 115200)...
2026-09-13 18:34:17 | INFO | Waiting for ArduPilot heartbeat...
2026-09-13 18:34:18 | INFO | Connected to ArduPilot! (System ID: 1, Component ID: 1)
2026-09-13 18:34:18 | INFO | Starting GCS heartbeat sender (1 Hz)...
2026-09-13 18:34:18 | INFO | Requesting telemetry message streams from ArduPilot...
2026-09-13 18:34:18 | INFO | [RASTER] Position snapshot hook attached to the existing MAVLink receive path (no additional reader).
2026-09-13 18:34:18 | INFO | [FC LOG] Verbose flight-controller log attached to the existing MAVLink receive path (no additional reader) -> /home/aahswarm/ardupilotPatterenTest/fc_telemetry.log [level=full]
2026-09-13 18:34:18 | WARNING | Geofence DISABLED (CONFIGURE_FENCE=0) — writing FENCE_ENABLE=0. There is no automatic containment: the pilot is responsible for keeping the aircraft inside the test area, taking manual control on the transmitter if it drifts.
2026-09-13 18:34:18 | INFO | Configured ArduPilot parameter: LAND_SPEED = 20.0
2026-09-13 18:34:18 | INFO | Configured ArduPilot parameter: LAND_ALT_LOW = 150.0
2026-09-13 18:34:18 | INFO | Configured ArduPilot parameter: BATT_FS_LOW_ACT = 1.0
2026-09-13 18:34:18 | INFO | Configured ArduPilot parameter: BATT_FS_CRT_ACT = 1.0
2026-09-13 18:34:18 | INFO | Configured ArduPilot parameter: FS_THR_ENABLE = 3.0
2026-09-13 18:34:18 | INFO | Configured ArduPilot parameter: FS_GCS_ENABLE = 5.0
2026-09-13 18:34:18 | INFO | Configured ArduPilot parameter: FENCE_ENABLE = 0.0
2026-09-13 18:34:18 | INFO | Configured ArduPilot parameter: ARMING_CHECK = 1.0
2026-09-13 18:34:18 | WARNING | Armed before a ground altitude reference was captured (daemon may have connected mid-flight). Reporting height above home instead of AGL.
2026-09-13 18:34:18 | INFO | [CH8] Switch state changed: None -> MANUAL (raw=999)
2026-09-13 18:34:21 | INFO | ArduPilot Health: Mode=STABILIZE, Armed=True, AGL=0.62m (src=GLOBAL_POSITION_INT), GPS=Fix=3 (Sats: 17), EKF=OK, Batt=99% (14.44V), CH8=999 (MANUAL)
2026-09-13 18:34:21 | INFO | System initialized and READY in STANDBY mode.
2026-09-13 18:34:21 | INFO | Continuous flight supervisor active. Ready for flight triggers.
2026-09-13 18:34:21 | INFO | [TRIGGER] Mission starts on an observed transition into GUIDED flight mode (CH8 must also be GUIDED when a receiver is present). The CH8 launch condition is disabled; CH8=MANUAL/LAND still aborts.
2026-09-13 18:34:21 | INFO | [SUPERVISOR] CH8 state: None -> MANUAL (Mode=STABILIZE, Armed=True, InAir=True, AGL=0.62m)
2026-09-13 18:34:21 | INFO | [MANUAL FLIGHT] Monitoring pilot manual flight (Mode: STABILIZE)...
2026-09-13 18:34:23 | INFO | [CH8] Switch state changed: MANUAL -> GUIDED (raw=1503)
2026-09-13 18:34:23 | INFO | [CH8] Switch state changed: GUIDED -> LAND (raw=2000)
2026-09-13 18:34:23 | WARNING | [MANUAL FLIGHT] CH8 switched to LAND in air -> Executing Safety LAND!
2026-09-13 18:34:23 | WARNING | ==========================================================
2026-09-13 18:34:23 | WARNING | === EXECUTING SAFETY LAND ===
2026-09-13 18:34:23 | WARNING | ==========================================================
2026-09-13 18:34:23 | INFO | Issuing ArduPilot LAND command...
2026-09-13 18:34:23 | INFO | Setting flight mode to LAND (ID: 9)...
2026-09-13 18:34:23 | INFO | Flight mode confirmed: LAND
2026-09-13 18:34:23 | INFO | Landing descent in progress: altitude=0.75m, mode=LAND, armed=True
2026-09-13 18:34:25 | INFO | [AP STATUSTEXT] Battery 1 is low 14.33V used 25 mAh
2026-09-13 18:34:25 | INFO | [AP STATUSTEXT] Battery Failsafe
2026-09-13 18:34:25 | INFO | [AP STATUSTEXT] Battery 1 is critical 14.32V used 26 mAh
2026-09-13 18:34:25 | INFO | [AP STATUSTEXT] Battery Failsafe
2026-09-13 18:34:26 | INFO | Landing descent in progress: altitude=0.60m, mode=LAND, armed=True
2026-09-13 18:34:29 | INFO | Landing descent in progress: altitude=0.26m, mode=LAND, armed=True
2026-09-13 18:34:32 | INFO | Landing descent in progress: altitude=-0.10m, mode=LAND, armed=True
2026-09-13 18:34:34 | INFO | Touchdown confirmed on ground and aircraft disarmed.
2026-09-13 18:34:34 | INFO | Setting flight mode to LOITER (ID: 5)...
2026-09-13 18:34:34 | INFO | Flight mode confirmed: LOITER
2026-09-13 18:34:34 | INFO | Safety landing completed. Returning to STANDBY mode.
2026-09-13 18:34:34 | INFO | [SUPERVISOR] Flight mode: None -> LOITER (CH8=LAND, Armed=False, InAir=False, AGL=0.00m)
2026-09-13 18:34:34 | INFO | [SUPERVISOR] GUIDED-mode trigger armed — putting the aircraft into GUIDED will now start an autonomous mission.
2026-09-13 18:34:34 | INFO | [STANDBY] Waiting for CH8=GUIDED, then GUIDED flight mode... (CH8=LAND, Mode=LOITER, Armed=False, Batt=98%, AGL=0.00m)
2026-09-13 18:34:35 | INFO | [AP STATUSTEXT] PreArm: Battery 1 low voltage failsafe
2026-09-13 18:34:35 | INFO | [AP STATUSTEXT] PreArm: Battery failsafe
2026-09-13 18:34:38 | INFO | [CH8] Switch state changed: LAND -> GUIDED (raw=1503)
2026-09-13 18:34:38 | INFO | [SUPERVISOR] CH8 state: LAND -> GUIDED (Mode=LOITER, Armed=False, InAir=False, AGL=0.00m)
2026-09-13 18:34:38 | INFO | [CH8] Switch state changed: GUIDED -> MANUAL (raw=999)
2026-09-13 18:34:38 | INFO | [SUPERVISOR] CH8 state: GUIDED -> MANUAL (Mode=STABILIZE, Armed=False, InAir=False, AGL=0.00m)
2026-09-13 18:34:38 | INFO | [SUPERVISOR] Flight mode: LOITER -> STABILIZE (CH8=MANUAL, Armed=False, InAir=False, AGL=0.00m)
2026-09-13 18:34:42 | INFO | [CH8] Switch state changed: MANUAL -> GUIDED (raw=1503)
2026-09-13 18:34:42 | INFO | [SUPERVISOR] CH8 state: MANUAL -> GUIDED (Mode=GUIDED, Armed=False, InAir=False, AGL=0.00m)
2026-09-13 18:34:42 | INFO | [SUPERVISOR] Flight mode: STABILIZE -> GUIDED (CH8=GUIDED, Armed=False, InAir=False, AGL=0.00m)
2026-09-13 18:34:42 | INFO | [AP STATUSTEXT] Arm: Battery 1 low voltage failsafe
2026-09-13 18:34:42 | INFO | [AP STATUSTEXT] Arm: Battery failsafe
2026-09-13 18:36:28 | INFO | [STANDBY] Waiting for the aircraft to be put into GUIDED flight mode... (CH8=GUIDED, Mode=GUIDED, Armed=False, Batt=98%, AGL=0.00m)
2026-09-13 18:36:29 | INFO | [CH8] Switch state changed: GUIDED -> MANUAL (raw=999)
2026-09-13 18:36:29 | INFO | [SUPERVISOR] CH8 state: GUIDED -> MANUAL (Mode=STABILIZE, Armed=False, InAir=False, AGL=0.00m)
2026-09-13 18:36:29 | INFO | [SUPERVISOR] Flight mode: GUIDED -> STABILIZE (CH8=MANUAL, Armed=False, InAir=False, AGL=0.00m)
2026-09-13 18:36:43 | INFO | [STANDBY] Waiting for CH8=GUIDED, then GUIDED flight mode... (CH8=MANUAL, Mode=STABILIZE, Armed=False, Batt=98%, AGL=0.00m)
2026-09-13 18:36:51 | INFO | [AP STATUSTEXT] PreArm: Battery 1 low voltage failsafe
2026-09-13 18:36:51 | INFO | [AP STATUSTEXT] PreArm: Battery failsafe
2026-09-13 18:36:42 | INFO | ==========================================================
2026-09-13 18:36:42 | INFO | === ARDUPILOT POLYGON RASTER COVERAGE MISSION ===
2026-09-13 18:36:42 | INFO | ==========================================================
2026-09-13 18:36:42 | INFO | Project directory : /home/aahswarm/ardupilotPatterenTest
2026-09-13 18:36:42 | INFO | Mission log       : /home/aahswarm/ardupilotPatterenTest/ardupilot_raster_mission.log
2026-09-13 18:36:42 | INFO | Trigger file      : /home/aahswarm/ardupilotPatterenTest/START_RASTER_MISSION
2026-09-13 18:36:42 | INFO | Recordings        : /home/aahswarm/ardupilotPatterenTest/recordings/
2026-09-13 18:36:42 | INFO | =========================================================
2026-09-13 18:36:42 | INFO | === POLYGON RASTER MISSION PLAN ===
2026-09-13 18:36:42 | INFO | =========================================================
2026-09-13 18:36:42 | INFO |   Corner A: 13.3457860, 74.7940120
2026-09-13 18:36:42 | INFO |   Corner B: 13.3457940, 74.7940550
2026-09-13 18:36:42 | INFO |   Corner C: 13.3459110, 74.7940240
2026-09-13 18:36:42 | INFO |   Corner D: 13.3459020, 74.7939900
2026-09-13 18:36:42 | INFO |   Sides: AB=4.74m BC=13.45m CD=3.82m DA=13.13m; area=56.80m^2
2026-09-13 18:36:42 | INFO |   Corner angles: A=89.6 B=86.4 C=89.2 D=94.8 deg (a rectangle is not required)
2026-09-13 18:36:42 | INFO |   Inward safety inset: 0.20m -> inset area 49.93m^2
2026-09-13 18:36:42 | INFO |   Raster direction: A->B, bearing 79.2 deg, alternating
2026-09-13 18:36:42 | INFO |   Passes: 14, spacing 0.929m (requested 1.000m), waypoints 28
2026-09-13 18:36:42 | INFO |   Path length 66.3m, estimated 332s at 0.20m/s (horizontal travel only)
2026-09-13 18:36:42 | INFO |   Containment: 28/28 waypoints and 27 segments verified inside the inset polygon (1366 samples); worst clearance +0.200m from the polygon edge
2026-09-13 18:36:42 | INFO |   Outer safety geofence: area 204.26m^2, sides 21.44m, 9.68m, 21.18m, 9.51m, winding CCW
2026-09-13 18:36:42 | INFO |   Inner inside outer: minimum separation 1.51m (corners A=1.57m, B=3.31m, C=1.51m, D=1.76m); raster path worst 1.78m, 1.28m against the effective boundary
2026-09-13 18:36:42 | INFO |   Outer safety geofence: 4 GPS corners, effective boundary 0.50m inside them (independent safety layer, NOT the mission polygon, NOT an ArduPilot fence)
2026-09-13 18:36:42 | INFO |   Inner runtime breach tolerance: 0.50m beyond the mission-polygon edge, enforced during the RASTER phase only
2026-09-13 18:36:42 | INFO |   Max planned distance from polygon centroid: 6.63m
2026-09-13 18:36:42 | INFO | ==========================================================
2026-09-13 18:36:42 | INFO | === ARDUPILOT CONTINUOUS AUTONOMOUS MISSION DAEMON ===
2026-09-13 18:36:42 | INFO | ==========================================================
2026-09-13 18:36:42 | INFO | Mission Parameters: Port=auto-discover, Baud=115200, TakeoffAlt=2.0m, DescentSpeed=0.15m/s, TouchdownSpeed=0.08m/s, Orbit=3.0m x 1.0 at 0.2m/s, HorizontalFence=4.0m, Geofence=DISABLED
2026-09-13 18:36:42 | INFO | Waiting for ArduPilot flight controller... (no serial device found, retrying in 3s)
2026-09-13 18:36:45 | INFO | Waiting for ArduPilot flight controller... (no serial device found, retrying in 3s)
2026-09-13 18:36:48 | INFO | Waiting for ArduPilot flight controller... (no serial device found, retrying in 3s)
2026-09-13 18:36:51 | INFO | Connecting to ArduPilot flight controller at /dev/serial/by-id/usb-ArduPilot_MicoAir743v2-BL_300020001251333236353637-if00 (baud: 115200)...
2026-09-13 18:36:51 | INFO | Waiting for ArduPilot heartbeat...
2026-09-13 18:36:56 | ERROR | Supervisor loop encountered error: device reports readiness to read but returned no data (device disconnected or multiple access on port?). Reconnecting in 3 seconds...
Traceback (most recent call last):
  File "/home/aahswarm/ardupilotPatterenTest/ardupilot_horizontal_geofence_mission.py", line 1990, in main_daemon
    heartbeat = master.wait_heartbeat(timeout=8.0)
                ^^^^^^^^^^^^^^^^^^^^^^^^^^^^^^^^^^
  File "/home/aahswarm/px4_mavsdk_env/lib/python3.12/site-packages/pymavlink/mavutil.py", line 557, in wait_heartbeat
    return self.recv_match(type='HEARTBEAT', blocking=blocking, timeout=timeout)
           ^^^^^^^^^^^^^^^^^^^^^^^^^^^^^^^^^^^^^^^^^^^^^^^^^^^^^^^^^^^^^^^^^^^^^
  File "/home/aahswarm/px4_mavsdk_env/lib/python3.12/site-packages/pymavlink/mavutil.py", line 518, in recv_match
    m = self.recv_msg()
        ^^^^^^^^^^^^^^^
  File "/home/aahswarm/px4_mavsdk_env/lib/python3.12/site-packages/pymavlink/mavutil.py", line 481, in recv_msg
    s = self.recv(n)
        ^^^^^^^^^^^^
  File "/home/aahswarm/px4_mavsdk_env/lib/python3.12/site-packages/pymavlink/mavutil.py", line 1008, in recv
    ret = self.port.read(n)
          ^^^^^^^^^^^^^^^^^
  File "/home/aahswarm/px4_mavsdk_env/lib/python3.12/site-packages/serial/serialposix.py", line 595, in read
    raise SerialException(
serial.serialutil.SerialException: device reports readiness to read but returned no data (device disconnected or multiple access on port?)
2026-09-15 17:23:33 | INFO | Connecting to ArduPilot flight controller at /dev/serial/by-id/usb-ArduPilot_MicoAir743v2_300020001251333236353637-if00 (baud: 115200)...
2026-09-15 17:23:33 | INFO | Waiting for ArduPilot heartbeat...
2026-09-15 17:23:33 | INFO | Connected to ArduPilot! (System ID: 1, Component ID: 1)
2026-09-15 17:23:33 | INFO | Starting GCS heartbeat sender (1 Hz)...
2026-09-15 17:23:33 | INFO | Requesting telemetry message streams from ArduPilot...
2026-09-15 17:23:33 | INFO | [RASTER] Position snapshot hook attached to the existing MAVLink receive path (no additional reader).
2026-09-15 17:23:33 | INFO | [FC LOG] Verbose flight-controller log attached to the existing MAVLink receive path (no additional reader) -> /home/aahswarm/ardupilotPatterenTest/fc_telemetry.log [level=full]
2026-09-15 17:23:33 | WARNING | Geofence DISABLED (CONFIGURE_FENCE=0) — writing FENCE_ENABLE=0. There is no automatic containment: the pilot is responsible for keeping the aircraft inside the test area, taking manual control on the transmitter if it drifts.
2026-09-15 17:23:33 | INFO | Configured ArduPilot parameter: LAND_SPEED = 20.0
2026-09-15 17:23:33 | INFO | Configured ArduPilot parameter: LAND_ALT_LOW = 150.0
2026-09-15 17:23:33 | INFO | Configured ArduPilot parameter: BATT_FS_LOW_ACT = 1.0
2026-09-15 17:23:33 | INFO | Configured ArduPilot parameter: BATT_FS_CRT_ACT = 1.0
2026-09-15 17:23:33 | INFO | Configured ArduPilot parameter: FS_THR_ENABLE = 3.0
2026-09-15 17:23:34 | INFO | Configured ArduPilot parameter: FS_GCS_ENABLE = 5.0
2026-09-15 17:23:34 | INFO | Configured ArduPilot parameter: FENCE_ENABLE = 0.0
2026-09-15 17:23:34 | INFO | Configured ArduPilot parameter: ARMING_CHECK = 1.0
2026-09-15 17:23:34 | INFO | [AP STATUSTEXT] Barometer 1 calibration complete
2026-09-15 17:23:35 | INFO | [AP STATUSTEXT] ArduPilot Ready
2026-09-15 17:23:35 | INFO | [AP STATUSTEXT] AHRS: DCM active
2026-09-15 17:23:35 | INFO | [AP STATUSTEXT] RCOut: DS600:1-4 PWM:5-11
2026-09-15 17:23:35 | WARNING | [CH8] No RC receiver data (chancount=0, raw=0). CH8 triggering is unavailable.
2026-09-15 17:23:37 | INFO | ArduPilot Health: Mode=STABILIZE, Armed=False, AGL=0.00m (src=GLOBAL_POSITION_INT), GPS=NO FIX, EKF=FAIL, Batt=99% (0.00V), RC=NONE
2026-09-15 17:23:37 | WARNING | Flight controller reports NO RC receiver data (RC_CHANNELS chancount=0).
2026-09-15 17:23:37 | WARNING | Flight controller reports battery voltage 0.00V — no flight battery detected. The motors cannot run on USB power alone.
2026-09-15 17:23:37 | INFO | System initialized and READY in STANDBY mode.
2026-09-15 17:23:37 | INFO | Continuous flight supervisor active. Ready for flight triggers.
2026-09-15 17:23:37 | INFO | [TRIGGER] Mission starts on an observed transition into GUIDED flight mode (CH8 must also be GUIDED when a receiver is present). The CH8 launch condition is disabled; CH8=MANUAL/LAND still aborts.
2026-09-15 17:23:37 | WARNING | No RC receiver data. CH8 triggering is unavailable; create /home/aahswarm/ardupilotPatterenTest/START_RASTER_MISSION to start a mission.
2026-09-15 17:23:37 | INFO | [SUPERVISOR] CH8 state: None -> NO_SIGNAL (Mode=STABILIZE, Armed=False, InAir=False, AGL=0.00m)
2026-09-15 17:23:37 | INFO | [SUPERVISOR] Flight mode: None -> STABILIZE (CH8=NO_SIGNAL, Armed=False, InAir=False, AGL=0.00m)
2026-09-15 17:23:37 | INFO | [SUPERVISOR] GUIDED-mode trigger armed — putting the aircraft into GUIDED will now start an autonomous mission.
2026-09-15 17:23:37 | INFO | [STANDBY] Waiting for the aircraft to be put into GUIDED flight mode... (CH8=NO_SIGNAL, Mode=STABILIZE, Armed=False, Batt=99%, AGL=0.00m)
2026-09-15 17:23:37 | INFO | [AP STATUSTEXT] EKF3 IMU0 initialised
2026-09-15 17:23:37 | INFO | [AP STATUSTEXT] EKF3 IMU1 initialised
2026-09-15 17:23:37 | INFO | [AP STATUSTEXT] AHRS: EKF3 active
2026-09-15 17:23:38 | INFO | [AP STATUSTEXT] EKF3 IMU0 tilt alignment complete
2026-09-15 17:23:38 | INFO | [AP STATUSTEXT] EKF3 IMU1 tilt alignment complete
2026-09-15 17:23:38 | INFO | [AP STATUSTEXT] EKF3 IMU0 MAG0 initial yaw alignment complete
2026-09-15 17:23:38 | INFO | [AP STATUSTEXT] EKF3 IMU1 MAG0 initial yaw alignment complete
2026-09-15 17:23:42 | INFO | [AP STATUSTEXT] GPS 1: probing for u-blox at 230400 baud
2026-09-15 17:23:42 | INFO | [AP STATUSTEXT] GPS 1: detected u-blox
2026-09-15 17:23:46 | INFO | [AP STATUSTEXT] u-blox NEO-F10N 1 HW: 000A0000 SW: EXT SPGL1L5 6.0
2026-09-15 17:23:46 | INFO | [AP STATUSTEXT] 0 (041e8a)
2026-09-15 17:23:46 | INFO | [AP STATUSTEXT] u-blox supports L5 Band
2026-09-15 17:23:52 | INFO | [STANDBY] Waiting for the aircraft to be put into GUIDED flight mode... (CH8=NO_SIGNAL, Mode=STABILIZE, Armed=False, Batt=99%, AGL=0.00m)
2026-09-15 17:24:01 | INFO | [AP STATUSTEXT] PreArm: RC not found
2026-09-15 17:24:01 | INFO | [AP STATUSTEXT] PreArm: Battery 1 below minimum arming voltage
2026-09-15 17:24:07 | INFO | [STANDBY] Waiting for the aircraft to be put into GUIDED flight mode... (CH8=NO_SIGNAL, Mode=STABILIZE, Armed=False, Batt=99%, AGL=0.00m)
2026-09-15 17:24:22 | INFO | [STANDBY] Waiting for the aircraft to be put into GUIDED flight mode... (CH8=NO_SIGNAL, Mode=STABILIZE, Armed=False, Batt=99%, AGL=0.00m)
2026-09-15 17:24:32 | INFO | [AP STATUSTEXT] PreArm: RC not found
2026-09-15 17:24:32 | INFO | [AP STATUSTEXT] PreArm: Battery 1 below minimum arming voltage
2026-09-15 17:24:37 | INFO | [STANDBY] Waiting for the aircraft to be put into GUIDED flight mode... (CH8=NO_SIGNAL, Mode=STABILIZE, Armed=False, Batt=99%, AGL=0.00m)
2026-09-15 17:24:52 | INFO | [STANDBY] Waiting for the aircraft to be put into GUIDED flight mode... (CH8=NO_SIGNAL, Mode=STABILIZE, Armed=False, Batt=99%, AGL=0.00m)
2026-09-15 17:25:03 | INFO | [AP STATUSTEXT] PreArm: RC not found
2026-09-15 17:25:03 | INFO | [AP STATUSTEXT] PreArm: Battery 1 below minimum arming voltage
2026-09-15 17:25:07 | INFO | [STANDBY] Waiting for the aircraft to be put into GUIDED flight mode... (CH8=NO_SIGNAL, Mode=STABILIZE, Armed=False, Batt=99%, AGL=0.00m)
2026-09-15 17:25:22 | INFO | [STANDBY] Waiting for the aircraft to be put into GUIDED flight mode... (CH8=NO_SIGNAL, Mode=STABILIZE, Armed=False, Batt=99%, AGL=0.00m)
2026-09-15 17:25:34 | INFO | [AP STATUSTEXT] PreArm: RC not found
2026-09-15 17:25:34 | INFO | [AP STATUSTEXT] PreArm: Battery 1 below minimum arming voltage
2026-09-15 17:25:37 | INFO | [STANDBY] Waiting for the aircraft to be put into GUIDED flight mode... (CH8=NO_SIGNAL, Mode=STABILIZE, Armed=False, Batt=99%, AGL=0.00m)
2026-09-15 17:25:52 | INFO | [STANDBY] Waiting for the aircraft to be put into GUIDED flight mode... (CH8=NO_SIGNAL, Mode=STABILIZE, Armed=False, Batt=99%, AGL=0.00m)
2026-09-15 17:26:05 | INFO | [AP STATUSTEXT] PreArm: RC not found
2026-09-15 17:26:05 | INFO | [AP STATUSTEXT] PreArm: Battery 1 below minimum arming voltage
2026-09-15 17:26:07 | INFO | [STANDBY] Waiting for the aircraft to be put into GUIDED flight mode... (CH8=NO_SIGNAL, Mode=STABILIZE, Armed=False, Batt=99%, AGL=0.00m)
2026-09-15 17:26:22 | INFO | [STANDBY] Waiting for the aircraft to be put into GUIDED flight mode... (CH8=NO_SIGNAL, Mode=STABILIZE, Armed=False, Batt=99%, AGL=0.00m)
2026-09-15 17:26:36 | INFO | [AP STATUSTEXT] PreArm: RC not found
2026-09-15 17:26:36 | INFO | [AP STATUSTEXT] PreArm: Battery 1 below minimum arming voltage
2026-09-15 17:26:37 | INFO | [STANDBY] Waiting for the aircraft to be put into GUIDED flight mode... (CH8=NO_SIGNAL, Mode=STABILIZE, Armed=False, Batt=99%, AGL=0.00m)
2026-09-15 17:26:52 | INFO | [STANDBY] Waiting for the aircraft to be put into GUIDED flight mode... (CH8=NO_SIGNAL, Mode=STABILIZE, Armed=False, Batt=99%, AGL=0.00m)
2026-09-15 17:27:07 | INFO | [AP STATUSTEXT] PreArm: RC not found
2026-09-15 17:27:07 | INFO | [AP STATUSTEXT] PreArm: Battery 1 below minimum arming voltage
2026-09-15 17:27:07 | INFO | [STANDBY] Waiting for the aircraft to be put into GUIDED flight mode... (CH8=NO_SIGNAL, Mode=STABILIZE, Armed=False, Batt=99%, AGL=0.00m)
2026-09-15 17:27:22 | INFO | [STANDBY] Waiting for the aircraft to be put into GUIDED flight mode... (CH8=NO_SIGNAL, Mode=STABILIZE, Armed=False, Batt=99%, AGL=0.00m)
2026-09-15 17:27:37 | INFO | [STANDBY] Waiting for the aircraft to be put into GUIDED flight mode... (CH8=NO_SIGNAL, Mode=STABILIZE, Armed=False, Batt=99%, AGL=0.00m)
2026-09-15 17:27:38 | INFO | [AP STATUSTEXT] PreArm: RC not found
2026-09-15 17:27:38 | INFO | [AP STATUSTEXT] PreArm: Battery 1 below minimum arming voltage
2026-09-15 17:27:52 | INFO | [STANDBY] Waiting for the aircraft to be put into GUIDED flight mode... (CH8=NO_SIGNAL, Mode=STABILIZE, Armed=False, Batt=99%, AGL=0.00m)
2026-09-15 17:28:07 | INFO | [STANDBY] Waiting for the aircraft to be put into GUIDED flight mode... (CH8=NO_SIGNAL, Mode=STABILIZE, Armed=False, Batt=99%, AGL=0.00m)
2026-09-15 17:28:09 | INFO | [AP STATUSTEXT] PreArm: RC not found
2026-09-15 17:28:09 | INFO | [AP STATUSTEXT] PreArm: Battery 1 below minimum arming voltage
2026-09-15 17:28:22 | INFO | [STANDBY] Waiting for the aircraft to be put into GUIDED flight mode... (CH8=NO_SIGNAL, Mode=STABILIZE, Armed=False, Batt=99%, AGL=0.00m)
2026-09-15 17:28:37 | INFO | [STANDBY] Waiting for the aircraft to be put into GUIDED flight mode... (CH8=NO_SIGNAL, Mode=STABILIZE, Armed=False, Batt=99%, AGL=0.00m)
2026-09-15 17:28:40 | INFO | [AP STATUSTEXT] PreArm: RC not found
2026-09-15 17:28:40 | INFO | [AP STATUSTEXT] PreArm: Battery 1 below minimum arming voltage
2026-09-15 17:28:52 | INFO | [STANDBY] Waiting for the aircraft to be put into GUIDED flight mode... (CH8=NO_SIGNAL, Mode=STABILIZE, Armed=False, Batt=99%, AGL=0.00m)
2026-09-15 17:29:07 | INFO | [STANDBY] Waiting for the aircraft to be put into GUIDED flight mode... (CH8=NO_SIGNAL, Mode=STABILIZE, Armed=False, Batt=99%, AGL=0.00m)
2026-09-15 17:29:11 | INFO | [AP STATUSTEXT] PreArm: RC not found
2026-09-15 17:29:11 | INFO | [AP STATUSTEXT] PreArm: Battery 1 below minimum arming voltage
2026-09-15 17:29:22 | INFO | [STANDBY] Waiting for the aircraft to be put into GUIDED flight mode... (CH8=NO_SIGNAL, Mode=STABILIZE, Armed=False, Batt=99%, AGL=0.00m)
2026-09-15 17:29:37 | INFO | [STANDBY] Waiting for the aircraft to be put into GUIDED flight mode... (CH8=NO_SIGNAL, Mode=STABILIZE, Armed=False, Batt=99%, AGL=0.00m)
2026-09-15 17:29:42 | INFO | [AP STATUSTEXT] PreArm: RC not found
2026-09-15 17:29:42 | INFO | [AP STATUSTEXT] PreArm: Battery 1 below minimum arming voltage
2026-09-15 17:29:52 | INFO | [STANDBY] Waiting for the aircraft to be put into GUIDED flight mode... (CH8=NO_SIGNAL, Mode=STABILIZE, Armed=False, Batt=99%, AGL=0.00m)
2026-09-15 17:30:07 | INFO | [STANDBY] Waiting for the aircraft to be put into GUIDED flight mode... (CH8=NO_SIGNAL, Mode=STABILIZE, Armed=False, Batt=99%, AGL=0.00m)
2026-09-15 17:30:13 | INFO | [AP STATUSTEXT] PreArm: RC not found
2026-09-15 17:30:13 | INFO | [AP STATUSTEXT] PreArm: Battery 1 below minimum arming voltage
2026-09-15 17:30:22 | INFO | [STANDBY] Waiting for the aircraft to be put into GUIDED flight mode... (CH8=NO_SIGNAL, Mode=STABILIZE, Armed=False, Batt=99%, AGL=0.00m)
2026-09-15 17:30:37 | INFO | [STANDBY] Waiting for the aircraft to be put into GUIDED flight mode... (CH8=NO_SIGNAL, Mode=STABILIZE, Armed=False, Batt=99%, AGL=0.00m)
2026-09-15 17:30:43 | INFO | [AP STATUSTEXT] PreArm: RC not found
2026-09-15 17:30:43 | INFO | [AP STATUSTEXT] PreArm: Battery 1 below minimum arming voltage
2026-09-15 17:30:52 | INFO | [STANDBY] Waiting for the aircraft to be put into GUIDED flight mode... (CH8=NO_SIGNAL, Mode=STABILIZE, Armed=False, Batt=99%, AGL=0.00m)
2026-09-15 17:31:07 | INFO | [STANDBY] Waiting for the aircraft to be put into GUIDED flight mode... (CH8=NO_SIGNAL, Mode=STABILIZE, Armed=False, Batt=99%, AGL=0.00m)
2026-09-15 17:31:14 | INFO | [AP STATUSTEXT] PreArm: RC not found
2026-09-15 17:31:14 | INFO | [AP STATUSTEXT] PreArm: Battery 1 below minimum arming voltage
2026-09-15 17:31:22 | INFO | [STANDBY] Waiting for the aircraft to be put into GUIDED flight mode... (CH8=NO_SIGNAL, Mode=STABILIZE, Armed=False, Batt=99%, AGL=0.00m)
2026-09-15 17:31:37 | INFO | [STANDBY] Waiting for the aircraft to be put into GUIDED flight mode... (CH8=NO_SIGNAL, Mode=STABILIZE, Armed=False, Batt=99%, AGL=0.00m)
2026-09-15 17:31:45 | INFO | [AP STATUSTEXT] PreArm: RC not found
2026-09-15 17:31:45 | INFO | [AP STATUSTEXT] PreArm: Battery 1 below minimum arming voltage
2026-09-15 17:31:52 | INFO | [STANDBY] Waiting for the aircraft to be put into GUIDED flight mode... (CH8=NO_SIGNAL, Mode=STABILIZE, Armed=False, Batt=99%, AGL=0.00m)
2026-09-15 17:32:07 | INFO | [STANDBY] Waiting for the aircraft to be put into GUIDED flight mode... (CH8=NO_SIGNAL, Mode=STABILIZE, Armed=False, Batt=99%, AGL=0.00m)
2026-09-15 17:32:16 | INFO | [AP STATUSTEXT] PreArm: RC not found
2026-09-15 17:32:16 | INFO | [AP STATUSTEXT] PreArm: Battery 1 below minimum arming voltage
2026-09-15 17:32:22 | INFO | [STANDBY] Waiting for the aircraft to be put into GUIDED flight mode... (CH8=NO_SIGNAL, Mode=STABILIZE, Armed=False, Batt=99%, AGL=0.00m)
2026-09-15 17:32:37 | INFO | [STANDBY] Waiting for the aircraft to be put into GUIDED flight mode... (CH8=NO_SIGNAL, Mode=STABILIZE, Armed=False, Batt=99%, AGL=0.00m)
2026-09-15 17:32:47 | INFO | [AP STATUSTEXT] PreArm: RC not found
2026-09-15 17:32:47 | INFO | [AP STATUSTEXT] PreArm: Battery 1 below minimum arming voltage
2026-09-15 17:32:52 | INFO | [STANDBY] Waiting for the aircraft to be put into GUIDED flight mode... (CH8=NO_SIGNAL, Mode=STABILIZE, Armed=False, Batt=99%, AGL=0.00m)
2026-09-15 17:33:07 | INFO | [STANDBY] Waiting for the aircraft to be put into GUIDED flight mode... (CH8=NO_SIGNAL, Mode=STABILIZE, Armed=False, Batt=99%, AGL=0.00m)
2026-09-15 17:33:18 | INFO | [AP STATUSTEXT] PreArm: RC not found
2026-09-15 17:33:22 | INFO | [STANDBY] Waiting for the aircraft to be put into GUIDED flight mode... (CH8=NO_SIGNAL, Mode=STABILIZE, Armed=False, Batt=99%, AGL=0.00m)
2026-09-15 17:33:37 | INFO | [STANDBY] Waiting for the aircraft to be put into GUIDED flight mode... (CH8=NO_SIGNAL, Mode=STABILIZE, Armed=False, Batt=99%, AGL=0.00m)
2026-09-15 17:33:49 | INFO | [AP STATUSTEXT] PreArm: RC not found
2026-09-15 17:33:52 | INFO | [STANDBY] Waiting for the aircraft to be put into GUIDED flight mode... (CH8=NO_SIGNAL, Mode=STABILIZE, Armed=False, Batt=99%, AGL=0.00m)
2026-09-15 17:34:07 | INFO | [STANDBY] Waiting for the aircraft to be put into GUIDED flight mode... (CH8=NO_SIGNAL, Mode=STABILIZE, Armed=False, Batt=99%, AGL=0.00m)
2026-09-15 17:34:20 | INFO | [AP STATUSTEXT] PreArm: RC not found
2026-09-15 17:34:22 | INFO | [STANDBY] Waiting for the aircraft to be put into GUIDED flight mode... (CH8=NO_SIGNAL, Mode=STABILIZE, Armed=False, Batt=99%, AGL=0.00m)
2026-09-15 17:34:37 | INFO | [STANDBY] Waiting for the aircraft to be put into GUIDED flight mode... (CH8=NO_SIGNAL, Mode=STABILIZE, Armed=False, Batt=99%, AGL=0.00m)
2026-09-15 17:34:51 | INFO | [AP STATUSTEXT] PreArm: RC not found
2026-09-15 17:34:52 | INFO | [STANDBY] Waiting for the aircraft to be put into GUIDED flight mode... (CH8=NO_SIGNAL, Mode=STABILIZE, Armed=False, Batt=99%, AGL=0.00m)
2026-09-15 17:35:07 | INFO | [STANDBY] Waiting for the aircraft to be put into GUIDED flight mode... (CH8=NO_SIGNAL, Mode=STABILIZE, Armed=False, Batt=99%, AGL=0.00m)
2026-09-15 17:35:22 | INFO | [STANDBY] Waiting for the aircraft to be put into GUIDED flight mode... (CH8=NO_SIGNAL, Mode=STABILIZE, Armed=False, Batt=99%, AGL=0.00m)
2026-09-15 17:35:22 | INFO | [AP STATUSTEXT] PreArm: RC not found
2026-09-15 17:35:37 | INFO | [STANDBY] Waiting for the aircraft to be put into GUIDED flight mode... (CH8=NO_SIGNAL, Mode=STABILIZE, Armed=False, Batt=99%, AGL=0.00m)
2026-09-15 17:35:52 | INFO | [STANDBY] Waiting for the aircraft to be put into GUIDED flight mode... (CH8=NO_SIGNAL, Mode=STABILIZE, Armed=False, Batt=99%, AGL=0.00m)
2026-09-15 17:35:53 | INFO | [AP STATUSTEXT] PreArm: RC not found
2026-09-15 17:36:07 | INFO | [STANDBY] Waiting for the aircraft to be put into GUIDED flight mode... (CH8=NO_SIGNAL, Mode=STABILIZE, Armed=False, Batt=99%, AGL=0.00m)
2026-09-15 17:36:22 | INFO | [STANDBY] Waiting for the aircraft to be put into GUIDED flight mode... (CH8=NO_SIGNAL, Mode=STABILIZE, Armed=False, Batt=99%, AGL=0.00m)
2026-09-15 17:36:24 | INFO | [AP STATUSTEXT] PreArm: RC not found
2026-09-15 17:36:37 | INFO | [STANDBY] Waiting for the aircraft to be put into GUIDED flight mode... (CH8=NO_SIGNAL, Mode=STABILIZE, Armed=False, Batt=99%, AGL=0.00m)
2026-09-15 17:36:52 | INFO | [STANDBY] Waiting for the aircraft to be put into GUIDED flight mode... (CH8=NO_SIGNAL, Mode=STABILIZE, Armed=False, Batt=99%, AGL=0.00m)
2026-09-15 17:36:55 | INFO | [AP STATUSTEXT] PreArm: RC not found
2026-09-15 17:37:07 | INFO | [STANDBY] Waiting for the aircraft to be put into GUIDED flight mode... (CH8=NO_SIGNAL, Mode=STABILIZE, Armed=False, Batt=99%, AGL=0.00m)
2026-09-15 17:37:22 | INFO | [STANDBY] Waiting for the aircraft to be put into GUIDED flight mode... (CH8=NO_SIGNAL, Mode=STABILIZE, Armed=False, Batt=99%, AGL=0.00m)
2026-09-15 17:37:26 | INFO | [AP STATUSTEXT] PreArm: RC not found
2026-09-15 17:37:37 | INFO | [STANDBY] Waiting for the aircraft to be put into GUIDED flight mode... (CH8=NO_SIGNAL, Mode=STABILIZE, Armed=False, Batt=99%, AGL=0.00m)
2026-09-15 17:37:52 | INFO | [STANDBY] Waiting for the aircraft to be put into GUIDED flight mode... (CH8=NO_SIGNAL, Mode=STABILIZE, Armed=False, Batt=99%, AGL=0.00m)
2026-09-15 17:37:57 | INFO | [AP STATUSTEXT] PreArm: RC not found
2026-09-15 17:38:07 | INFO | [STANDBY] Waiting for the aircraft to be put into GUIDED flight mode... (CH8=NO_SIGNAL, Mode=STABILIZE, Armed=False, Batt=99%, AGL=0.00m)
2026-09-15 17:38:22 | INFO | [STANDBY] Waiting for the aircraft to be put into GUIDED flight mode... (CH8=NO_SIGNAL, Mode=STABILIZE, Armed=False, Batt=99%, AGL=0.00m)
2026-09-15 17:38:28 | INFO | [AP STATUSTEXT] PreArm: RC not found
2026-09-15 17:38:37 | INFO | [STANDBY] Waiting for the aircraft to be put into GUIDED flight mode... (CH8=NO_SIGNAL, Mode=STABILIZE, Armed=False, Batt=99%, AGL=0.00m)
2026-09-15 17:38:52 | INFO | [STANDBY] Waiting for the aircraft to be put into GUIDED flight mode... (CH8=NO_SIGNAL, Mode=STABILIZE, Armed=False, Batt=99%, AGL=0.00m)
2026-09-15 17:38:59 | INFO | [AP STATUSTEXT] PreArm: RC not found
2026-09-15 17:39:07 | INFO | [STANDBY] Waiting for the aircraft to be put into GUIDED flight mode... (CH8=NO_SIGNAL, Mode=STABILIZE, Armed=False, Batt=99%, AGL=0.00m)
2026-09-15 17:39:22 | INFO | [STANDBY] Waiting for the aircraft to be put into GUIDED flight mode... (CH8=NO_SIGNAL, Mode=STABILIZE, Armed=False, Batt=99%, AGL=0.00m)
2026-09-15 17:39:30 | INFO | [AP STATUSTEXT] PreArm: RC not found
2026-09-15 17:39:37 | INFO | [STANDBY] Waiting for the aircraft to be put into GUIDED flight mode... (CH8=NO_SIGNAL, Mode=STABILIZE, Armed=False, Batt=99%, AGL=0.00m)
2026-09-15 17:39:53 | INFO | [STANDBY] Waiting for the aircraft to be put into GUIDED flight mode... (CH8=NO_SIGNAL, Mode=STABILIZE, Armed=False, Batt=99%, AGL=0.00m)
2026-09-15 17:40:01 | INFO | [AP STATUSTEXT] PreArm: RC not found
2026-09-15 17:40:08 | INFO | [STANDBY] Waiting for the aircraft to be put into GUIDED flight mode... (CH8=NO_SIGNAL, Mode=STABILIZE, Armed=False, Batt=99%, AGL=0.00m)
2026-09-15 17:40:23 | INFO | [STANDBY] Waiting for the aircraft to be put into GUIDED flight mode... (CH8=NO_SIGNAL, Mode=STABILIZE, Armed=False, Batt=99%, AGL=0.00m)
2026-09-15 17:40:32 | INFO | [AP STATUSTEXT] PreArm: RC not found
2026-09-15 17:40:38 | INFO | [STANDBY] Waiting for the aircraft to be put into GUIDED flight mode... (CH8=NO_SIGNAL, Mode=STABILIZE, Armed=False, Batt=99%, AGL=0.00m)
2026-09-15 17:40:53 | INFO | [STANDBY] Waiting for the aircraft to be put into GUIDED flight mode... (CH8=NO_SIGNAL, Mode=STABILIZE, Armed=False, Batt=99%, AGL=0.00m)
2026-09-15 17:41:03 | INFO | [AP STATUSTEXT] PreArm: RC not found
2026-09-15 17:41:08 | INFO | [STANDBY] Waiting for the aircraft to be put into GUIDED flight mode... (CH8=NO_SIGNAL, Mode=STABILIZE, Armed=False, Batt=99%, AGL=0.00m)
2026-09-15 17:41:23 | INFO | [STANDBY] Waiting for the aircraft to be put into GUIDED flight mode... (CH8=NO_SIGNAL, Mode=STABILIZE, Armed=False, Batt=99%, AGL=0.00m)
2026-09-15 17:41:34 | INFO | [AP STATUSTEXT] PreArm: RC not found
2026-09-15 17:41:38 | INFO | [STANDBY] Waiting for the aircraft to be put into GUIDED flight mode... (CH8=NO_SIGNAL, Mode=STABILIZE, Armed=False, Batt=99%, AGL=0.00m)
2026-09-15 17:41:44 | INFO | Received exit signal 15. Finalizing video and exiting...
2026-09-15 19:08:56 | INFO | ==========================================================
2026-09-15 19:08:56 | INFO | === ARDUPILOT POLYGON RASTER COVERAGE MISSION ===
2026-09-15 19:08:56 | INFO | ==========================================================
2026-09-15 19:08:56 | INFO | Project directory : /home/aahswarm/ardupilotPatterenTest
2026-09-15 19:08:56 | INFO | Mission log       : /home/aahswarm/ardupilotPatterenTest/ardupilot_raster_mission.log
2026-09-15 19:08:56 | INFO | Trigger file      : /home/aahswarm/ardupilotPatterenTest/START_RASTER_MISSION
2026-09-15 19:08:56 | INFO | Recordings        : /home/aahswarm/ardupilotPatterenTest/recordings/
2026-09-15 19:08:56 | INFO | =========================================================
2026-09-15 19:08:56 | INFO | === POLYGON RASTER MISSION PLAN ===
2026-09-15 19:08:56 | INFO | =========================================================
2026-09-15 19:08:56 | INFO |   Corner A: 13.3458930, 74.7940200
2026-09-15 19:08:56 | INFO |   Corner B: 13.3457120, 74.7940430
2026-09-15 19:08:56 | INFO |   Corner C: 13.3457030, 74.7940100
2026-09-15 19:08:56 | INFO |   Corner D: 13.3458870, 74.7939650
2026-09-15 19:08:56 | INFO |   Sides: AB=20.30m BC=3.71m CD=21.05m DA=5.99m; area=99.90m^2
2026-09-15 19:08:56 | INFO |   Corner angles: A=90.7 B=98.6 C=87.7 D=83.0 deg (a rectangle is not required)
2026-09-15 19:08:56 | INFO |   Inward safety inset: 0.20m -> inset area 89.84m^2
2026-09-15 19:08:56 | INFO |   Raster direction: A->B, bearing 173.0 deg, alternating
2026-09-15 19:08:56 | INFO |   Passes: 6, spacing 0.928m (requested 1.000m), waypoints 12
2026-09-15 19:08:56 | INFO |   Path length 109.8m, estimated 366s at 0.30m/s (horizontal travel only)
2026-09-15 19:08:56 | INFO |   Containment: 12/12 waypoints and 11 segments verified inside the inset polygon (2213 samples); worst clearance +0.200m from the polygon edge
2026-09-15 19:08:56 | INFO |   Outer safety geofence: area 217.93m^2, sides 10.24m, 24.00m, 7.46m, 25.53m, winding CCW
2026-09-15 19:08:56 | INFO |   Inner inside outer: minimum separation 1.97m (corners A=1.99m, B=1.97m, C=1.97m, D=2.01m); raster path worst 2.18m, 1.68m against the effective boundary
2026-09-15 19:08:56 | INFO |   Outer safety geofence: 4 GPS corners, effective boundary 0.50m inside them (independent safety layer, NOT the mission polygon, NOT an ArduPilot fence)
2026-09-15 19:08:56 | INFO |   Inner runtime breach tolerance: 0.50m beyond the mission-polygon edge, enforced during the RASTER phase only
2026-09-15 19:08:56 | INFO |   Max planned distance from polygon centroid: 11.20m
2026-09-15 19:08:56 | INFO | ==========================================================
2026-09-15 19:08:56 | INFO | === ARDUPILOT CONTINUOUS AUTONOMOUS MISSION DAEMON ===
2026-09-15 19:08:56 | INFO | ==========================================================
2026-09-15 19:08:56 | INFO | Mission Parameters: Port=auto-discover, Baud=115200, TakeoffAlt=2.0m, DescentSpeed=0.15m/s, TouchdownSpeed=0.08m/s, Orbit=3.0m x 1.0 at 0.3m/s, HorizontalFence=4.0m, Geofence=DISABLED
2026-09-15 19:08:56 | INFO | Connecting to ArduPilot flight controller at /dev/serial/by-id/usb-ArduPilot_MicoAir743v2_300020001251333236353637-if00 (baud: 115200)...
2026-09-15 19:08:56 | INFO | Waiting for ArduPilot heartbeat...
2026-09-15 19:08:57 | INFO | Connected to ArduPilot! (System ID: 1, Component ID: 1)
2026-09-15 19:08:57 | INFO | Starting GCS heartbeat sender (1 Hz)...
2026-09-15 19:08:57 | INFO | Requesting telemetry message streams from ArduPilot...
2026-09-15 19:08:57 | WARNING | [CH8] No RC receiver data (chancount=0, raw=0). CH8 triggering is unavailable.
2026-09-15 19:08:57 | INFO | [RASTER] Position snapshot hook attached to the existing MAVLink receive path (no additional reader).
2026-09-15 19:08:57 | INFO | [FC LOG] Verbose flight-controller log attached to the existing MAVLink receive path (no additional reader) -> /home/aahswarm/ardupilotPatterenTest/fc_telemetry.log [level=full]
2026-09-15 19:08:57 | WARNING | Geofence DISABLED (CONFIGURE_FENCE=0) — writing FENCE_ENABLE=0. There is no automatic containment: the pilot is responsible for keeping the aircraft inside the test area, taking manual control on the transmitter if it drifts.
2026-09-15 19:08:57 | INFO | Configured ArduPilot parameter: LAND_SPEED = 20.0
2026-09-15 19:08:57 | INFO | [AP STATUSTEXT] GCS Failsafe Cleared
2026-09-15 19:08:57 | INFO | Configured ArduPilot parameter: LAND_ALT_LOW = 150.0
2026-09-15 19:08:57 | INFO | Configured ArduPilot parameter: WPNAV_SPEED_UP = 50.0
2026-09-15 19:08:57 | INFO | Configured ArduPilot parameter: WPNAV_ACCEL_Z = 50.0
2026-09-15 19:08:57 | INFO | Configured ArduPilot parameter: BATT_FS_LOW_ACT = 1.0
2026-09-15 19:08:57 | INFO | Configured ArduPilot parameter: BATT_FS_CRT_ACT = 1.0
2026-09-15 19:08:57 | INFO | Configured ArduPilot parameter: FS_THR_ENABLE = 3.0
2026-09-15 19:08:57 | INFO | Configured ArduPilot parameter: FS_GCS_ENABLE = 5.0
2026-09-15 19:08:57 | INFO | Configured ArduPilot parameter: FENCE_ENABLE = 0.0
2026-09-15 19:08:57 | INFO | Configured ArduPilot parameter: ARMING_CHECK = 1.0
2026-09-15 19:09:00 | INFO | ArduPilot Health: Mode=STABILIZE, Armed=False, AGL=0.00m (src=GLOBAL_POSITION_INT), GPS=Fix=3 (Sats: 15), EKF=FAIL, Batt=97% (0.00V), RC=NONE
2026-09-15 19:09:00 | WARNING | Flight controller reports NO RC receiver data (RC_CHANNELS chancount=0).
2026-09-15 19:09:00 | WARNING | Flight controller reports battery voltage 0.00V — no flight battery detected. The motors cannot run on USB power alone.
2026-09-15 19:09:00 | INFO | System initialized and READY in STANDBY mode.
2026-09-15 19:09:00 | INFO | Continuous flight supervisor active. Ready for flight triggers.
2026-09-15 19:09:00 | INFO | [TRIGGER] Mission starts on an observed transition into GUIDED flight mode (CH8 must also be GUIDED when a receiver is present). The CH8 launch condition is disabled; CH8=MANUAL/LAND still aborts.
2026-09-15 19:09:00 | WARNING | No RC receiver data. CH8 triggering is unavailable; create /home/aahswarm/ardupilotPatterenTest/START_RASTER_MISSION to start a mission.
2026-09-15 19:09:00 | INFO | [SUPERVISOR] CH8 state: None -> NO_SIGNAL (Mode=STABILIZE, Armed=False, InAir=False, AGL=0.00m)
2026-09-15 19:09:00 | INFO | [SUPERVISOR] Flight mode: None -> STABILIZE (CH8=NO_SIGNAL, Armed=False, InAir=False, AGL=0.00m)
2026-09-15 19:09:00 | INFO | [SUPERVISOR] GUIDED-mode trigger armed — putting the aircraft into GUIDED will now start an autonomous mission.
2026-09-15 19:09:00 | INFO | [STANDBY] Waiting for the aircraft to be put into GUIDED flight mode... (CH8=NO_SIGNAL, Mode=STABILIZE, Armed=False, Batt=97%, AGL=0.00m)
2026-09-15 19:09:03 | INFO | [AP STATUSTEXT] PreArm: RC not found
2026-09-15 19:09:03 | INFO | [AP STATUSTEXT] PreArm: Battery 1 below minimum arming voltage
2026-09-15 19:09:15 | INFO | [STANDBY] Waiting for the aircraft to be put into GUIDED flight mode... (CH8=NO_SIGNAL, Mode=STABILIZE, Armed=False, Batt=97%, AGL=0.00m)
2026-09-15 19:09:30 | INFO | [STANDBY] Waiting for the aircraft to be put into GUIDED flight mode... (CH8=NO_SIGNAL, Mode=STABILIZE, Armed=False, Batt=97%, AGL=0.00m)
2026-09-15 19:09:34 | INFO | [AP STATUSTEXT] PreArm: RC not found
2026-09-15 19:09:34 | INFO | [AP STATUSTEXT] PreArm: Battery 1 below minimum arming voltage
2026-09-15 19:09:45 | INFO | [STANDBY] Waiting for the aircraft to be put into GUIDED flight mode... (CH8=NO_SIGNAL, Mode=STABILIZE, Armed=False, Batt=97%, AGL=0.00m)
2026-09-15 19:10:00 | INFO | [STANDBY] Waiting for the aircraft to be put into GUIDED flight mode... (CH8=NO_SIGNAL, Mode=STABILIZE, Armed=False, Batt=97%, AGL=0.00m)
2026-09-15 19:10:05 | INFO | [AP STATUSTEXT] PreArm: RC not found
2026-09-15 19:10:05 | INFO | [AP STATUSTEXT] PreArm: Battery 1 below minimum arming voltage
2026-09-15 19:10:15 | INFO | [STANDBY] Waiting for the aircraft to be put into GUIDED flight mode... (CH8=NO_SIGNAL, Mode=STABILIZE, Armed=False, Batt=97%, AGL=0.00m)
2026-09-15 19:10:30 | INFO | [STANDBY] Waiting for the aircraft to be put into GUIDED flight mode... (CH8=NO_SIGNAL, Mode=STABILIZE, Armed=False, Batt=97%, AGL=0.00m)
2026-09-15 19:10:36 | INFO | [AP STATUSTEXT] PreArm: RC not found
2026-09-15 19:10:36 | INFO | [AP STATUSTEXT] PreArm: Battery 1 below minimum arming voltage
2026-09-15 19:10:45 | INFO | [STANDBY] Waiting for the aircraft to be put into GUIDED flight mode... (CH8=NO_SIGNAL, Mode=STABILIZE, Armed=False, Batt=97%, AGL=0.00m)
2026-09-15 19:11:00 | INFO | [STANDBY] Waiting for the aircraft to be put into GUIDED flight mode... (CH8=NO_SIGNAL, Mode=STABILIZE, Armed=False, Batt=97%, AGL=0.00m)
2026-09-15 19:11:07 | INFO | [AP STATUSTEXT] PreArm: RC not found
2026-09-15 19:11:07 | INFO | [AP STATUSTEXT] PreArm: Battery 1 below minimum arming voltage
2026-09-15 19:11:15 | INFO | [STANDBY] Waiting for the aircraft to be put into GUIDED flight mode... (CH8=NO_SIGNAL, Mode=STABILIZE, Armed=False, Batt=97%, AGL=0.00m)
2026-09-15 19:11:30 | INFO | [STANDBY] Waiting for the aircraft to be put into GUIDED flight mode... (CH8=NO_SIGNAL, Mode=STABILIZE, Armed=False, Batt=97%, AGL=0.00m)
2026-09-15 19:11:38 | INFO | [AP STATUSTEXT] PreArm: RC not found
2026-09-15 19:11:38 | INFO | [AP STATUSTEXT] PreArm: Battery 1 below minimum arming voltage
2026-09-15 19:11:45 | INFO | [STANDBY] Waiting for the aircraft to be put into GUIDED flight mode... (CH8=NO_SIGNAL, Mode=STABILIZE, Armed=False, Batt=97%, AGL=0.00m)
2026-09-15 19:12:00 | INFO | [STANDBY] Waiting for the aircraft to be put into GUIDED flight mode... (CH8=NO_SIGNAL, Mode=STABILIZE, Armed=False, Batt=97%, AGL=0.00m)
2026-09-15 19:12:09 | INFO | [AP STATUSTEXT] PreArm: RC not found
2026-09-15 19:12:09 | INFO | [AP STATUSTEXT] PreArm: Battery 1 below minimum arming voltage
2026-09-15 19:12:15 | INFO | [STANDBY] Waiting for the aircraft to be put into GUIDED flight mode... (CH8=NO_SIGNAL, Mode=STABILIZE, Armed=False, Batt=97%, AGL=0.00m)
2026-09-15 19:12:23 | INFO | Received exit signal 15. Finalizing video and exiting...
2026-09-15 19:12:08 | INFO | ==========================================================
2026-09-15 19:12:08 | INFO | === ARDUPILOT POLYGON RASTER COVERAGE MISSION ===
2026-09-15 19:12:08 | INFO | ==========================================================
2026-09-15 19:12:08 | INFO | Project directory : /home/aahswarm/ardupilotPatterenTest
2026-09-15 19:12:08 | INFO | Mission log       : /home/aahswarm/ardupilotPatterenTest/ardupilot_raster_mission.log
2026-09-15 19:12:08 | INFO | Trigger file      : /home/aahswarm/ardupilotPatterenTest/START_RASTER_MISSION
2026-09-15 19:12:08 | INFO | Recordings        : /home/aahswarm/ardupilotPatterenTest/recordings/
2026-09-15 19:12:08 | INFO | =========================================================
2026-09-15 19:12:08 | INFO | === POLYGON RASTER MISSION PLAN ===
2026-09-15 19:12:08 | INFO | =========================================================
2026-09-15 19:12:08 | INFO |   Corner A: 13.3458930, 74.7940200
2026-09-15 19:12:08 | INFO |   Corner B: 13.3457120, 74.7940430
2026-09-15 19:12:08 | INFO |   Corner C: 13.3457030, 74.7940100
2026-09-15 19:12:08 | INFO |   Corner D: 13.3458870, 74.7939650
2026-09-15 19:12:08 | INFO |   Sides: AB=20.30m BC=3.71m CD=21.05m DA=5.99m; area=99.90m^2
2026-09-15 19:12:08 | INFO |   Corner angles: A=90.7 B=98.6 C=87.7 D=83.0 deg (a rectangle is not required)
2026-09-15 19:12:08 | INFO |   Inward safety inset: 0.20m -> inset area 89.84m^2
2026-09-15 19:12:08 | INFO |   Raster direction: A->B, bearing 173.0 deg, alternating
2026-09-15 19:12:08 | INFO |   Passes: 6, spacing 0.928m (requested 1.000m), waypoints 12
2026-09-15 19:12:08 | INFO |   Path length 109.8m, estimated 366s at 0.30m/s (horizontal travel only)
2026-09-15 19:12:08 | INFO |   Containment: 12/12 waypoints and 11 segments verified inside the inset polygon (2213 samples); worst clearance +0.200m from the polygon edge
2026-09-15 19:12:08 | INFO |   Outer safety geofence: area 217.93m^2, sides 10.24m, 24.00m, 7.46m, 25.53m, winding CCW
2026-09-15 19:12:08 | INFO |   Inner inside outer: minimum separation 1.97m (corners A=1.99m, B=1.97m, C=1.97m, D=2.01m); raster path worst 2.18m, 1.68m against the effective boundary
2026-09-15 19:12:08 | INFO |   Outer safety geofence: 4 GPS corners, effective boundary 0.50m inside them (independent safety layer, NOT the mission polygon, NOT an ArduPilot fence)
2026-09-15 19:12:08 | INFO |   Inner runtime breach tolerance: 0.50m beyond the mission-polygon edge, enforced during the RASTER phase only
2026-09-15 19:12:08 | INFO |   Max planned distance from polygon centroid: 11.20m
2026-09-15 19:12:08 | INFO | ==========================================================
2026-09-15 19:12:08 | INFO | === ARDUPILOT CONTINUOUS AUTONOMOUS MISSION DAEMON ===
2026-09-15 19:12:08 | INFO | ==========================================================
2026-09-15 19:12:08 | INFO | Mission Parameters: Port=auto-discover, Baud=115200, TakeoffAlt=2.0m, DescentSpeed=0.15m/s, TouchdownSpeed=0.08m/s, Orbit=3.0m x 1.0 at 0.3m/s, HorizontalFence=4.0m, Geofence=DISABLED
2026-09-15 19:12:08 | INFO | Connecting to ArduPilot flight controller at /dev/serial/by-id/usb-ArduPilot_MicoAir743v2_300020001251333236353637-if00 (baud: 115200)...
2026-09-15 19:12:08 | INFO | Waiting for ArduPilot heartbeat...
2026-09-15 19:12:08 | INFO | Connected to ArduPilot! (System ID: 1, Component ID: 1)
2026-09-15 19:12:08 | INFO | Starting GCS heartbeat sender (1 Hz)...
2026-09-15 19:12:08 | INFO | Requesting telemetry message streams from ArduPilot...
2026-09-15 19:12:08 | INFO | [RASTER] Position snapshot hook attached to the existing MAVLink receive path (no additional reader).
2026-09-15 19:12:08 | INFO | [FC LOG] Verbose flight-controller log attached to the existing MAVLink receive path (no additional reader) -> /home/aahswarm/ardupilotPatterenTest/fc_telemetry.log [level=full]
2026-09-15 19:12:08 | WARNING | Geofence DISABLED (CONFIGURE_FENCE=0) — writing FENCE_ENABLE=0. There is no automatic containment: the pilot is responsible for keeping the aircraft inside the test area, taking manual control on the transmitter if it drifts.
2026-09-15 19:12:08 | INFO | Configured ArduPilot parameter: LAND_SPEED = 20.0
2026-09-15 19:12:08 | INFO | Configured ArduPilot parameter: LAND_ALT_LOW = 150.0
2026-09-15 19:12:08 | INFO | Configured ArduPilot parameter: WPNAV_SPEED_UP = 50.0
2026-09-15 19:12:08 | INFO | Configured ArduPilot parameter: WPNAV_ACCEL_Z = 50.0
2026-09-15 19:12:08 | INFO | [CH8] Switch state changed: None -> MANUAL (raw=999)
2026-09-15 19:12:08 | INFO | Configured ArduPilot parameter: BATT_FS_LOW_ACT = 1.0
2026-09-15 19:12:08 | INFO | Configured ArduPilot parameter: BATT_FS_CRT_ACT = 1.0
2026-09-15 19:12:08 | INFO | Configured ArduPilot parameter: FS_THR_ENABLE = 3.0
2026-09-15 19:12:08 | INFO | Configured ArduPilot parameter: FS_GCS_ENABLE = 5.0
2026-09-15 19:12:08 | INFO | Configured ArduPilot parameter: FENCE_ENABLE = 0.0
2026-09-15 19:12:08 | INFO | Configured ArduPilot parameter: ARMING_CHECK = 1.0
2026-09-15 19:12:09 | INFO | [AP STATUSTEXT] GCS Failsafe Cleared
2026-09-15 19:12:11 | INFO | ArduPilot Health: Mode=STABILIZE, Armed=False, AGL=0.00m (src=GLOBAL_POSITION_INT), GPS=Fix=3 (Sats: 17), EKF=FAIL, Batt=99% (16.01V), CH8=999 (MANUAL)
2026-09-15 19:12:11 | INFO | System initialized and READY in STANDBY mode.
2026-09-15 19:12:11 | INFO | Continuous flight supervisor active. Ready for flight triggers.
2026-09-15 19:12:11 | INFO | [TRIGGER] Mission starts on an observed transition into GUIDED flight mode (CH8 must also be GUIDED when a receiver is present). The CH8 launch condition is disabled; CH8=MANUAL/LAND still aborts.
2026-09-15 19:12:11 | INFO | [SUPERVISOR] CH8 state: None -> MANUAL (Mode=STABILIZE, Armed=False, InAir=False, AGL=0.00m)
2026-09-15 19:12:11 | INFO | [SUPERVISOR] Flight mode: None -> STABILIZE (CH8=MANUAL, Armed=False, InAir=False, AGL=0.00m)
2026-09-15 19:12:11 | INFO | [SUPERVISOR] GUIDED-mode trigger armed — putting the aircraft into GUIDED will now start an autonomous mission.
2026-09-15 19:12:11 | INFO | [STANDBY] Waiting for CH8=GUIDED, then GUIDED flight mode... (CH8=MANUAL, Mode=STABILIZE, Armed=False, Batt=99%, AGL=0.00m)
2026-09-15 19:12:18 | INFO | [AP STATUSTEXT] EKF3 IMU0 is using GPS
2026-09-15 19:12:19 | INFO | [AP STATUSTEXT] EKF3 IMU1 is using GPS
2026-09-15 19:25:02 | WARNING | Heartbeat timeout (>10s without telemetry). Flight controller disconnected.
2026-09-15 19:25:02 | INFO | Connecting to ArduPilot flight controller at /dev/serial/by-id/usb-ArduPilot_MicoAir743v2_300020001251333236353637-if00 (baud: 115200)...
2026-09-15 19:25:02 | INFO | Waiting for ArduPilot heartbeat...
2026-09-15 19:25:03 | INFO | Connected to ArduPilot! (System ID: 0, Component ID: 1)
2026-09-15 19:25:03 | INFO | Starting GCS heartbeat sender (1 Hz)...
2026-09-15 19:25:03 | INFO | Requesting telemetry message streams from ArduPilot...
2026-09-15 19:25:03 | INFO | [RASTER] Position snapshot hook attached to the existing MAVLink receive path (no additional reader).
2026-09-15 19:25:03 | INFO | [FC LOG] Verbose flight-controller log attached to the existing MAVLink receive path (no additional reader) -> /home/aahswarm/ardupilotPatterenTest/fc_telemetry.log [level=full]
2026-09-15 19:25:03 | WARNING | Geofence DISABLED (CONFIGURE_FENCE=0) — writing FENCE_ENABLE=0. There is no automatic containment: the pilot is responsible for keeping the aircraft inside the test area, taking manual control on the transmitter if it drifts.
2026-09-15 19:25:03 | INFO | Configured ArduPilot parameter: LAND_SPEED = 20.0
2026-09-15 19:25:03 | INFO | [CH8] Switch state changed: None -> MANUAL (raw=999)
2026-09-15 19:25:03 | INFO | Configured ArduPilot parameter: LAND_ALT_LOW = 150.0
2026-09-15 19:25:03 | INFO | Configured ArduPilot parameter: WPNAV_SPEED_UP = 50.0
2026-09-15 19:25:03 | INFO | Configured ArduPilot parameter: WPNAV_ACCEL_Z = 50.0
2026-09-15 19:25:03 | INFO | Configured ArduPilot parameter: BATT_FS_LOW_ACT = 1.0
2026-09-15 19:25:03 | INFO | Configured ArduPilot parameter: BATT_FS_CRT_ACT = 1.0
2026-09-15 19:25:03 | INFO | Configured ArduPilot parameter: FS_THR_ENABLE = 3.0
2026-09-15 19:25:03 | INFO | Configured ArduPilot parameter: FS_GCS_ENABLE = 5.0
2026-09-15 19:25:03 | INFO | Configured ArduPilot parameter: FENCE_ENABLE = 0.0
2026-09-15 19:25:03 | INFO | Configured ArduPilot parameter: ARMING_CHECK = 1.0
2026-09-15 19:25:06 | INFO | ArduPilot Health: Mode=STABILIZE, Armed=False, AGL=0.00m (src=GLOBAL_POSITION_INT), GPS=Fix=3 (Sats: 18), EKF=OK, Batt=99% (16.01V), CH8=999 (MANUAL)
2026-09-15 19:25:06 | INFO | System initialized and READY in STANDBY mode.
2026-09-15 19:25:06 | INFO | Continuous flight supervisor active. Ready for flight triggers.
2026-09-15 19:25:06 | INFO | [TRIGGER] Mission starts on an observed transition into GUIDED flight mode (CH8 must also be GUIDED when a receiver is present). The CH8 launch condition is disabled; CH8=MANUAL/LAND still aborts.
2026-09-15 19:25:06 | INFO | [SUPERVISOR] CH8 state: None -> MANUAL (Mode=STABILIZE, Armed=False, InAir=False, AGL=0.00m)
2026-09-15 19:25:06 | INFO | [SUPERVISOR] Flight mode: None -> STABILIZE (CH8=MANUAL, Armed=False, InAir=False, AGL=0.00m)
2026-09-15 19:25:06 | INFO | [SUPERVISOR] GUIDED-mode trigger armed — putting the aircraft into GUIDED will now start an autonomous mission.
2026-09-15 19:25:06 | INFO | [STANDBY] Waiting for CH8=GUIDED, then GUIDED flight mode... (CH8=MANUAL, Mode=STABILIZE, Armed=False, Batt=99%, AGL=0.00m)
2026-09-15 19:25:18 | INFO | [AP STATUSTEXT] ELRS: Link rate 500Hz, Telemetry rate 72Hz
2026-09-15 19:25:21 | INFO | [STANDBY] Waiting for CH8=GUIDED, then GUIDED flight mode... (CH8=MANUAL, Mode=STABILIZE, Armed=False, Batt=99%, AGL=0.00m)
2026-09-15 19:25:36 | INFO | [STANDBY] Waiting for CH8=GUIDED, then GUIDED flight mode... (CH8=MANUAL, Mode=STABILIZE, Armed=False, Batt=99%, AGL=0.00m)
2026-09-15 19:25:51 | INFO | [STANDBY] Waiting for CH8=GUIDED, then GUIDED flight mode... (CH8=MANUAL, Mode=STABILIZE, Armed=False, Batt=99%, AGL=0.00m)
2026-09-15 19:25:55 | INFO | [CH8] Switch state changed: MANUAL -> GUIDED (raw=1503)
2026-09-15 19:25:55 | INFO | [SUPERVISOR] CH8 state: MANUAL -> GUIDED (Mode=STABILIZE, Armed=False, InAir=False, AGL=0.00m)
2026-09-15 19:25:55 | INFO | [SUPERVISOR] Flight mode: STABILIZE -> GUIDED (CH8=GUIDED, Armed=False, InAir=False, AGL=0.00m)
2026-09-15 19:25:55 | INFO | [SUPERVISOR] GUIDED mode selected on GROUND -> Starting Autonomous Ground Mission...
2026-09-15 19:25:55 | INFO | ========================================================
2026-09-15 19:25:55 | INFO | === STARTING AUTONOMOUS GROUND FLIGHT SEQUENCE ===
2026-09-15 19:25:55 | INFO | ========================================================
2026-09-15 19:25:55 | INFO | ArduPilot Health: Mode=GUIDED, Armed=False, AGL=0.00m (src=GLOBAL_POSITION_INT), GPS=Fix=3 (Sats: 19), EKF=OK, Batt=99% (16.00V), CH8=1503 (GUIDED)
2026-09-15 19:25:55 | INFO | Starting onboard video recording...
2026-09-15 19:25:55 | INFO | Sending arm command to ArduPilot motors...
2026-09-15 19:25:56 | INFO | Altitude baseline latched at takeoff point (source=GLOBAL_POSITION_INT, raw=+0.01m). All altitudes below are AGL.
2026-09-15 19:25:56 | INFO | ArduPilot confirmed ARMED.
2026-09-15 19:25:57 | INFO | Sending MAV_CMD_NAV_TAKEOFF for target altitude 2.0m...
2026-09-15 19:25:57 | INFO | Takeoff command ACCEPTED by ArduPilot.
2026-09-15 19:25:57 | INFO | Monitoring takeoff climb to target 2.0m AGL (acceptance band: ±0.15m)...
2026-09-15 19:25:57 | INFO | Climbing... 0.03m AGL / target 2.0m (mode=GUIDED, armed=True)
2026-09-15 19:25:59 | INFO | Liftoff detected at 0.16m AGL.
2026-09-15 19:25:59 | INFO | Climbing... 0.16m AGL / target 2.0m (mode=GUIDED, armed=True)
2026-09-15 19:25:59 | INFO | [CH8] Switch state changed: GUIDED -> MANUAL (raw=999)
2026-09-15 19:25:59 | WARNING | [CH8 MANUAL] Pilot takeover detected during climb.
2026-09-15 19:25:59 | ERROR | Takeoff climb not confirmed. Aborting horizontal orbit.
2026-09-15 19:25:59 | INFO | Aircraft never left the ground. Disarming.
2026-09-15 19:25:59 | INFO | Sending disarm command to ArduPilot...
2026-09-15 19:25:59 | INFO | [CH8] Switch state changed: MANUAL -> LAND (raw=2000)
2026-09-15 19:26:01 | INFO | ArduPilot confirmed DISARMED.
2026-09-15 19:26:02 | INFO | Mission cycle finished (not fully successful). Returning to STANDBY mode.
2026-09-15 19:26:02 | INFO | [SUPERVISOR] GUIDED-mode trigger armed — putting the aircraft into GUIDED will now start an autonomous mission.
2026-09-15 19:26:06 | INFO | [STANDBY] Waiting for CH8=GUIDED, then GUIDED flight mode... (CH8=LAND, Mode=LAND, Armed=False, Batt=99%, AGL=0.00m)
2026-09-15 19:26:21 | INFO | [STANDBY] Waiting for CH8=GUIDED, then GUIDED flight mode... (CH8=LAND, Mode=LAND, Armed=False, Batt=99%, AGL=0.00m)
2026-09-15 19:26:29 | INFO | [SUPERVISOR] Flight mode: LAND -> STABILIZE (CH8=LAND, Armed=False, InAir=False, AGL=0.00m)
2026-09-15 19:26:31 | INFO | [AP STATUSTEXT] Calibrating barometer
2026-09-15 19:26:32 | INFO | [AP STATUSTEXT] RCInput: decoding CRSF(3)
2026-09-15 19:26:32 | INFO | [AP STATUSTEXT] ELRS: bootstrap complete, fw 1.00
2026-09-15 19:26:32 | INFO | [AP STATUSTEXT] Barometer 1 calibration complete
2026-09-15 19:26:33 | INFO | [AP STATUSTEXT] ArduPilot Ready
2026-09-15 19:26:33 | INFO | [AP STATUSTEXT] AHRS: DCM active
2026-09-15 19:26:33 | INFO | [AP STATUSTEXT] RCOut: DS600:1-4 PWM:5-11
2026-09-15 19:26:36 | INFO | [STANDBY] Waiting for CH8=GUIDED, then GUIDED flight mode... (CH8=LAND, Mode=STABILIZE, Armed=False, Batt=99%, AGL=0.00m)
2026-09-15 19:26:42 | INFO | [AP STATUSTEXT] Calibrating barometer
2026-09-15 19:26:44 | INFO | [AP STATUSTEXT] RCInput: decoding CRSF(3)
2026-09-15 19:26:44 | INFO | [AP STATUSTEXT] ELRS: bootstrap complete, fw 1.00
2026-09-15 19:26:44 | INFO | [AP STATUSTEXT] Barometer 1 calibration complete
2026-09-15 19:26:45 | INFO | [AP STATUSTEXT] Initialising ArduPilot
2026-09-15 19:26:45 | INFO | [AP STATUSTEXT] ELRS: Link rate 500Hz, Telemetry rate 499Hz
2026-09-15 19:26:45 | INFO | [AP STATUSTEXT] ELRS: RSSI now displays normally
2026-09-15 19:26:47 | INFO | [AP STATUSTEXT] ArduPilot Ready
2026-09-15 19:26:47 | INFO | [AP STATUSTEXT] AHRS: DCM active
2026-09-15 19:26:47 | INFO | [AP STATUSTEXT] RCOut: DS600:1-4 PWM:5-11
2026-09-15 19:26:51 | INFO | [STANDBY] Waiting for CH8=GUIDED, then GUIDED flight mode... (CH8=LAND, Mode=STABILIZE, Armed=False, Batt=99%, AGL=0.00m)
2026-09-15 19:26:56 | INFO | [AP STATUSTEXT] Calibrating barometer
2026-09-15 19:26:58 | INFO | [AP STATUSTEXT] RCInput: decoding CRSF(3)
2026-09-15 19:26:58 | INFO | [AP STATUSTEXT] ELRS: bootstrap complete, fw 1.00
2026-09-15 19:26:58 | INFO | [AP STATUSTEXT] Barometer 1 calibration complete
2026-09-15 19:26:59 | INFO | [AP STATUSTEXT] ELRS: Link rate 500Hz, Telemetry rate 499Hz
2026-09-15 19:26:59 | INFO | [AP STATUSTEXT] ELRS: RSSI now displays normally
2026-09-15 19:26:59 | INFO | [AP STATUSTEXT] Initialising ArduPilot
2026-09-15 19:26:59 | INFO | [AP STATUSTEXT] ArduPilot Ready
2026-09-15 19:26:59 | INFO | [AP STATUSTEXT] AHRS: DCM active
2026-09-15 19:26:59 | INFO | [AP STATUSTEXT] RCOut: DS600:1-4 PWM:5-11
2026-09-15 19:27:06 | INFO | [STANDBY] Waiting for CH8=GUIDED, then GUIDED flight mode... (CH8=LAND, Mode=STABILIZE, Armed=False, Batt=99%, AGL=0.00m)
2026-09-15 19:27:09 | WARNING | Heartbeat timeout (>10s without telemetry). Flight controller disconnected.
2026-09-15 19:27:09 | INFO | Connecting to ArduPilot flight controller at /dev/serial/by-id/usb-ArduPilot_MicoAir743v2-BL_300020001251333236353637-if00 (baud: 115200)...
2026-09-15 19:27:09 | INFO | Waiting for ArduPilot heartbeat...
2026-09-15 19:27:12 | ERROR | Supervisor loop encountered error: device reports readiness to read but returned no data (device disconnected or multiple access on port?). Reconnecting in 3 seconds...
Traceback (most recent call last):
  File "/home/aahswarm/ardupilotPatterenTest/ardupilot_horizontal_geofence_mission.py", line 2004, in main_daemon
    heartbeat = master.wait_heartbeat(timeout=8.0)
                ^^^^^^^^^^^^^^^^^^^^^^^^^^^^^^^^^^
  File "/home/aahswarm/px4_mavsdk_env/lib/python3.12/site-packages/pymavlink/mavutil.py", line 557, in wait_heartbeat
    return self.recv_match(type='HEARTBEAT', blocking=blocking, timeout=timeout)
           ^^^^^^^^^^^^^^^^^^^^^^^^^^^^^^^^^^^^^^^^^^^^^^^^^^^^^^^^^^^^^^^^^^^^^
  File "/home/aahswarm/px4_mavsdk_env/lib/python3.12/site-packages/pymavlink/mavutil.py", line 518, in recv_match
    m = self.recv_msg()
        ^^^^^^^^^^^^^^^
  File "/home/aahswarm/px4_mavsdk_env/lib/python3.12/site-packages/pymavlink/mavutil.py", line 481, in recv_msg
    s = self.recv(n)
        ^^^^^^^^^^^^
  File "/home/aahswarm/px4_mavsdk_env/lib/python3.12/site-packages/pymavlink/mavutil.py", line 1008, in recv
    ret = self.port.read(n)
          ^^^^^^^^^^^^^^^^^
  File "/home/aahswarm/px4_mavsdk_env/lib/python3.12/site-packages/serial/serialposix.py", line 595, in read
    raise SerialException(
serial.serialutil.SerialException: device reports readiness to read but returned no data (device disconnected or multiple access on port?)
2026-09-15 19:27:15 | INFO | Connecting to ArduPilot flight controller at /dev/serial/by-id/usb-ArduPilot_MicoAir743v2_300020001251333236353637-if00 (baud: 115200)...
2026-09-15 19:27:15 | INFO | Waiting for ArduPilot heartbeat...
2026-09-15 19:27:15 | INFO | Connected to ArduPilot! (System ID: 1, Component ID: 1)
2026-09-15 19:27:15 | INFO | Starting GCS heartbeat sender (1 Hz)...
2026-09-15 19:27:15 | INFO | Requesting telemetry message streams from ArduPilot...
2026-09-15 19:27:15 | INFO | [RASTER] Position snapshot hook attached to the existing MAVLink receive path (no additional reader).
2026-09-15 19:27:15 | INFO | [FC LOG] Verbose flight-controller log attached to the existing MAVLink receive path (no additional reader) -> /home/aahswarm/ardupilotPatterenTest/fc_telemetry.log [level=full]
2026-09-15 19:27:15 | WARNING | Geofence DISABLED (CONFIGURE_FENCE=0) — writing FENCE_ENABLE=0. There is no automatic containment: the pilot is responsible for keeping the aircraft inside the test area, taking manual control on the transmitter if it drifts.
2026-09-15 19:27:15 | INFO | Configured ArduPilot parameter: LAND_SPEED = 20.0
2026-09-15 19:27:15 | INFO | Configured ArduPilot parameter: LAND_ALT_LOW = 150.0
2026-09-15 19:27:15 | INFO | Configured ArduPilot parameter: WPNAV_SPEED_UP = 50.0
2026-09-15 19:27:15 | INFO | Configured ArduPilot parameter: WPNAV_ACCEL_Z = 50.0
2026-09-15 19:27:15 | INFO | Configured ArduPilot parameter: BATT_FS_LOW_ACT = 1.0
2026-09-15 19:27:16 | INFO | Configured ArduPilot parameter: BATT_FS_CRT_ACT = 1.0
2026-09-15 19:27:16 | INFO | Configured ArduPilot parameter: FS_THR_ENABLE = 3.0
2026-09-15 19:27:16 | INFO | Configured ArduPilot parameter: FS_GCS_ENABLE = 5.0
2026-09-15 19:27:16 | INFO | Configured ArduPilot parameter: FENCE_ENABLE = 0.0
2026-09-15 19:27:16 | INFO | Configured ArduPilot parameter: ARMING_CHECK = 1.0
2026-09-15 19:27:16 | INFO | [AP STATUSTEXT] RCInput: decoding CRSF(3)
2026-09-15 19:27:16 | INFO | [AP STATUSTEXT] ELRS: bootstrap complete, fw 1.00
2026-09-15 19:27:16 | INFO | [AP STATUSTEXT] Barometer 1 calibration complete
2026-09-15 19:27:17 | INFO | [AP STATUSTEXT] Initialising ArduPilot
2026-09-15 19:27:17 | INFO | [AP STATUSTEXT] ELRS: Link rate 500Hz, Telemetry rate 499Hz
2026-09-15 19:27:17 | INFO | [AP STATUSTEXT] ELRS: RSSI now displays normally
2026-09-15 19:27:19 | INFO | ArduPilot Health: Mode=STABILIZE, Armed=False, AGL=0.00m (src=NONE), GPS=NO FIX, EKF=FAIL, Batt=-1% (0.00V), RC=NONE
2026-09-15 19:27:19 | WARNING | Flight controller reports NO RC receiver data (RC_CHANNELS chancount=0).
2026-09-15 19:27:19 | WARNING | Flight controller reports battery voltage 0.00V — no flight battery detected. The motors cannot run on USB power alone.
2026-09-15 19:27:19 | INFO | System initialized and READY in STANDBY mode.
2026-09-15 19:27:19 | INFO | Continuous flight supervisor active. Ready for flight triggers.
2026-09-15 19:27:19 | INFO | [TRIGGER] Mission starts on an observed transition into GUIDED flight mode (CH8 must also be GUIDED when a receiver is present). The CH8 launch condition is disabled; CH8=MANUAL/LAND still aborts.
2026-09-15 19:27:19 | WARNING | No RC receiver data. CH8 triggering is unavailable; create /home/aahswarm/ardupilotPatterenTest/START_RASTER_MISSION to start a mission.
2026-09-15 19:27:19 | INFO | [SUPERVISOR] CH8 state: None -> NO_SIGNAL (Mode=STABILIZE, Armed=False, InAir=False, AGL=0.00m)
2026-09-15 19:27:19 | INFO | [SUPERVISOR] Flight mode: None -> STABILIZE (CH8=NO_SIGNAL, Armed=False, InAir=False, AGL=0.00m)
2026-09-15 19:27:19 | INFO | [SUPERVISOR] GUIDED-mode trigger armed — putting the aircraft into GUIDED will now start an autonomous mission.
2026-09-15 19:27:19 | INFO | [STANDBY] Waiting for the aircraft to be put into GUIDED flight mode... (CH8=NO_SIGNAL, Mode=STABILIZE, Armed=False, Batt=-1%, AGL=0.00m)
2026-09-15 19:27:21 | INFO | [AP STATUSTEXT] ArduPilot Ready
2026-09-15 19:27:21 | INFO | [AP STATUSTEXT] AHRS: DCM active
2026-09-15 19:27:21 | INFO | [AP STATUSTEXT] RCOut: DS600:1-4 PWM:5-11
2026-09-15 19:27:31 | INFO | [AP STATUSTEXT] Calibrating barometer
2026-09-15 19:27:33 | INFO | [AP STATUSTEXT] RCInput: decoding CRSF(3)
2026-09-15 19:27:33 | INFO | [AP STATUSTEXT] ELRS: bootstrap complete, fw 1.00
2026-09-15 19:27:33 | INFO | [AP STATUSTEXT] Barometer 1 calibration complete
2026-09-15 19:27:33 | INFO | [AP STATUSTEXT] Initialising ArduPilot
2026-09-15 19:27:33 | INFO | [AP STATUSTEXT] ELRS: Link rate 500Hz, Telemetry rate 499Hz
2026-09-15 19:27:33 | INFO | [AP STATUSTEXT] ELRS: RSSI now displays normally
2026-09-15 19:27:34 | INFO | [AP STATUSTEXT] ArduPilot Ready
2026-09-15 19:27:34 | INFO | [AP STATUSTEXT] AHRS: DCM active
2026-09-15 19:27:34 | INFO | [AP STATUSTEXT] RCOut: DS600:1-4 PWM:5-11
2026-09-15 19:27:34 | INFO | [SUPERVISOR] Flight mode: STABILIZE -> LAND (CH8=NO_SIGNAL, Armed=False, InAir=False, AGL=0.00m)
2026-09-15 19:27:34 | INFO | [STANDBY] Waiting for the aircraft to be put into GUIDED flight mode... (CH8=NO_SIGNAL, Mode=LAND, Armed=False, Batt=-1%, AGL=0.00m)
2026-09-15 19:27:44 | INFO | [SUPERVISOR] Flight mode: LAND -> STABILIZE (CH8=NO_SIGNAL, Armed=False, InAir=False, AGL=0.00m)
2026-09-15 19:27:45 | INFO | [AP STATUSTEXT] Calibrating barometer
2026-09-15 19:27:47 | INFO | [AP STATUSTEXT] RCInput: decoding CRSF(3)
2026-09-15 19:27:47 | INFO | [AP STATUSTEXT] ELRS: bootstrap complete, fw 1.00
2026-09-15 19:27:47 | INFO | [AP STATUSTEXT] Barometer 1 calibration complete
2026-09-15 19:27:47 | INFO | [AP STATUSTEXT] Initialising ArduPilot
2026-09-15 19:27:47 | INFO | [AP STATUSTEXT] ELRS: Link rate 500Hz, Telemetry rate 499Hz
2026-09-15 19:27:47 | INFO | [AP STATUSTEXT] ELRS: RSSI now displays normally
2026-09-15 19:27:48 | INFO | [AP STATUSTEXT] ArduPilot Ready
2026-09-15 19:27:48 | INFO | [AP STATUSTEXT] AHRS: DCM active
2026-09-15 19:27:48 | INFO | [AP STATUSTEXT] RCOut: DS600:1-4 PWM:5-11
2026-09-15 19:27:49 | INFO | [STANDBY] Waiting for the aircraft to be put into GUIDED flight mode... (CH8=NO_SIGNAL, Mode=STABILIZE, Armed=False, Batt=-1%, AGL=0.00m)
2026-09-15 19:27:57 | INFO | [AP STATUSTEXT] Calibrating barometer
2026-09-15 19:27:59 | INFO | [AP STATUSTEXT] RCInput: decoding CRSF(3)
2026-09-15 19:27:59 | INFO | [AP STATUSTEXT] ELRS: bootstrap complete, fw 1.00
2026-09-15 19:27:59 | INFO | [AP STATUSTEXT] Barometer 1 calibration complete
2026-09-15 19:28:00 | INFO | [AP STATUSTEXT] ELRS: Link rate 500Hz, Telemetry rate 499Hz
2026-09-15 19:28:00 | INFO | [AP STATUSTEXT] Initialising ArduPilot
2026-09-15 19:28:00 | INFO | [AP STATUSTEXT] ELRS: RSSI now displays normally
2026-09-15 19:28:03 | INFO | [AP STATUSTEXT] ArduPilot Ready
2026-09-15 19:28:03 | INFO | [AP STATUSTEXT] AHRS: DCM active
2026-09-15 19:28:03 | INFO | [AP STATUSTEXT] RCOut: DS600:1-4 PWM:5-11
2026-09-15 19:28:04 | INFO | [STANDBY] Waiting for the aircraft to be put into GUIDED flight mode... (CH8=NO_SIGNAL, Mode=STABILIZE, Armed=False, Batt=-1%, AGL=0.00m)
2026-09-15 19:28:12 | INFO | [AP STATUSTEXT] Calibrating barometer
2026-09-15 19:28:14 | INFO | [AP STATUSTEXT] RCInput: decoding CRSF(3)
2026-09-15 19:28:14 | INFO | [AP STATUSTEXT] ELRS: bootstrap complete, fw 1.00
2026-09-15 19:28:14 | INFO | [AP STATUSTEXT] Barometer 1 calibration complete
2026-09-15 19:28:14 | INFO | [AP STATUSTEXT] ArduPilot Ready
2026-09-15 19:28:14 | INFO | [AP STATUSTEXT] AHRS: DCM active
2026-09-15 19:28:14 | INFO | [AP STATUSTEXT] RCOut: DS600:1-4 PWM:5-11
2026-09-15 19:28:15 | INFO | [AP STATUSTEXT] ELRS: Link rate 500Hz, Telemetry rate 499Hz
2026-09-15 19:28:15 | INFO | [AP STATUSTEXT] ELRS: RSSI now displays normally
2026-09-15 19:28:15 | INFO | [SUPERVISOR] Flight mode: STABILIZE -> LAND (CH8=NO_SIGNAL, Armed=False, InAir=False, AGL=0.00m)
2026-09-15 19:28:16 | INFO | [AP STATUSTEXT] EKF3 IMU0 initialised
2026-09-15 19:28:16 | INFO | [AP STATUSTEXT] EKF3 IMU1 initialised
2026-09-15 19:28:16 | INFO | [AP STATUSTEXT] AHRS: EKF3 active
2026-09-15 19:28:18 | INFO | [AP STATUSTEXT] EKF3 IMU0 tilt alignment complete
2026-09-15 19:28:18 | INFO | [AP STATUSTEXT] EKF3 IMU1 tilt alignment complete
2026-09-15 19:28:18 | INFO | [AP STATUSTEXT] EKF3 IMU0 MAG0 initial yaw alignment complete
2026-09-15 19:28:18 | INFO | [AP STATUSTEXT] EKF3 IMU1 MAG0 initial yaw alignment complete
2026-09-15 19:28:19 | INFO | [STANDBY] Waiting for the aircraft to be put into GUIDED flight mode... (CH8=NO_SIGNAL, Mode=LAND, Armed=False, Batt=-1%, AGL=0.00m)
2026-09-15 19:28:20 | INFO | [AP STATUSTEXT] ELRS: Link rate 500Hz, Telemetry rate 115Hz
2026-09-15 19:28:22 | INFO | [AP STATUSTEXT] GPS 1: probing for u-blox at 230400 baud
2026-09-15 19:28:22 | INFO | [AP STATUSTEXT] GPS 1: detected u-blox
2026-09-15 19:28:25 | INFO | [AP STATUSTEXT] ELRS: Link rate 500Hz, Telemetry rate 24Hz
2026-09-15 19:28:26 | INFO | [AP STATUSTEXT] u-blox NEO-F10N 1 HW: 000A0000 SW: EXT SPGL1L5 6.0
2026-09-15 19:28:26 | INFO | [AP STATUSTEXT] 0 (041e8a)
2026-09-15 19:28:26 | INFO | [AP STATUSTEXT] u-blox supports L5 Band
2026-09-15 19:28:32 | INFO | [AP STATUSTEXT] EKF3 IMU1 origin set
2026-09-15 19:28:32 | INFO | [AP STATUSTEXT] EKF3 IMU0 origin set
2026-09-15 19:28:32 | INFO | [AP STATUSTEXT] Field Elevation Set: 81m
2026-09-15 19:28:34 | INFO | [STANDBY] Waiting for the aircraft to be put into GUIDED flight mode... (CH8=NO_SIGNAL, Mode=LAND, Armed=False, Batt=-1%, AGL=0.00m)
2026-09-15 19:28:46 | INFO | [SUPERVISOR] Flight mode: LAND -> STABILIZE (CH8=NO_SIGNAL, Armed=False, InAir=False, AGL=0.00m)
2026-09-15 19:28:49 | INFO | [STANDBY] Waiting for the aircraft to be put into GUIDED flight mode... (CH8=NO_SIGNAL, Mode=STABILIZE, Armed=False, Batt=-1%, AGL=0.00m)
2026-09-15 19:28:53 | INFO | [AP STATUSTEXT] EKF3 IMU0 is using GPS
2026-09-15 19:28:54 | INFO | [AP STATUSTEXT] EKF3 IMU1 is using GPS
2026-09-15 19:28:59 | INFO | [SUPERVISOR] Flight mode: STABILIZE -> GUIDED (CH8=NO_SIGNAL, Armed=False, InAir=False, AGL=0.00m)
2026-09-15 19:28:59 | INFO | [SUPERVISOR] GUIDED mode selected on GROUND -> Starting Autonomous Ground Mission...
2026-09-15 19:28:59 | INFO | ========================================================
2026-09-15 19:28:59 | INFO | === STARTING AUTONOMOUS GROUND FLIGHT SEQUENCE ===
2026-09-15 19:28:59 | INFO | ========================================================
2026-09-15 19:28:59 | INFO | ArduPilot Health: Mode=GUIDED, Armed=False, AGL=0.00m (src=NONE), GPS=NO FIX, EKF=FAIL, Batt=-1% (0.00V), RC=NONE
2026-09-15 19:28:59 | WARNING | No RC receiver detected — running without RC supervision. There is no stick/switch override available for this flight.
2026-09-15 19:28:59 | INFO | Starting onboard video recording...
2026-09-15 19:28:59 | INFO | Sending arm command to ArduPilot motors...
2026-09-15 19:29:00 | WARNING | Armed before a ground altitude reference was captured (daemon may have connected mid-flight). Reporting height above home instead of AGL.
2026-09-15 19:29:00 | INFO | ArduPilot confirmed ARMED.
2026-09-15 19:29:01 | INFO | Sending MAV_CMD_NAV_TAKEOFF for target altitude 2.0m...
2026-09-15 19:29:01 | INFO | Takeoff command ACCEPTED by ArduPilot.
2026-09-15 19:29:01 | INFO | Monitoring takeoff climb to target 2.0m AGL (acceptance band: ±0.15m)...
2026-09-15 19:29:01 | WARNING | [EKF UNHEALTHY] Navigation health invalid during climb.
2026-09-15 19:29:01 | ERROR | Takeoff climb not confirmed. Aborting horizontal orbit.
2026-09-15 19:29:01 | INFO | Aircraft never left the ground. Disarming.
2026-09-15 19:29:01 | INFO | Sending disarm command to ArduPilot...
2026-09-15 19:29:02 | INFO | ArduPilot confirmed DISARMED.
2026-09-15 19:29:03 | INFO | Mission cycle finished (not fully successful). Returning to STANDBY mode.
2026-09-15 19:29:04 | INFO | [STANDBY] Waiting for the aircraft to leave GUIDED, then return (trigger not armed)... (CH8=NO_SIGNAL, Mode=GUIDED, Armed=False, Batt=-1%, AGL=0.00m)
2026-09-15 19:29:05 | INFO | [SUPERVISOR] Flight mode: GUIDED -> STABILIZE (CH8=NO_SIGNAL, Armed=False, InAir=False, AGL=0.00m)
2026-09-15 19:29:05 | INFO | [SUPERVISOR] GUIDED-mode trigger armed — putting the aircraft into GUIDED will now start an autonomous mission.
2026-09-15 19:29:08 | INFO | [SUPERVISOR] Flight mode: STABILIZE -> GUIDED (CH8=NO_SIGNAL, Armed=False, InAir=False, AGL=0.00m)
2026-09-15 19:29:14 | INFO | [SUPERVISOR] Flight mode: GUIDED -> STABILIZE (CH8=NO_SIGNAL, Armed=False, InAir=False, AGL=0.00m)
2026-09-15 19:28:34 | INFO | ==========================================================
2026-09-15 19:28:34 | INFO | === ARDUPILOT POLYGON RASTER COVERAGE MISSION ===
2026-09-15 19:28:34 | INFO | ==========================================================
2026-09-15 19:28:34 | INFO | Project directory : /home/aahswarm/ardupilotPatterenTest
2026-09-15 19:28:34 | INFO | Mission log       : /home/aahswarm/ardupilotPatterenTest/ardupilot_raster_mission.log
2026-09-15 19:28:34 | INFO | Trigger file      : /home/aahswarm/ardupilotPatterenTest/START_RASTER_MISSION
2026-09-15 19:28:34 | INFO | Recordings        : /home/aahswarm/ardupilotPatterenTest/recordings/
2026-09-15 19:28:34 | INFO | =========================================================
2026-09-15 19:28:34 | INFO | === POLYGON RASTER MISSION PLAN ===
2026-09-15 19:28:34 | INFO | =========================================================
2026-09-15 19:28:34 | INFO |   Corner A: 13.3458930, 74.7940200
2026-09-15 19:28:34 | INFO |   Corner B: 13.3457120, 74.7940430
2026-09-15 19:28:34 | INFO |   Corner C: 13.3457030, 74.7940100
2026-09-15 19:28:34 | INFO |   Corner D: 13.3458870, 74.7939650
2026-09-15 19:28:34 | INFO |   Sides: AB=20.30m BC=3.71m CD=21.05m DA=5.99m; area=99.90m^2
2026-09-15 19:28:34 | INFO |   Corner angles: A=90.7 B=98.6 C=87.7 D=83.0 deg (a rectangle is not required)
2026-09-15 19:28:34 | INFO |   Inward safety inset: 0.20m -> inset area 89.84m^2
2026-09-15 19:28:34 | INFO |   Raster direction: A->B, bearing 173.0 deg, alternating
2026-09-15 19:28:34 | INFO |   Passes: 6, spacing 0.928m (requested 1.000m), waypoints 12
2026-09-15 19:28:34 | INFO |   Path length 109.8m, estimated 366s at 0.30m/s (horizontal travel only)
2026-09-15 19:28:34 | INFO |   Containment: 12/12 waypoints and 11 segments verified inside the inset polygon (2213 samples); worst clearance +0.200m from the polygon edge
2026-09-15 19:28:34 | INFO |   Outer safety geofence: area 217.93m^2, sides 10.24m, 24.00m, 7.46m, 25.53m, winding CCW
2026-09-15 19:28:34 | INFO |   Inner inside outer: minimum separation 1.97m (corners A=1.99m, B=1.97m, C=1.97m, D=2.01m); raster path worst 2.18m, 1.68m against the effective boundary
2026-09-15 19:28:34 | INFO |   Outer safety geofence: 4 GPS corners, effective boundary 0.50m inside them (independent safety layer, NOT the mission polygon, NOT an ArduPilot fence)
2026-09-15 19:28:34 | INFO |   Inner runtime breach tolerance: 0.50m beyond the mission-polygon edge, enforced during the RASTER phase only
2026-09-15 19:28:34 | INFO |   Max planned distance from polygon centroid: 11.20m
2026-09-15 19:28:34 | INFO | ==========================================================
2026-09-15 19:28:34 | INFO | === ARDUPILOT CONTINUOUS AUTONOMOUS MISSION DAEMON ===
2026-09-15 19:28:34 | INFO | ==========================================================
2026-09-15 19:28:34 | INFO | Mission Parameters: Port=auto-discover, Baud=115200, TakeoffAlt=2.0m, DescentSpeed=0.15m/s, TouchdownSpeed=0.08m/s, Orbit=3.0m x 1.0 at 0.3m/s, HorizontalFence=4.0m, Geofence=DISABLED
2026-09-15 19:28:34 | INFO | Connecting to ArduPilot flight controller at /dev/serial/by-id/usb-ArduPilot_MicoAir743v2_300020001251333236353637-if00 (baud: 115200)...
2026-09-15 19:28:34 | INFO | Waiting for ArduPilot heartbeat...
2026-09-15 19:28:34 | INFO | Connected to ArduPilot! (System ID: 1, Component ID: 1)
2026-09-15 19:28:34 | INFO | Starting GCS heartbeat sender (1 Hz)...
2026-09-15 19:28:34 | INFO | Requesting telemetry message streams from ArduPilot...
2026-09-15 19:28:34 | INFO | [RASTER] Position snapshot hook attached to the existing MAVLink receive path (no additional reader).
2026-09-15 19:28:34 | INFO | [FC LOG] Verbose flight-controller log attached to the existing MAVLink receive path (no additional reader) -> /home/aahswarm/ardupilotPatterenTest/fc_telemetry.log [level=full]
2026-09-15 19:28:34 | WARNING | Geofence DISABLED (CONFIGURE_FENCE=0) — writing FENCE_ENABLE=0. There is no automatic containment: the pilot is responsible for keeping the aircraft inside the test area, taking manual control on the transmitter if it drifts.
2026-09-15 19:28:34 | INFO | Configured ArduPilot parameter: LAND_SPEED = 20.0
2026-09-15 19:28:34 | INFO | Configured ArduPilot parameter: LAND_ALT_LOW = 150.0
2026-09-15 19:28:34 | INFO | Configured ArduPilot parameter: WPNAV_SPEED_UP = 50.0
2026-09-15 19:28:34 | INFO | Configured ArduPilot parameter: WPNAV_ACCEL_Z = 50.0
2026-09-15 19:28:34 | INFO | Configured ArduPilot parameter: BATT_FS_LOW_ACT = 1.0
2026-09-15 19:28:34 | INFO | Configured ArduPilot parameter: BATT_FS_CRT_ACT = 1.0
2026-09-15 19:28:34 | INFO | Configured ArduPilot parameter: FS_THR_ENABLE = 3.0
2026-09-15 19:28:34 | INFO | Configured ArduPilot parameter: FS_GCS_ENABLE = 5.0
2026-09-15 19:28:34 | INFO | Configured ArduPilot parameter: FENCE_ENABLE = 0.0
2026-09-15 19:28:34 | INFO | Configured ArduPilot parameter: ARMING_CHECK = 1.0
2026-09-15 19:28:34 | INFO | [CH8] Switch state changed: None -> MANUAL (raw=999)
2026-09-15 19:28:38 | INFO | ArduPilot Health: Mode=STABILIZE, Armed=False, AGL=0.00m (src=GLOBAL_POSITION_INT), GPS=Fix=3 (Sats: 21), EKF=OK, Batt=99% (16.00V), CH8=999 (MANUAL)
2026-09-15 19:28:38 | INFO | System initialized and READY in STANDBY mode.
2026-09-15 19:28:38 | INFO | Continuous flight supervisor active. Ready for flight triggers.
2026-09-15 19:28:38 | INFO | [TRIGGER] Mission starts on an observed transition into GUIDED flight mode (CH8 must also be GUIDED when a receiver is present). The CH8 launch condition is disabled; CH8=MANUAL/LAND still aborts.
2026-09-15 19:28:38 | INFO | [SUPERVISOR] CH8 state: None -> MANUAL (Mode=STABILIZE, Armed=False, InAir=False, AGL=0.00m)
2026-09-15 19:28:38 | INFO | [SUPERVISOR] Flight mode: None -> STABILIZE (CH8=MANUAL, Armed=False, InAir=False, AGL=0.00m)
2026-09-15 19:28:38 | INFO | [SUPERVISOR] GUIDED-mode trigger armed — putting the aircraft into GUIDED will now start an autonomous mission.
2026-09-15 19:28:38 | INFO | [STANDBY] Waiting for CH8=GUIDED, then GUIDED flight mode... (CH8=MANUAL, Mode=STABILIZE, Armed=False, Batt=99%, AGL=0.00m)
2026-09-15 19:28:42 | INFO | [CH8] Switch state changed: MANUAL -> GUIDED (raw=1503)
2026-09-15 19:28:42 | INFO | [SUPERVISOR] CH8 state: MANUAL -> GUIDED (Mode=STABILIZE, Armed=False, InAir=False, AGL=0.00m)
2026-09-15 19:28:42 | INFO | [SUPERVISOR] Flight mode: STABILIZE -> GUIDED (CH8=GUIDED, Armed=False, InAir=False, AGL=0.00m)
2026-09-15 19:28:42 | INFO | [SUPERVISOR] GUIDED mode selected on GROUND -> Starting Autonomous Ground Mission...
2026-09-15 19:28:42 | INFO | ========================================================
2026-09-15 19:28:42 | INFO | === STARTING AUTONOMOUS GROUND FLIGHT SEQUENCE ===
2026-09-15 19:28:42 | INFO | ========================================================
2026-09-15 19:28:42 | INFO | ArduPilot Health: Mode=GUIDED, Armed=False, AGL=0.00m (src=GLOBAL_POSITION_INT), GPS=Fix=3 (Sats: 21), EKF=OK, Batt=99% (16.00V), CH8=1503 (GUIDED)
2026-09-15 19:28:42 | INFO | Starting onboard video recording...
2026-09-15 19:28:42 | INFO | Sending arm command to ArduPilot motors...
2026-09-15 19:28:42 | INFO | Altitude baseline latched at takeoff point (source=GLOBAL_POSITION_INT, raw=+0.01m). All altitudes below are AGL.
2026-09-15 19:28:43 | INFO | ArduPilot confirmed ARMED.
2026-09-15 19:28:44 | INFO | Sending MAV_CMD_NAV_TAKEOFF for target altitude 2.0m...
2026-09-15 19:28:44 | INFO | Takeoff command ACCEPTED by ArduPilot.
2026-09-15 19:28:44 | INFO | Monitoring takeoff climb to target 2.0m AGL (acceptance band: ±0.15m)...
2026-09-15 19:28:44 | INFO | Climbing... -0.01m AGL / target 2.0m (mode=GUIDED, armed=True)
2026-09-15 19:28:46 | INFO | Climbing... -0.08m AGL / target 2.0m (mode=GUIDED, armed=True)
2026-09-15 19:28:46 | INFO | Liftoff detected at 0.20m AGL.
2026-09-15 19:28:48 | INFO | Climbing... 0.77m AGL / target 2.0m (mode=GUIDED, armed=True)
2026-09-15 19:28:50 | INFO | Climbing... 1.63m AGL / target 2.0m (mode=GUIDED, armed=True)
2026-09-15 19:28:51 | INFO | Target altitude reached and stable: 1.91m AGL (target: 2.0m)
2026-09-15 19:28:51 | INFO | Takeoff stabilized. Hovering for 2.0 seconds...
2026-09-15 19:30:13 | WARNING | [RASTER] Cannot start: LOCAL_POSITION_NED is unavailable or stale.
2026-09-15 19:30:13 | WARNING | Horizontal geofence orbit interrupted. Yielding control.
2026-09-15 19:30:13 | WARNING | ==========================================================
2026-09-15 19:30:13 | WARNING | === EXECUTING SAFETY LAND ===
2026-09-15 19:30:13 | WARNING | ==========================================================
2026-09-15 19:30:13 | INFO | Issuing ArduPilot LAND command...
2026-09-15 19:30:13 | INFO | Setting flight mode to LAND (ID: 9)...
2026-09-15 19:30:14 | INFO | Flight mode confirmed: LAND
2026-09-15 19:30:14 | INFO | Landing descent in progress: altitude=1.90m, mode=LAND, armed=True
2026-09-15 19:30:17 | INFO | Landing descent in progress: altitude=1.31m, mode=LAND, armed=True
2026-09-15 19:30:20 | INFO | Landing descent in progress: altitude=0.69m, mode=LAND, armed=True
2026-09-15 19:30:23 | INFO | Landing descent in progress: altitude=0.13m, mode=LAND, armed=True
2026-09-15 19:30:26 | INFO | Landing descent in progress: altitude=-0.13m, mode=LAND, armed=True
2026-09-15 19:30:26 | INFO | [CH8] Switch state changed: GUIDED -> MANUAL (raw=999)
2026-09-15 19:30:27 | INFO | Touchdown confirmed on ground and aircraft disarmed.
2026-09-15 19:30:27 | INFO | Setting flight mode to LOITER (ID: 5)...
2026-09-15 19:30:27 | INFO | Flight mode confirmed: LOITER
2026-09-15 19:30:27 | INFO | Safety landing completed. Returning to STANDBY mode.
2026-09-15 19:30:27 | INFO | Mission cycle finished (not fully successful). Returning to STANDBY mode.
2026-09-15 19:30:27 | INFO | [SUPERVISOR] GUIDED-mode trigger armed — putting the aircraft into GUIDED will now start an autonomous mission.
2026-09-15 19:30:27 | INFO | [STANDBY] Waiting for CH8=GUIDED, then GUIDED flight mode... (CH8=MANUAL, Mode=LOITER, Armed=False, Batt=98%, AGL=0.00m)
2026-09-15 19:30:34 | INFO | [CH8] Switch state changed: MANUAL -> GUIDED (raw=1503)
2026-09-15 19:30:34 | INFO | [SUPERVISOR] CH8 state: MANUAL -> GUIDED (Mode=LOITER, Armed=False, InAir=False, AGL=0.00m)
2026-09-15 19:30:34 | INFO | [SUPERVISOR] Flight mode: LOITER -> GUIDED (CH8=GUIDED, Armed=False, InAir=False, AGL=0.00m)
2026-09-15 19:30:34 | INFO | [CH8] Switch state changed: GUIDED -> MANUAL (raw=999)
2026-09-15 19:30:34 | INFO | [SUPERVISOR] CH8 state: GUIDED -> MANUAL (Mode=GUIDED, Armed=False, InAir=False, AGL=0.00m)
2026-09-15 19:30:34 | INFO | [SUPERVISOR] Flight mode: GUIDED -> STABILIZE (CH8=MANUAL, Armed=False, InAir=False, AGL=0.00m)
2026-09-15 19:30:41 | INFO | [CH8] Switch state changed: MANUAL -> GUIDED (raw=1503)
2026-09-15 19:30:41 | INFO | [SUPERVISOR] CH8 state: MANUAL -> GUIDED (Mode=STABILIZE, Armed=False, InAir=False, AGL=0.00m)
2026-09-15 19:30:41 | INFO | [SUPERVISOR] Flight mode: STABILIZE -> GUIDED (CH8=GUIDED, Armed=False, InAir=False, AGL=0.00m)
2026-09-15 19:30:42 | INFO | [STANDBY] Waiting for the aircraft to be put into GUIDED flight mode... (CH8=GUIDED, Mode=GUIDED, Armed=False, Batt=98%, AGL=0.00m)
2026-09-15 19:30:46 | INFO | [CH8] Switch state changed: GUIDED -> MANUAL (raw=999)
2026-09-15 19:30:46 | INFO | [SUPERVISOR] CH8 state: GUIDED -> MANUAL (Mode=GUIDED, Armed=False, InAir=False, AGL=0.00m)
2026-09-15 19:30:46 | INFO | [SUPERVISOR] Flight mode: GUIDED -> STABILIZE (CH8=MANUAL, Armed=False, InAir=False, AGL=0.00m)
2026-09-15 19:30:57 | INFO | [STANDBY] Waiting for CH8=GUIDED, then GUIDED flight mode... (CH8=MANUAL, Mode=STABILIZE, Armed=False, Batt=98%, AGL=0.00m)
2026-09-15 19:31:00 | INFO | ==========================================================
2026-09-15 19:31:00 | INFO | === ARDUPILOT POLYGON RASTER COVERAGE MISSION ===
2026-09-15 19:31:00 | INFO | ==========================================================
2026-09-15 19:31:00 | INFO | Project directory : /home/aahswarm/ardupilotPatterenTest
2026-09-15 19:31:00 | INFO | Mission log       : /home/aahswarm/ardupilotPatterenTest/ardupilot_raster_mission.log
2026-09-15 19:31:00 | INFO | Trigger file      : /home/aahswarm/ardupilotPatterenTest/START_RASTER_MISSION
2026-09-15 19:31:00 | INFO | Recordings        : /home/aahswarm/ardupilotPatterenTest/recordings/
2026-09-15 19:31:00 | INFO | =========================================================
2026-09-15 19:31:00 | INFO | === POLYGON RASTER MISSION PLAN ===
2026-09-15 19:31:00 | INFO | =========================================================
2026-09-15 19:31:00 | INFO |   Corner A: 13.3458930, 74.7940200
2026-09-15 19:31:00 | INFO |   Corner B: 13.3457120, 74.7940430
2026-09-15 19:31:00 | INFO |   Corner C: 13.3457030, 74.7940100
2026-09-15 19:31:00 | INFO |   Corner D: 13.3458870, 74.7939650
2026-09-15 19:31:00 | INFO |   Sides: AB=20.30m BC=3.71m CD=21.05m DA=5.99m; area=99.90m^2
2026-09-15 19:31:00 | INFO |   Corner angles: A=90.7 B=98.6 C=87.7 D=83.0 deg (a rectangle is not required)
2026-09-15 19:31:00 | INFO |   Inward safety inset: 0.20m -> inset area 89.84m^2
2026-09-15 19:31:00 | INFO |   Raster direction: A->B, bearing 173.0 deg, alternating
2026-09-15 19:31:00 | INFO |   Passes: 6, spacing 0.928m (requested 1.000m), waypoints 12
2026-09-15 19:31:00 | INFO |   Path length 109.8m, estimated 366s at 0.30m/s (horizontal travel only)
2026-09-15 19:31:00 | INFO |   Containment: 12/12 waypoints and 11 segments verified inside the inset polygon (2213 samples); worst clearance +0.200m from the polygon edge
2026-09-15 19:31:00 | INFO |   Outer safety geofence: area 217.93m^2, sides 10.24m, 24.00m, 7.46m, 25.53m, winding CCW
2026-09-15 19:31:00 | INFO |   Inner inside outer: minimum separation 1.97m (corners A=1.99m, B=1.97m, C=1.97m, D=2.01m); raster path worst 2.18m, 1.68m against the effective boundary
2026-09-15 19:31:00 | INFO |   Outer safety geofence: 4 GPS corners, effective boundary 0.50m inside them (independent safety layer, NOT the mission polygon, NOT an ArduPilot fence)
2026-09-15 19:31:00 | INFO |   Inner runtime breach tolerance: 0.50m beyond the mission-polygon edge, enforced during the RASTER phase only
2026-09-15 19:31:00 | INFO |   Max planned distance from polygon centroid: 11.20m
2026-09-15 19:31:00 | INFO | ==========================================================
2026-09-15 19:31:00 | INFO | === ARDUPILOT CONTINUOUS AUTONOMOUS MISSION DAEMON ===
2026-09-15 19:31:00 | INFO | ==========================================================
2026-09-15 19:31:00 | INFO | Mission Parameters: Port=auto-discover, Baud=115200, TakeoffAlt=2.0m, DescentSpeed=0.15m/s, TouchdownSpeed=0.08m/s, Orbit=3.0m x 1.0 at 0.3m/s, HorizontalFence=4.0m, Geofence=DISABLED
2026-09-15 19:31:00 | INFO | Connecting to ArduPilot flight controller at /dev/serial/by-id/usb-ArduPilot_MicoAir743v2_300020001251333236353637-if00 (baud: 115200)...
2026-09-15 19:31:00 | INFO | Waiting for ArduPilot heartbeat...
2026-09-15 19:31:00 | INFO | Connected to ArduPilot! (System ID: 1, Component ID: 1)
2026-09-15 19:31:00 | INFO | Starting GCS heartbeat sender (1 Hz)...
2026-09-15 19:31:00 | INFO | Requesting telemetry message streams from ArduPilot...
2026-09-15 19:31:00 | INFO | [RASTER] Position snapshot hook attached to the existing MAVLink receive path (no additional reader).
2026-09-15 19:31:00 | INFO | [FC LOG] Verbose flight-controller log attached to the existing MAVLink receive path (no additional reader) -> /home/aahswarm/ardupilotPatterenTest/fc_telemetry.log [level=full]
2026-09-15 19:31:00 | WARNING | Geofence DISABLED (CONFIGURE_FENCE=0) — writing FENCE_ENABLE=0. There is no automatic containment: the pilot is responsible for keeping the aircraft inside the test area, taking manual control on the transmitter if it drifts.
2026-09-15 19:31:00 | INFO | Configured ArduPilot parameter: LAND_SPEED = 20.0
2026-09-15 19:31:00 | INFO | Configured ArduPilot parameter: LAND_ALT_LOW = 150.0
2026-09-15 19:31:01 | INFO | Configured ArduPilot parameter: WPNAV_SPEED_UP = 50.0
2026-09-15 19:31:01 | INFO | Configured ArduPilot parameter: WPNAV_ACCEL_Z = 50.0
2026-09-15 19:31:01 | INFO | Configured ArduPilot parameter: BATT_FS_LOW_ACT = 1.0
2026-09-15 19:31:01 | INFO | Configured ArduPilot parameter: BATT_FS_CRT_ACT = 1.0
2026-09-15 19:31:01 | INFO | Configured ArduPilot parameter: FS_THR_ENABLE = 3.0
2026-09-15 19:31:01 | INFO | Configured ArduPilot parameter: FS_GCS_ENABLE = 5.0
2026-09-15 19:31:01 | INFO | Configured ArduPilot parameter: FENCE_ENABLE = 0.0
2026-09-15 19:31:01 | INFO | Configured ArduPilot parameter: ARMING_CHECK = 1.0
2026-09-15 19:31:01 | WARNING | [CH8] No RC receiver data (chancount=0, raw=0). CH8 triggering is unavailable.
2026-09-15 19:31:04 | INFO | ArduPilot Health: Mode=STABILIZE, Armed=False, AGL=0.00m (src=GLOBAL_POSITION_INT), GPS=NO FIX, EKF=FAIL, Batt=99% (0.02V), RC=NONE
2026-09-15 19:31:04 | WARNING | Flight controller reports NO RC receiver data (RC_CHANNELS chancount=0).
2026-09-15 19:31:04 | WARNING | Flight controller reports battery voltage 0.02V — no flight battery detected. The motors cannot run on USB power alone.
2026-09-15 19:31:04 | INFO | System initialized and READY in STANDBY mode.
2026-09-15 19:31:04 | INFO | Continuous flight supervisor active. Ready for flight triggers.
2026-09-15 19:31:04 | INFO | [TRIGGER] Mission starts on an observed transition into GUIDED flight mode (CH8 must also be GUIDED when a receiver is present). The CH8 launch condition is disabled; CH8=MANUAL/LAND still aborts.
2026-09-15 19:31:04 | WARNING | No RC receiver data. CH8 triggering is unavailable; create /home/aahswarm/ardupilotPatterenTest/START_RASTER_MISSION to start a mission.
2026-09-15 19:31:04 | INFO | [SUPERVISOR] CH8 state: None -> NO_SIGNAL (Mode=STABILIZE, Armed=False, InAir=False, AGL=0.00m)
2026-09-15 19:31:04 | INFO | [SUPERVISOR] Flight mode: None -> STABILIZE (CH8=NO_SIGNAL, Armed=False, InAir=False, AGL=0.00m)
2026-09-15 19:31:04 | INFO | [SUPERVISOR] GUIDED-mode trigger armed — putting the aircraft into GUIDED will now start an autonomous mission.
2026-09-15 19:31:04 | INFO | [STANDBY] Waiting for the aircraft to be put into GUIDED flight mode... (CH8=NO_SIGNAL, Mode=STABILIZE, Armed=False, Batt=99%, AGL=0.00m)
2026-09-15 19:31:06 | INFO | [AP STATUSTEXT] PreArm: RC not found
2026-09-15 19:31:06 | INFO | [AP STATUSTEXT] PreArm: Battery 1 below minimum arming voltage
2026-09-15 19:32:31 | WARNING | Heartbeat timeout (>10s without telemetry). Flight controller disconnected.
2026-09-15 19:32:31 | INFO | Connecting to ArduPilot flight controller at /dev/serial/by-id/usb-ArduPilot_MicoAir743v2_300020001251333236353637-if00 (baud: 115200)...
2026-09-15 19:32:31 | INFO | Waiting for ArduPilot heartbeat...
2026-09-15 19:32:31 | INFO | Connected to ArduPilot! (System ID: 1, Component ID: 1)
2026-09-15 19:32:31 | INFO | Starting GCS heartbeat sender (1 Hz)...
2026-09-15 19:32:31 | INFO | Requesting telemetry message streams from ArduPilot...
2026-09-15 19:32:31 | WARNING | [CH8] No RC receiver data (chancount=0, raw=0). CH8 triggering is unavailable.
2026-09-15 19:32:31 | INFO | [RASTER] Position snapshot hook attached to the existing MAVLink receive path (no additional reader).
2026-09-15 19:32:31 | INFO | [FC LOG] Verbose flight-controller log attached to the existing MAVLink receive path (no additional reader) -> /home/aahswarm/ardupilotPatterenTest/fc_telemetry.log [level=full]
2026-09-15 19:32:31 | WARNING | Geofence DISABLED (CONFIGURE_FENCE=0) — writing FENCE_ENABLE=0. There is no automatic containment: the pilot is responsible for keeping the aircraft inside the test area, taking manual control on the transmitter if it drifts.
2026-09-15 19:32:31 | INFO | Configured ArduPilot parameter: LAND_SPEED = 20.0
2026-09-15 19:32:31 | INFO | Configured ArduPilot parameter: LAND_ALT_LOW = 150.0
2026-09-15 19:32:31 | INFO | Configured ArduPilot parameter: WPNAV_SPEED_UP = 50.0
2026-09-15 19:32:31 | INFO | Configured ArduPilot parameter: WPNAV_ACCEL_Z = 50.0
2026-09-15 19:32:31 | INFO | Configured ArduPilot parameter: BATT_FS_LOW_ACT = 1.0
2026-09-15 19:32:31 | INFO | Configured ArduPilot parameter: BATT_FS_CRT_ACT = 1.0
2026-09-15 19:32:31 | INFO | Configured ArduPilot parameter: FS_THR_ENABLE = 3.0
2026-09-15 19:32:31 | INFO | Configured ArduPilot parameter: FS_GCS_ENABLE = 5.0
2026-09-15 19:32:31 | INFO | Configured ArduPilot parameter: FENCE_ENABLE = 0.0
2026-09-15 19:32:32 | INFO | Configured ArduPilot parameter: ARMING_CHECK = 1.0
2026-09-15 19:32:35 | INFO | ArduPilot Health: Mode=STABILIZE, Armed=False, AGL=0.00m (src=GLOBAL_POSITION_INT), GPS=NO FIX, EKF=FAIL, Batt=99% (0.02V), RC=NONE
2026-09-15 19:32:35 | WARNING | Flight controller reports NO RC receiver data (RC_CHANNELS chancount=0).
2026-09-15 19:32:35 | WARNING | Flight controller reports battery voltage 0.02V — no flight battery detected. The motors cannot run on USB power alone.
2026-09-15 19:32:35 | INFO | System initialized and READY in STANDBY mode.
2026-09-15 19:32:35 | INFO | Continuous flight supervisor active. Ready for flight triggers.
2026-09-15 19:32:35 | INFO | [TRIGGER] Mission starts on an observed transition into GUIDED flight mode (CH8 must also be GUIDED when a receiver is present). The CH8 launch condition is disabled; CH8=MANUAL/LAND still aborts.
2026-09-15 19:32:35 | WARNING | No RC receiver data. CH8 triggering is unavailable; create /home/aahswarm/ardupilotPatterenTest/START_RASTER_MISSION to start a mission.
2026-09-15 19:32:35 | INFO | [SUPERVISOR] CH8 state: None -> NO_SIGNAL (Mode=STABILIZE, Armed=False, InAir=False, AGL=0.00m)
2026-09-15 19:32:35 | INFO | [SUPERVISOR] Flight mode: None -> STABILIZE (CH8=NO_SIGNAL, Armed=False, InAir=False, AGL=0.00m)
2026-09-15 19:32:35 | INFO | [SUPERVISOR] GUIDED-mode trigger armed — putting the aircraft into GUIDED will now start an autonomous mission.
2026-09-15 19:32:35 | INFO | [STANDBY] Waiting for the aircraft to be put into GUIDED flight mode... (CH8=NO_SIGNAL, Mode=STABILIZE, Armed=False, Batt=99%, AGL=0.00m)
2026-09-15 19:32:50 | INFO | [STANDBY] Waiting for the aircraft to be put into GUIDED flight mode... (CH8=NO_SIGNAL, Mode=STABILIZE, Armed=False, Batt=99%, AGL=0.00m)
2026-09-15 19:32:50 | INFO | [AP STATUSTEXT] PreArm: RC not found
2026-09-15 19:32:50 | INFO | [AP STATUSTEXT] PreArm: Battery 1 below minimum arming voltage
2026-09-15 19:33:05 | INFO | [STANDBY] Waiting for the aircraft to be put into GUIDED flight mode... (CH8=NO_SIGNAL, Mode=STABILIZE, Armed=False, Batt=99%, AGL=0.00m)
2026-09-15 19:33:20 | INFO | [STANDBY] Waiting for the aircraft to be put into GUIDED flight mode... (CH8=NO_SIGNAL, Mode=STABILIZE, Armed=False, Batt=99%, AGL=0.00m)
2026-09-15 19:33:21 | INFO | [AP STATUSTEXT] PreArm: RC not found
2026-09-15 19:33:21 | INFO | [AP STATUSTEXT] PreArm: Battery 1 below minimum arming voltage
2026-09-15 19:33:35 | INFO | [STANDBY] Waiting for the aircraft to be put into GUIDED flight mode... (CH8=NO_SIGNAL, Mode=STABILIZE, Armed=False, Batt=99%, AGL=0.00m)
2026-09-15 19:33:50 | INFO | [STANDBY] Waiting for the aircraft to be put into GUIDED flight mode... (CH8=NO_SIGNAL, Mode=STABILIZE, Armed=False, Batt=99%, AGL=0.00m)
2026-09-15 19:33:52 | INFO | [AP STATUSTEXT] PreArm: RC not found
2026-09-15 19:33:52 | INFO | [AP STATUSTEXT] PreArm: Battery 1 below minimum arming voltage
2026-09-15 19:34:05 | INFO | [STANDBY] Waiting for the aircraft to be put into GUIDED flight mode... (CH8=NO_SIGNAL, Mode=STABILIZE, Armed=False, Batt=99%, AGL=0.00m)
2026-09-15 19:34:20 | INFO | [STANDBY] Waiting for the aircraft to be put into GUIDED flight mode... (CH8=NO_SIGNAL, Mode=STABILIZE, Armed=False, Batt=99%, AGL=0.00m)
2026-09-15 19:34:23 | INFO | [AP STATUSTEXT] PreArm: RC not found
2026-09-15 19:34:23 | INFO | [AP STATUSTEXT] PreArm: Battery 1 below minimum arming voltage
2026-09-15 19:34:35 | INFO | [STANDBY] Waiting for the aircraft to be put into GUIDED flight mode... (CH8=NO_SIGNAL, Mode=STABILIZE, Armed=False, Batt=99%, AGL=0.00m)
2026-09-15 19:34:50 | INFO | [STANDBY] Waiting for the aircraft to be put into GUIDED flight mode... (CH8=NO_SIGNAL, Mode=STABILIZE, Armed=False, Batt=99%, AGL=0.00m)
2026-09-15 19:34:54 | INFO | [AP STATUSTEXT] PreArm: RC not found
2026-09-15 19:34:54 | INFO | [AP STATUSTEXT] PreArm: Battery 1 below minimum arming voltage
2026-09-15 19:35:05 | INFO | [STANDBY] Waiting for the aircraft to be put into GUIDED flight mode... (CH8=NO_SIGNAL, Mode=STABILIZE, Armed=False, Batt=99%, AGL=0.00m)
2026-09-15 19:35:20 | INFO | [STANDBY] Waiting for the aircraft to be put into GUIDED flight mode... (CH8=NO_SIGNAL, Mode=STABILIZE, Armed=False, Batt=99%, AGL=0.00m)
2026-09-15 19:35:25 | INFO | [AP STATUSTEXT] PreArm: RC not found
2026-09-15 19:35:25 | INFO | [AP STATUSTEXT] PreArm: Battery 1 below minimum arming voltage
2026-09-15 19:35:35 | INFO | [STANDBY] Waiting for the aircraft to be put into GUIDED flight mode... (CH8=NO_SIGNAL, Mode=STABILIZE, Armed=False, Batt=99%, AGL=0.00m)
2026-09-15 19:35:50 | INFO | [STANDBY] Waiting for the aircraft to be put into GUIDED flight mode... (CH8=NO_SIGNAL, Mode=STABILIZE, Armed=False, Batt=99%, AGL=0.00m)
2026-09-15 19:35:56 | INFO | [AP STATUSTEXT] PreArm: RC not found
2026-09-15 19:35:56 | INFO | [AP STATUSTEXT] PreArm: Battery 1 below minimum arming voltage
2026-09-15 19:36:05 | INFO | [STANDBY] Waiting for the aircraft to be put into GUIDED flight mode... (CH8=NO_SIGNAL, Mode=STABILIZE, Armed=False, Batt=99%, AGL=0.00m)
2026-09-15 19:36:20 | INFO | [STANDBY] Waiting for the aircraft to be put into GUIDED flight mode... (CH8=NO_SIGNAL, Mode=STABILIZE, Armed=False, Batt=99%, AGL=0.00m)
2026-09-15 19:36:27 | INFO | [AP STATUSTEXT] PreArm: RC not found
2026-09-15 19:36:27 | INFO | [AP STATUSTEXT] PreArm: Battery 1 below minimum arming voltage
2026-09-15 19:36:35 | INFO | [STANDBY] Waiting for the aircraft to be put into GUIDED flight mode... (CH8=NO_SIGNAL, Mode=STABILIZE, Armed=False, Batt=99%, AGL=0.00m)
2026-09-15 19:36:50 | INFO | [STANDBY] Waiting for the aircraft to be put into GUIDED flight mode... (CH8=NO_SIGNAL, Mode=STABILIZE, Armed=False, Batt=99%, AGL=0.00m)
2026-09-15 19:36:57 | INFO | [AP STATUSTEXT] PreArm: RC not found
2026-09-15 19:36:57 | INFO | [AP STATUSTEXT] PreArm: Battery 1 below minimum arming voltage
2026-09-15 19:37:05 | INFO | [STANDBY] Waiting for the aircraft to be put into GUIDED flight mode... (CH8=NO_SIGNAL, Mode=STABILIZE, Armed=False, Batt=99%, AGL=0.00m)
2026-09-15 19:37:20 | INFO | [STANDBY] Waiting for the aircraft to be put into GUIDED flight mode... (CH8=NO_SIGNAL, Mode=STABILIZE, Armed=False, Batt=99%, AGL=0.00m)
2026-09-15 19:37:28 | INFO | [AP STATUSTEXT] PreArm: RC not found
2026-09-15 19:37:28 | INFO | [AP STATUSTEXT] PreArm: Battery 1 below minimum arming voltage
2026-09-15 19:37:35 | INFO | [STANDBY] Waiting for the aircraft to be put into GUIDED flight mode... (CH8=NO_SIGNAL, Mode=STABILIZE, Armed=False, Batt=99%, AGL=0.00m)
2026-09-15 19:37:50 | INFO | [STANDBY] Waiting for the aircraft to be put into GUIDED flight mode... (CH8=NO_SIGNAL, Mode=STABILIZE, Armed=False, Batt=99%, AGL=0.00m)
2026-09-15 19:37:59 | INFO | [AP STATUSTEXT] PreArm: RC not found
2026-09-15 19:37:59 | INFO | [AP STATUSTEXT] PreArm: Battery 1 below minimum arming voltage
2026-09-15 19:38:05 | INFO | [STANDBY] Waiting for the aircraft to be put into GUIDED flight mode... (CH8=NO_SIGNAL, Mode=STABILIZE, Armed=False, Batt=99%, AGL=0.00m)
2026-09-15 19:38:20 | INFO | [STANDBY] Waiting for the aircraft to be put into GUIDED flight mode... (CH8=NO_SIGNAL, Mode=STABILIZE, Armed=False, Batt=99%, AGL=0.00m)
2026-09-15 19:38:29 | INFO | [AP STATUSTEXT] PreArm: RC not found
2026-09-15 19:38:29 | INFO | [AP STATUSTEXT] PreArm: Battery 1 below minimum arming voltage
2026-09-15 19:38:35 | INFO | [STANDBY] Waiting for the aircraft to be put into GUIDED flight mode... (CH8=NO_SIGNAL, Mode=STABILIZE, Armed=False, Batt=99%, AGL=0.00m)
2026-09-15 19:38:50 | INFO | [STANDBY] Waiting for the aircraft to be put into GUIDED flight mode... (CH8=NO_SIGNAL, Mode=STABILIZE, Armed=False, Batt=99%, AGL=0.00m)
2026-09-15 19:39:00 | INFO | [AP STATUSTEXT] PreArm: RC not found
2026-09-15 19:39:00 | INFO | [AP STATUSTEXT] PreArm: Battery 1 below minimum arming voltage
2026-09-15 19:39:05 | INFO | [STANDBY] Waiting for the aircraft to be put into GUIDED flight mode... (CH8=NO_SIGNAL, Mode=STABILIZE, Armed=False, Batt=99%, AGL=0.00m)
2026-09-15 19:39:20 | INFO | [STANDBY] Waiting for the aircraft to be put into GUIDED flight mode... (CH8=NO_SIGNAL, Mode=STABILIZE, Armed=False, Batt=99%, AGL=0.00m)
2026-09-15 19:39:31 | INFO | [AP STATUSTEXT] PreArm: RC not found
2026-09-15 19:39:31 | INFO | [AP STATUSTEXT] PreArm: Battery 1 below minimum arming voltage
2026-09-15 19:39:35 | INFO | [STANDBY] Waiting for the aircraft to be put into GUIDED flight mode... (CH8=NO_SIGNAL, Mode=STABILIZE, Armed=False, Batt=99%, AGL=0.00m)
2026-09-15 19:39:50 | INFO | [STANDBY] Waiting for the aircraft to be put into GUIDED flight mode... (CH8=NO_SIGNAL, Mode=STABILIZE, Armed=False, Batt=99%, AGL=0.00m)
2026-09-15 19:40:01 | INFO | [AP STATUSTEXT] PreArm: RC not found
2026-09-15 19:40:01 | INFO | [AP STATUSTEXT] PreArm: Battery 1 below minimum arming voltage
2026-09-15 19:40:05 | INFO | [STANDBY] Waiting for the aircraft to be put into GUIDED flight mode... (CH8=NO_SIGNAL, Mode=STABILIZE, Armed=False, Batt=99%, AGL=0.00m)
2026-09-15 19:40:20 | INFO | [STANDBY] Waiting for the aircraft to be put into GUIDED flight mode... (CH8=NO_SIGNAL, Mode=STABILIZE, Armed=False, Batt=99%, AGL=0.00m)
2026-09-15 19:40:32 | INFO | [AP STATUSTEXT] PreArm: RC not found
2026-09-15 19:40:32 | INFO | [AP STATUSTEXT] PreArm: Battery 1 below minimum arming voltage
2026-09-15 19:40:35 | INFO | [STANDBY] Waiting for the aircraft to be put into GUIDED flight mode... (CH8=NO_SIGNAL, Mode=STABILIZE, Armed=False, Batt=99%, AGL=0.00m)
2026-09-15 19:40:50 | INFO | [STANDBY] Waiting for the aircraft to be put into GUIDED flight mode... (CH8=NO_SIGNAL, Mode=STABILIZE, Armed=False, Batt=99%, AGL=0.00m)
2026-09-15 19:41:03 | INFO | [AP STATUSTEXT] PreArm: RC not found
2026-09-15 19:41:03 | INFO | [AP STATUSTEXT] PreArm: Battery 1 below minimum arming voltage
2026-09-15 19:41:05 | INFO | [STANDBY] Waiting for the aircraft to be put into GUIDED flight mode... (CH8=NO_SIGNAL, Mode=STABILIZE, Armed=False, Batt=99%, AGL=0.00m)
2026-09-15 19:41:20 | INFO | [STANDBY] Waiting for the aircraft to be put into GUIDED flight mode... (CH8=NO_SIGNAL, Mode=STABILIZE, Armed=False, Batt=99%, AGL=0.00m)
2026-09-15 19:41:33 | INFO | [AP STATUSTEXT] PreArm: RC not found
2026-09-15 19:41:33 | INFO | [AP STATUSTEXT] PreArm: Battery 1 below minimum arming voltage
2026-09-15 19:41:35 | INFO | [STANDBY] Waiting for the aircraft to be put into GUIDED flight mode... (CH8=NO_SIGNAL, Mode=STABILIZE, Armed=False, Batt=99%, AGL=0.00m)
2026-09-15 19:41:48 | INFO | ==========================================================
2026-09-15 19:41:48 | INFO | === ARDUPILOT POLYGON RASTER COVERAGE MISSION ===
2026-09-15 19:41:48 | INFO | ==========================================================
2026-09-15 19:41:48 | INFO | Project directory : /home/aahswarm/ardupilotPatterenTest
2026-09-15 19:41:48 | INFO | Mission log       : /home/aahswarm/ardupilotPatterenTest/ardupilot_raster_mission.log
2026-09-15 19:41:48 | INFO | Trigger file      : /home/aahswarm/ardupilotPatterenTest/START_RASTER_MISSION
2026-09-15 19:41:48 | INFO | Recordings        : /home/aahswarm/ardupilotPatterenTest/recordings/
2026-09-15 19:41:48 | INFO | ==========================================================================
2026-09-15 19:41:48 | INFO | === RASTER DRY RUN — TELEMETRY ONLY, NO FLIGHT COMMANDS ===
2026-09-15 19:41:48 | INFO | ==========================================================================
2026-09-15 19:41:48 | INFO | This mode reads telemetry and computes geometry. It will not arm, change
2026-09-15 19:41:48 | INFO | mode, take off, land, send any velocity or position target, or write any
2026-09-15 19:41:48 | INFO | flight-controller parameter. The aircraft must be DISARMED and STATIONARY.
2026-09-15 19:41:48 | INFO | 
2026-09-15 19:41:48 | ERROR | DRY RUN FAIL: another process already holds /tmp/ardupilot_mission.lock.
2026-09-15 19:41:48 | ERROR |     The autonomous mission daemon is almost certainly running. Two readers on one serial link corrupt the MAVLink stream.
2026-09-15 19:41:48 | ERROR |     Check with:  systemctl is-active ardupilot-mission.service
2026-09-15 19:41:50 | INFO | [STANDBY] Waiting for the aircraft to be put into GUIDED flight mode... (CH8=NO_SIGNAL, Mode=STABILIZE, Armed=False, Batt=99%, AGL=0.00m)
2026-09-15 19:42:04 | INFO | [AP STATUSTEXT] PreArm: RC not found
2026-09-15 19:42:04 | INFO | [AP STATUSTEXT] PreArm: Battery 1 below minimum arming voltage
2026-09-15 19:42:05 | INFO | [STANDBY] Waiting for the aircraft to be put into GUIDED flight mode... (CH8=NO_SIGNAL, Mode=STABILIZE, Armed=False, Batt=99%, AGL=0.00m)
2026-09-15 19:42:20 | INFO | [STANDBY] Waiting for the aircraft to be put into GUIDED flight mode... (CH8=NO_SIGNAL, Mode=STABILIZE, Armed=False, Batt=99%, AGL=0.00m)
2026-09-15 19:42:34 | INFO | [AP STATUSTEXT] PreArm: RC not found
2026-09-15 19:42:34 | INFO | [AP STATUSTEXT] PreArm: Battery 1 below minimum arming voltage
2026-09-15 19:42:35 | INFO | [STANDBY] Waiting for the aircraft to be put into GUIDED flight mode... (CH8=NO_SIGNAL, Mode=STABILIZE, Armed=False, Batt=99%, AGL=0.00m)
2026-09-15 19:42:50 | INFO | [STANDBY] Waiting for the aircraft to be put into GUIDED flight mode... (CH8=NO_SIGNAL, Mode=STABILIZE, Armed=False, Batt=99%, AGL=0.00m)
2026-09-15 19:43:05 | INFO | [AP STATUSTEXT] PreArm: RC not found
2026-09-15 19:43:05 | INFO | [AP STATUSTEXT] PreArm: Battery 1 below minimum arming voltage
2026-09-15 19:43:05 | INFO | [STANDBY] Waiting for the aircraft to be put into GUIDED flight mode... (CH8=NO_SIGNAL, Mode=STABILIZE, Armed=False, Batt=99%, AGL=0.00m)
2026-09-15 19:43:20 | INFO | [STANDBY] Waiting for the aircraft to be put into GUIDED flight mode... (CH8=NO_SIGNAL, Mode=STABILIZE, Armed=False, Batt=99%, AGL=0.00m)
2026-09-15 19:43:35 | INFO | [STANDBY] Waiting for the aircraft to be put into GUIDED flight mode... (CH8=NO_SIGNAL, Mode=STABILIZE, Armed=False, Batt=99%, AGL=0.00m)
2026-09-15 19:43:36 | INFO | [AP STATUSTEXT] PreArm: RC not found
2026-09-15 19:43:36 | INFO | [AP STATUSTEXT] PreArm: Battery 1 below minimum arming voltage
2026-09-15 19:43:50 | INFO | [STANDBY] Waiting for the aircraft to be put into GUIDED flight mode... (CH8=NO_SIGNAL, Mode=STABILIZE, Armed=False, Batt=99%, AGL=0.00m)
2026-09-15 19:44:05 | INFO | [STANDBY] Waiting for the aircraft to be put into GUIDED flight mode... (CH8=NO_SIGNAL, Mode=STABILIZE, Armed=False, Batt=99%, AGL=0.00m)
2026-09-15 19:44:07 | INFO | [AP STATUSTEXT] PreArm: RC not found
2026-09-15 19:44:07 | INFO | [AP STATUSTEXT] PreArm: Battery 1 below minimum arming voltage
2026-09-15 19:44:20 | INFO | [STANDBY] Waiting for the aircraft to be put into GUIDED flight mode... (CH8=NO_SIGNAL, Mode=STABILIZE, Armed=False, Batt=99%, AGL=0.00m)
2026-09-15 19:44:35 | INFO | [STANDBY] Waiting for the aircraft to be put into GUIDED flight mode... (CH8=NO_SIGNAL, Mode=STABILIZE, Armed=False, Batt=99%, AGL=0.00m)
2026-09-15 19:44:37 | INFO | [AP STATUSTEXT] PreArm: RC not found
2026-09-15 19:44:37 | INFO | [AP STATUSTEXT] PreArm: Battery 1 below minimum arming voltage
2026-09-15 19:44:50 | INFO | [STANDBY] Waiting for the aircraft to be put into GUIDED flight mode... (CH8=NO_SIGNAL, Mode=STABILIZE, Armed=False, Batt=99%, AGL=0.00m)
2026-09-15 19:45:05 | INFO | [STANDBY] Waiting for the aircraft to be put into GUIDED flight mode... (CH8=NO_SIGNAL, Mode=STABILIZE, Armed=False, Batt=99%, AGL=0.00m)
2026-09-15 19:45:08 | INFO | [AP STATUSTEXT] PreArm: RC not found
2026-09-15 19:45:08 | INFO | [AP STATUSTEXT] PreArm: Battery 1 below minimum arming voltage
2026-09-15 19:45:20 | INFO | [STANDBY] Waiting for the aircraft to be put into GUIDED flight mode... (CH8=NO_SIGNAL, Mode=STABILIZE, Armed=False, Batt=99%, AGL=0.00m)
2026-09-15 19:45:35 | INFO | [STANDBY] Waiting for the aircraft to be put into GUIDED flight mode... (CH8=NO_SIGNAL, Mode=STABILIZE, Armed=False, Batt=99%, AGL=0.00m)
2026-09-15 19:45:39 | INFO | [AP STATUSTEXT] PreArm: RC not found
2026-09-15 19:45:39 | INFO | [AP STATUSTEXT] PreArm: Battery 1 below minimum arming voltage
2026-09-15 19:45:50 | INFO | [STANDBY] Waiting for the aircraft to be put into GUIDED flight mode... (CH8=NO_SIGNAL, Mode=STABILIZE, Armed=False, Batt=99%, AGL=0.00m)
2026-09-15 19:45:54 | INFO | Received exit signal 15. Finalizing video and exiting...
2026-09-15 19:45:55 | INFO | ==========================================================
2026-09-15 19:45:55 | INFO | === ARDUPILOT POLYGON RASTER COVERAGE MISSION ===
2026-09-15 19:45:55 | INFO | ==========================================================
2026-09-15 19:45:55 | INFO | Project directory : /home/aahswarm/ardupilotPatterenTest
2026-09-15 19:45:55 | INFO | Mission log       : /home/aahswarm/ardupilotPatterenTest/ardupilot_raster_mission.log
2026-09-15 19:45:55 | INFO | Trigger file      : /home/aahswarm/ardupilotPatterenTest/START_RASTER_MISSION
2026-09-15 19:45:55 | INFO | Recordings        : /home/aahswarm/ardupilotPatterenTest/recordings/
2026-09-15 19:45:55 | INFO | =========================================================
2026-09-15 19:45:55 | INFO | === POLYGON RASTER MISSION PLAN ===
2026-09-15 19:45:55 | INFO | =========================================================
2026-09-15 19:45:55 | INFO |   Corner A: 13.3458930, 74.7940200
2026-09-15 19:45:55 | INFO |   Corner B: 13.3457120, 74.7940430
2026-09-15 19:45:55 | INFO |   Corner C: 13.3457030, 74.7940100
2026-09-15 19:45:55 | INFO |   Corner D: 13.3458870, 74.7939650
2026-09-15 19:45:55 | INFO |   Sides: AB=20.30m BC=3.71m CD=21.05m DA=5.99m; area=99.90m^2
2026-09-15 19:45:55 | INFO |   Corner angles: A=90.7 B=98.6 C=87.7 D=83.0 deg (a rectangle is not required)
2026-09-15 19:45:55 | INFO |   Inward safety inset: 0.20m -> inset area 89.84m^2
2026-09-15 19:45:55 | INFO |   Raster direction: A->B, bearing 173.0 deg, alternating
2026-09-15 19:45:55 | INFO |   Passes: 6, spacing 0.928m (requested 1.000m), waypoints 12
2026-09-15 19:45:55 | INFO |   Path length 109.8m, estimated 366s at 0.30m/s (horizontal travel only)
2026-09-15 19:45:55 | INFO |   Containment: 12/12 waypoints and 11 segments verified inside the inset polygon (2213 samples); worst clearance +0.200m from the polygon edge
2026-09-15 19:45:55 | INFO |   Outer safety geofence: area 217.93m^2, sides 10.24m, 24.00m, 7.46m, 25.53m, winding CCW
2026-09-15 19:45:55 | INFO |   Inner inside outer: minimum separation 1.97m (corners A=1.99m, B=1.97m, C=1.97m, D=2.01m); raster path worst 2.18m, 1.68m against the effective boundary
2026-09-15 19:45:55 | INFO |   Outer safety geofence: 4 GPS corners, effective boundary 0.50m inside them (independent safety layer, NOT the mission polygon, NOT an ArduPilot fence)
2026-09-15 19:45:55 | INFO |   Inner runtime breach tolerance: 0.50m beyond the mission-polygon edge, enforced during the RASTER phase only
2026-09-15 19:45:55 | INFO |   Max planned distance from polygon centroid: 11.20m
2026-09-15 19:45:55 | INFO | ==========================================================
2026-09-15 19:45:55 | INFO | === ARDUPILOT CONTINUOUS AUTONOMOUS MISSION DAEMON ===
2026-09-15 19:45:55 | INFO | ==========================================================
2026-09-15 19:45:55 | INFO | Mission Parameters: Port=auto-discover, Baud=115200, TakeoffAlt=2.0m, DescentSpeed=0.15m/s, TouchdownSpeed=0.08m/s, Orbit=3.0m x 1.0 at 0.3m/s, HorizontalFence=4.0m, Geofence=DISABLED
2026-09-15 19:45:55 | INFO | Connecting to ArduPilot flight controller at /dev/serial/by-id/usb-ArduPilot_MicoAir743v2_300020001251333236353637-if00 (baud: 115200)...
2026-09-15 19:45:55 | INFO | Waiting for ArduPilot heartbeat...
2026-09-15 19:45:55 | INFO | Connected to ArduPilot! (System ID: 1, Component ID: 1)
2026-09-15 19:45:55 | INFO | Starting GCS heartbeat sender (1 Hz)...
2026-09-15 19:45:55 | INFO | Requesting telemetry message streams from ArduPilot...
2026-09-15 19:45:55 | INFO | [RASTER] Position snapshot hook attached to the existing MAVLink receive path (no additional reader).
2026-09-15 19:45:55 | INFO | [FC LOG] Verbose flight-controller log attached to the existing MAVLink receive path (no additional reader) -> /home/aahswarm/ardupilotPatterenTest/fc_telemetry.log [level=full]
2026-09-15 19:45:55 | WARNING | Geofence DISABLED (CONFIGURE_FENCE=0) — writing FENCE_ENABLE=0. There is no automatic containment: the pilot is responsible for keeping the aircraft inside the test area, taking manual control on the transmitter if it drifts.
2026-09-15 19:45:55 | INFO | Configured ArduPilot parameter: LAND_SPEED = 20.0
2026-09-15 19:45:55 | INFO | Configured ArduPilot parameter: LAND_ALT_LOW = 150.0
2026-09-15 19:45:56 | WARNING | [CH8] No RC receiver data (chancount=0, raw=0). CH8 triggering is unavailable.
2026-09-15 19:45:56 | INFO | Configured ArduPilot parameter: WPNAV_SPEED_UP = 50.0
2026-09-15 19:45:56 | INFO | Configured ArduPilot parameter: WPNAV_ACCEL_Z = 50.0
2026-09-15 19:45:56 | INFO | Configured ArduPilot parameter: BATT_FS_LOW_ACT = 1.0
2026-09-15 19:45:56 | INFO | Configured ArduPilot parameter: BATT_FS_CRT_ACT = 1.0
2026-09-15 19:45:56 | INFO | Configured ArduPilot parameter: FS_THR_ENABLE = 3.0
2026-09-15 19:45:56 | INFO | Configured ArduPilot parameter: FS_GCS_ENABLE = 5.0
2026-09-15 19:45:56 | INFO | Configured ArduPilot parameter: FENCE_ENABLE = 0.0
2026-09-15 19:45:56 | INFO | Configured ArduPilot parameter: ARMING_CHECK = 1.0
2026-09-15 19:45:59 | INFO | ArduPilot Health: Mode=STABILIZE, Armed=False, AGL=0.00m (src=GLOBAL_POSITION_INT), GPS=Fix=3 (Sats: 17), EKF=FAIL, Batt=99% (0.01V), RC=NONE
2026-09-15 19:45:59 | WARNING | Flight controller reports NO RC receiver data (RC_CHANNELS chancount=0).
2026-09-15 19:45:59 | WARNING | Flight controller reports battery voltage 0.01V — no flight battery detected. The motors cannot run on USB power alone.
2026-09-15 19:45:59 | INFO | System initialized and READY in STANDBY mode.
2026-09-15 19:45:59 | INFO | Continuous flight supervisor active. Ready for flight triggers.
2026-09-15 19:45:59 | INFO | [TRIGGER] Mission starts on an observed transition into GUIDED flight mode (CH8 must also be GUIDED when a receiver is present). The CH8 launch condition is disabled; CH8=MANUAL/LAND still aborts.
2026-09-15 19:45:59 | WARNING | No RC receiver data. CH8 triggering is unavailable; create /home/aahswarm/ardupilotPatterenTest/START_RASTER_MISSION to start a mission.
2026-09-15 19:45:59 | INFO | [SUPERVISOR] CH8 state: None -> NO_SIGNAL (Mode=STABILIZE, Armed=False, InAir=False, AGL=0.00m)
2026-09-15 19:45:59 | INFO | [SUPERVISOR] Flight mode: None -> STABILIZE (CH8=NO_SIGNAL, Armed=False, InAir=False, AGL=0.00m)
2026-09-15 19:45:59 | INFO | [SUPERVISOR] GUIDED-mode trigger armed — putting the aircraft into GUIDED will now start an autonomous mission.
2026-09-15 19:45:59 | INFO | [STANDBY] Waiting for the aircraft to be put into GUIDED flight mode... (CH8=NO_SIGNAL, Mode=STABILIZE, Armed=False, Batt=99%, AGL=0.00m)
2026-09-15 19:46:09 | INFO | [AP STATUSTEXT] PreArm: RC not found
2026-09-15 19:46:09 | INFO | [AP STATUSTEXT] PreArm: Battery 1 below minimum arming voltage
2026-09-15 19:46:14 | INFO | [STANDBY] Waiting for the aircraft to be put into GUIDED flight mode... (CH8=NO_SIGNAL, Mode=STABILIZE, Armed=False, Batt=99%, AGL=0.00m)
2026-09-15 19:46:29 | INFO | [STANDBY] Waiting for the aircraft to be put into GUIDED flight mode... (CH8=NO_SIGNAL, Mode=STABILIZE, Armed=False, Batt=99%, AGL=0.00m)
2026-09-15 19:46:39 | INFO | [AP STATUSTEXT] PreArm: RC not found
2026-09-15 19:46:39 | INFO | [AP STATUSTEXT] PreArm: Battery 1 below minimum arming voltage
2026-09-15 19:46:44 | INFO | [STANDBY] Waiting for the aircraft to be put into GUIDED flight mode... (CH8=NO_SIGNAL, Mode=STABILIZE, Armed=False, Batt=99%, AGL=0.00m)
2026-09-15 19:46:59 | INFO | [STANDBY] Waiting for the aircraft to be put into GUIDED flight mode... (CH8=NO_SIGNAL, Mode=STABILIZE, Armed=False, Batt=99%, AGL=0.00m)
2026-09-15 19:47:10 | INFO | [AP STATUSTEXT] PreArm: RC not found
2026-09-15 19:47:10 | INFO | [AP STATUSTEXT] PreArm: Battery 1 below minimum arming voltage
2026-09-15 19:47:14 | INFO | [STANDBY] Waiting for the aircraft to be put into GUIDED flight mode... (CH8=NO_SIGNAL, Mode=STABILIZE, Armed=False, Batt=99%, AGL=0.00m)
2026-09-15 19:47:29 | INFO | [STANDBY] Waiting for the aircraft to be put into GUIDED flight mode... (CH8=NO_SIGNAL, Mode=STABILIZE, Armed=False, Batt=99%, AGL=0.00m)
2026-09-15 19:47:40 | INFO | [AP STATUSTEXT] PreArm: RC not found
2026-09-15 19:47:40 | INFO | [AP STATUSTEXT] PreArm: Battery 1 below minimum arming voltage
2026-09-15 19:47:44 | INFO | [STANDBY] Waiting for the aircraft to be put into GUIDED flight mode... (CH8=NO_SIGNAL, Mode=STABILIZE, Armed=False, Batt=99%, AGL=0.00m)
2026-09-15 19:47:59 | INFO | [STANDBY] Waiting for the aircraft to be put into GUIDED flight mode... (CH8=NO_SIGNAL, Mode=STABILIZE, Armed=False, Batt=99%, AGL=0.00m)
2026-09-15 19:48:11 | INFO | [AP STATUSTEXT] PreArm: RC not found
2026-09-15 19:48:11 | INFO | [AP STATUSTEXT] PreArm: Battery 1 below minimum arming voltage
2026-09-15 19:48:14 | INFO | [STANDBY] Waiting for the aircraft to be put into GUIDED flight mode... (CH8=NO_SIGNAL, Mode=STABILIZE, Armed=False, Batt=99%, AGL=0.00m)
2026-09-15 19:48:29 | INFO | [STANDBY] Waiting for the aircraft to be put into GUIDED flight mode... (CH8=NO_SIGNAL, Mode=STABILIZE, Armed=False, Batt=99%, AGL=0.00m)
2026-09-15 19:48:42 | INFO | [AP STATUSTEXT] PreArm: RC not found
2026-09-15 19:48:42 | INFO | [AP STATUSTEXT] PreArm: Battery 1 below minimum arming voltage
2026-09-15 19:48:44 | INFO | [STANDBY] Waiting for the aircraft to be put into GUIDED flight mode... (CH8=NO_SIGNAL, Mode=STABILIZE, Armed=False, Batt=99%, AGL=0.00m)
2026-09-15 19:48:59 | INFO | [STANDBY] Waiting for the aircraft to be put into GUIDED flight mode... (CH8=NO_SIGNAL, Mode=STABILIZE, Armed=False, Batt=99%, AGL=0.00m)
2026-09-15 19:49:13 | INFO | [AP STATUSTEXT] PreArm: RC not found
2026-09-15 19:49:13 | INFO | [AP STATUSTEXT] PreArm: Battery 1 below minimum arming voltage
2026-09-15 19:49:14 | INFO | [STANDBY] Waiting for the aircraft to be put into GUIDED flight mode... (CH8=NO_SIGNAL, Mode=STABILIZE, Armed=False, Batt=99%, AGL=0.00m)
2026-09-15 19:49:29 | INFO | [STANDBY] Waiting for the aircraft to be put into GUIDED flight mode... (CH8=NO_SIGNAL, Mode=STABILIZE, Armed=False, Batt=99%, AGL=0.00m)
2026-09-15 19:49:44 | INFO | [STANDBY] Waiting for the aircraft to be put into GUIDED flight mode... (CH8=NO_SIGNAL, Mode=STABILIZE, Armed=False, Batt=99%, AGL=0.00m)
2026-09-15 19:49:44 | INFO | [AP STATUSTEXT] PreArm: RC not found
2026-09-15 19:49:44 | INFO | [AP STATUSTEXT] PreArm: Battery 1 below minimum arming voltage
2026-09-15 19:49:59 | INFO | [STANDBY] Waiting for the aircraft to be put into GUIDED flight mode... (CH8=NO_SIGNAL, Mode=STABILIZE, Armed=False, Batt=99%, AGL=0.00m)
2026-09-15 19:50:14 | INFO | [STANDBY] Waiting for the aircraft to be put into GUIDED flight mode... (CH8=NO_SIGNAL, Mode=STABILIZE, Armed=False, Batt=99%, AGL=0.00m)
2026-09-15 19:50:15 | INFO | [AP STATUSTEXT] PreArm: RC not found
2026-09-15 19:50:15 | INFO | [AP STATUSTEXT] PreArm: Battery 1 below minimum arming voltage
2026-09-15 19:50:29 | INFO | [STANDBY] Waiting for the aircraft to be put into GUIDED flight mode... (CH8=NO_SIGNAL, Mode=STABILIZE, Armed=False, Batt=99%, AGL=0.00m)
2026-09-15 19:50:44 | INFO | [STANDBY] Waiting for the aircraft to be put into GUIDED flight mode... (CH8=NO_SIGNAL, Mode=STABILIZE, Armed=False, Batt=99%, AGL=0.00m)
2026-09-15 19:50:46 | INFO | [AP STATUSTEXT] PreArm: RC not found
2026-09-15 19:50:46 | INFO | [AP STATUSTEXT] PreArm: Battery 1 below minimum arming voltage
2026-09-15 19:50:59 | INFO | [STANDBY] Waiting for the aircraft to be put into GUIDED flight mode... (CH8=NO_SIGNAL, Mode=STABILIZE, Armed=False, Batt=99%, AGL=0.00m)
2026-09-15 19:51:14 | INFO | [STANDBY] Waiting for the aircraft to be put into GUIDED flight mode... (CH8=NO_SIGNAL, Mode=STABILIZE, Armed=False, Batt=99%, AGL=0.00m)
2026-09-15 19:51:17 | INFO | [AP STATUSTEXT] PreArm: RC not found
2026-09-15 19:51:17 | INFO | [AP STATUSTEXT] PreArm: Battery 1 below minimum arming voltage
2026-09-15 19:51:29 | INFO | [STANDBY] Waiting for the aircraft to be put into GUIDED flight mode... (CH8=NO_SIGNAL, Mode=STABILIZE, Armed=False, Batt=99%, AGL=0.00m)
2026-09-15 19:51:44 | INFO | [STANDBY] Waiting for the aircraft to be put into GUIDED flight mode... (CH8=NO_SIGNAL, Mode=STABILIZE, Armed=False, Batt=99%, AGL=0.00m)
2026-09-15 19:51:48 | INFO | [AP STATUSTEXT] PreArm: RC not found
2026-09-15 19:51:48 | INFO | [AP STATUSTEXT] PreArm: Battery 1 below minimum arming voltage
2026-09-15 19:51:59 | INFO | [STANDBY] Waiting for the aircraft to be put into GUIDED flight mode... (CH8=NO_SIGNAL, Mode=STABILIZE, Armed=False, Batt=99%, AGL=0.00m)
2026-09-15 19:52:14 | INFO | [STANDBY] Waiting for the aircraft to be put into GUIDED flight mode... (CH8=NO_SIGNAL, Mode=STABILIZE, Armed=False, Batt=99%, AGL=0.00m)
2026-09-15 19:52:18 | INFO | [AP STATUSTEXT] PreArm: RC not found
2026-09-15 19:52:18 | INFO | [AP STATUSTEXT] PreArm: Battery 1 below minimum arming voltage
2026-09-15 19:52:29 | INFO | [STANDBY] Waiting for the aircraft to be put into GUIDED flight mode... (CH8=NO_SIGNAL, Mode=STABILIZE, Armed=False, Batt=99%, AGL=0.00m)
2026-09-15 19:52:44 | INFO | [STANDBY] Waiting for the aircraft to be put into GUIDED flight mode... (CH8=NO_SIGNAL, Mode=STABILIZE, Armed=False, Batt=99%, AGL=0.00m)
2026-09-15 19:52:49 | INFO | [AP STATUSTEXT] PreArm: RC not found
2026-09-15 19:52:49 | INFO | [AP STATUSTEXT] PreArm: Battery 1 below minimum arming voltage
2026-09-15 19:52:59 | INFO | [STANDBY] Waiting for the aircraft to be put into GUIDED flight mode... (CH8=NO_SIGNAL, Mode=STABILIZE, Armed=False, Batt=99%, AGL=0.00m)
2026-09-15 19:53:14 | INFO | [STANDBY] Waiting for the aircraft to be put into GUIDED flight mode... (CH8=NO_SIGNAL, Mode=STABILIZE, Armed=False, Batt=99%, AGL=0.00m)
2026-09-15 19:53:20 | INFO | [AP STATUSTEXT] PreArm: RC not found
2026-09-15 19:53:20 | INFO | [AP STATUSTEXT] PreArm: Battery 1 below minimum arming voltage
2026-09-15 19:53:29 | INFO | [STANDBY] Waiting for the aircraft to be put into GUIDED flight mode... (CH8=NO_SIGNAL, Mode=STABILIZE, Armed=False, Batt=99%, AGL=0.00m)
2026-09-15 19:53:44 | INFO | [STANDBY] Waiting for the aircraft to be put into GUIDED flight mode... (CH8=NO_SIGNAL, Mode=STABILIZE, Armed=False, Batt=99%, AGL=0.00m)
2026-09-15 19:53:51 | INFO | [AP STATUSTEXT] PreArm: RC not found
2026-09-15 19:53:51 | INFO | [AP STATUSTEXT] PreArm: Battery 1 below minimum arming voltage
2026-09-15 19:53:59 | INFO | [STANDBY] Waiting for the aircraft to be put into GUIDED flight mode... (CH8=NO_SIGNAL, Mode=STABILIZE, Armed=False, Batt=99%, AGL=0.00m)
2026-09-15 19:54:14 | INFO | [STANDBY] Waiting for the aircraft to be put into GUIDED flight mode... (CH8=NO_SIGNAL, Mode=STABILIZE, Armed=False, Batt=99%, AGL=0.00m)
2026-09-15 19:54:21 | INFO | [AP STATUSTEXT] PreArm: RC not found
2026-09-15 19:54:21 | INFO | [AP STATUSTEXT] PreArm: Battery 1 below minimum arming voltage
2026-09-15 19:54:29 | INFO | [STANDBY] Waiting for the aircraft to be put into GUIDED flight mode... (CH8=NO_SIGNAL, Mode=STABILIZE, Armed=False, Batt=99%, AGL=0.00m)
2026-09-15 19:54:44 | INFO | [STANDBY] Waiting for the aircraft to be put into GUIDED flight mode... (CH8=NO_SIGNAL, Mode=STABILIZE, Armed=False, Batt=99%, AGL=0.00m)
2026-09-15 19:54:52 | INFO | [AP STATUSTEXT] PreArm: RC not found
2026-09-15 19:54:52 | INFO | [AP STATUSTEXT] PreArm: Battery 1 below minimum arming voltage
2026-09-15 19:54:59 | INFO | [STANDBY] Waiting for the aircraft to be put into GUIDED flight mode... (CH8=NO_SIGNAL, Mode=STABILIZE, Armed=False, Batt=99%, AGL=0.00m)
2026-09-15 19:55:14 | INFO | [STANDBY] Waiting for the aircraft to be put into GUIDED flight mode... (CH8=NO_SIGNAL, Mode=STABILIZE, Armed=False, Batt=99%, AGL=0.00m)
2026-09-15 19:55:23 | INFO | [AP STATUSTEXT] PreArm: RC not found
2026-09-15 19:55:23 | INFO | [AP STATUSTEXT] PreArm: Battery 1 below minimum arming voltage
2026-09-15 19:55:29 | INFO | [STANDBY] Waiting for the aircraft to be put into GUIDED flight mode... (CH8=NO_SIGNAL, Mode=STABILIZE, Armed=False, Batt=99%, AGL=0.00m)
2026-09-15 19:55:44 | INFO | [STANDBY] Waiting for the aircraft to be put into GUIDED flight mode... (CH8=NO_SIGNAL, Mode=STABILIZE, Armed=False, Batt=99%, AGL=0.00m)
2026-09-15 19:55:54 | INFO | [AP STATUSTEXT] PreArm: RC not found
2026-09-15 19:55:54 | INFO | [AP STATUSTEXT] PreArm: Battery 1 below minimum arming voltage
2026-09-15 19:55:59 | INFO | [STANDBY] Waiting for the aircraft to be put into GUIDED flight mode... (CH8=NO_SIGNAL, Mode=STABILIZE, Armed=False, Batt=99%, AGL=0.00m)
2026-09-15 19:56:14 | INFO | [STANDBY] Waiting for the aircraft to be put into GUIDED flight mode... (CH8=NO_SIGNAL, Mode=STABILIZE, Armed=False, Batt=99%, AGL=0.00m)
2026-09-15 19:56:24 | INFO | [AP STATUSTEXT] PreArm: RC not found
2026-09-15 19:56:24 | INFO | [AP STATUSTEXT] PreArm: Battery 1 below minimum arming voltage
2026-09-15 19:56:29 | INFO | [STANDBY] Waiting for the aircraft to be put into GUIDED flight mode... (CH8=NO_SIGNAL, Mode=STABILIZE, Armed=False, Batt=99%, AGL=0.00m)
2026-09-15 19:56:44 | INFO | [STANDBY] Waiting for the aircraft to be put into GUIDED flight mode... (CH8=NO_SIGNAL, Mode=STABILIZE, Armed=False, Batt=99%, AGL=0.00m)
2026-09-15 19:56:55 | INFO | [AP STATUSTEXT] PreArm: RC not found
2026-09-15 19:56:55 | INFO | [AP STATUSTEXT] PreArm: Battery 1 below minimum arming voltage
2026-09-15 19:56:59 | INFO | [STANDBY] Waiting for the aircraft to be put into GUIDED flight mode... (CH8=NO_SIGNAL, Mode=STABILIZE, Armed=False, Batt=99%, AGL=0.00m)
2026-09-15 19:57:15 | INFO | [STANDBY] Waiting for the aircraft to be put into GUIDED flight mode... (CH8=NO_SIGNAL, Mode=STABILIZE, Armed=False, Batt=99%, AGL=0.00m)
2026-09-15 19:57:25 | INFO | [AP STATUSTEXT] PreArm: RC not found
2026-09-15 19:57:25 | INFO | [AP STATUSTEXT] PreArm: Battery 1 below minimum arming voltage
2026-09-15 19:57:30 | INFO | [STANDBY] Waiting for the aircraft to be put into GUIDED flight mode... (CH8=NO_SIGNAL, Mode=STABILIZE, Armed=False, Batt=99%, AGL=0.00m)
2026-09-15 19:57:45 | INFO | [STANDBY] Waiting for the aircraft to be put into GUIDED flight mode... (CH8=NO_SIGNAL, Mode=STABILIZE, Armed=False, Batt=99%, AGL=0.00m)
2026-09-15 19:57:56 | INFO | [AP STATUSTEXT] PreArm: RC not found
2026-09-15 19:57:56 | INFO | [AP STATUSTEXT] PreArm: Battery 1 below minimum arming voltage
2026-09-15 19:58:00 | INFO | [STANDBY] Waiting for the aircraft to be put into GUIDED flight mode... (CH8=NO_SIGNAL, Mode=STABILIZE, Armed=False, Batt=99%, AGL=0.00m)
2026-09-15 19:58:15 | INFO | [STANDBY] Waiting for the aircraft to be put into GUIDED flight mode... (CH8=NO_SIGNAL, Mode=STABILIZE, Armed=False, Batt=99%, AGL=0.00m)
2026-09-15 19:58:27 | INFO | [AP STATUSTEXT] PreArm: RC not found
2026-09-15 19:58:27 | INFO | [AP STATUSTEXT] PreArm: Battery 1 below minimum arming voltage
2026-09-15 19:58:30 | INFO | [STANDBY] Waiting for the aircraft to be put into GUIDED flight mode... (CH8=NO_SIGNAL, Mode=STABILIZE, Armed=False, Batt=99%, AGL=0.00m)
2026-09-15 19:58:45 | INFO | [STANDBY] Waiting for the aircraft to be put into GUIDED flight mode... (CH8=NO_SIGNAL, Mode=STABILIZE, Armed=False, Batt=99%, AGL=0.00m)
2026-09-15 19:58:58 | INFO | [AP STATUSTEXT] PreArm: RC not found
2026-09-15 19:58:58 | INFO | [AP STATUSTEXT] PreArm: Battery 1 below minimum arming voltage
2026-09-15 19:59:00 | INFO | [STANDBY] Waiting for the aircraft to be put into GUIDED flight mode... (CH8=NO_SIGNAL, Mode=STABILIZE, Armed=False, Batt=99%, AGL=0.00m)
2026-09-15 19:59:15 | INFO | [STANDBY] Waiting for the aircraft to be put into GUIDED flight mode... (CH8=NO_SIGNAL, Mode=STABILIZE, Armed=False, Batt=99%, AGL=0.00m)
2026-09-15 19:59:29 | INFO | [AP STATUSTEXT] PreArm: RC not found
2026-09-15 19:59:29 | INFO | [AP STATUSTEXT] PreArm: Battery 1 below minimum arming voltage
2026-09-15 19:59:30 | INFO | [STANDBY] Waiting for the aircraft to be put into GUIDED flight mode... (CH8=NO_SIGNAL, Mode=STABILIZE, Armed=False, Batt=99%, AGL=0.00m)
2026-09-15 19:59:45 | INFO | [STANDBY] Waiting for the aircraft to be put into GUIDED flight mode... (CH8=NO_SIGNAL, Mode=STABILIZE, Armed=False, Batt=99%, AGL=0.00m)
2026-09-15 20:00:00 | INFO | [STANDBY] Waiting for the aircraft to be put into GUIDED flight mode... (CH8=NO_SIGNAL, Mode=STABILIZE, Armed=False, Batt=99%, AGL=0.00m)
2026-09-15 20:00:00 | INFO | [AP STATUSTEXT] PreArm: RC not found
2026-09-15 20:00:00 | INFO | [AP STATUSTEXT] PreArm: Battery 1 below minimum arming voltage
2026-09-15 20:00:15 | INFO | [STANDBY] Waiting for the aircraft to be put into GUIDED flight mode... (CH8=NO_SIGNAL, Mode=STABILIZE, Armed=False, Batt=99%, AGL=0.00m)
2026-09-15 20:00:30 | INFO | [STANDBY] Waiting for the aircraft to be put into GUIDED flight mode... (CH8=NO_SIGNAL, Mode=STABILIZE, Armed=False, Batt=99%, AGL=0.00m)
2026-09-15 20:00:31 | INFO | [AP STATUSTEXT] PreArm: RC not found
2026-09-15 20:00:31 | INFO | [AP STATUSTEXT] PreArm: Battery 1 below minimum arming voltage
2026-09-15 20:00:45 | INFO | [STANDBY] Waiting for the aircraft to be put into GUIDED flight mode... (CH8=NO_SIGNAL, Mode=STABILIZE, Armed=False, Batt=99%, AGL=0.00m)
2026-09-15 20:01:00 | INFO | [STANDBY] Waiting for the aircraft to be put into GUIDED flight mode... (CH8=NO_SIGNAL, Mode=STABILIZE, Armed=False, Batt=99%, AGL=0.00m)
2026-09-15 20:01:02 | INFO | [AP STATUSTEXT] PreArm: RC not found
2026-09-15 20:01:02 | INFO | [AP STATUSTEXT] PreArm: Battery 1 below minimum arming voltage
2026-09-15 20:01:15 | INFO | [STANDBY] Waiting for the aircraft to be put into GUIDED flight mode... (CH8=NO_SIGNAL, Mode=STABILIZE, Armed=False, Batt=99%, AGL=0.00m)
2026-09-15 20:01:30 | INFO | [STANDBY] Waiting for the aircraft to be put into GUIDED flight mode... (CH8=NO_SIGNAL, Mode=STABILIZE, Armed=False, Batt=99%, AGL=0.00m)
2026-09-15 20:01:33 | INFO | [AP STATUSTEXT] PreArm: RC not found
2026-09-15 20:01:33 | INFO | [AP STATUSTEXT] PreArm: Battery 1 below minimum arming voltage
2026-09-15 20:01:45 | INFO | [STANDBY] Waiting for the aircraft to be put into GUIDED flight mode... (CH8=NO_SIGNAL, Mode=STABILIZE, Armed=False, Batt=99%, AGL=0.00m)
2026-09-15 20:02:00 | INFO | [STANDBY] Waiting for the aircraft to be put into GUIDED flight mode... (CH8=NO_SIGNAL, Mode=STABILIZE, Armed=False, Batt=99%, AGL=0.00m)
2026-09-15 20:02:04 | INFO | [AP STATUSTEXT] PreArm: RC not found
2026-09-15 20:02:04 | INFO | [AP STATUSTEXT] PreArm: Battery 1 below minimum arming voltage
2026-09-15 20:02:15 | INFO | [STANDBY] Waiting for the aircraft to be put into GUIDED flight mode... (CH8=NO_SIGNAL, Mode=STABILIZE, Armed=False, Batt=99%, AGL=0.00m)
2026-09-15 20:02:30 | INFO | [STANDBY] Waiting for the aircraft to be put into GUIDED flight mode... (CH8=NO_SIGNAL, Mode=STABILIZE, Armed=False, Batt=99%, AGL=0.00m)
2026-09-15 20:02:34 | INFO | [AP STATUSTEXT] PreArm: RC not found
2026-09-15 20:02:34 | INFO | [AP STATUSTEXT] PreArm: Battery 1 below minimum arming voltage
2026-09-15 20:02:45 | INFO | [STANDBY] Waiting for the aircraft to be put into GUIDED flight mode... (CH8=NO_SIGNAL, Mode=STABILIZE, Armed=False, Batt=99%, AGL=0.00m)
2026-09-15 20:03:00 | INFO | [STANDBY] Waiting for the aircraft to be put into GUIDED flight mode... (CH8=NO_SIGNAL, Mode=STABILIZE, Armed=False, Batt=99%, AGL=0.00m)
2026-09-15 20:03:05 | INFO | [AP STATUSTEXT] PreArm: RC not found
2026-09-15 20:03:05 | INFO | [AP STATUSTEXT] PreArm: Battery 1 below minimum arming voltage
2026-09-15 20:03:15 | INFO | [STANDBY] Waiting for the aircraft to be put into GUIDED flight mode... (CH8=NO_SIGNAL, Mode=STABILIZE, Armed=False, Batt=99%, AGL=0.00m)
2026-09-15 20:03:30 | INFO | [STANDBY] Waiting for the aircraft to be put into GUIDED flight mode... (CH8=NO_SIGNAL, Mode=STABILIZE, Armed=False, Batt=99%, AGL=0.00m)
2026-09-15 20:03:36 | INFO | [AP STATUSTEXT] PreArm: RC not found
2026-09-15 20:03:36 | INFO | [AP STATUSTEXT] PreArm: Battery 1 below minimum arming voltage
2026-09-15 20:03:45 | INFO | [STANDBY] Waiting for the aircraft to be put into GUIDED flight mode... (CH8=NO_SIGNAL, Mode=STABILIZE, Armed=False, Batt=99%, AGL=0.00m)
2026-09-15 20:04:00 | INFO | [STANDBY] Waiting for the aircraft to be put into GUIDED flight mode... (CH8=NO_SIGNAL, Mode=STABILIZE, Armed=False, Batt=99%, AGL=0.00m)
2026-09-15 20:04:07 | INFO | [AP STATUSTEXT] PreArm: RC not found
2026-09-15 20:04:07 | INFO | [AP STATUSTEXT] PreArm: Battery 1 below minimum arming voltage
2026-09-15 20:04:15 | INFO | [STANDBY] Waiting for the aircraft to be put into GUIDED flight mode... (CH8=NO_SIGNAL, Mode=STABILIZE, Armed=False, Batt=99%, AGL=0.00m)
2026-09-15 20:04:30 | INFO | [STANDBY] Waiting for the aircraft to be put into GUIDED flight mode... (CH8=NO_SIGNAL, Mode=STABILIZE, Armed=False, Batt=99%, AGL=0.00m)
2026-09-15 20:04:38 | INFO | [AP STATUSTEXT] PreArm: RC not found
2026-09-15 20:04:38 | INFO | [AP STATUSTEXT] PreArm: Battery 1 below minimum arming voltage
2026-09-15 20:04:45 | INFO | [STANDBY] Waiting for the aircraft to be put into GUIDED flight mode... (CH8=NO_SIGNAL, Mode=STABILIZE, Armed=False, Batt=99%, AGL=0.00m)
2026-09-15 20:05:00 | INFO | [STANDBY] Waiting for the aircraft to be put into GUIDED flight mode... (CH8=NO_SIGNAL, Mode=STABILIZE, Armed=False, Batt=99%, AGL=0.00m)
2026-09-15 20:05:09 | INFO | [AP STATUSTEXT] PreArm: RC not found
2026-09-15 20:05:09 | INFO | [AP STATUSTEXT] PreArm: Battery 1 below minimum arming voltage
2026-09-15 20:05:15 | INFO | [STANDBY] Waiting for the aircraft to be put into GUIDED flight mode... (CH8=NO_SIGNAL, Mode=STABILIZE, Armed=False, Batt=99%, AGL=0.00m)
2026-09-15 20:05:30 | INFO | [STANDBY] Waiting for the aircraft to be put into GUIDED flight mode... (CH8=NO_SIGNAL, Mode=STABILIZE, Armed=False, Batt=99%, AGL=0.00m)
2026-09-15 20:05:40 | INFO | [AP STATUSTEXT] PreArm: RC not found
2026-09-15 20:05:40 | INFO | [AP STATUSTEXT] PreArm: Battery 1 below minimum arming voltage
2026-09-15 20:05:45 | INFO | [STANDBY] Waiting for the aircraft to be put into GUIDED flight mode... (CH8=NO_SIGNAL, Mode=STABILIZE, Armed=False, Batt=99%, AGL=0.00m)
2026-09-15 20:06:00 | INFO | [STANDBY] Waiting for the aircraft to be put into GUIDED flight mode... (CH8=NO_SIGNAL, Mode=STABILIZE, Armed=False, Batt=99%, AGL=0.00m)
2026-09-15 20:06:10 | INFO | [AP STATUSTEXT] PreArm: RC not found
2026-09-15 20:06:10 | INFO | [AP STATUSTEXT] PreArm: Battery 1 below minimum arming voltage
2026-09-15 20:06:15 | INFO | [STANDBY] Waiting for the aircraft to be put into GUIDED flight mode... (CH8=NO_SIGNAL, Mode=STABILIZE, Armed=False, Batt=99%, AGL=0.00m)
2026-09-15 20:06:30 | INFO | [STANDBY] Waiting for the aircraft to be put into GUIDED flight mode... (CH8=NO_SIGNAL, Mode=STABILIZE, Armed=False, Batt=99%, AGL=0.00m)
2026-09-15 20:06:41 | INFO | [AP STATUSTEXT] PreArm: RC not found
2026-09-15 20:06:41 | INFO | [AP STATUSTEXT] PreArm: Battery 1 below minimum arming voltage
2026-09-15 20:06:45 | INFO | [STANDBY] Waiting for the aircraft to be put into GUIDED flight mode... (CH8=NO_SIGNAL, Mode=STABILIZE, Armed=False, Batt=99%, AGL=0.00m)
2026-09-15 20:07:00 | INFO | [STANDBY] Waiting for the aircraft to be put into GUIDED flight mode... (CH8=NO_SIGNAL, Mode=STABILIZE, Armed=False, Batt=99%, AGL=0.00m)
2026-09-15 20:07:12 | INFO | [AP STATUSTEXT] PreArm: RC not found
2026-09-15 20:07:12 | INFO | [AP STATUSTEXT] PreArm: Battery 1 below minimum arming voltage
2026-09-15 20:07:15 | INFO | [STANDBY] Waiting for the aircraft to be put into GUIDED flight mode... (CH8=NO_SIGNAL, Mode=STABILIZE, Armed=False, Batt=99%, AGL=0.00m)
2026-09-15 20:07:30 | INFO | [STANDBY] Waiting for the aircraft to be put into GUIDED flight mode... (CH8=NO_SIGNAL, Mode=STABILIZE, Armed=False, Batt=99%, AGL=0.00m)
2026-09-15 20:07:43 | INFO | [AP STATUSTEXT] PreArm: RC not found
2026-09-15 20:07:43 | INFO | [AP STATUSTEXT] PreArm: Battery 1 below minimum arming voltage
2026-09-15 20:07:45 | INFO | [STANDBY] Waiting for the aircraft to be put into GUIDED flight mode... (CH8=NO_SIGNAL, Mode=STABILIZE, Armed=False, Batt=99%, AGL=0.00m)
2026-09-15 20:08:00 | INFO | [STANDBY] Waiting for the aircraft to be put into GUIDED flight mode... (CH8=NO_SIGNAL, Mode=STABILIZE, Armed=False, Batt=99%, AGL=0.00m)
2026-09-15 20:08:13 | INFO | [AP STATUSTEXT] PreArm: RC not found
2026-09-15 20:08:13 | INFO | [AP STATUSTEXT] PreArm: Battery 1 below minimum arming voltage
2026-09-15 20:08:15 | INFO | [STANDBY] Waiting for the aircraft to be put into GUIDED flight mode... (CH8=NO_SIGNAL, Mode=STABILIZE, Armed=False, Batt=99%, AGL=0.00m)
2026-09-15 20:08:30 | INFO | [STANDBY] Waiting for the aircraft to be put into GUIDED flight mode... (CH8=NO_SIGNAL, Mode=STABILIZE, Armed=False, Batt=99%, AGL=0.00m)
2026-09-15 20:08:44 | INFO | [AP STATUSTEXT] PreArm: RC not found
2026-09-15 20:08:44 | INFO | [AP STATUSTEXT] PreArm: Battery 1 below minimum arming voltage
2026-09-15 20:08:45 | INFO | [STANDBY] Waiting for the aircraft to be put into GUIDED flight mode... (CH8=NO_SIGNAL, Mode=STABILIZE, Armed=False, Batt=99%, AGL=0.00m)
2026-09-15 20:09:00 | INFO | [STANDBY] Waiting for the aircraft to be put into GUIDED flight mode... (CH8=NO_SIGNAL, Mode=STABILIZE, Armed=False, Batt=99%, AGL=0.00m)
2026-09-15 20:09:15 | INFO | [STANDBY] Waiting for the aircraft to be put into GUIDED flight mode... (CH8=NO_SIGNAL, Mode=STABILIZE, Armed=False, Batt=99%, AGL=0.00m)
2026-09-15 20:09:15 | INFO | [AP STATUSTEXT] PreArm: RC not found
2026-09-15 20:09:15 | INFO | [AP STATUSTEXT] PreArm: Battery 1 below minimum arming voltage
2026-09-15 20:09:30 | INFO | [STANDBY] Waiting for the aircraft to be put into GUIDED flight mode... (CH8=NO_SIGNAL, Mode=STABILIZE, Armed=False, Batt=99%, AGL=0.00m)
2026-09-15 20:09:45 | INFO | [STANDBY] Waiting for the aircraft to be put into GUIDED flight mode... (CH8=NO_SIGNAL, Mode=STABILIZE, Armed=False, Batt=98%, AGL=0.00m)
2026-09-15 20:09:46 | INFO | [AP STATUSTEXT] PreArm: RC not found
2026-09-15 20:09:46 | INFO | [AP STATUSTEXT] PreArm: Battery 1 below minimum arming voltage
2026-09-15 20:10:00 | INFO | [STANDBY] Waiting for the aircraft to be put into GUIDED flight mode... (CH8=NO_SIGNAL, Mode=STABILIZE, Armed=False, Batt=98%, AGL=0.00m)
2026-09-15 20:10:15 | INFO | [STANDBY] Waiting for the aircraft to be put into GUIDED flight mode... (CH8=NO_SIGNAL, Mode=STABILIZE, Armed=False, Batt=98%, AGL=0.00m)
2026-09-15 20:10:17 | INFO | [AP STATUSTEXT] PreArm: RC not found
2026-09-15 20:10:17 | INFO | [AP STATUSTEXT] PreArm: Battery 1 below minimum arming voltage
2026-09-15 20:10:30 | INFO | [STANDBY] Waiting for the aircraft to be put into GUIDED flight mode... (CH8=NO_SIGNAL, Mode=STABILIZE, Armed=False, Batt=98%, AGL=0.00m)
2026-09-15 20:10:38 | INFO | Received exit signal 15. Finalizing video and exiting...
2026-09-15 20:10:39 | INFO | ==========================================================
2026-09-15 20:10:39 | INFO | === ARDUPILOT POLYGON RASTER COVERAGE MISSION ===
2026-09-15 20:10:39 | INFO | ==========================================================
2026-09-15 20:10:39 | INFO | Project directory : /home/aahswarm/ardupilotPatterenTest
2026-09-15 20:10:39 | INFO | Mission log       : /home/aahswarm/ardupilotPatterenTest/ardupilot_raster_mission.log
2026-09-15 20:10:39 | INFO | Trigger file      : /home/aahswarm/ardupilotPatterenTest/START_RASTER_MISSION
2026-09-15 20:10:39 | INFO | Recordings        : /home/aahswarm/ardupilotPatterenTest/recordings/
2026-09-15 20:10:39 | INFO | =========================================================
2026-09-15 20:10:39 | INFO | === POLYGON RASTER MISSION PLAN ===
2026-09-15 20:10:39 | INFO | =========================================================
2026-09-15 20:10:39 | INFO |   Corner A: 13.3458930, 74.7940200
2026-09-15 20:10:39 | INFO |   Corner B: 13.3457120, 74.7940430
2026-09-15 20:10:39 | INFO |   Corner C: 13.3457030, 74.7940100
2026-09-15 20:10:39 | INFO |   Corner D: 13.3458870, 74.7939650
2026-09-15 20:10:39 | INFO |   Sides: AB=20.30m BC=3.71m CD=21.05m DA=5.99m; area=99.90m^2
2026-09-15 20:10:39 | INFO |   Corner angles: A=90.7 B=98.6 C=87.7 D=83.0 deg (a rectangle is not required)
2026-09-15 20:10:39 | INFO |   Inward safety inset: 0.20m -> inset area 89.84m^2
2026-09-15 20:10:39 | INFO |   Raster direction: A->B, bearing 173.0 deg, alternating
2026-09-15 20:10:39 | INFO |   Passes: 6, spacing 0.928m (requested 1.000m), waypoints 12
2026-09-15 20:10:39 | INFO |   Path length 109.8m, estimated 220s at 0.50m/s (horizontal travel only)
2026-09-15 20:10:39 | INFO |   Containment: 12/12 waypoints and 11 segments verified inside the inset polygon (2213 samples); worst clearance +0.200m from the polygon edge
2026-09-15 20:10:39 | INFO |   Outer safety geofence: area 217.93m^2, sides 10.24m, 24.00m, 7.46m, 25.53m, winding CCW
2026-09-15 20:10:39 | INFO |   Inner inside outer: minimum separation 1.97m (corners A=1.99m, B=1.97m, C=1.97m, D=2.01m); raster path worst 2.18m, 1.68m against the effective boundary
2026-09-15 20:10:39 | INFO |   Outer safety geofence: 4 GPS corners, effective boundary 0.50m inside them (independent safety layer, NOT the mission polygon, NOT an ArduPilot fence)
2026-09-15 20:10:39 | INFO |   Inner runtime breach tolerance: 0.50m beyond the mission-polygon edge, enforced during the RASTER phase only
2026-09-15 20:10:39 | INFO |   Max planned distance from polygon centroid: 11.20m
2026-09-15 20:10:39 | INFO | ==========================================================
2026-09-15 20:10:39 | INFO | === ARDUPILOT CONTINUOUS AUTONOMOUS MISSION DAEMON ===
2026-09-15 20:10:39 | INFO | ==========================================================
2026-09-15 20:10:39 | INFO | Mission Parameters: Port=auto-discover, Baud=115200, TakeoffAlt=2.0m, DescentSpeed=0.15m/s, TouchdownSpeed=0.08m/s, Orbit=3.0m x 1.0 at 0.5m/s, HorizontalFence=4.0m, Geofence=DISABLED
2026-09-15 20:10:39 | INFO | Connecting to ArduPilot flight controller at /dev/serial/by-id/usb-ArduPilot_MicoAir743v2_300020001251333236353637-if00 (baud: 115200)...
2026-09-15 20:10:39 | INFO | Waiting for ArduPilot heartbeat...
2026-09-15 20:10:39 | INFO | Connected to ArduPilot! (System ID: 1, Component ID: 1)
2026-09-15 20:10:39 | INFO | Starting GCS heartbeat sender (1 Hz)...
2026-09-15 20:10:39 | INFO | Requesting telemetry message streams from ArduPilot...
2026-09-15 20:10:39 | INFO | [RASTER] Position snapshot hook attached to the existing MAVLink receive path (no additional reader).
2026-09-15 20:10:39 | INFO | [FC LOG] Verbose flight-controller log attached to the existing MAVLink receive path (no additional reader) -> /home/aahswarm/ardupilotPatterenTest/fc_telemetry.log [level=full]
2026-09-15 20:10:39 | WARNING | Geofence DISABLED (CONFIGURE_FENCE=0) — writing FENCE_ENABLE=0. There is no automatic containment: the pilot is responsible for keeping the aircraft inside the test area, taking manual control on the transmitter if it drifts.
2026-09-15 20:10:39 | INFO | Configured ArduPilot parameter: LAND_SPEED = 20.0
2026-09-15 20:10:39 | INFO | Configured ArduPilot parameter: LAND_ALT_LOW = 150.0
2026-09-15 20:10:39 | WARNING | [CH8] No RC receiver data (chancount=0, raw=0). CH8 triggering is unavailable.
2026-09-15 20:10:39 | INFO | Configured ArduPilot parameter: WPNAV_SPEED_UP = 50.0
2026-09-15 20:10:39 | INFO | Configured ArduPilot parameter: WPNAV_ACCEL_Z = 50.0
2026-09-15 20:10:40 | INFO | Configured ArduPilot parameter: BATT_FS_LOW_ACT = 1.0
2026-09-15 20:10:40 | INFO | Configured ArduPilot parameter: BATT_FS_CRT_ACT = 1.0
2026-09-15 20:10:40 | INFO | Configured ArduPilot parameter: FS_THR_ENABLE = 3.0
2026-09-15 20:10:40 | INFO | Configured ArduPilot parameter: FS_GCS_ENABLE = 5.0
2026-09-15 20:10:40 | INFO | Configured ArduPilot parameter: FENCE_ENABLE = 0.0
2026-09-15 20:10:40 | INFO | Configured ArduPilot parameter: ARMING_CHECK = 1.0
2026-09-15 20:10:43 | INFO | ArduPilot Health: Mode=STABILIZE, Armed=False, AGL=0.00m (src=GLOBAL_POSITION_INT), GPS=Fix=3 (Sats: 19), EKF=FAIL, Batt=98% (0.01V), RC=NONE
2026-09-15 20:10:43 | WARNING | Flight controller reports NO RC receiver data (RC_CHANNELS chancount=0).
2026-09-15 20:10:43 | WARNING | Flight controller reports battery voltage 0.01V — no flight battery detected. The motors cannot run on USB power alone.
2026-09-15 20:10:43 | INFO | System initialized and READY in STANDBY mode.
2026-09-15 20:10:43 | INFO | Continuous flight supervisor active. Ready for flight triggers.
2026-09-15 20:10:43 | INFO | [TRIGGER] Mission starts on an observed transition into GUIDED flight mode (CH8 must also be GUIDED when a receiver is present). The CH8 launch condition is disabled; CH8=MANUAL/LAND still aborts.
2026-09-15 20:10:43 | WARNING | No RC receiver data. CH8 triggering is unavailable; create /home/aahswarm/ardupilotPatterenTest/START_RASTER_MISSION to start a mission.
2026-09-15 20:10:43 | INFO | [SUPERVISOR] CH8 state: None -> NO_SIGNAL (Mode=STABILIZE, Armed=False, InAir=False, AGL=0.00m)
2026-09-15 20:10:43 | INFO | [SUPERVISOR] Flight mode: None -> STABILIZE (CH8=NO_SIGNAL, Armed=False, InAir=False, AGL=0.00m)
2026-09-15 20:10:43 | INFO | [SUPERVISOR] GUIDED-mode trigger armed — putting the aircraft into GUIDED will now start an autonomous mission.
2026-09-15 20:10:43 | INFO | [STANDBY] Waiting for the aircraft to be put into GUIDED flight mode... (CH8=NO_SIGNAL, Mode=STABILIZE, Armed=False, Batt=98%, AGL=0.00m)
2026-09-15 20:10:48 | INFO | [AP STATUSTEXT] PreArm: RC not found
2026-09-15 20:10:48 | INFO | [AP STATUSTEXT] PreArm: Battery 1 below minimum arming voltage
2026-09-15 20:10:58 | INFO | [STANDBY] Waiting for the aircraft to be put into GUIDED flight mode... (CH8=NO_SIGNAL, Mode=STABILIZE, Armed=False, Batt=98%, AGL=0.00m)
2026-09-15 20:11:13 | INFO | [STANDBY] Waiting for the aircraft to be put into GUIDED flight mode... (CH8=NO_SIGNAL, Mode=STABILIZE, Armed=False, Batt=98%, AGL=0.00m)
2026-09-15 20:11:19 | INFO | [AP STATUSTEXT] PreArm: RC not found
2026-09-15 20:11:19 | INFO | [AP STATUSTEXT] PreArm: Battery 1 below minimum arming voltage
2026-09-15 20:11:28 | INFO | [STANDBY] Waiting for the aircraft to be put into GUIDED flight mode... (CH8=NO_SIGNAL, Mode=STABILIZE, Armed=False, Batt=98%, AGL=0.00m)
2026-09-15 20:11:43 | INFO | [STANDBY] Waiting for the aircraft to be put into GUIDED flight mode... (CH8=NO_SIGNAL, Mode=STABILIZE, Armed=False, Batt=98%, AGL=0.00m)
2026-09-15 20:11:49 | INFO | [AP STATUSTEXT] PreArm: RC not found
2026-09-15 20:11:49 | INFO | [AP STATUSTEXT] PreArm: Battery 1 below minimum arming voltage
2026-09-15 20:11:58 | INFO | [STANDBY] Waiting for the aircraft to be put into GUIDED flight mode... (CH8=NO_SIGNAL, Mode=STABILIZE, Armed=False, Batt=98%, AGL=0.00m)
2026-09-15 20:12:13 | INFO | [STANDBY] Waiting for the aircraft to be put into GUIDED flight mode... (CH8=NO_SIGNAL, Mode=STABILIZE, Armed=False, Batt=98%, AGL=0.00m)
2026-09-15 20:12:20 | INFO | [AP STATUSTEXT] PreArm: RC not found
2026-09-15 20:12:20 | INFO | [AP STATUSTEXT] PreArm: Battery 1 below minimum arming voltage
2026-09-15 20:12:28 | INFO | [STANDBY] Waiting for the aircraft to be put into GUIDED flight mode... (CH8=NO_SIGNAL, Mode=STABILIZE, Armed=False, Batt=98%, AGL=0.00m)
2026-09-15 20:12:43 | INFO | [STANDBY] Waiting for the aircraft to be put into GUIDED flight mode... (CH8=NO_SIGNAL, Mode=STABILIZE, Armed=False, Batt=98%, AGL=0.00m)
2026-09-15 20:12:51 | INFO | [AP STATUSTEXT] PreArm: RC not found
2026-09-15 20:12:51 | INFO | [AP STATUSTEXT] PreArm: Battery 1 below minimum arming voltage
2026-09-15 20:12:58 | INFO | [STANDBY] Waiting for the aircraft to be put into GUIDED flight mode... (CH8=NO_SIGNAL, Mode=STABILIZE, Armed=False, Batt=98%, AGL=0.00m)
2026-09-15 20:13:13 | INFO | [STANDBY] Waiting for the aircraft to be put into GUIDED flight mode... (CH8=NO_SIGNAL, Mode=STABILIZE, Armed=False, Batt=98%, AGL=0.00m)
2026-09-15 20:13:21 | INFO | [AP STATUSTEXT] PreArm: RC not found
2026-09-15 20:13:21 | INFO | [AP STATUSTEXT] PreArm: Battery 1 below minimum arming voltage
2026-09-15 20:13:28 | INFO | [STANDBY] Waiting for the aircraft to be put into GUIDED flight mode... (CH8=NO_SIGNAL, Mode=STABILIZE, Armed=False, Batt=98%, AGL=0.00m)
2026-09-15 20:13:43 | INFO | [STANDBY] Waiting for the aircraft to be put into GUIDED flight mode... (CH8=NO_SIGNAL, Mode=STABILIZE, Armed=False, Batt=98%, AGL=0.00m)
2026-09-15 20:13:52 | INFO | [AP STATUSTEXT] PreArm: RC not found
2026-09-15 20:13:52 | INFO | [AP STATUSTEXT] PreArm: Battery 1 below minimum arming voltage
2026-09-15 20:13:58 | INFO | [STANDBY] Waiting for the aircraft to be put into GUIDED flight mode... (CH8=NO_SIGNAL, Mode=STABILIZE, Armed=False, Batt=98%, AGL=0.00m)
2026-09-15 20:14:13 | INFO | [STANDBY] Waiting for the aircraft to be put into GUIDED flight mode... (CH8=NO_SIGNAL, Mode=STABILIZE, Armed=False, Batt=98%, AGL=0.00m)
2026-09-15 20:14:23 | INFO | [AP STATUSTEXT] PreArm: RC not found
2026-09-15 20:14:23 | INFO | [AP STATUSTEXT] PreArm: Battery 1 below minimum arming voltage
2026-09-15 20:14:28 | INFO | [STANDBY] Waiting for the aircraft to be put into GUIDED flight mode... (CH8=NO_SIGNAL, Mode=STABILIZE, Armed=False, Batt=98%, AGL=0.00m)
2026-09-15 20:14:37 | INFO | Received exit signal 15. Finalizing video and exiting...
2026-09-15 20:14:37 | INFO | ==========================================================
2026-09-15 20:14:37 | INFO | === ARDUPILOT POLYGON RASTER COVERAGE MISSION ===
2026-09-15 20:14:37 | INFO | ==========================================================
2026-09-15 20:14:37 | INFO | Project directory : /home/aahswarm/ardupilotPatterenTest
2026-09-15 20:14:37 | INFO | Mission log       : /home/aahswarm/ardupilotPatterenTest/ardupilot_raster_mission.log
2026-09-15 20:14:37 | INFO | Trigger file      : /home/aahswarm/ardupilotPatterenTest/START_RASTER_MISSION
2026-09-15 20:14:37 | INFO | Recordings        : /home/aahswarm/ardupilotPatterenTest/recordings/
2026-09-15 20:14:37 | INFO | =========================================================
2026-09-15 20:14:37 | INFO | === POLYGON RASTER MISSION PLAN ===
2026-09-15 20:14:37 | INFO | =========================================================
2026-09-15 20:14:37 | INFO |   Corner A: 13.3458930, 74.7940200
2026-09-15 20:14:37 | INFO |   Corner B: 13.3457120, 74.7940430
2026-09-15 20:14:37 | INFO |   Corner C: 13.3457030, 74.7940100
2026-09-15 20:14:37 | INFO |   Corner D: 13.3458870, 74.7939650
2026-09-15 20:14:37 | INFO |   Sides: AB=20.30m BC=3.71m CD=21.05m DA=5.99m; area=99.90m^2
2026-09-15 20:14:37 | INFO |   Corner angles: A=90.7 B=98.6 C=87.7 D=83.0 deg (a rectangle is not required)
2026-09-15 20:14:37 | INFO |   Inward safety inset: 0.20m -> inset area 89.84m^2
2026-09-15 20:14:37 | INFO |   Raster direction: A->B, bearing 173.0 deg, alternating
2026-09-15 20:14:37 | INFO |   Passes: 6, spacing 0.928m (requested 1.000m), waypoints 12
2026-09-15 20:14:37 | INFO |   Path length 109.8m, estimated 220s at 0.50m/s (horizontal travel only)
2026-09-15 20:14:37 | INFO |   Containment: 12/12 waypoints and 11 segments verified inside the inset polygon (2213 samples); worst clearance +0.200m from the polygon edge
2026-09-15 20:14:37 | INFO |   Outer safety geofence: area 217.93m^2, sides 10.24m, 24.00m, 7.46m, 25.53m, winding CCW
2026-09-15 20:14:37 | INFO |   Inner inside outer: minimum separation 1.97m (corners A=1.99m, B=1.97m, C=1.97m, D=2.01m); raster path worst 2.18m, 1.68m against the effective boundary
2026-09-15 20:14:37 | INFO |   Outer safety geofence: 4 GPS corners, effective boundary 0.50m inside them (independent safety layer, NOT the mission polygon, NOT an ArduPilot fence)
2026-09-15 20:14:37 | INFO |   Inner runtime breach tolerance: 0.50m beyond the mission-polygon edge, enforced during the RASTER phase only
2026-09-15 20:14:37 | INFO |   Max planned distance from polygon centroid: 11.20m
2026-09-15 20:14:37 | INFO | ==========================================================
2026-09-15 20:14:37 | INFO | === ARDUPILOT CONTINUOUS AUTONOMOUS MISSION DAEMON ===
2026-09-15 20:14:37 | INFO | ==========================================================
2026-09-15 20:14:37 | INFO | Mission Parameters: Port=auto-discover, Baud=115200, TakeoffAlt=2.0m, DescentSpeed=0.15m/s, TouchdownSpeed=0.08m/s, Orbit=3.0m x 1.0 at 0.5m/s, HorizontalFence=4.0m, Geofence=DISABLED
2026-09-15 20:14:37 | INFO | Connecting to ArduPilot flight controller at /dev/serial/by-id/usb-ArduPilot_MicoAir743v2_300020001251333236353637-if00 (baud: 115200)...
2026-09-15 20:14:37 | INFO | Waiting for ArduPilot heartbeat...
2026-09-15 20:14:38 | INFO | Connected to ArduPilot! (System ID: 1, Component ID: 1)
2026-09-15 20:14:38 | INFO | Starting GCS heartbeat sender (1 Hz)...
2026-09-15 20:14:38 | INFO | Requesting telemetry message streams from ArduPilot...
2026-09-15 20:14:38 | INFO | [RASTER] Position snapshot hook attached to the existing MAVLink receive path (no additional reader).
2026-09-15 20:14:38 | INFO | [FC LOG] Verbose flight-controller log attached to the existing MAVLink receive path (no additional reader) -> /home/aahswarm/ardupilotPatterenTest/fc_telemetry.log [level=full]
2026-09-15 20:14:38 | WARNING | Geofence DISABLED (CONFIGURE_FENCE=0) — writing FENCE_ENABLE=0. There is no automatic containment: the pilot is responsible for keeping the aircraft inside the test area, taking manual control on the transmitter if it drifts.
2026-09-15 20:14:38 | INFO | Configured ArduPilot parameter: LAND_SPEED = 20.0
2026-09-15 20:14:38 | INFO | Configured ArduPilot parameter: LAND_ALT_LOW = 150.0
2026-09-15 20:14:38 | WARNING | [CH8] No RC receiver data (chancount=0, raw=0). CH8 triggering is unavailable.
2026-09-15 20:14:38 | INFO | Configured ArduPilot parameter: WPNAV_SPEED_UP = 50.0
2026-09-15 20:14:38 | INFO | Configured ArduPilot parameter: WPNAV_ACCEL_Z = 50.0
2026-09-15 20:14:38 | INFO | Configured ArduPilot parameter: BATT_FS_LOW_ACT = 1.0
2026-09-15 20:14:38 | INFO | Configured ArduPilot parameter: BATT_FS_CRT_ACT = 1.0
2026-09-15 20:14:38 | INFO | Configured ArduPilot parameter: FS_THR_ENABLE = 3.0
2026-09-15 20:14:38 | INFO | Configured ArduPilot parameter: FS_GCS_ENABLE = 5.0
2026-09-15 20:14:38 | INFO | Configured ArduPilot parameter: FENCE_ENABLE = 0.0
2026-09-15 20:14:38 | INFO | Configured ArduPilot parameter: ARMING_CHECK = 1.0
2026-09-15 20:14:41 | INFO | ArduPilot Health: Mode=STABILIZE, Armed=False, AGL=0.00m (src=GLOBAL_POSITION_INT), GPS=Fix=3 (Sats: 16), EKF=FAIL, Batt=98% (0.01V), RC=NONE
2026-09-15 20:14:41 | WARNING | Flight controller reports NO RC receiver data (RC_CHANNELS chancount=0).
2026-09-15 20:14:41 | WARNING | Flight controller reports battery voltage 0.01V — no flight battery detected. The motors cannot run on USB power alone.
2026-09-15 20:14:41 | INFO | System initialized and READY in STANDBY mode.
2026-09-15 20:14:41 | INFO | Continuous flight supervisor active. Ready for flight triggers.
2026-09-15 20:14:41 | INFO | [TRIGGER] Mission starts on an observed transition into GUIDED flight mode (CH8 must also be GUIDED when a receiver is present). The CH8 launch condition is disabled; CH8=MANUAL/LAND still aborts.
2026-09-15 20:14:41 | WARNING | No RC receiver data. CH8 triggering is unavailable; create /home/aahswarm/ardupilotPatterenTest/START_RASTER_MISSION to start a mission.
2026-09-15 20:14:41 | INFO | [SUPERVISOR] CH8 state: None -> NO_SIGNAL (Mode=STABILIZE, Armed=False, InAir=False, AGL=0.00m)
2026-09-15 20:14:41 | INFO | [SUPERVISOR] Flight mode: None -> STABILIZE (CH8=NO_SIGNAL, Armed=False, InAir=False, AGL=0.00m)
2026-09-15 20:14:41 | INFO | [SUPERVISOR] GUIDED-mode trigger armed — putting the aircraft into GUIDED will now start an autonomous mission.
2026-09-15 20:14:41 | INFO | [STANDBY] Waiting for the aircraft to be put into GUIDED flight mode... (CH8=NO_SIGNAL, Mode=STABILIZE, Armed=False, Batt=98%, AGL=0.00m)
2026-09-15 20:14:54 | INFO | [AP STATUSTEXT] PreArm: RC not found
2026-09-15 20:14:54 | INFO | [AP STATUSTEXT] PreArm: Battery 1 below minimum arming voltage
2026-09-15 20:14:56 | INFO | [STANDBY] Waiting for the aircraft to be put into GUIDED flight mode... (CH8=NO_SIGNAL, Mode=STABILIZE, Armed=False, Batt=98%, AGL=0.00m)
2026-09-15 20:15:11 | INFO | [STANDBY] Waiting for the aircraft to be put into GUIDED flight mode... (CH8=NO_SIGNAL, Mode=STABILIZE, Armed=False, Batt=98%, AGL=0.00m)
2026-09-15 20:15:25 | INFO | [AP STATUSTEXT] PreArm: RC not found
2026-09-15 20:15:25 | INFO | [AP STATUSTEXT] PreArm: Battery 1 below minimum arming voltage
2026-09-15 20:15:26 | INFO | [STANDBY] Waiting for the aircraft to be put into GUIDED flight mode... (CH8=NO_SIGNAL, Mode=STABILIZE, Armed=False, Batt=98%, AGL=0.00m)
2026-09-15 20:15:41 | INFO | [STANDBY] Waiting for the aircraft to be put into GUIDED flight mode... (CH8=NO_SIGNAL, Mode=STABILIZE, Armed=False, Batt=98%, AGL=0.00m)
2026-09-15 20:15:56 | INFO | [AP STATUSTEXT] PreArm: RC not found
2026-09-15 20:15:56 | INFO | [AP STATUSTEXT] PreArm: Battery 1 below minimum arming voltage
2026-09-15 20:15:56 | INFO | [STANDBY] Waiting for the aircraft to be put into GUIDED flight mode... (CH8=NO_SIGNAL, Mode=STABILIZE, Armed=False, Batt=98%, AGL=0.00m)
2026-09-15 20:16:11 | INFO | [STANDBY] Waiting for the aircraft to be put into GUIDED flight mode... (CH8=NO_SIGNAL, Mode=STABILIZE, Armed=False, Batt=98%, AGL=0.00m)
2026-09-15 20:16:26 | INFO | [STANDBY] Waiting for the aircraft to be put into GUIDED flight mode... (CH8=NO_SIGNAL, Mode=STABILIZE, Armed=False, Batt=98%, AGL=0.00m)
2026-09-15 20:16:27 | INFO | [AP STATUSTEXT] PreArm: RC not found
2026-09-15 20:16:27 | INFO | [AP STATUSTEXT] PreArm: Battery 1 below minimum arming voltage
2026-09-15 20:16:41 | INFO | [STANDBY] Waiting for the aircraft to be put into GUIDED flight mode... (CH8=NO_SIGNAL, Mode=STABILIZE, Armed=False, Batt=98%, AGL=0.00m)
2026-09-15 20:16:56 | INFO | [STANDBY] Waiting for the aircraft to be put into GUIDED flight mode... (CH8=NO_SIGNAL, Mode=STABILIZE, Armed=False, Batt=98%, AGL=0.00m)
2026-09-15 20:16:58 | INFO | [AP STATUSTEXT] PreArm: RC not found
2026-09-15 20:16:58 | INFO | [AP STATUSTEXT] PreArm: Battery 1 below minimum arming voltage
2026-09-15 20:17:11 | INFO | [STANDBY] Waiting for the aircraft to be put into GUIDED flight mode... (CH8=NO_SIGNAL, Mode=STABILIZE, Armed=False, Batt=98%, AGL=0.00m)
2026-09-15 20:17:26 | INFO | [STANDBY] Waiting for the aircraft to be put into GUIDED flight mode... (CH8=NO_SIGNAL, Mode=STABILIZE, Armed=False, Batt=98%, AGL=0.00m)
2026-09-15 20:17:29 | INFO | [AP STATUSTEXT] PreArm: RC not found
2026-09-15 20:17:29 | INFO | [AP STATUSTEXT] PreArm: Battery 1 below minimum arming voltage
2026-09-15 20:17:41 | INFO | [STANDBY] Waiting for the aircraft to be put into GUIDED flight mode... (CH8=NO_SIGNAL, Mode=STABILIZE, Armed=False, Batt=98%, AGL=0.00m)
2026-09-15 20:17:56 | INFO | [STANDBY] Waiting for the aircraft to be put into GUIDED flight mode... (CH8=NO_SIGNAL, Mode=STABILIZE, Armed=False, Batt=98%, AGL=0.00m)
2026-09-15 20:18:00 | INFO | [AP STATUSTEXT] PreArm: RC not found
2026-09-15 20:18:00 | INFO | [AP STATUSTEXT] PreArm: Battery 1 below minimum arming voltage
2026-09-15 20:18:11 | INFO | [STANDBY] Waiting for the aircraft to be put into GUIDED flight mode... (CH8=NO_SIGNAL, Mode=STABILIZE, Armed=False, Batt=98%, AGL=0.00m)
2026-09-15 20:18:20 | INFO | Received exit signal 15. Finalizing video and exiting...
2026-09-15 20:18:21 | INFO | ==========================================================
2026-09-15 20:18:21 | INFO | === ARDUPILOT POLYGON RASTER COVERAGE MISSION ===
2026-09-15 20:18:21 | INFO | ==========================================================
2026-09-15 20:18:21 | INFO | Project directory : /home/aahswarm/ardupilotPatterenTest
2026-09-15 20:18:21 | INFO | Mission log       : /home/aahswarm/ardupilotPatterenTest/ardupilot_raster_mission.log
2026-09-15 20:18:21 | INFO | Trigger file      : /home/aahswarm/ardupilotPatterenTest/START_RASTER_MISSION
2026-09-15 20:18:21 | INFO | Recordings        : /home/aahswarm/ardupilotPatterenTest/recordings/
2026-09-15 20:18:21 | INFO | =========================================================
2026-09-15 20:18:21 | INFO | === POLYGON RASTER MISSION PLAN ===
2026-09-15 20:18:21 | INFO | =========================================================
2026-09-15 20:18:21 | INFO |   Corner A: 13.3458930, 74.7940200
2026-09-15 20:18:21 | INFO |   Corner B: 13.3457120, 74.7940430
2026-09-15 20:18:21 | INFO |   Corner C: 13.3457030, 74.7940100
2026-09-15 20:18:21 | INFO |   Corner D: 13.3458870, 74.7939650
2026-09-15 20:18:21 | INFO |   Sides: AB=20.30m BC=3.71m CD=21.05m DA=5.99m; area=99.90m^2
2026-09-15 20:18:21 | INFO |   Corner angles: A=90.7 B=98.6 C=87.7 D=83.0 deg (a rectangle is not required)
2026-09-15 20:18:21 | INFO |   Inward safety inset: 0.20m -> inset area 89.84m^2
2026-09-15 20:18:21 | INFO |   Raster direction: A->B, bearing 173.0 deg, alternating
2026-09-15 20:18:21 | INFO |   Passes: 6, spacing 0.928m (requested 1.000m), waypoints 12
2026-09-15 20:18:21 | INFO |   Path length 109.8m, estimated 220s at 0.50m/s (horizontal travel only)
2026-09-15 20:18:21 | INFO |   Containment: 12/12 waypoints and 11 segments verified inside the inset polygon (2213 samples); worst clearance +0.200m from the polygon edge
2026-09-15 20:18:21 | INFO |   Outer safety geofence: area 217.93m^2, sides 10.24m, 24.00m, 7.46m, 25.53m, winding CCW
2026-09-15 20:18:21 | INFO |   Inner inside outer: minimum separation 1.97m (corners A=1.99m, B=1.97m, C=1.97m, D=2.01m); raster path worst 2.18m, 1.68m against the effective boundary
2026-09-15 20:18:21 | INFO |   Outer safety geofence: 4 GPS corners, effective boundary 0.50m inside them (independent safety layer, NOT the mission polygon, NOT an ArduPilot fence)
2026-09-15 20:18:21 | INFO |   Inner runtime breach tolerance: 0.50m beyond the mission-polygon edge, enforced during the RASTER phase only
2026-09-15 20:18:21 | INFO |   Max planned distance from polygon centroid: 11.20m
2026-09-15 20:18:21 | INFO | ==========================================================
2026-09-15 20:18:21 | INFO | === ARDUPILOT CONTINUOUS AUTONOMOUS MISSION DAEMON ===
2026-09-15 20:18:21 | INFO | ==========================================================
2026-09-15 20:18:21 | INFO | Mission Parameters: Port=auto-discover, Baud=115200, TakeoffAlt=2.0m, DescentSpeed=0.15m/s, TouchdownSpeed=0.08m/s, Orbit=3.0m x 1.0 at 0.5m/s, HorizontalFence=4.0m, Geofence=DISABLED
2026-09-15 20:18:21 | INFO | Connecting to ArduPilot flight controller at /dev/serial/by-id/usb-ArduPilot_MicoAir743v2_300020001251333236353637-if00 (baud: 115200)...
2026-09-15 20:18:21 | INFO | Waiting for ArduPilot heartbeat...
2026-09-15 20:18:21 | INFO | Connected to ArduPilot! (System ID: 1, Component ID: 1)
2026-09-15 20:18:21 | INFO | Starting GCS heartbeat sender (1 Hz)...
2026-09-15 20:18:21 | INFO | Requesting telemetry message streams from ArduPilot...
2026-09-15 20:18:21 | INFO | [RASTER] Position snapshot hook attached to the existing MAVLink receive path (no additional reader).
2026-09-15 20:18:21 | INFO | [FC LOG] Verbose flight-controller log attached to the existing MAVLink receive path (no additional reader) -> /home/aahswarm/ardupilotPatterenTest/fc_telemetry.log [level=full]
2026-09-15 20:18:21 | WARNING | Geofence DISABLED (CONFIGURE_FENCE=0) — writing FENCE_ENABLE=0. There is no automatic containment: the pilot is responsible for keeping the aircraft inside the test area, taking manual control on the transmitter if it drifts.
2026-09-15 20:18:21 | INFO | Configured ArduPilot parameter: LAND_SPEED = 20.0
2026-09-15 20:18:21 | INFO | Configured ArduPilot parameter: LAND_ALT_LOW = 150.0
2026-09-15 20:18:21 | WARNING | [CH8] No RC receiver data (chancount=0, raw=0). CH8 triggering is unavailable.
2026-09-15 20:18:21 | INFO | Configured ArduPilot parameter: WPNAV_SPEED_UP = 50.0
2026-09-15 20:18:21 | INFO | Configured ArduPilot parameter: WPNAV_ACCEL_Z = 50.0
2026-09-15 20:18:21 | INFO | Configured ArduPilot parameter: BATT_FS_LOW_ACT = 1.0
2026-09-15 20:18:21 | INFO | Configured ArduPilot parameter: BATT_FS_CRT_ACT = 1.0
2026-09-15 20:18:21 | INFO | Configured ArduPilot parameter: FS_THR_ENABLE = 3.0
2026-09-15 20:18:21 | INFO | Configured ArduPilot parameter: FS_GCS_ENABLE = 5.0
2026-09-15 20:18:21 | INFO | Configured ArduPilot parameter: FENCE_ENABLE = 0.0
2026-09-15 20:18:21 | INFO | Configured ArduPilot parameter: ARMING_CHECK = 1.0
2026-09-15 20:18:24 | INFO | ArduPilot Health: Mode=STABILIZE, Armed=False, AGL=0.00m (src=GLOBAL_POSITION_INT), GPS=Fix=3 (Sats: 18), EKF=FAIL, Batt=98% (0.01V), RC=NONE
2026-09-15 20:18:24 | WARNING | Flight controller reports NO RC receiver data (RC_CHANNELS chancount=0).
2026-09-15 20:18:24 | WARNING | Flight controller reports battery voltage 0.01V — no flight battery detected. The motors cannot run on USB power alone.
2026-09-15 20:18:24 | INFO | System initialized and READY in STANDBY mode.
2026-09-15 20:18:24 | INFO | Continuous flight supervisor active. Ready for flight triggers.
2026-09-15 20:18:24 | INFO | [TRIGGER] Mission starts on an observed transition into GUIDED flight mode (CH8 must also be GUIDED when a receiver is present). The CH8 launch condition is disabled; CH8=MANUAL/LAND still aborts.
2026-09-15 20:18:24 | WARNING | No RC receiver data. CH8 triggering is unavailable; create /home/aahswarm/ardupilotPatterenTest/START_RASTER_MISSION to start a mission.
2026-09-15 20:18:24 | INFO | [SUPERVISOR] CH8 state: None -> NO_SIGNAL (Mode=STABILIZE, Armed=False, InAir=False, AGL=0.00m)
2026-09-15 20:18:24 | INFO | [SUPERVISOR] Flight mode: None -> STABILIZE (CH8=NO_SIGNAL, Armed=False, InAir=False, AGL=0.00m)
2026-09-15 20:18:24 | INFO | [SUPERVISOR] GUIDED-mode trigger armed — putting the aircraft into GUIDED will now start an autonomous mission.
2026-09-15 20:18:24 | INFO | [STANDBY] Waiting for the aircraft to be put into GUIDED flight mode... (CH8=NO_SIGNAL, Mode=STABILIZE, Armed=False, Batt=98%, AGL=0.00m)
2026-09-15 20:18:31 | INFO | [AP STATUSTEXT] PreArm: RC not found
2026-09-15 20:18:31 | INFO | [AP STATUSTEXT] PreArm: Battery 1 below minimum arming voltage
2026-09-15 20:18:39 | INFO | [STANDBY] Waiting for the aircraft to be put into GUIDED flight mode... (CH8=NO_SIGNAL, Mode=STABILIZE, Armed=False, Batt=98%, AGL=0.00m)
2026-09-15 20:18:55 | INFO | [STANDBY] Waiting for the aircraft to be put into GUIDED flight mode... (CH8=NO_SIGNAL, Mode=STABILIZE, Armed=False, Batt=98%, AGL=0.00m)
2026-09-15 20:19:02 | INFO | [AP STATUSTEXT] PreArm: RC not found
2026-09-15 20:19:02 | INFO | [AP STATUSTEXT] PreArm: Battery 1 below minimum arming voltage
2026-09-15 20:19:10 | INFO | [STANDBY] Waiting for the aircraft to be put into GUIDED flight mode... (CH8=NO_SIGNAL, Mode=STABILIZE, Armed=False, Batt=98%, AGL=0.00m)
2026-09-15 20:19:25 | INFO | [STANDBY] Waiting for the aircraft to be put into GUIDED flight mode... (CH8=NO_SIGNAL, Mode=STABILIZE, Armed=False, Batt=98%, AGL=0.00m)
2026-09-15 20:19:33 | INFO | [AP STATUSTEXT] PreArm: RC not found
2026-09-15 20:19:33 | INFO | [AP STATUSTEXT] PreArm: Battery 1 below minimum arming voltage
2026-09-15 20:19:40 | INFO | [STANDBY] Waiting for the aircraft to be put into GUIDED flight mode... (CH8=NO_SIGNAL, Mode=STABILIZE, Armed=False, Batt=98%, AGL=0.00m)
2026-09-15 20:19:55 | INFO | [STANDBY] Waiting for the aircraft to be put into GUIDED flight mode... (CH8=NO_SIGNAL, Mode=STABILIZE, Armed=False, Batt=98%, AGL=0.00m)
2026-09-15 20:20:03 | INFO | [AP STATUSTEXT] PreArm: RC not found
2026-09-15 20:20:03 | INFO | [AP STATUSTEXT] PreArm: Battery 1 below minimum arming voltage
2026-09-15 20:20:10 | INFO | [STANDBY] Waiting for the aircraft to be put into GUIDED flight mode... (CH8=NO_SIGNAL, Mode=STABILIZE, Armed=False, Batt=98%, AGL=0.00m)
2026-09-15 20:20:25 | INFO | [STANDBY] Waiting for the aircraft to be put into GUIDED flight mode... (CH8=NO_SIGNAL, Mode=STABILIZE, Armed=False, Batt=98%, AGL=0.00m)
2026-09-15 20:20:34 | INFO | [AP STATUSTEXT] PreArm: RC not found
2026-09-15 20:20:34 | INFO | [AP STATUSTEXT] PreArm: Battery 1 below minimum arming voltage
2026-09-15 20:20:40 | INFO | [STANDBY] Waiting for the aircraft to be put into GUIDED flight mode... (CH8=NO_SIGNAL, Mode=STABILIZE, Armed=False, Batt=98%, AGL=0.00m)
2026-09-15 20:20:55 | INFO | [STANDBY] Waiting for the aircraft to be put into GUIDED flight mode... (CH8=NO_SIGNAL, Mode=STABILIZE, Armed=False, Batt=98%, AGL=0.00m)
2026-09-15 20:21:05 | INFO | [AP STATUSTEXT] PreArm: RC not found
2026-09-15 20:21:05 | INFO | [AP STATUSTEXT] PreArm: Battery 1 below minimum arming voltage
2026-09-15 20:21:10 | INFO | [STANDBY] Waiting for the aircraft to be put into GUIDED flight mode... (CH8=NO_SIGNAL, Mode=STABILIZE, Armed=False, Batt=98%, AGL=0.00m)
2026-09-15 20:21:25 | INFO | [STANDBY] Waiting for the aircraft to be put into GUIDED flight mode... (CH8=NO_SIGNAL, Mode=STABILIZE, Armed=False, Batt=98%, AGL=0.00m)
2026-09-15 20:21:30 | INFO | Received exit signal 15. Finalizing video and exiting...
2026-09-15 20:26:55 | INFO | ==========================================================
2026-09-15 20:26:55 | INFO | === ARDUPILOT POLYGON RASTER COVERAGE MISSION ===
2026-09-15 20:26:55 | INFO | ==========================================================
2026-09-15 20:26:55 | INFO | Project directory : /home/aahswarm/ardupilotPatterenTest
2026-09-15 20:26:55 | INFO | Mission log       : /home/aahswarm/ardupilotPatterenTest/ardupilot_raster_mission.log
2026-09-15 20:26:55 | INFO | Trigger file      : /home/aahswarm/ardupilotPatterenTest/START_RASTER_MISSION
2026-09-15 20:26:55 | INFO | Recordings        : /home/aahswarm/ardupilotPatterenTest/recordings/
2026-09-15 20:26:55 | INFO | =========================================================
2026-09-15 20:26:55 | INFO | === POLYGON RASTER MISSION PLAN ===
2026-09-15 20:26:55 | INFO | =========================================================
2026-09-15 20:26:55 | INFO |   Corner A: 13.3458930, 74.7940200
2026-09-15 20:26:55 | INFO |   Corner B: 13.3457120, 74.7940430
2026-09-15 20:26:55 | INFO |   Corner C: 13.3457030, 74.7940100
2026-09-15 20:26:55 | INFO |   Corner D: 13.3458870, 74.7939650
2026-09-15 20:26:55 | INFO |   Sides: AB=20.30m BC=3.71m CD=21.05m DA=5.99m; area=99.90m^2
2026-09-15 20:26:55 | INFO |   Corner angles: A=90.7 B=98.6 C=87.7 D=83.0 deg (a rectangle is not required)
2026-09-15 20:26:55 | INFO |   Inward safety inset: 0.20m -> inset area 89.84m^2
2026-09-15 20:26:55 | INFO |   Raster direction: A->B, bearing 173.0 deg, alternating
2026-09-15 20:26:55 | INFO |   Passes: 6, spacing 0.928m (requested 1.000m), waypoints 12
2026-09-15 20:26:55 | INFO |   Path length 109.8m, estimated 220s at 0.50m/s (horizontal travel only)
2026-09-15 20:26:55 | INFO |   Containment: 12/12 waypoints and 11 segments verified inside the inset polygon (2213 samples); worst clearance +0.200m from the polygon edge
2026-09-15 20:26:55 | INFO |   Outer safety geofence: area 217.93m^2, sides 10.24m, 24.00m, 7.46m, 25.53m, winding CCW
2026-09-15 20:26:55 | INFO |   Inner inside outer: minimum separation 1.97m (corners A=1.99m, B=1.97m, C=1.97m, D=2.01m); raster path worst 2.18m, 1.68m against the effective boundary
2026-09-15 20:26:55 | INFO |   Outer safety geofence: 4 GPS corners, effective boundary 0.50m inside them (independent safety layer, NOT the mission polygon, NOT an ArduPilot fence)
2026-09-15 20:26:55 | INFO |   Inner runtime breach tolerance: 0.50m beyond the mission-polygon edge, enforced during the RASTER phase only
2026-09-15 20:26:55 | INFO |   Max planned distance from polygon centroid: 11.20m
2026-09-15 20:26:55 | INFO | ==========================================================
2026-09-15 20:26:55 | INFO | === ARDUPILOT CONTINUOUS AUTONOMOUS MISSION DAEMON ===
2026-09-15 20:26:55 | INFO | ==========================================================
2026-09-15 20:26:55 | INFO | Mission Parameters: Port=auto-discover, Baud=115200, TakeoffAlt=2.0m, DescentSpeed=0.15m/s, TouchdownSpeed=0.08m/s, Orbit=3.0m x 1.0 at 0.5m/s, HorizontalFence=4.0m, Geofence=DISABLED
2026-09-15 20:26:55 | INFO | Connecting to ArduPilot flight controller at /dev/serial/by-id/usb-ArduPilot_MicoAir743v2_300020001251333236353637-if00 (baud: 115200)...
2026-09-15 20:26:55 | INFO | Waiting for ArduPilot heartbeat...
2026-09-15 20:26:56 | INFO | Connected to ArduPilot! (System ID: 1, Component ID: 1)
2026-09-15 20:26:56 | INFO | Starting GCS heartbeat sender (1 Hz)...
2026-09-15 20:26:56 | INFO | Requesting telemetry message streams from ArduPilot...
2026-09-15 20:26:56 | INFO | [RASTER] Position snapshot hook attached to the existing MAVLink receive path (no additional reader).
2026-09-15 20:26:56 | INFO | [FC LOG] Verbose flight-controller log attached to the existing MAVLink receive path (no additional reader) -> /home/aahswarm/ardupilotPatterenTest/fc_telemetry.log [level=full]
2026-09-15 20:26:56 | WARNING | Geofence DISABLED (CONFIGURE_FENCE=0) — writing FENCE_ENABLE=0. There is no automatic containment: the pilot is responsible for keeping the aircraft inside the test area, taking manual control on the transmitter if it drifts.
2026-09-15 20:26:56 | INFO | Configured ArduPilot parameter: LAND_SPEED = 20.0
2026-09-15 20:26:56 | INFO | Configured ArduPilot parameter: LAND_ALT_LOW = 150.0
2026-09-15 20:26:56 | INFO | [AP STATUSTEXT] GCS Failsafe Cleared
2026-09-15 20:26:56 | INFO | Configured ArduPilot parameter: WPNAV_SPEED_UP = 50.0
2026-09-15 20:26:56 | INFO | Configured ArduPilot parameter: WPNAV_ACCEL_Z = 50.0
2026-09-15 20:26:56 | INFO | Configured ArduPilot parameter: BATT_FS_LOW_ACT = 1.0
2026-09-15 20:26:56 | INFO | Configured ArduPilot parameter: BATT_FS_CRT_ACT = 1.0
2026-09-15 20:26:56 | INFO | Configured ArduPilot parameter: FS_THR_ENABLE = 3.0
2026-09-15 20:26:56 | INFO | Configured ArduPilot parameter: FS_GCS_ENABLE = 5.0
2026-09-15 20:26:56 | INFO | Configured ArduPilot parameter: FENCE_ENABLE = 0.0
2026-09-15 20:26:56 | INFO | Configured ArduPilot parameter: ARMING_CHECK = 1.0
2026-09-15 20:26:56 | INFO | [CH8] Switch state changed: None -> MANUAL (raw=999)
2026-09-15 20:26:59 | INFO | ArduPilot Health: Mode=STABILIZE, Armed=False, AGL=0.00m (src=GLOBAL_POSITION_INT), GPS=Fix=3 (Sats: 21), EKF=OK, Batt=99% (15.88V), CH8=999 (MANUAL)
2026-09-15 20:26:59 | INFO | System initialized and READY in STANDBY mode.
2026-09-15 20:26:59 | INFO | Continuous flight supervisor active. Ready for flight triggers.
2026-09-15 20:26:59 | INFO | [TRIGGER] Mission starts on an observed transition into GUIDED flight mode (CH8 must also be GUIDED when a receiver is present). The CH8 launch condition is disabled; CH8=MANUAL/LAND still aborts.
2026-09-15 20:26:59 | INFO | [SUPERVISOR] CH8 state: None -> MANUAL (Mode=STABILIZE, Armed=False, InAir=False, AGL=0.00m)
2026-09-15 20:26:59 | INFO | [SUPERVISOR] Flight mode: None -> STABILIZE (CH8=MANUAL, Armed=False, InAir=False, AGL=0.00m)
2026-09-15 20:26:59 | INFO | [SUPERVISOR] GUIDED-mode trigger armed — putting the aircraft into GUIDED will now start an autonomous mission.
2026-09-15 20:26:59 | INFO | [STANDBY] Waiting for CH8=GUIDED, then GUIDED flight mode... (CH8=MANUAL, Mode=STABILIZE, Armed=False, Batt=99%, AGL=0.00m)
2026-09-15 20:27:14 | INFO | [STANDBY] Waiting for CH8=GUIDED, then GUIDED flight mode... (CH8=MANUAL, Mode=STABILIZE, Armed=False, Batt=99%, AGL=0.00m)
2026-09-15 20:27:23 | INFO | Altitude baseline latched at takeoff point (source=GLOBAL_POSITION_INT, raw=+0.01m). All altitudes below are AGL.
2026-09-15 20:27:29 | INFO | [STANDBY] Waiting for CH8=GUIDED, then GUIDED flight mode... (CH8=MANUAL, Mode=STABILIZE, Armed=False, Batt=99%, AGL=0.00m)
2026-09-15 20:27:31 | INFO | [CH8] Switch state changed: MANUAL -> GUIDED (raw=1503)
2026-09-15 20:27:31 | INFO | [SUPERVISOR] CH8 state: MANUAL -> GUIDED (Mode=STABILIZE, Armed=False, InAir=False, AGL=0.00m)
2026-09-15 20:27:31 | INFO | [SUPERVISOR] Flight mode: STABILIZE -> GUIDED (CH8=GUIDED, Armed=False, InAir=False, AGL=0.00m)
2026-09-15 20:27:31 | INFO | [SUPERVISOR] GUIDED mode selected on GROUND -> Starting Autonomous Ground Mission...
2026-09-15 20:27:31 | INFO | ========================================================
2026-09-15 20:27:31 | INFO | === STARTING AUTONOMOUS GROUND FLIGHT SEQUENCE ===
2026-09-15 20:27:31 | INFO | ========================================================
2026-09-15 20:27:31 | INFO | ArduPilot Health: Mode=GUIDED, Armed=False, AGL=0.00m (src=GLOBAL_POSITION_INT), GPS=Fix=3 (Sats: 20), EKF=OK, Batt=99% (15.88V), CH8=1503 (GUIDED)
2026-09-15 20:27:31 | INFO | Starting onboard video recording...
2026-09-15 20:27:31 | INFO | Sending arm command to ArduPilot motors...
2026-09-15 20:27:31 | INFO | Altitude baseline latched at takeoff point (source=GLOBAL_POSITION_INT, raw=+0.00m). All altitudes below are AGL.
2026-09-15 20:27:31 | INFO | ArduPilot confirmed ARMED.
2026-09-15 20:27:32 | INFO | Sending MAV_CMD_NAV_TAKEOFF for target altitude 2.0m...
2026-09-15 20:27:32 | INFO | Takeoff command ACCEPTED by ArduPilot.
2026-09-15 20:27:32 | INFO | Monitoring takeoff climb to target 2.0m AGL (acceptance band: ±0.15m)...
2026-09-15 20:27:32 | INFO | Climbing... -0.02m AGL / target 2.0m (mode=GUIDED, armed=True)
2026-09-15 20:27:34 | INFO | Climbing... -0.02m AGL / target 2.0m (mode=GUIDED, armed=True)
2026-09-15 20:27:35 | INFO | Liftoff detected at 0.18m AGL.
2026-09-15 20:27:36 | INFO | Climbing... 0.88m AGL / target 2.0m (mode=GUIDED, armed=True)
2026-09-15 20:27:38 | INFO | Climbing... 1.77m AGL / target 2.0m (mode=GUIDED, armed=True)
2026-09-15 20:27:39 | INFO | Target altitude reached and stable: 1.97m AGL (target: 2.0m)
2026-09-15 20:27:39 | INFO | Takeoff stabilized. Hovering for 2.0 seconds...
2026-09-15 20:27:42 | INFO | [RASTER ANCHOR] GPS 13.3457758, 74.7940093 <-> local NED N=+0.56m E=+1.76m (samples 1ms apart, fix=3, sats=21).
2026-09-15 20:27:42 | INFO | =========================================================
2026-09-15 20:27:42 | INFO | === STARTING POLYGON RASTER COVERAGE PATTERN ===
2026-09-15 20:27:42 | INFO | =========================================================
2026-09-15 20:27:42 | INFO | [RASTER] Geofence origin (post-takeoff hover): N=+0.56m, E=+1.76m.
2026-09-15 20:27:42 | INFO | [RASTER] 12 waypoints converted into local NED; the first is 12.78m from the origin.
2026-09-15 20:27:42 | INFO | [RASTER BOUNDARY] Inner mission polygon projected into local NED; allowed excursion 0.50m beyond its edge, enforced during the RASTER phase only.
2026-09-15 20:27:42 | INFO | [RASTER BOUNDARY] Outer safety geofence projected into local NED from 4 GPS corners; enforced boundary is 0.50m inside them, active in EVERY phase.
2026-09-15 20:27:42 | INFO | [RASTER BOUNDARY] Altitude band 1.50-2.50m AGL (target 2.00m); companion battery floor 25%; flight controller reports 99%
2026-09-15 20:27:42 | INFO | [RASTER BOUNDARY] Inner polygon to outer polygon: minimum 1.97m; after the 0.50m outer margin 1.47m; after a full 0.50m inner excursion 0.97m remains.
2026-09-15 20:27:42 | INFO | [RASTER ORIGIN CHECK] Takeoff/hover origin N=+0.56m E=+1.76m sits +3.78m from the outer polygon edge; the enforced boundary needs >= 0.50m, leaving +3.28m.
2026-09-15 20:27:42 | INFO | [OUTER GEOFENCE CHECK] transit + pattern + return: 14 points and 13 segments, 2718 samples. Worst clearance to the raw outer polygon is +2.18m at WP09 (pass 5 pass_end); the enforced boundary is 0.50m inside it, leaving +1.68m.
2026-09-15 20:27:42 | INFO | [RASTER BUDGET] route from the captured origin: transit 12.8m + pattern 109.8m + return 12.9m = 135.5m
2026-09-15 20:27:42 | INFO | [RASTER BUDGET] 271s straight-line at 0.50m/s, x1.35 contingency = 366s expected, against a 650s budget (+284s).
2026-09-15 20:27:42 | INFO | [RASTER PHASE] TRANSIT_TO_RASTER: flying 12.78m from the origin to WP00 (pass 1 pass_start). Inner-polygon containment is not enforced on this leg; the outer GPS geofence, telemetry, EKF, altitude and battery checks are.
2026-09-15 20:27:51 | INFO | [CH8] Switch state changed: GUIDED -> LAND (raw=2000)
2026-09-15 20:27:51 | WARNING | [CH8 LAND] Land command detected during transit to WP00 (pass 1 pass_start).
2026-09-15 20:27:51 | INFO | Setting flight mode to LAND (ID: 9)...
2026-09-15 20:27:51 | INFO | Flight mode confirmed: LAND
2026-09-15 20:27:51 | WARNING | [RASTER] Aborted during TRANSIT_TO_RASTER — stopped by a safety check or timed out. Yielding to the base mission.
2026-09-15 20:27:51 | WARNING | Horizontal geofence orbit interrupted. Yielding control.
2026-09-15 20:27:51 | WARNING | ==========================================================
2026-09-15 20:27:51 | WARNING | === EXECUTING SAFETY LAND ===
2026-09-15 20:27:51 | WARNING | ==========================================================
2026-09-15 20:27:51 | INFO | Issuing ArduPilot LAND command...
2026-09-15 20:27:51 | INFO | Setting flight mode to LAND (ID: 9)...
2026-09-15 20:27:51 | INFO | Flight mode confirmed: LAND
2026-09-15 20:27:51 | INFO | Landing descent in progress: altitude=1.96m, mode=LAND, armed=True
2026-09-15 20:27:54 | INFO | Landing descent in progress: altitude=1.25m, mode=LAND, armed=True
2026-09-15 20:27:57 | INFO | Landing descent in progress: altitude=0.65m, mode=LAND, armed=True
2026-09-15 20:28:00 | INFO | Landing descent in progress: altitude=0.32m, mode=LAND, armed=True
2026-09-15 20:28:02 | INFO | Touchdown confirmed on ground and aircraft disarmed.
2026-09-15 20:28:02 | INFO | Setting flight mode to LOITER (ID: 5)...
2026-09-15 20:28:02 | INFO | Flight mode confirmed: LOITER
2026-09-15 20:28:02 | INFO | Safety landing completed. Returning to STANDBY mode.
2026-09-15 20:28:02 | INFO | Mission cycle finished (not fully successful). Returning to STANDBY mode.
2026-09-15 20:28:02 | INFO | [SUPERVISOR] GUIDED-mode trigger armed — putting the aircraft into GUIDED will now start an autonomous mission.
2026-09-15 20:28:02 | INFO | [STANDBY] Waiting for CH8=GUIDED, then GUIDED flight mode... (CH8=LAND, Mode=LOITER, Armed=False, Batt=97%, AGL=0.00m)
2026-09-15 20:28:11 | INFO | [CH8] Switch state changed: LAND -> MANUAL (raw=999)
2026-09-15 20:28:11 | INFO | [SUPERVISOR] CH8 state: LAND -> MANUAL (Mode=LOITER, Armed=False, InAir=False, AGL=0.00m)
2026-09-15 20:28:12 | INFO | [SUPERVISOR] Flight mode: LOITER -> STABILIZE (CH8=MANUAL, Armed=False, InAir=False, AGL=0.00m)
2026-09-15 20:28:14 | INFO | Altitude baseline latched at takeoff point (source=GLOBAL_POSITION_INT, raw=+0.01m). All altitudes below are AGL.
2026-09-15 20:28:17 | INFO | [STANDBY] Waiting for CH8=GUIDED, then GUIDED flight mode... (CH8=MANUAL, Mode=STABILIZE, Armed=True, Batt=97%, AGL=0.00m)
2026-09-15 20:28:32 | INFO | [STANDBY] Waiting for CH8=GUIDED, then GUIDED flight mode... (CH8=MANUAL, Mode=STABILIZE, Armed=True, Batt=97%, AGL=-0.09m)
2026-09-15 20:28:47 | INFO | [STANDBY] Waiting for CH8=GUIDED, then GUIDED flight mode... (CH8=MANUAL, Mode=STABILIZE, Armed=False, Batt=96%, AGL=0.00m)
2026-09-15 20:29:02 | INFO | [STANDBY] Waiting for CH8=GUIDED, then GUIDED flight mode... (CH8=MANUAL, Mode=STABILIZE, Armed=False, Batt=96%, AGL=0.00m)
2026-09-15 20:29:17 | INFO | [STANDBY] Waiting for CH8=GUIDED, then GUIDED flight mode... (CH8=MANUAL, Mode=STABILIZE, Armed=False, Batt=96%, AGL=0.00m)
2026-09-15 20:29:32 | INFO | [STANDBY] Waiting for CH8=GUIDED, then GUIDED flight mode... (CH8=MANUAL, Mode=STABILIZE, Armed=False, Batt=96%, AGL=0.00m)
2026-09-15 20:29:47 | INFO | [STANDBY] Waiting for CH8=GUIDED, then GUIDED flight mode... (CH8=MANUAL, Mode=STABILIZE, Armed=False, Batt=96%, AGL=0.00m)
2026-09-15 20:30:02 | INFO | [STANDBY] Waiting for CH8=GUIDED, then GUIDED flight mode... (CH8=MANUAL, Mode=STABILIZE, Armed=False, Batt=96%, AGL=0.00m)
2026-09-15 20:30:17 | INFO | [STANDBY] Waiting for CH8=GUIDED, then GUIDED flight mode... (CH8=MANUAL, Mode=STABILIZE, Armed=False, Batt=96%, AGL=0.00m)
2026-09-15 20:30:32 | INFO | [STANDBY] Waiting for CH8=GUIDED, then GUIDED flight mode... (CH8=MANUAL, Mode=STABILIZE, Armed=False, Batt=96%, AGL=0.00m)
2026-09-15 20:30:34 | INFO | Altitude baseline latched at takeoff point (source=GLOBAL_POSITION_INT, raw=-0.01m). All altitudes below are AGL.
2026-09-15 20:30:47 | INFO | [STANDBY] Waiting for CH8=GUIDED, then GUIDED flight mode... (CH8=MANUAL, Mode=STABILIZE, Armed=False, Batt=96%, AGL=0.00m)
2026-09-15 20:31:02 | INFO | [STANDBY] Waiting for CH8=GUIDED, then GUIDED flight mode... (CH8=MANUAL, Mode=STABILIZE, Armed=False, Batt=96%, AGL=0.00m)
2026-09-15 20:31:17 | INFO | [STANDBY] Waiting for CH8=GUIDED, then GUIDED flight mode... (CH8=MANUAL, Mode=STABILIZE, Armed=False, Batt=96%, AGL=0.00m)
2026-09-15 20:31:32 | INFO | [STANDBY] Waiting for CH8=GUIDED, then GUIDED flight mode... (CH8=MANUAL, Mode=STABILIZE, Armed=False, Batt=96%, AGL=0.00m)
2026-09-15 20:31:47 | INFO | [STANDBY] Waiting for CH8=GUIDED, then GUIDED flight mode... (CH8=MANUAL, Mode=STABILIZE, Armed=False, Batt=96%, AGL=0.00m)
2026-09-15 20:32:02 | INFO | [STANDBY] Waiting for CH8=GUIDED, then GUIDED flight mode... (CH8=MANUAL, Mode=STABILIZE, Armed=False, Batt=96%, AGL=0.00m)
2026-09-15 20:32:17 | INFO | [STANDBY] Waiting for CH8=GUIDED, then GUIDED flight mode... (CH8=MANUAL, Mode=STABILIZE, Armed=False, Batt=96%, AGL=0.00m)
2026-09-15 20:32:32 | INFO | [STANDBY] Waiting for CH8=GUIDED, then GUIDED flight mode... (CH8=MANUAL, Mode=STABILIZE, Armed=False, Batt=96%, AGL=0.00m)
2026-09-15 20:32:47 | INFO | [STANDBY] Waiting for CH8=GUIDED, then GUIDED flight mode... (CH8=MANUAL, Mode=STABILIZE, Armed=False, Batt=96%, AGL=0.00m)
2026-09-15 20:33:02 | INFO | [STANDBY] Waiting for CH8=GUIDED, then GUIDED flight mode... (CH8=MANUAL, Mode=STABILIZE, Armed=False, Batt=96%, AGL=0.00m)
2026-09-15 20:33:17 | INFO | [STANDBY] Waiting for CH8=GUIDED, then GUIDED flight mode... (CH8=MANUAL, Mode=STABILIZE, Armed=False, Batt=96%, AGL=0.00m)
2026-09-15 20:33:32 | INFO | [STANDBY] Waiting for CH8=GUIDED, then GUIDED flight mode... (CH8=MANUAL, Mode=STABILIZE, Armed=False, Batt=96%, AGL=0.00m)
2026-09-15 20:33:45 | INFO | [CH8] Switch state changed: MANUAL -> GUIDED (raw=1503)
2026-09-15 20:33:45 | INFO | [SUPERVISOR] CH8 state: MANUAL -> GUIDED (Mode=STABILIZE, Armed=False, InAir=False, AGL=0.00m)
2026-09-15 20:33:46 | INFO | [SUPERVISOR] Flight mode: STABILIZE -> GUIDED (CH8=GUIDED, Armed=False, InAir=False, AGL=0.00m)
2026-09-15 20:33:46 | INFO | [SUPERVISOR] GUIDED mode selected on GROUND -> Starting Autonomous Ground Mission...
2026-09-15 20:33:46 | INFO | ========================================================
2026-09-15 20:33:46 | INFO | === STARTING AUTONOMOUS GROUND FLIGHT SEQUENCE ===
2026-09-15 20:33:46 | INFO | ========================================================
2026-09-15 20:33:46 | INFO | ArduPilot Health: Mode=GUIDED, Armed=False, AGL=0.00m (src=GLOBAL_POSITION_INT), GPS=Fix=3 (Sats: 21), EKF=OK, Batt=96% (15.64V), CH8=1503 (GUIDED)
2026-09-15 20:33:46 | INFO | Starting onboard video recording...
2026-09-15 20:33:46 | INFO | Sending arm command to ArduPilot motors...
2026-09-15 20:33:46 | INFO | Altitude baseline latched at takeoff point (source=GLOBAL_POSITION_INT, raw=+0.01m). All altitudes below are AGL.
2026-09-15 20:33:46 | INFO | ArduPilot confirmed ARMED.
2026-09-15 20:33:47 | INFO | Sending MAV_CMD_NAV_TAKEOFF for target altitude 2.0m...
2026-09-15 20:33:47 | INFO | Takeoff command ACCEPTED by ArduPilot.
2026-09-15 20:33:47 | INFO | Monitoring takeoff climb to target 2.0m AGL (acceptance band: ±0.15m)...
2026-09-15 20:33:47 | INFO | Climbing... -0.03m AGL / target 2.0m (mode=GUIDED, armed=True)
2026-09-15 20:33:49 | INFO | Climbing... -0.11m AGL / target 2.0m (mode=GUIDED, armed=True)
2026-09-15 20:33:50 | INFO | Liftoff detected at 0.18m AGL.
2026-09-15 20:33:51 | INFO | Climbing... 0.81m AGL / target 2.0m (mode=GUIDED, armed=True)
2026-09-15 20:33:53 | INFO | Climbing... 1.69m AGL / target 2.0m (mode=GUIDED, armed=True)
2026-09-15 20:33:54 | INFO | Target altitude reached and stable: 1.93m AGL (target: 2.0m)
2026-09-15 20:33:54 | INFO | Takeoff stabilized. Hovering for 2.0 seconds...
2026-09-15 20:33:56 | INFO | [RASTER ANCHOR] GPS 13.3457864, 74.7940113 <-> local NED N=+1.76m E=+1.96m (samples 0ms apart, fix=3, sats=21).
2026-09-15 20:33:56 | INFO | =========================================================
2026-09-15 20:33:56 | INFO | === STARTING POLYGON RASTER COVERAGE PATTERN ===
2026-09-15 20:33:56 | INFO | =========================================================
2026-09-15 20:33:56 | INFO | [RASTER] Geofence origin (post-takeoff hover): N=+1.76m, E=+1.96m.
2026-09-15 20:33:56 | INFO | [RASTER] 12 waypoints converted into local NED; the first is 11.60m from the origin.
2026-09-15 20:33:56 | INFO | [RASTER BOUNDARY] Inner mission polygon projected into local NED; allowed excursion 0.50m beyond its edge, enforced during the RASTER phase only.
2026-09-15 20:33:56 | INFO | [RASTER BOUNDARY] Outer safety geofence projected into local NED from 4 GPS corners; enforced boundary is 0.50m inside them, active in EVERY phase.
2026-09-15 20:33:56 | INFO | [RASTER BOUNDARY] Altitude band 1.50-2.50m AGL (target 2.00m); companion battery floor 25%; flight controller reports 96%
2026-09-15 20:33:56 | INFO | [RASTER BOUNDARY] Inner polygon to outer polygon: minimum 1.97m; after the 0.50m outer margin 1.47m; after a full 0.50m inner excursion 0.97m remains.
2026-09-15 20:33:56 | INFO | [RASTER ORIGIN CHECK] Takeoff/hover origin N=+1.76m E=+1.96m sits +4.27m from the outer polygon edge; the enforced boundary needs >= 0.50m, leaving +3.77m.
2026-09-15 20:33:56 | INFO | [OUTER GEOFENCE CHECK] transit + pattern + return: 14 points and 13 segments, 2673 samples. Worst clearance to the raw outer polygon is +2.18m at WP09 (pass 5 pass_end); the enforced boundary is 0.50m inside it, leaving +1.68m.
2026-09-15 20:33:56 | INFO | [RASTER BUDGET] route from the captured origin: transit 11.6m + pattern 109.8m + return 11.9m = 133.3m
2026-09-15 20:33:56 | INFO | [RASTER BUDGET] 267s straight-line at 0.50m/s, x1.35 contingency = 360s expected, against a 650s budget (+290s).
2026-09-15 20:33:56 | INFO | [RASTER PHASE] TRANSIT_TO_RASTER: flying 11.60m from the origin to WP00 (pass 1 pass_start). Inner-polygon containment is not enforced on this leg; the outer GPS geofence, telemetry, EKF, altitude and battery checks are.
2026-09-15 20:34:20 | INFO | [RASTER PHASE] TRANSIT_TO_RASTER complete. Aircraft is +0.39m from the polygon edge; polygon containment is now ENFORCED (allowed excursion 0.50m).
2026-09-15 20:34:20 | INFO | [RASTER] --- pass 1/6, direction A->B, step offset 0.66m ---
2026-09-15 20:34:20 | INFO | [RASTER] -> WP01 (pass 1 pass_end): target N=-6.50m E=+4.73m (19.82m away, 8.71m from origin)
2026-09-15 20:34:55 | INFO | [CH8] Switch state changed: GUIDED -> LAND (raw=2000)
2026-09-15 20:34:55 | WARNING | [CH8 LAND] Land command detected during raster WP01 (pass 1 pass_end).
2026-09-15 20:34:55 | INFO | Setting flight mode to LAND (ID: 9)...
2026-09-15 20:34:55 | INFO | Flight mode confirmed: LAND
2026-09-15 20:34:55 | WARNING | [RASTER] Aborted at WP01 (pass 1 pass_end) — the leg was stopped by a safety check or timed out. Yielding to the base mission.
2026-09-15 20:34:55 | WARNING | Horizontal geofence orbit interrupted. Yielding control.
2026-09-15 20:34:55 | WARNING | ==========================================================
2026-09-15 20:34:55 | WARNING | === EXECUTING SAFETY LAND ===
2026-09-15 20:34:55 | WARNING | ==========================================================
2026-09-15 20:34:55 | INFO | Issuing ArduPilot LAND command...
2026-09-15 20:34:55 | INFO | Setting flight mode to LAND (ID: 9)...
2026-09-15 20:34:55 | INFO | Flight mode confirmed: LAND
2026-09-15 20:34:55 | INFO | Landing descent in progress: altitude=1.92m, mode=LAND, armed=True
2026-09-15 20:34:58 | INFO | Landing descent in progress: altitude=1.29m, mode=LAND, armed=True
2026-09-15 20:35:01 | INFO | Landing descent in progress: altitude=0.70m, mode=LAND, armed=True
2026-09-15 20:35:04 | INFO | Landing descent in progress: altitude=0.13m, mode=LAND, armed=True
2026-09-15 20:35:07 | INFO | Landing descent in progress: altitude=-0.15m, mode=LAND, armed=True
2026-09-15 20:35:08 | INFO | Touchdown confirmed on ground and aircraft disarmed.
2026-09-15 20:35:08 | INFO | Setting flight mode to LOITER (ID: 5)...
2026-09-15 20:35:08 | INFO | Flight mode confirmed: LOITER
2026-09-15 20:35:08 | INFO | Safety landing completed. Returning to STANDBY mode.
2026-09-15 20:35:08 | INFO | Mission cycle finished (not fully successful). Returning to STANDBY mode.
2026-09-15 20:35:08 | INFO | [SUPERVISOR] GUIDED-mode trigger armed — putting the aircraft into GUIDED will now start an autonomous mission.
2026-09-15 20:35:08 | INFO | [STANDBY] Waiting for CH8=GUIDED, then GUIDED flight mode... (CH8=LAND, Mode=LOITER, Armed=False, Batt=90%, AGL=0.00m)
2026-09-15 20:35:10 | INFO | [CH8] Switch state changed: LAND -> GUIDED (raw=1503)
2026-09-15 20:35:10 | INFO | [SUPERVISOR] CH8 state: LAND -> GUIDED (Mode=LOITER, Armed=False, InAir=False, AGL=0.00m)
2026-09-15 20:35:10 | INFO | [SUPERVISOR] Flight mode: LOITER -> GUIDED (CH8=GUIDED, Armed=False, InAir=False, AGL=0.00m)
2026-09-15 20:35:11 | INFO | [CH8] Switch state changed: GUIDED -> MANUAL (raw=999)
2026-09-15 20:35:11 | INFO | [SUPERVISOR] CH8 state: GUIDED -> MANUAL (Mode=GUIDED, Armed=False, InAir=False, AGL=0.00m)
2026-09-15 20:35:11 | INFO | [SUPERVISOR] Flight mode: GUIDED -> STABILIZE (CH8=MANUAL, Armed=False, InAir=False, AGL=0.00m)
2026-09-15 20:35:23 | INFO | [STANDBY] Waiting for CH8=GUIDED, then GUIDED flight mode... (CH8=MANUAL, Mode=STABILIZE, Armed=False, Batt=90%, AGL=0.00m)
2026-09-15 20:35:38 | INFO | [STANDBY] Waiting for CH8=GUIDED, then GUIDED flight mode... (CH8=MANUAL, Mode=STABILIZE, Armed=False, Batt=90%, AGL=0.00m)
2026-09-15 20:35:47 | INFO | [AP STATUSTEXT] PreArm: Battery 1 below minimum arming voltage
2026-09-15 20:35:53 | INFO | [STANDBY] Waiting for CH8=GUIDED, then GUIDED flight mode... (CH8=MANUAL, Mode=STABILIZE, Armed=False, Batt=90%, AGL=0.00m)
2026-09-15 20:35:58 | INFO | [AP STATUSTEXT] Calibrating barometer
2026-09-15 20:36:00 | INFO | [AP STATUSTEXT] Barometer 1 calibration complete
2026-09-15 20:36:00 | INFO | [AP STATUSTEXT] ArduPilot Ready
2026-09-15 20:36:00 | INFO | [AP STATUSTEXT] AHRS: DCM active
2026-09-15 20:36:00 | INFO | [AP STATUSTEXT] RCOut: DS600:1-4 PWM:5-11
2026-09-15 20:36:08 | INFO | [STANDBY] Waiting for CH8=GUIDED, then GUIDED flight mode... (CH8=MANUAL, Mode=STABILIZE, Armed=False, Batt=90%, AGL=0.00m)
                                                                   2026-09-17 18:39:20 | INFO | ==========================================================
2026-09-17 18:39:20 | INFO | === ARDUPILOT POLYGON RASTER COVERAGE MISSION ===
2026-09-17 18:39:20 | INFO | ==========================================================
2026-09-17 18:39:20 | INFO | Project directory : /home/aahswarm/ardupilotPatterenTest
2026-09-17 18:39:20 | INFO | Mission log       : /home/aahswarm/ardupilotPatterenTest/ardupilot_raster_mission.log
2026-09-17 18:39:20 | INFO | Trigger file      : /home/aahswarm/ardupilotPatterenTest/START_RASTER_MISSION
2026-09-17 18:39:20 | INFO | Recordings        : /home/aahswarm/ardupilotPatterenTest/recordings/
2026-09-17 18:39:20 | INFO | =========================================================
2026-09-17 18:39:20 | INFO | === POLYGON RASTER MISSION PLAN ===
2026-09-17 18:39:20 | INFO | =========================================================
2026-09-17 18:39:20 | INFO |   Corner A: 13.3458930, 74.7940200
2026-09-17 18:39:20 | INFO |   Corner B: 13.3457120, 74.7940430
2026-09-17 18:39:20 | INFO |   Corner C: 13.3457030, 74.7940100
2026-09-17 18:39:20 | INFO |   Corner D: 13.3458870, 74.7939650
2026-09-17 18:39:20 | INFO |   Sides: AB=20.30m BC=3.71m CD=21.05m DA=5.99m; area=99.90m^2
2026-09-17 18:39:20 | INFO |   Corner angles: A=90.7 B=98.6 C=87.7 D=83.0 deg (a rectangle is not required)
2026-09-17 18:39:20 | INFO |   Inward safety inset: 0.20m -> inset area 89.84m^2
2026-09-17 18:39:20 | INFO |   Raster direction: A->B, bearing 173.0 deg, alternating
2026-09-17 18:39:20 | INFO |   Passes: 6, spacing 0.928m (requested 1.000m), waypoints 12
2026-09-17 18:39:20 | INFO |   Path length 109.8m, estimated 220s at 0.50m/s (horizontal travel only)
2026-09-17 18:39:20 | INFO |   Containment: 12/12 waypoints and 11 segments verified inside the inset polygon (2213 samples); worst clearance +0.200m from the polygon edge
2026-09-17 18:39:20 | INFO |   Outer safety geofence: area 217.93m^2, sides 10.24m, 24.00m, 7.46m, 25.53m, winding CCW
2026-09-17 18:39:20 | INFO |   Inner inside outer: minimum separation 1.97m (corners A=1.99m, B=1.97m, C=1.97m, D=2.01m); raster path worst 2.18m, 1.68m against the effective boundary
2026-09-17 18:39:20 | INFO |   Outer safety geofence: 4 GPS corners, effective boundary 0.50m inside them (independent safety layer, NOT the mission polygon, NOT an ArduPilot fence)
2026-09-17 18:39:20 | INFO |   Inner runtime breach tolerance: 0.50m beyond the mission-polygon edge, enforced during the RASTER phase only
2026-09-17 18:39:20 | INFO |   Max planned distance from polygon centroid: 11.20m
2026-09-17 18:39:20 | INFO | ==========================================================
2026-09-17 18:39:20 | INFO | === ARDUPILOT CONTINUOUS AUTONOMOUS MISSION DAEMON ===
2026-09-17 18:39:20 | INFO | ==========================================================
2026-09-17 18:39:20 | INFO | Mission Parameters: Port=auto-discover, Baud=115200, TakeoffAlt=2.0m, DescentSpeed=0.15m/s, TouchdownSpeed=0.08m/s, Orbit=3.0m x 1.0 at 0.5m/s, HorizontalFence=4.0m, Geofence=DISABLED
2026-09-17 18:39:20 | INFO | Waiting for ArduPilot flight controller... (no serial device found, retrying in 3s)
2026-09-17 18:39:23 | INFO | Waiting for ArduPilot flight controller... (no serial device found, retrying in 3s)
2026-09-17 18:39:26 | INFO | Waiting for ArduPilot flight controller... (no serial device found, retrying in 3s)
2026-09-17 18:39:29 | INFO | Waiting for ArduPilot flight controller... (no serial device found, retrying in 3s)
2026-09-17 18:39:32 | INFO | Waiting for ArduPilot flight controller... (no serial device found, retrying in 3s)
2026-09-17 18:39:35 | INFO | Waiting for ArduPilot flight controller... (no serial device found, retrying in 3s)
2026-09-17 18:39:38 | INFO | Waiting for ArduPilot flight controller... (no serial device found, retrying in 3s)
2026-09-17 18:39:41 | INFO | Waiting for ArduPilot flight controller... (no serial device found, retrying in 3s)
2026-09-17 18:39:44 | INFO | Waiting for ArduPilot flight controller... (no serial device found, retrying in 3s)
2026-09-17 18:39:47 | INFO | Waiting for ArduPilot flight controller... (no serial device found, retrying in 3s)
2026-09-17 18:39:50 | INFO | Waiting for ArduPilot flight controller... (no serial device found, retrying in 3s)
2026-09-17 18:39:53 | INFO | Waiting for ArduPilot flight controller... (no serial device found, retrying in 3s)
2026-09-17 18:39:56 | INFO | Waiting for ArduPilot flight controller... (no serial device found, retrying in 3s)
2026-09-17 18:39:59 | INFO | Waiting for ArduPilot flight controller... (no serial device found, retrying in 3s)
2026-09-17 18:40:02 | INFO | Waiting for ArduPilot flight controller... (no serial device found, retrying in 3s)
2026-09-17 18:40:05 | INFO | Waiting for ArduPilot flight controller... (no serial device found, retrying in 3s)
2026-09-17 18:40:08 | INFO | Waiting for ArduPilot flight controller... (no serial device found, retrying in 3s)
2026-09-17 18:40:11 | INFO | Waiting for ArduPilot flight controller... (no serial device found, retrying in 3s)
2026-09-17 18:40:14 | INFO | Waiting for ArduPilot flight controller... (no serial device found, retrying in 3s)
2026-09-17 18:40:17 | INFO | Waiting for ArduPilot flight controller... (no serial device found, retrying in 3s)
2026-09-17 18:40:20 | INFO | Waiting for ArduPilot flight controller... (no serial device found, retrying in 3s)
2026-09-17 18:40:23 | INFO | Waiting for ArduPilot flight controller... (no serial device found, retrying in 3s)
2026-09-17 18:40:26 | INFO | Waiting for ArduPilot flight controller... (no serial device found, retrying in 3s)
2026-09-17 18:40:29 | INFO | Waiting for ArduPilot flight controller... (no serial device found, retrying in 3s)
2026-09-17 18:40:32 | INFO | Waiting for ArduPilot flight controller... (no serial device found, retrying in 3s)
2026-09-17 18:40:35 | INFO | Waiting for ArduPilot flight controller... (no serial device found, retrying in 3s)
2026-09-17 18:40:38 | INFO | Waiting for ArduPilot flight controller... (no serial device found, retrying in 3s)
2026-09-17 18:40:41 | INFO | Waiting for ArduPilot flight controller... (no serial device found, retrying in 3s)
2026-09-17 18:40:44 | INFO | Waiting for ArduPilot flight controller... (no serial device found, retrying in 3s)
2026-09-17 18:40:47 | INFO | Waiting for ArduPilot flight controller... (no serial device found, retrying in 3s)
2026-09-17 18:40:50 | INFO | Waiting for ArduPilot flight controller... (no serial device found, retrying in 3s)
2026-09-17 18:40:53 | INFO | Waiting for ArduPilot flight controller... (no serial device found, retrying in 3s)
2026-09-17 18:40:56 | INFO | Waiting for ArduPilot flight controller... (no serial device found, retrying in 3s)
2026-09-17 18:40:59 | INFO | Waiting for ArduPilot flight controller... (no serial device found, retrying in 3s)
2026-09-17 18:41:02 | INFO | Waiting for ArduPilot flight controller... (no serial device found, retrying in 3s)
2026-09-17 18:41:05 | INFO | Waiting for ArduPilot flight controller... (no serial device found, retrying in 3s)
2026-09-17 18:41:08 | INFO | Waiting for ArduPilot flight controller... (no serial device found, retrying in 3s)
2026-09-17 18:41:11 | INFO | Waiting for ArduPilot flight controller... (no serial device found, retrying in 3s)
2026-09-17 18:41:14 | INFO | Waiting for ArduPilot flight controller... (no serial device found, retrying in 3s)
2026-09-17 18:41:17 | INFO | Waiting for ArduPilot flight controller... (no serial device found, retrying in 3s)
2026-09-17 18:41:20 | INFO | Waiting for ArduPilot flight controller... (no serial device found, retrying in 3s)
2026-09-17 18:41:23 | INFO | Waiting for ArduPilot flight controller... (no serial device found, retrying in 3s)
2026-09-17 18:41:26 | INFO | Waiting for ArduPilot flight controller... (no serial device found, retrying in 3s)
2026-09-17 18:41:29 | INFO | Waiting for ArduPilot flight controller... (no serial device found, retrying in 3s)
2026-09-17 18:41:32 | INFO | Waiting for ArduPilot flight controller... (no serial device found, retrying in 3s)
2026-09-17 18:41:35 | INFO | Waiting for ArduPilot flight controller... (no serial device found, retrying in 3s)
2026-09-17 18:41:38 | INFO | Waiting for ArduPilot flight controller... (no serial device found, retrying in 3s)
2026-09-17 18:41:41 | INFO | Waiting for ArduPilot flight controller... (no serial device found, retrying in 3s)
2026-09-17 18:41:44 | INFO | Waiting for ArduPilot flight controller... (no serial device found, retrying in 3s)
2026-09-17 18:41:47 | INFO | Waiting for ArduPilot flight controller... (no serial device found, retrying in 3s)
2026-09-17 18:41:50 | INFO | Waiting for ArduPilot flight controller... (no serial device found, retrying in 3s)
2026-09-17 18:41:53 | INFO | Waiting for ArduPilot flight controller... (no serial device found, retrying in 3s)
2026-09-17 18:41:56 | INFO | Waiting for ArduPilot flight controller... (no serial device found, retrying in 3s)
2026-09-17 18:41:59 | INFO | Waiting for ArduPilot flight controller... (no serial device found, retrying in 3s)
2026-09-17 18:42:02 | INFO | Waiting for ArduPilot flight controller... (no serial device found, retrying in 3s)
2026-09-17 18:42:05 | INFO | Waiting for ArduPilot flight controller... (no serial device found, retrying in 3s)
2026-09-17 18:42:08 | INFO | Waiting for ArduPilot flight controller... (no serial device found, retrying in 3s)
2026-09-17 18:42:11 | INFO | Waiting for ArduPilot flight controller... (no serial device found, retrying in 3s)
2026-09-17 18:42:14 | INFO | Waiting for ArduPilot flight controller... (no serial device found, retrying in 3s)
2026-09-17 18:42:17 | INFO | Waiting for ArduPilot flight controller... (no serial device found, retrying in 3s)
2026-09-17 18:42:20 | INFO | Waiting for ArduPilot flight controller... (no serial device found, retrying in 3s)
2026-09-17 18:42:23 | INFO | Waiting for ArduPilot flight controller... (no serial device found, retrying in 3s)
2026-09-17 18:42:26 | INFO | Waiting for ArduPilot flight controller... (no serial device found, retrying in 3s)
2026-09-17 18:42:29 | INFO | Waiting for ArduPilot flight controller... (no serial device found, retrying in 3s)
2026-09-17 18:42:32 | INFO | Waiting for ArduPilot flight controller... (no serial device found, retrying in 3s)
2026-09-17 18:42:35 | INFO | Waiting for ArduPilot flight controller... (no serial device found, retrying in 3s)
2026-09-17 18:42:38 | INFO | Waiting for ArduPilot flight controller... (no serial device found, retrying in 3s)
2026-09-17 18:42:41 | INFO | Waiting for ArduPilot flight controller... (no serial device found, retrying in 3s)
2026-09-17 18:42:44 | INFO | Waiting for ArduPilot flight controller... (no serial device found, retrying in 3s)
2026-09-17 18:42:47 | INFO | Waiting for ArduPilot flight controller... (no serial device found, retrying in 3s)
2026-09-17 18:42:50 | INFO | Waiting for ArduPilot flight controller... (no serial device found, retrying in 3s)
2026-09-17 18:42:53 | INFO | Waiting for ArduPilot flight controller... (no serial device found, retrying in 3s)
2026-09-17 18:42:56 | INFO | Waiting for ArduPilot flight controller... (no serial device found, retrying in 3s)
2026-09-17 18:42:59 | INFO | Waiting for ArduPilot flight controller... (no serial device found, retrying in 3s)
2026-09-17 18:43:02 | INFO | Waiting for ArduPilot flight controller... (no serial device found, retrying in 3s)
2026-09-17 18:43:05 | INFO | Waiting for ArduPilot flight controller... (no serial device found, retrying in 3s)
2026-09-17 18:43:08 | INFO | Waiting for ArduPilot flight controller... (no serial device found, retrying in 3s)
2026-09-17 18:43:11 | INFO | Waiting for ArduPilot flight controller... (no serial device found, retrying in 3s)
2026-09-17 18:43:14 | INFO | Waiting for ArduPilot flight controller... (no serial device found, retrying in 3s)
2026-09-17 18:43:17 | INFO | Waiting for ArduPilot flight controller... (no serial device found, retrying in 3s)
2026-09-17 18:43:20 | INFO | Waiting for ArduPilot flight controller... (no serial device found, retrying in 3s)
2026-09-17 18:43:23 | INFO | Waiting for ArduPilot flight controller... (no serial device found, retrying in 3s)
2026-09-17 18:43:26 | INFO | Waiting for ArduPilot flight controller... (no serial device found, retrying in 3s)
2026-09-17 18:43:29 | INFO | Waiting for ArduPilot flight controller... (no serial device found, retrying in 3s)
2026-09-17 18:43:32 | INFO | Waiting for ArduPilot flight controller... (no serial device found, retrying in 3s)
2026-09-17 18:43:35 | INFO | Waiting for ArduPilot flight controller... (no serial device found, retrying in 3s)
2026-09-17 18:43:38 | INFO | Waiting for ArduPilot flight controller... (no serial device found, retrying in 3s)
2026-09-17 18:43:41 | INFO | Waiting for ArduPilot flight controller... (no serial device found, retrying in 3s)
2026-09-17 18:43:44 | INFO | Waiting for ArduPilot flight controller... (no serial device found, retrying in 3s)
2026-09-17 18:43:47 | INFO | Waiting for ArduPilot flight controller... (no serial device found, retrying in 3s)
2026-09-17 18:43:50 | INFO | Waiting for ArduPilot flight controller... (no serial device found, retrying in 3s)
2026-09-17 18:43:53 | INFO | Waiting for ArduPilot flight controller... (no serial device found, retrying in 3s)
2026-09-17 18:43:56 | INFO | Waiting for ArduPilot flight controller... (no serial device found, retrying in 3s)
2026-09-17 18:43:59 | INFO | Waiting for ArduPilot flight controller... (no serial device found, retrying in 3s)
2026-09-17 18:44:02 | INFO | Waiting for ArduPilot flight controller... (no serial device found, retrying in 3s)
2026-09-17 18:44:05 | INFO | Waiting for ArduPilot flight controller... (no serial device found, retrying in 3s)
2026-09-17 18:44:08 | INFO | Waiting for ArduPilot flight controller... (no serial device found, retrying in 3s)
2026-09-17 18:44:11 | INFO | Waiting for ArduPilot flight controller... (no serial device found, retrying in 3s)
2026-09-17 18:44:14 | INFO | Waiting for ArduPilot flight controller... (no serial device found, retrying in 3s)
2026-09-17 18:44:17 | INFO | Waiting for ArduPilot flight controller... (no serial device found, retrying in 3s)
2026-09-17 18:44:20 | INFO | Waiting for ArduPilot flight controller... (no serial device found, retrying in 3s)
2026-09-17 18:44:23 | INFO | Waiting for ArduPilot flight controller... (no serial device found, retrying in 3s)
2026-09-17 18:44:26 | INFO | Waiting for ArduPilot flight controller... (no serial device found, retrying in 3s)
2026-09-17 18:44:29 | INFO | Waiting for ArduPilot flight controller... (no serial device found, retrying in 3s)
2026-09-17 18:44:32 | INFO | Waiting for ArduPilot flight controller... (no serial device found, retrying in 3s)
2026-09-17 18:44:35 | INFO | Waiting for ArduPilot flight controller... (no serial device found, retrying in 3s)
2026-09-17 18:44:38 | INFO | Waiting for ArduPilot flight controller... (no serial device found, retrying in 3s)
2026-09-17 18:44:41 | INFO | Waiting for ArduPilot flight controller... (no serial device found, retrying in 3s)
2026-09-17 18:44:44 | INFO | Waiting for ArduPilot flight controller... (no serial device found, retrying in 3s)
2026-09-17 18:44:47 | INFO | Waiting for ArduPilot flight controller... (no serial device found, retrying in 3s)
2026-09-17 18:44:50 | INFO | Waiting for ArduPilot flight controller... (no serial device found, retrying in 3s)
2026-09-17 18:44:53 | INFO | Waiting for ArduPilot flight controller... (no serial device found, retrying in 3s)
2026-09-17 18:44:56 | INFO | Waiting for ArduPilot flight controller... (no serial device found, retrying in 3s)
2026-09-17 18:44:59 | INFO | Waiting for ArduPilot flight controller... (no serial device found, retrying in 3s)
2026-09-17 18:45:02 | INFO | Waiting for ArduPilot flight controller... (no serial device found, retrying in 3s)
2026-09-17 18:45:05 | INFO | Waiting for ArduPilot flight controller... (no serial device found, retrying in 3s)
2026-09-17 18:45:08 | INFO | Waiting for ArduPilot flight controller... (no serial device found, retrying in 3s)
2026-09-17 18:45:11 | INFO | Waiting for ArduPilot flight controller... (no serial device found, retrying in 3s)
2026-09-17 18:45:14 | INFO | Waiting for ArduPilot flight controller... (no serial device found, retrying in 3s)
2026-09-17 18:45:17 | INFO | Waiting for ArduPilot flight controller... (no serial device found, retrying in 3s)
2026-09-17 18:45:20 | INFO | Waiting for ArduPilot flight controller... (no serial device found, retrying in 3s)
2026-09-17 18:45:23 | INFO | Waiting for ArduPilot flight controller... (no serial device found, retrying in 3s)
2026-09-17 18:45:26 | INFO | Waiting for ArduPilot flight controller... (no serial device found, retrying in 3s)
2026-09-17 18:45:29 | INFO | Waiting for ArduPilot flight controller... (no serial device found, retrying in 3s)
2026-09-17 18:45:32 | INFO | Waiting for ArduPilot flight controller... (no serial device found, retrying in 3s)
2026-09-17 18:45:35 | INFO | Waiting for ArduPilot flight controller... (no serial device found, retrying in 3s)
2026-09-17 18:45:38 | INFO | Waiting for ArduPilot flight controller... (no serial device found, retrying in 3s)
2026-09-17 18:45:41 | INFO | Waiting for ArduPilot flight controller... (no serial device found, retrying in 3s)
2026-09-17 18:45:44 | INFO | Waiting for ArduPilot flight controller... (no serial device found, retrying in 3s)
2026-09-17 18:45:47 | INFO | Waiting for ArduPilot flight controller... (no serial device found, retrying in 3s)
2026-09-17 18:45:50 | INFO | Waiting for ArduPilot flight controller... (no serial device found, retrying in 3s)
2026-09-17 18:45:53 | INFO | Waiting for ArduPilot flight controller... (no serial device found, retrying in 3s)
2026-09-17 18:45:56 | INFO | Waiting for ArduPilot flight controller... (no serial device found, retrying in 3s)
2026-09-17 18:45:59 | INFO | Waiting for ArduPilot flight controller... (no serial device found, retrying in 3s)
2026-09-17 18:46:02 | INFO | Waiting for ArduPilot flight controller... (no serial device found, retrying in 3s)
2026-09-17 18:46:05 | INFO | Waiting for ArduPilot flight controller... (no serial device found, retrying in 3s)
2026-09-17 18:46:08 | INFO | Waiting for ArduPilot flight controller... (no serial device found, retrying in 3s)
2026-09-17 18:46:11 | INFO | Waiting for ArduPilot flight controller... (no serial device found, retrying in 3s)
2026-09-17 18:46:14 | INFO | Waiting for ArduPilot flight controller... (no serial device found, retrying in 3s)
2026-09-17 18:46:17 | INFO | Waiting for ArduPilot flight controller... (no serial device found, retrying in 3s)
2026-09-17 18:46:20 | INFO | Waiting for ArduPilot flight controller... (no serial device found, retrying in 3s)
2026-09-17 18:46:23 | INFO | Waiting for ArduPilot flight controller... (no serial device found, retrying in 3s)
2026-09-17 18:46:26 | INFO | Waiting for ArduPilot flight controller... (no serial device found, retrying in 3s)
2026-09-17 18:46:29 | INFO | Waiting for ArduPilot flight controller... (no serial device found, retrying in 3s)
2026-09-17 18:46:32 | INFO | Waiting for ArduPilot flight controller... (no serial device found, retrying in 3s)
2026-09-17 18:46:35 | INFO | Waiting for ArduPilot flight controller... (no serial device found, retrying in 3s)
2026-09-17 18:46:38 | INFO | Waiting for ArduPilot flight controller... (no serial device found, retrying in 3s)
2026-09-17 18:46:41 | INFO | Waiting for ArduPilot flight controller... (no serial device found, retrying in 3s)
2026-09-17 18:46:44 | INFO | Waiting for ArduPilot flight controller... (no serial device found, retrying in 3s)
2026-09-17 18:46:47 | INFO | Waiting for ArduPilot flight controller... (no serial device found, retrying in 3s)
2026-09-17 18:46:50 | INFO | Waiting for ArduPilot flight controller... (no serial device found, retrying in 3s)
2026-09-17 18:46:53 | INFO | Waiting for ArduPilot flight controller... (no serial device found, retrying in 3s)
2026-09-17 18:46:56 | INFO | Waiting for ArduPilot flight controller... (no serial device found, retrying in 3s)
2026-09-17 18:46:59 | INFO | Waiting for ArduPilot flight controller... (no serial device found, retrying in 3s)
2026-09-17 18:47:02 | INFO | Waiting for ArduPilot flight controller... (no serial device found, retrying in 3s)
2026-09-17 18:47:05 | INFO | Waiting for ArduPilot flight controller... (no serial device found, retrying in 3s)
2026-09-17 18:47:08 | INFO | Waiting for ArduPilot flight controller... (no serial device found, retrying in 3s)
2026-09-17 18:47:11 | INFO | Waiting for ArduPilot flight controller... (no serial device found, retrying in 3s)
2026-09-17 18:47:14 | INFO | Waiting for ArduPilot flight controller... (no serial device found, retrying in 3s)
2026-09-17 18:47:17 | INFO | Waiting for ArduPilot flight controller... (no serial device found, retrying in 3s)
2026-09-17 18:47:20 | INFO | Waiting for ArduPilot flight controller... (no serial device found, retrying in 3s)
2026-09-17 18:47:23 | INFO | Waiting for ArduPilot flight controller... (no serial device found, retrying in 3s)
2026-09-17 18:47:26 | INFO | Waiting for ArduPilot flight controller... (no serial device found, retrying in 3s)
2026-09-17 18:47:29 | INFO | Waiting for ArduPilot flight controller... (no serial device found, retrying in 3s)
2026-09-17 18:47:32 | INFO | Waiting for ArduPilot flight controller... (no serial device found, retrying in 3s)
2026-09-17 18:47:35 | INFO | Waiting for ArduPilot flight controller... (no serial device found, retrying in 3s)
2026-09-17 18:47:38 | INFO | Waiting for ArduPilot flight controller... (no serial device found, retrying in 3s)
2026-09-17 18:47:41 | INFO | Waiting for ArduPilot flight controller... (no serial device found, retrying in 3s)
2026-09-17 18:47:44 | INFO | Waiting for ArduPilot flight controller... (no serial device found, retrying in 3s)
2026-09-17 18:47:47 | INFO | Waiting for ArduPilot flight controller... (no serial device found, retrying in 3s)
2026-09-17 18:47:50 | INFO | Waiting for ArduPilot flight controller... (no serial device found, retrying in 3s)
2026-09-17 18:47:53 | INFO | Waiting for ArduPilot flight controller... (no serial device found, retrying in 3s)
2026-09-17 18:47:56 | INFO | Waiting for ArduPilot flight controller... (no serial device found, retrying in 3s)
2026-09-17 18:47:59 | INFO | Waiting for ArduPilot flight controller... (no serial device found, retrying in 3s)
2026-09-17 18:48:02 | INFO | Waiting for ArduPilot flight controller... (no serial device found, retrying in 3s)
2026-09-17 18:48:05 | INFO | Waiting for ArduPilot flight controller... (no serial device found, retrying in 3s)
2026-09-17 18:48:08 | INFO | Waiting for ArduPilot flight controller... (no serial device found, retrying in 3s)
2026-09-17 18:48:11 | INFO | Waiting for ArduPilot flight controller... (no serial device found, retrying in 3s)
2026-09-17 18:48:14 | INFO | Waiting for ArduPilot flight controller... (no serial device found, retrying in 3s)
2026-09-17 18:48:17 | INFO | Waiting for ArduPilot flight controller... (no serial device found, retrying in 3s)
2026-09-17 18:48:20 | INFO | Waiting for ArduPilot flight controller... (no serial device found, retrying in 3s)
2026-09-17 18:48:23 | INFO | Waiting for ArduPilot flight controller... (no serial device found, retrying in 3s)
2026-09-17 18:48:26 | INFO | Waiting for ArduPilot flight controller... (no serial device found, retrying in 3s)
2026-09-17 18:48:29 | INFO | Waiting for ArduPilot flight controller... (no serial device found, retrying in 3s)
2026-09-17 18:48:32 | INFO | Waiting for ArduPilot flight controller... (no serial device found, retrying in 3s)
2026-09-17 18:48:35 | INFO | Waiting for ArduPilot flight controller... (no serial device found, retrying in 3s)
2026-09-17 18:48:38 | INFO | Waiting for ArduPilot flight controller... (no serial device found, retrying in 3s)
2026-09-17 18:48:41 | INFO | Waiting for ArduPilot flight controller... (no serial device found, retrying in 3s)
2026-09-17 18:48:44 | INFO | Waiting for ArduPilot flight controller... (no serial device found, retrying in 3s)
2026-09-17 18:48:47 | INFO | Waiting for ArduPilot flight controller... (no serial device found, retrying in 3s)
2026-09-17 18:48:50 | INFO | Waiting for ArduPilot flight controller... (no serial device found, retrying in 3s)
2026-09-17 18:48:53 | INFO | Waiting for ArduPilot flight controller... (no serial device found, retrying in 3s)
2026-09-17 18:48:56 | INFO | Waiting for ArduPilot flight controller... (no serial device found, retrying in 3s)
2026-09-17 18:48:59 | INFO | Waiting for ArduPilot flight controller... (no serial device found, retrying in 3s)
2026-09-17 18:49:02 | INFO | Waiting for ArduPilot flight controller... (no serial device found, retrying in 3s)
2026-09-17 18:49:05 | INFO | Waiting for ArduPilot flight controller... (no serial device found, retrying in 3s)
2026-09-17 18:49:08 | INFO | Waiting for ArduPilot flight controller... (no serial device found, retrying in 3s)
2026-09-17 18:49:11 | INFO | Waiting for ArduPilot flight controller... (no serial device found, retrying in 3s)
2026-09-17 18:49:14 | INFO | Waiting for ArduPilot flight controller... (no serial device found, retrying in 3s)
2026-09-17 18:49:17 | INFO | Waiting for ArduPilot flight controller... (no serial device found, retrying in 3s)
2026-09-17 18:49:20 | INFO | Waiting for ArduPilot flight controller... (no serial device found, retrying in 3s)
2026-09-17 18:49:23 | INFO | Waiting for ArduPilot flight controller... (no serial device found, retrying in 3s)
2026-09-17 18:49:26 | INFO | Waiting for ArduPilot flight controller... (no serial device found, retrying in 3s)
2026-09-17 18:49:29 | INFO | Waiting for ArduPilot flight controller... (no serial device found, retrying in 3s)
2026-09-17 18:49:32 | INFO | Waiting for ArduPilot flight controller... (no serial device found, retrying in 3s)
2026-09-17 18:49:35 | INFO | Waiting for ArduPilot flight controller... (no serial device found, retrying in 3s)
2026-09-17 18:49:38 | INFO | Waiting for ArduPilot flight controller... (no serial device found, retrying in 3s)
2026-09-17 18:49:41 | INFO | Waiting for ArduPilot flight controller... (no serial device found, retrying in 3s)
2026-09-17 18:49:44 | INFO | Waiting for ArduPilot flight controller... (no serial device found, retrying in 3s)
2026-09-17 18:49:47 | INFO | Waiting for ArduPilot flight controller... (no serial device found, retrying in 3s)
2026-09-17 18:49:50 | INFO | Waiting for ArduPilot flight controller... (no serial device found, retrying in 3s)
2026-09-17 18:49:53 | INFO | Waiting for ArduPilot flight controller... (no serial device found, retrying in 3s)
2026-09-17 18:49:56 | INFO | Waiting for ArduPilot flight controller... (no serial device found, retrying in 3s)
2026-09-17 18:49:59 | INFO | Waiting for ArduPilot flight controller... (no serial device found, retrying in 3s)
2026-09-17 18:50:02 | INFO | Waiting for ArduPilot flight controller... (no serial device found, retrying in 3s)
2026-09-17 18:50:05 | INFO | Waiting for ArduPilot flight controller... (no serial device found, retrying in 3s)
2026-09-17 18:50:08 | INFO | Waiting for ArduPilot flight controller... (no serial device found, retrying in 3s)
2026-09-17 18:50:11 | INFO | Waiting for ArduPilot flight controller... (no serial device found, retrying in 3s)
2026-09-17 18:50:14 | INFO | Waiting for ArduPilot flight controller... (no serial device found, retrying in 3s)
2026-09-17 18:50:17 | INFO | Waiting for ArduPilot flight controller... (no serial device found, retrying in 3s)
2026-09-17 18:50:20 | INFO | Waiting for ArduPilot flight controller... (no serial device found, retrying in 3s)
2026-09-17 18:50:23 | INFO | Waiting for ArduPilot flight controller... (no serial device found, retrying in 3s)
2026-09-17 18:50:26 | INFO | Waiting for ArduPilot flight controller... (no serial device found, retrying in 3s)
2026-09-17 18:50:29 | INFO | Waiting for ArduPilot flight controller... (no serial device found, retrying in 3s)
2026-09-17 18:50:32 | INFO | Waiting for ArduPilot flight controller... (no serial device found, retrying in 3s)
2026-09-17 18:50:35 | INFO | Waiting for ArduPilot flight controller... (no serial device found, retrying in 3s)
2026-09-17 18:50:38 | INFO | Waiting for ArduPilot flight controller... (no serial device found, retrying in 3s)
2026-09-17 18:50:41 | INFO | Waiting for ArduPilot flight controller... (no serial device found, retrying in 3s)
2026-09-17 18:50:44 | INFO | Waiting for ArduPilot flight controller... (no serial device found, retrying in 3s)
2026-09-17 18:50:47 | INFO | Waiting for ArduPilot flight controller... (no serial device found, retrying in 3s)
2026-09-17 18:50:50 | INFO | Waiting for ArduPilot flight controller... (no serial device found, retrying in 3s)
2026-09-17 18:50:53 | INFO | Waiting for ArduPilot flight controller... (no serial device found, retrying in 3s)
2026-09-17 18:50:56 | INFO | Waiting for ArduPilot flight controller... (no serial device found, retrying in 3s)
2026-09-17 18:50:59 | INFO | Waiting for ArduPilot flight controller... (no serial device found, retrying in 3s)
2026-09-17 18:51:02 | INFO | Waiting for ArduPilot flight controller... (no serial device found, retrying in 3s)
2026-09-17 18:51:05 | INFO | Waiting for ArduPilot flight controller... (no serial device found, retrying in 3s)
2026-09-17 18:51:08 | INFO | Waiting for ArduPilot flight controller... (no serial device found, retrying in 3s)
2026-09-17 18:51:11 | INFO | Waiting for ArduPilot flight controller... (no serial device found, retrying in 3s)
2026-09-17 18:51:14 | INFO | Waiting for ArduPilot flight controller... (no serial device found, retrying in 3s)
2026-09-17 18:51:17 | INFO | Waiting for ArduPilot flight controller... (no serial device found, retrying in 3s)
2026-09-17 18:51:20 | INFO | Waiting for ArduPilot flight controller... (no serial device found, retrying in 3s)
2026-09-17 18:51:23 | INFO | Waiting for ArduPilot flight controller... (no serial device found, retrying in 3s)
2026-09-17 18:51:26 | INFO | Waiting for ArduPilot flight controller... (no serial device found, retrying in 3s)
2026-09-17 18:51:29 | INFO | Waiting for ArduPilot flight controller... (no serial device found, retrying in 3s)
2026-09-17 18:51:32 | INFO | Waiting for ArduPilot flight controller... (no serial device found, retrying in 3s)
2026-09-17 18:51:35 | INFO | Waiting for ArduPilot flight controller... (no serial device found, retrying in 3s)
2026-09-17 18:51:38 | INFO | Waiting for ArduPilot flight controller... (no serial device found, retrying in 3s)
2026-09-17 18:51:41 | INFO | Waiting for ArduPilot flight controller... (no serial device found, retrying in 3s)
2026-09-17 18:51:44 | INFO | Waiting for ArduPilot flight controller... (no serial device found, retrying in 3s)
2026-09-17 18:51:47 | INFO | Waiting for ArduPilot flight controller... (no serial device found, retrying in 3s)
2026-09-17 18:51:50 | INFO | Waiting for ArduPilot flight controller... (no serial device found, retrying in 3s)
2026-09-17 18:51:53 | INFO | Waiting for ArduPilot flight controller... (no serial device found, retrying in 3s)
2026-09-17 18:51:56 | INFO | Waiting for ArduPilot flight controller... (no serial device found, retrying in 3s)
2026-09-17 18:51:59 | INFO | Waiting for ArduPilot flight controller... (no serial device found, retrying in 3s)
2026-09-17 18:52:02 | INFO | Waiting for ArduPilot flight controller... (no serial device found, retrying in 3s)
2026-09-17 18:52:05 | INFO | Waiting for ArduPilot flight controller... (no serial device found, retrying in 3s)
2026-09-17 18:52:08 | INFO | Waiting for ArduPilot flight controller... (no serial device found, retrying in 3s)
2026-09-17 18:52:11 | INFO | Waiting for ArduPilot flight controller... (no serial device found, retrying in 3s)
2026-09-17 18:52:14 | INFO | Waiting for ArduPilot flight controller... (no serial device found, retrying in 3s)
2026-09-17 18:52:17 | INFO | Waiting for ArduPilot flight controller... (no serial device found, retrying in 3s)
2026-09-17 18:52:20 | INFO | Waiting for ArduPilot flight controller... (no serial device found, retrying in 3s)
2026-09-17 18:52:23 | INFO | Waiting for ArduPilot flight controller... (no serial device found, retrying in 3s)
2026-09-17 18:52:26 | INFO | Waiting for ArduPilot flight controller... (no serial device found, retrying in 3s)
2026-09-17 18:52:29 | INFO | Waiting for ArduPilot flight controller... (no serial device found, retrying in 3s)
2026-09-17 18:52:32 | INFO | Waiting for ArduPilot flight controller... (no serial device found, retrying in 3s)
2026-09-17 18:52:35 | INFO | Waiting for ArduPilot flight controller... (no serial device found, retrying in 3s)
2026-09-17 18:52:38 | INFO | Waiting for ArduPilot flight controller... (no serial device found, retrying in 3s)
2026-09-17 18:52:41 | INFO | Waiting for ArduPilot flight controller... (no serial device found, retrying in 3s)
2026-09-17 18:52:44 | INFO | Waiting for ArduPilot flight controller... (no serial device found, retrying in 3s)
2026-09-17 18:52:47 | INFO | Waiting for ArduPilot flight controller... (no serial device found, retrying in 3s)
2026-09-17 18:52:50 | INFO | Waiting for ArduPilot flight controller... (no serial device found, retrying in 3s)
2026-09-17 18:52:53 | INFO | Waiting for ArduPilot flight controller... (no serial device found, retrying in 3s)
2026-09-17 18:52:56 | INFO | Waiting for ArduPilot flight controller... (no serial device found, retrying in 3s)
2026-09-17 18:52:59 | INFO | Waiting for ArduPilot flight controller... (no serial device found, retrying in 3s)
2026-09-17 18:53:02 | INFO | Waiting for ArduPilot flight controller... (no serial device found, retrying in 3s)
2026-09-17 18:53:05 | INFO | Waiting for ArduPilot flight controller... (no serial device found, retrying in 3s)
2026-09-17 18:53:08 | INFO | Waiting for ArduPilot flight controller... (no serial device found, retrying in 3s)
2026-09-17 18:53:11 | INFO | Waiting for ArduPilot flight controller... (no serial device found, retrying in 3s)
2026-09-17 18:53:14 | INFO | Waiting for ArduPilot flight controller... (no serial device found, retrying in 3s)
2026-09-17 18:53:17 | INFO | Waiting for ArduPilot flight controller... (no serial device found, retrying in 3s)
2026-09-17 18:53:20 | INFO | Waiting for ArduPilot flight controller... (no serial device found, retrying in 3s)
2026-09-17 18:53:23 | INFO | Waiting for ArduPilot flight controller... (no serial device found, retrying in 3s)
2026-09-17 18:53:26 | INFO | Waiting for ArduPilot flight controller... (no serial device found, retrying in 3s)
2026-09-17 18:53:29 | INFO | Waiting for ArduPilot flight controller... (no serial device found, retrying in 3s)
2026-09-17 18:53:32 | INFO | Waiting for ArduPilot flight controller... (no serial device found, retrying in 3s)
2026-09-17 18:53:35 | INFO | Waiting for ArduPilot flight controller... (no serial device found, retrying in 3s)
2026-09-17 18:53:38 | INFO | Waiting for ArduPilot flight controller... (no serial device found, retrying in 3s)
2026-09-17 18:53:41 | INFO | Waiting for ArduPilot flight controller... (no serial device found, retrying in 3s)
2026-09-17 18:53:44 | INFO | Waiting for ArduPilot flight controller... (no serial device found, retrying in 3s)
2026-09-17 18:53:47 | INFO | Waiting for ArduPilot flight controller... (no serial device found, retrying in 3s)
2026-09-17 18:53:50 | INFO | Waiting for ArduPilot flight controller... (no serial device found, retrying in 3s)
2026-09-17 18:53:53 | INFO | Waiting for ArduPilot flight controller... (no serial device found, retrying in 3s)
2026-09-17 18:53:56 | INFO | Waiting for ArduPilot flight controller... (no serial device found, retrying in 3s)
2026-09-17 18:53:59 | INFO | Waiting for ArduPilot flight controller... (no serial device found, retrying in 3s)
2026-09-17 18:54:02 | INFO | Waiting for ArduPilot flight controller... (no serial device found, retrying in 3s)
2026-09-17 18:54:05 | INFO | Waiting for ArduPilot flight controller... (no serial device found, retrying in 3s)
2026-09-17 18:54:08 | INFO | Waiting for ArduPilot flight controller... (no serial device found, retrying in 3s)
2026-09-17 18:54:11 | INFO | Waiting for ArduPilot flight controller... (no serial device found, retrying in 3s)
2026-09-17 18:54:14 | INFO | Waiting for ArduPilot flight controller... (no serial device found, retrying in 3s)
2026-09-17 18:54:17 | INFO | Waiting for ArduPilot flight controller... (no serial device found, retrying in 3s)
2026-09-17 18:54:20 | INFO | Waiting for ArduPilot flight controller... (no serial device found, retrying in 3s)
2026-09-17 18:54:23 | INFO | Waiting for ArduPilot flight controller... (no serial device found, retrying in 3s)
2026-09-17 18:54:26 | INFO | Waiting for ArduPilot flight controller... (no serial device found, retrying in 3s)
2026-09-17 18:54:29 | INFO | Waiting for ArduPilot flight controller... (no serial device found, retrying in 3s)
2026-09-17 18:54:32 | INFO | Waiting for ArduPilot flight controller... (no serial device found, retrying in 3s)
2026-09-17 18:54:35 | INFO | Waiting for ArduPilot flight controller... (no serial device found, retrying in 3s)
2026-09-17 18:54:38 | INFO | Waiting for ArduPilot flight controller... (no serial device found, retrying in 3s)
2026-09-17 18:54:41 | INFO | Waiting for ArduPilot flight controller... (no serial device found, retrying in 3s)
2026-09-17 18:54:44 | INFO | Waiting for ArduPilot flight controller... (no serial device found, retrying in 3s)
2026-09-17 18:54:47 | INFO | Waiting for ArduPilot flight controller... (no serial device found, retrying in 3s)
2026-09-17 18:54:50 | INFO | Waiting for ArduPilot flight controller... (no serial device found, retrying in 3s)
2026-09-17 18:54:53 | INFO | Waiting for ArduPilot flight controller... (no serial device found, retrying in 3s)
2026-09-17 18:54:56 | INFO | Waiting for ArduPilot flight controller... (no serial device found, retrying in 3s)
2026-09-17 18:54:59 | INFO | Waiting for ArduPilot flight controller... (no serial device found, retrying in 3s)
2026-09-17 18:55:02 | INFO | Waiting for ArduPilot flight controller... (no serial device found, retrying in 3s)
2026-09-17 18:55:05 | INFO | Waiting for ArduPilot flight controller... (no serial device found, retrying in 3s)
2026-09-17 18:55:08 | INFO | Waiting for ArduPilot flight controller... (no serial device found, retrying in 3s)
2026-09-17 18:55:11 | INFO | Waiting for ArduPilot flight controller... (no serial device found, retrying in 3s)
2026-09-17 18:55:14 | INFO | Waiting for ArduPilot flight controller... (no serial device found, retrying in 3s)
2026-09-17 18:55:17 | INFO | Waiting for ArduPilot flight controller... (no serial device found, retrying in 3s)
2026-09-17 18:55:20 | INFO | Waiting for ArduPilot flight controller... (no serial device found, retrying in 3s)
2026-09-17 18:55:23 | INFO | Waiting for ArduPilot flight controller... (no serial device found, retrying in 3s)
2026-09-17 18:55:26 | INFO | Waiting for ArduPilot flight controller... (no serial device found, retrying in 3s)
2026-09-17 18:55:29 | INFO | Waiting for ArduPilot flight controller... (no serial device found, retrying in 3s)
2026-09-17 18:55:32 | INFO | Waiting for ArduPilot flight controller... (no serial device found, retrying in 3s)
2026-09-17 18:55:35 | INFO | Waiting for ArduPilot flight controller... (no serial device found, retrying in 3s)
2026-09-17 18:55:38 | INFO | Waiting for ArduPilot flight controller... (no serial device found, retrying in 3s)
2026-09-17 18:55:41 | INFO | Waiting for ArduPilot flight controller... (no serial device found, retrying in 3s)
2026-09-17 18:55:44 | INFO | Waiting for ArduPilot flight controller... (no serial device found, retrying in 3s)
2026-09-17 18:55:47 | INFO | Waiting for ArduPilot flight controller... (no serial device found, retrying in 3s)
2026-09-17 18:55:50 | INFO | Waiting for ArduPilot flight controller... (no serial device found, retrying in 3s)
2026-09-17 18:55:53 | INFO | Waiting for ArduPilot flight controller... (no serial device found, retrying in 3s)
2026-09-17 18:55:56 | INFO | Waiting for ArduPilot flight controller... (no serial device found, retrying in 3s)
2026-09-17 18:55:59 | INFO | Waiting for ArduPilot flight controller... (no serial device found, retrying in 3s)
2026-09-17 18:56:02 | INFO | Waiting for ArduPilot flight controller... (no serial device found, retrying in 3s)
2026-09-17 18:56:05 | INFO | Waiting for ArduPilot flight controller... (no serial device found, retrying in 3s)
2026-09-17 18:56:08 | INFO | Waiting for ArduPilot flight controller... (no serial device found, retrying in 3s)
2026-09-17 18:56:11 | INFO | Waiting for ArduPilot flight controller... (no serial device found, retrying in 3s)
2026-09-17 18:56:14 | INFO | Waiting for ArduPilot flight controller... (no serial device found, retrying in 3s)
2026-09-17 18:56:17 | INFO | Waiting for ArduPilot flight controller... (no serial device found, retrying in 3s)
2026-09-17 18:56:20 | INFO | Waiting for ArduPilot flight controller... (no serial device found, retrying in 3s)
2026-09-17 18:56:23 | INFO | Waiting for ArduPilot flight controller... (no serial device found, retrying in 3s)
2026-09-17 18:56:26 | INFO | Waiting for ArduPilot flight controller... (no serial device found, retrying in 3s)
2026-09-17 18:56:29 | INFO | Waiting for ArduPilot flight controller... (no serial device found, retrying in 3s)
2026-09-17 18:56:32 | INFO | Waiting for ArduPilot flight controller... (no serial device found, retrying in 3s)
2026-09-17 18:56:35 | INFO | Waiting for ArduPilot flight controller... (no serial device found, retrying in 3s)
2026-09-17 18:56:38 | INFO | Waiting for ArduPilot flight controller... (no serial device found, retrying in 3s)
2026-09-17 18:56:41 | INFO | Waiting for ArduPilot flight controller... (no serial device found, retrying in 3s)
2026-09-17 18:56:44 | INFO | Waiting for ArduPilot flight controller... (no serial device found, retrying in 3s)
2026-09-17 18:56:47 | INFO | Waiting for ArduPilot flight controller... (no serial device found, retrying in 3s)
2026-09-17 18:56:50 | INFO | Waiting for ArduPilot flight controller... (no serial device found, retrying in 3s)
2026-09-17 18:56:53 | INFO | Waiting for ArduPilot flight controller... (no serial device found, retrying in 3s)
2026-09-17 18:56:56 | INFO | Waiting for ArduPilot flight controller... (no serial device found, retrying in 3s)
2026-09-17 18:56:59 | INFO | Waiting for ArduPilot flight controller... (no serial device found, retrying in 3s)
2026-09-17 18:57:02 | INFO | Waiting for ArduPilot flight controller... (no serial device found, retrying in 3s)
2026-09-17 18:57:05 | INFO | Waiting for ArduPilot flight controller... (no serial device found, retrying in 3s)
2026-09-17 18:57:08 | INFO | Waiting for ArduPilot flight controller... (no serial device found, retrying in 3s)
2026-09-17 18:57:11 | INFO | Waiting for ArduPilot flight controller... (no serial device found, retrying in 3s)
2026-09-17 18:57:14 | INFO | Waiting for ArduPilot flight controller... (no serial device found, retrying in 3s)
2026-09-17 18:57:17 | INFO | Waiting for ArduPilot flight controller... (no serial device found, retrying in 3s)
2026-09-17 18:57:20 | INFO | Waiting for ArduPilot flight controller... (no serial device found, retrying in 3s)
2026-09-17 18:57:23 | INFO | Waiting for ArduPilot flight controller... (no serial device found, retrying in 3s)
2026-09-17 18:57:26 | INFO | Waiting for ArduPilot flight controller... (no serial device found, retrying in 3s)
2026-09-17 18:57:29 | INFO | Waiting for ArduPilot flight controller... (no serial device found, retrying in 3s)
2026-09-17 18:57:32 | INFO | Waiting for ArduPilot flight controller... (no serial device found, retrying in 3s)
2026-09-17 18:57:35 | INFO | Waiting for ArduPilot flight controller... (no serial device found, retrying in 3s)
2026-09-17 18:57:38 | INFO | Waiting for ArduPilot flight controller... (no serial device found, retrying in 3s)
2026-09-17 18:57:41 | INFO | Waiting for ArduPilot flight controller... (no serial device found, retrying in 3s)
2026-09-17 18:57:44 | INFO | Waiting for ArduPilot flight controller... (no serial device found, retrying in 3s)
2026-09-17 18:57:47 | INFO | Waiting for ArduPilot flight controller... (no serial device found, retrying in 3s)
2026-09-17 18:57:50 | INFO | Waiting for ArduPilot flight controller... (no serial device found, retrying in 3s)
2026-09-17 18:57:53 | INFO | Waiting for ArduPilot flight controller... (no serial device found, retrying in 3s)
2026-09-17 18:57:56 | INFO | Waiting for ArduPilot flight controller... (no serial device found, retrying in 3s)
2026-09-17 18:57:59 | INFO | Waiting for ArduPilot flight controller... (no serial device found, retrying in 3s)
2026-09-17 18:58:02 | INFO | Waiting for ArduPilot flight controller... (no serial device found, retrying in 3s)
2026-09-17 18:58:05 | INFO | Waiting for ArduPilot flight controller... (no serial device found, retrying in 3s)
2026-09-17 18:58:08 | INFO | Waiting for ArduPilot flight controller... (no serial device found, retrying in 3s)
2026-09-17 18:58:11 | INFO | Waiting for ArduPilot flight controller... (no serial device found, retrying in 3s)
2026-09-17 18:58:14 | INFO | Waiting for ArduPilot flight controller... (no serial device found, retrying in 3s)
2026-09-17 18:58:17 | INFO | Waiting for ArduPilot flight controller... (no serial device found, retrying in 3s)
2026-09-17 18:58:20 | INFO | Waiting for ArduPilot flight controller... (no serial device found, retrying in 3s)
2026-09-17 18:58:23 | INFO | Waiting for ArduPilot flight controller... (no serial device found, retrying in 3s)
2026-09-17 18:58:26 | INFO | Waiting for ArduPilot flight controller... (no serial device found, retrying in 3s)
2026-09-17 18:58:29 | INFO | Waiting for ArduPilot flight controller... (no serial device found, retrying in 3s)
2026-09-17 18:58:32 | INFO | Waiting for ArduPilot flight controller... (no serial device found, retrying in 3s)
2026-09-17 18:58:35 | INFO | Waiting for ArduPilot flight controller... (no serial device found, retrying in 3s)
2026-09-17 18:58:38 | INFO | Waiting for ArduPilot flight controller... (no serial device found, retrying in 3s)
2026-09-17 18:58:41 | INFO | Waiting for ArduPilot flight controller... (no serial device found, retrying in 3s)
2026-09-17 18:58:44 | INFO | Waiting for ArduPilot flight controller... (no serial device found, retrying in 3s)
2026-09-17 18:58:47 | INFO | Waiting for ArduPilot flight controller... (no serial device found, retrying in 3s)
2026-09-17 18:58:50 | INFO | Waiting for ArduPilot flight controller... (no serial device found, retrying in 3s)
2026-09-17 18:58:53 | INFO | Waiting for ArduPilot flight controller... (no serial device found, retrying in 3s)
2026-09-17 18:58:56 | INFO | Waiting for ArduPilot flight controller... (no serial device found, retrying in 3s)
2026-09-17 18:58:59 | INFO | Waiting for ArduPilot flight controller... (no serial device found, retrying in 3s)
2026-09-17 18:59:02 | INFO | Waiting for ArduPilot flight controller... (no serial device found, retrying in 3s)
2026-09-17 18:59:05 | INFO | Waiting for ArduPilot flight controller... (no serial device found, retrying in 3s)
2026-09-17 18:59:08 | INFO | Waiting for ArduPilot flight controller... (no serial device found, retrying in 3s)
2026-09-17 18:59:11 | INFO | Waiting for ArduPilot flight controller... (no serial device found, retrying in 3s)
2026-09-17 18:59:14 | INFO | Waiting for ArduPilot flight controller... (no serial device found, retrying in 3s)
2026-09-17 18:59:17 | INFO | Waiting for ArduPilot flight controller... (no serial device found, retrying in 3s)
2026-09-17 18:59:20 | INFO | Waiting for ArduPilot flight controller... (no serial device found, retrying in 3s)
2026-09-17 18:59:23 | INFO | Waiting for ArduPilot flight controller... (no serial device found, retrying in 3s)
2026-09-17 18:59:26 | INFO | Waiting for ArduPilot flight controller... (no serial device found, retrying in 3s)
2026-09-17 18:59:29 | INFO | Waiting for ArduPilot flight controller... (no serial device found, retrying in 3s)
2026-09-17 18:59:32 | INFO | Waiting for ArduPilot flight controller... (no serial device found, retrying in 3s)
2026-09-17 18:59:35 | INFO | Waiting for ArduPilot flight controller... (no serial device found, retrying in 3s)
2026-09-17 18:59:38 | INFO | Waiting for ArduPilot flight controller... (no serial device found, retrying in 3s)
2026-09-17 18:59:41 | INFO | Waiting for ArduPilot flight controller... (no serial device found, retrying in 3s)
2026-09-17 18:59:44 | INFO | Waiting for ArduPilot flight controller... (no serial device found, retrying in 3s)
2026-09-17 18:59:47 | INFO | Waiting for ArduPilot flight controller... (no serial device found, retrying in 3s)
2026-09-17 18:59:50 | INFO | Waiting for ArduPilot flight controller... (no serial device found, retrying in 3s)
2026-09-17 18:59:53 | INFO | Waiting for ArduPilot flight controller... (no serial device found, retrying in 3s)
2026-09-17 18:59:56 | INFO | Waiting for ArduPilot flight controller... (no serial device found, retrying in 3s)
2026-09-17 18:59:59 | INFO | Waiting for ArduPilot flight controller... (no serial device found, retrying in 3s)
2026-09-17 19:00:02 | INFO | Waiting for ArduPilot flight controller... (no serial device found, retrying in 3s)
2026-09-17 19:00:05 | INFO | Waiting for ArduPilot flight controller... (no serial device found, retrying in 3s)
2026-09-17 19:00:08 | INFO | Waiting for ArduPilot flight controller... (no serial device found, retrying in 3s)
2026-09-17 19:00:11 | INFO | Waiting for ArduPilot flight controller... (no serial device found, retrying in 3s)
2026-09-17 19:00:14 | INFO | Waiting for ArduPilot flight controller... (no serial device found, retrying in 3s)
2026-09-17 19:00:17 | INFO | Waiting for ArduPilot flight controller... (no serial device found, retrying in 3s)
2026-09-17 19:00:20 | INFO | Waiting for ArduPilot flight controller... (no serial device found, retrying in 3s)
2026-09-17 19:00:23 | INFO | Waiting for ArduPilot flight controller... (no serial device found, retrying in 3s)
2026-09-17 19:00:26 | INFO | Waiting for ArduPilot flight controller... (no serial device found, retrying in 3s)
2026-09-17 19:00:29 | INFO | Waiting for ArduPilot flight controller... (no serial device found, retrying in 3s)
2026-09-17 19:00:32 | INFO | Waiting for ArduPilot flight controller... (no serial device found, retrying in 3s)
2026-09-17 19:00:35 | INFO | Waiting for ArduPilot flight controller... (no serial device found, retrying in 3s)
2026-09-17 19:00:38 | INFO | Waiting for ArduPilot flight controller... (no serial device found, retrying in 3s)
2026-09-17 19:00:41 | INFO | Waiting for ArduPilot flight controller... (no serial device found, retrying in 3s)
2026-09-17 19:00:44 | INFO | Waiting for ArduPilot flight controller... (no serial device found, retrying in 3s)
2026-09-17 19:00:47 | INFO | Waiting for ArduPilot flight controller... (no serial device found, retrying in 3s)
2026-09-17 19:00:50 | INFO | Waiting for ArduPilot flight controller... (no serial device found, retrying in 3s)
2026-09-17 19:00:53 | INFO | Waiting for ArduPilot flight controller... (no serial device found, retrying in 3s)
2026-09-17 19:00:56 | INFO | Waiting for ArduPilot flight controller... (no serial device found, retrying in 3s)
2026-09-17 19:00:59 | INFO | Waiting for ArduPilot flight controller... (no serial device found, retrying in 3s)
2026-09-17 19:01:02 | INFO | Waiting for ArduPilot flight controller... (no serial device found, retrying in 3s)
2026-09-17 19:01:05 | INFO | Waiting for ArduPilot flight controller... (no serial device found, retrying in 3s)
2026-09-17 19:01:08 | INFO | Waiting for ArduPilot flight controller... (no serial device found, retrying in 3s)
2026-09-17 19:01:11 | INFO | Waiting for ArduPilot flight controller... (no serial device found, retrying in 3s)
2026-09-17 19:01:14 | INFO | Waiting for ArduPilot flight controller... (no serial device found, retrying in 3s)
2026-09-17 19:01:17 | INFO | Waiting for ArduPilot flight controller... (no serial device found, retrying in 3s)
2026-09-17 19:01:20 | INFO | Waiting for ArduPilot flight controller... (no serial device found, retrying in 3s)
2026-09-17 19:01:23 | INFO | Waiting for ArduPilot flight controller... (no serial device found, retrying in 3s)
2026-09-17 19:01:26 | INFO | Waiting for ArduPilot flight controller... (no serial device found, retrying in 3s)
2026-09-17 19:01:29 | INFO | Waiting for ArduPilot flight controller... (no serial device found, retrying in 3s)
2026-09-17 19:01:32 | INFO | Waiting for ArduPilot flight controller... (no serial device found, retrying in 3s)
2026-09-17 19:01:35 | INFO | Waiting for ArduPilot flight controller... (no serial device found, retrying in 3s)
2026-09-17 19:01:38 | INFO | Waiting for ArduPilot flight controller... (no serial device found, retrying in 3s)
2026-09-17 19:01:41 | INFO | Waiting for ArduPilot flight controller... (no serial device found, retrying in 3s)
2026-09-17 19:01:44 | INFO | Waiting for ArduPilot flight controller... (no serial device found, retrying in 3s)
2026-09-17 19:01:47 | INFO | Waiting for ArduPilot flight controller... (no serial device found, retrying in 3s)
2026-09-17 19:01:50 | INFO | Waiting for ArduPilot flight controller... (no serial device found, retrying in 3s)
2026-09-17 19:01:53 | INFO | Waiting for ArduPilot flight controller... (no serial device found, retrying in 3s)
2026-09-17 19:01:56 | INFO | Waiting for ArduPilot flight controller... (no serial device found, retrying in 3s)
2026-09-17 19:01:59 | INFO | Waiting for ArduPilot flight controller... (no serial device found, retrying in 3s)
2026-09-17 19:02:02 | INFO | Waiting for ArduPilot flight controller... (no serial device found, retrying in 3s)
2026-09-17 19:02:05 | INFO | Waiting for ArduPilot flight controller... (no serial device found, retrying in 3s)
2026-09-17 19:02:08 | INFO | Waiting for ArduPilot flight controller... (no serial device found, retrying in 3s)
2026-09-17 19:02:11 | INFO | Waiting for ArduPilot flight controller... (no serial device found, retrying in 3s)
2026-09-17 19:02:14 | INFO | Waiting for ArduPilot flight controller... (no serial device found, retrying in 3s)
2026-09-17 19:02:17 | INFO | Waiting for ArduPilot flight controller... (no serial device found, retrying in 3s)
2026-09-17 19:02:20 | INFO | Waiting for ArduPilot flight controller... (no serial device found, retrying in 3s)
2026-09-17 19:02:23 | INFO | Waiting for ArduPilot flight controller... (no serial device found, retrying in 3s)
2026-09-17 19:02:26 | INFO | Waiting for ArduPilot flight controller... (no serial device found, retrying in 3s)
2026-09-17 19:02:29 | INFO | Waiting for ArduPilot flight controller... (no serial device found, retrying in 3s)
2026-09-17 19:02:32 | INFO | Waiting for ArduPilot flight controller... (no serial device found, retrying in 3s)
2026-09-17 19:02:35 | INFO | Waiting for ArduPilot flight controller... (no serial device found, retrying in 3s)
2026-09-17 19:02:38 | INFO | Waiting for ArduPilot flight controller... (no serial device found, retrying in 3s)
2026-09-17 19:02:41 | INFO | Waiting for ArduPilot flight controller... (no serial device found, retrying in 3s)
2026-09-17 19:02:44 | INFO | Waiting for ArduPilot flight controller... (no serial device found, retrying in 3s)
2026-09-17 19:02:47 | INFO | Waiting for ArduPilot flight controller... (no serial device found, retrying in 3s)
2026-09-17 19:02:50 | INFO | Waiting for ArduPilot flight controller... (no serial device found, retrying in 3s)
2026-09-17 19:02:53 | INFO | Waiting for ArduPilot flight controller... (no serial device found, retrying in 3s)
2026-09-17 19:02:56 | INFO | Waiting for ArduPilot flight controller... (no serial device found, retrying in 3s)
2026-09-17 19:02:59 | INFO | Waiting for ArduPilot flight controller... (no serial device found, retrying in 3s)
2026-09-17 19:03:02 | INFO | Waiting for ArduPilot flight controller... (no serial device found, retrying in 3s)
2026-09-17 19:03:05 | INFO | Waiting for ArduPilot flight controller... (no serial device found, retrying in 3s)
2026-09-17 19:03:08 | INFO | Waiting for ArduPilot flight controller... (no serial device found, retrying in 3s)
2026-09-17 19:03:11 | INFO | Waiting for ArduPilot flight controller... (no serial device found, retrying in 3s)
2026-09-17 19:03:14 | INFO | Waiting for ArduPilot flight controller... (no serial device found, retrying in 3s)
2026-09-17 19:03:17 | INFO | Waiting for ArduPilot flight controller... (no serial device found, retrying in 3s)
2026-09-17 19:03:20 | INFO | Waiting for ArduPilot flight controller... (no serial device found, retrying in 3s)
2026-09-17 19:03:23 | INFO | Waiting for ArduPilot flight controller... (no serial device found, retrying in 3s)
2026-09-17 19:03:26 | INFO | Waiting for ArduPilot flight controller... (no serial device found, retrying in 3s)
2026-09-17 19:03:29 | INFO | Waiting for ArduPilot flight controller... (no serial device found, retrying in 3s)
2026-09-17 19:03:32 | INFO | Waiting for ArduPilot flight controller... (no serial device found, retrying in 3s)
2026-09-17 19:03:35 | INFO | Waiting for ArduPilot flight controller... (no serial device found, retrying in 3s)
2026-09-17 19:03:38 | INFO | Waiting for ArduPilot flight controller... (no serial device found, retrying in 3s)
2026-09-17 19:03:41 | INFO | Waiting for ArduPilot flight controller... (no serial device found, retrying in 3s)
2026-09-17 19:03:44 | INFO | Waiting for ArduPilot flight controller... (no serial device found, retrying in 3s)
2026-09-17 19:03:47 | INFO | Waiting for ArduPilot flight controller... (no serial device found, retrying in 3s)
2026-09-17 19:03:50 | INFO | Waiting for ArduPilot flight controller... (no serial device found, retrying in 3s)
2026-09-17 19:03:53 | INFO | Waiting for ArduPilot flight controller... (no serial device found, retrying in 3s)
2026-09-17 19:03:56 | INFO | Waiting for ArduPilot flight controller... (no serial device found, retrying in 3s)
2026-09-17 19:03:59 | INFO | Waiting for ArduPilot flight controller... (no serial device found, retrying in 3s)
2026-09-17 19:04:02 | INFO | Waiting for ArduPilot flight controller... (no serial device found, retrying in 3s)
2026-09-17 19:04:05 | INFO | Waiting for ArduPilot flight controller... (no serial device found, retrying in 3s)
2026-09-17 19:04:08 | INFO | Waiting for ArduPilot flight controller... (no serial device found, retrying in 3s)
2026-09-17 19:04:11 | INFO | Waiting for ArduPilot flight controller... (no serial device found, retrying in 3s)
2026-09-17 19:04:14 | INFO | Waiting for ArduPilot flight controller... (no serial device found, retrying in 3s)
2026-09-17 19:04:17 | INFO | Waiting for ArduPilot flight controller... (no serial device found, retrying in 3s)
2026-09-17 19:04:20 | INFO | Waiting for ArduPilot flight controller... (no serial device found, retrying in 3s)
2026-09-17 19:04:23 | INFO | Waiting for ArduPilot flight controller... (no serial device found, retrying in 3s)
2026-09-17 19:04:26 | INFO | Waiting for ArduPilot flight controller... (no serial device found, retrying in 3s)
2026-09-17 19:04:29 | INFO | Waiting for ArduPilot flight controller... (no serial device found, retrying in 3s)
2026-09-17 19:04:32 | INFO | Waiting for ArduPilot flight controller... (no serial device found, retrying in 3s)
2026-09-17 19:04:35 | INFO | Waiting for ArduPilot flight controller... (no serial device found, retrying in 3s)
2026-09-17 19:04:38 | INFO | Waiting for ArduPilot flight controller... (no serial device found, retrying in 3s)
2026-09-17 19:04:41 | INFO | Waiting for ArduPilot flight controller... (no serial device found, retrying in 3s)
2026-09-17 19:04:44 | INFO | Waiting for ArduPilot flight controller... (no serial device found, retrying in 3s)
2026-09-17 19:04:47 | INFO | Waiting for ArduPilot flight controller... (no serial device found, retrying in 3s)
2026-09-17 19:04:50 | INFO | Waiting for ArduPilot flight controller... (no serial device found, retrying in 3s)
2026-09-17 19:04:53 | INFO | Waiting for ArduPilot flight controller... (no serial device found, retrying in 3s)
2026-09-17 19:04:56 | INFO | Waiting for ArduPilot flight controller... (no serial device found, retrying in 3s)
2026-09-17 19:04:59 | INFO | Waiting for ArduPilot flight controller... (no serial device found, retrying in 3s)
2026-09-17 19:05:02 | INFO | Waiting for ArduPilot flight controller... (no serial device found, retrying in 3s)
2026-09-17 19:05:05 | INFO | Waiting for ArduPilot flight controller... (no serial device found, retrying in 3s)
2026-09-17 19:05:08 | INFO | Waiting for ArduPilot flight controller... (no serial device found, retrying in 3s)
2026-09-17 19:05:11 | INFO | Waiting for ArduPilot flight controller... (no serial device found, retrying in 3s)
2026-09-17 19:05:14 | INFO | Waiting for ArduPilot flight controller... (no serial device found, retrying in 3s)
2026-09-17 19:05:17 | INFO | Waiting for ArduPilot flight controller... (no serial device found, retrying in 3s)
2026-09-17 19:05:20 | INFO | Waiting for ArduPilot flight controller... (no serial device found, retrying in 3s)
2026-09-17 19:05:23 | INFO | Waiting for ArduPilot flight controller... (no serial device found, retrying in 3s)
2026-09-17 19:05:26 | INFO | Waiting for ArduPilot flight controller... (no serial device found, retrying in 3s)
2026-09-17 19:05:29 | INFO | Waiting for ArduPilot flight controller... (no serial device found, retrying in 3s)
2026-09-17 19:05:32 | INFO | Waiting for ArduPilot flight controller... (no serial device found, retrying in 3s)
2026-09-17 19:05:35 | INFO | Waiting for ArduPilot flight controller... (no serial device found, retrying in 3s)
2026-09-17 19:05:38 | INFO | Waiting for ArduPilot flight controller... (no serial device found, retrying in 3s)
2026-09-17 19:05:41 | INFO | Waiting for ArduPilot flight controller... (no serial device found, retrying in 3s)
2026-09-17 19:05:44 | INFO | Waiting for ArduPilot flight controller... (no serial device found, retrying in 3s)
2026-09-17 19:05:47 | INFO | Waiting for ArduPilot flight controller... (no serial device found, retrying in 3s)
2026-09-17 19:05:50 | INFO | Waiting for ArduPilot flight controller... (no serial device found, retrying in 3s)
2026-09-17 19:05:53 | INFO | Waiting for ArduPilot flight controller... (no serial device found, retrying in 3s)
2026-09-17 19:05:56 | INFO | Waiting for ArduPilot flight controller... (no serial device found, retrying in 3s)
2026-09-17 19:05:59 | INFO | Waiting for ArduPilot flight controller... (no serial device found, retrying in 3s)
2026-09-17 19:06:02 | INFO | Waiting for ArduPilot flight controller... (no serial device found, retrying in 3s)
2026-09-17 19:06:05 | INFO | Waiting for ArduPilot flight controller... (no serial device found, retrying in 3s)
2026-09-17 19:06:08 | INFO | Waiting for ArduPilot flight controller... (no serial device found, retrying in 3s)
2026-09-17 19:06:11 | INFO | Waiting for ArduPilot flight controller... (no serial device found, retrying in 3s)
2026-09-17 19:06:14 | INFO | Waiting for ArduPilot flight controller... (no serial device found, retrying in 3s)
2026-09-17 19:06:17 | INFO | Waiting for ArduPilot flight controller... (no serial device found, retrying in 3s)
2026-09-17 19:06:20 | INFO | Waiting for ArduPilot flight controller... (no serial device found, retrying in 3s)
2026-09-17 19:06:23 | INFO | Waiting for ArduPilot flight controller... (no serial device found, retrying in 3s)
2026-09-17 19:06:26 | INFO | Waiting for ArduPilot flight controller... (no serial device found, retrying in 3s)
2026-09-17 19:06:29 | INFO | Waiting for ArduPilot flight controller... (no serial device found, retrying in 3s)
2026-09-17 19:06:32 | INFO | Waiting for ArduPilot flight controller... (no serial device found, retrying in 3s)
2026-09-17 19:06:35 | INFO | Waiting for ArduPilot flight controller... (no serial device found, retrying in 3s)
2026-09-17 19:06:38 | INFO | Waiting for ArduPilot flight controller... (no serial device found, retrying in 3s)
2026-09-17 19:06:41 | INFO | Waiting for ArduPilot flight controller... (no serial device found, retrying in 3s)
2026-09-17 19:06:44 | INFO | Waiting for ArduPilot flight controller... (no serial device found, retrying in 3s)
2026-09-17 19:06:47 | INFO | Waiting for ArduPilot flight controller... (no serial device found, retrying in 3s)
2026-09-17 19:06:50 | INFO | Waiting for ArduPilot flight controller... (no serial device found, retrying in 3s)
2026-09-17 19:06:53 | INFO | Waiting for ArduPilot flight controller... (no serial device found, retrying in 3s)
2026-09-17 19:06:56 | INFO | Waiting for ArduPilot flight controller... (no serial device found, retrying in 3s)
2026-09-17 19:06:59 | INFO | Waiting for ArduPilot flight controller... (no serial device found, retrying in 3s)
2026-09-17 19:07:02 | INFO | Waiting for ArduPilot flight controller... (no serial device found, retrying in 3s)
2026-09-17 19:07:05 | INFO | Waiting for ArduPilot flight controller... (no serial device found, retrying in 3s)
2026-09-17 19:07:08 | INFO | Waiting for ArduPilot flight controller... (no serial device found, retrying in 3s)
2026-09-17 19:07:11 | INFO | Waiting for ArduPilot flight controller... (no serial device found, retrying in 3s)
2026-09-17 19:07:14 | INFO | Waiting for ArduPilot flight controller... (no serial device found, retrying in 3s)
2026-09-17 19:07:17 | INFO | Waiting for ArduPilot flight controller... (no serial device found, retrying in 3s)
2026-09-17 19:07:20 | INFO | Waiting for ArduPilot flight controller... (no serial device found, retrying in 3s)
2026-09-17 19:07:23 | INFO | Waiting for ArduPilot flight controller... (no serial device found, retrying in 3s)
2026-09-17 19:07:26 | INFO | Waiting for ArduPilot flight controller... (no serial device found, retrying in 3s)
2026-09-17 19:07:29 | INFO | Waiting for ArduPilot flight controller... (no serial device found, retrying in 3s)
2026-09-17 19:07:32 | INFO | Waiting for ArduPilot flight controller... (no serial device found, retrying in 3s)
2026-09-17 19:07:35 | INFO | Waiting for ArduPilot flight controller... (no serial device found, retrying in 3s)
2026-09-17 19:07:38 | INFO | Waiting for ArduPilot flight controller... (no serial device found, retrying in 3s)
2026-09-17 19:07:41 | INFO | Waiting for ArduPilot flight controller... (no serial device found, retrying in 3s)
2026-09-17 19:07:44 | INFO | Waiting for ArduPilot flight controller... (no serial device found, retrying in 3s)
2026-09-17 19:07:47 | INFO | Waiting for ArduPilot flight controller... (no serial device found, retrying in 3s)
2026-09-17 19:07:50 | INFO | Waiting for ArduPilot flight controller... (no serial device found, retrying in 3s)
2026-09-17 19:07:53 | INFO | Waiting for ArduPilot flight controller... (no serial device found, retrying in 3s)
2026-09-17 19:07:56 | INFO | Waiting for ArduPilot flight controller... (no serial device found, retrying in 3s)
2026-09-17 19:07:59 | INFO | Waiting for ArduPilot flight controller... (no serial device found, retrying in 3s)
2026-09-17 19:08:02 | INFO | Waiting for ArduPilot flight controller... (no serial device found, retrying in 3s)
2026-09-17 19:08:05 | INFO | Waiting for ArduPilot flight controller... (no serial device found, retrying in 3s)
2026-09-17 19:08:08 | INFO | Waiting for ArduPilot flight controller... (no serial device found, retrying in 3s)
2026-09-17 19:08:11 | INFO | Waiting for ArduPilot flight controller... (no serial device found, retrying in 3s)
2026-09-17 19:08:14 | INFO | Waiting for ArduPilot flight controller... (no serial device found, retrying in 3s)
2026-09-17 19:08:17 | INFO | Waiting for ArduPilot flight controller... (no serial device found, retrying in 3s)
2026-09-17 19:08:20 | INFO | Waiting for ArduPilot flight controller... (no serial device found, retrying in 3s)
2026-09-17 19:08:23 | INFO | Waiting for ArduPilot flight controller... (no serial device found, retrying in 3s)
2026-09-17 19:08:26 | INFO | Waiting for ArduPilot flight controller... (no serial device found, retrying in 3s)
2026-09-17 19:08:29 | INFO | Waiting for ArduPilot flight controller... (no serial device found, retrying in 3s)
2026-09-17 19:08:32 | INFO | Waiting for ArduPilot flight controller... (no serial device found, retrying in 3s)
2026-09-17 19:08:35 | INFO | Waiting for ArduPilot flight controller... (no serial device found, retrying in 3s)
2026-09-17 19:08:38 | INFO | Waiting for ArduPilot flight controller... (no serial device found, retrying in 3s)
2026-09-17 19:08:41 | INFO | Waiting for ArduPilot flight controller... (no serial device found, retrying in 3s)
2026-09-17 19:08:44 | INFO | Waiting for ArduPilot flight controller... (no serial device found, retrying in 3s)
2026-09-17 19:08:47 | INFO | Waiting for ArduPilot flight controller... (no serial device found, retrying in 3s)
2026-09-17 19:08:50 | INFO | Waiting for ArduPilot flight controller... (no serial device found, retrying in 3s)
2026-09-17 19:08:53 | INFO | Waiting for ArduPilot flight controller... (no serial device found, retrying in 3s)
2026-09-17 19:08:56 | INFO | Waiting for ArduPilot flight controller... (no serial device found, retrying in 3s)
2026-09-17 19:08:59 | INFO | Waiting for ArduPilot flight controller... (no serial device found, retrying in 3s)
2026-09-17 19:09:02 | INFO | Waiting for ArduPilot flight controller... (no serial device found, retrying in 3s)
2026-09-17 19:09:05 | INFO | Waiting for ArduPilot flight controller... (no serial device found, retrying in 3s)
2026-09-17 19:09:08 | INFO | Waiting for ArduPilot flight controller... (no serial device found, retrying in 3s)
2026-09-17 19:09:11 | INFO | Waiting for ArduPilot flight controller... (no serial device found, retrying in 3s)
2026-09-17 19:09:14 | INFO | Waiting for ArduPilot flight controller... (no serial device found, retrying in 3s)
2026-09-17 19:09:17 | INFO | Waiting for ArduPilot flight controller... (no serial device found, retrying in 3s)
2026-09-17 19:09:20 | INFO | Waiting for ArduPilot flight controller... (no serial device found, retrying in 3s)
2026-09-17 19:09:23 | INFO | Waiting for ArduPilot flight controller... (no serial device found, retrying in 3s)
2026-09-17 19:09:26 | INFO | Waiting for ArduPilot flight controller... (no serial device found, retrying in 3s)
2026-09-17 19:09:29 | INFO | Waiting for ArduPilot flight controller... (no serial device found, retrying in 3s)
2026-09-17 19:09:32 | INFO | Waiting for ArduPilot flight controller... (no serial device found, retrying in 3s)
2026-09-17 19:09:35 | INFO | Waiting for ArduPilot flight controller... (no serial device found, retrying in 3s)
2026-09-17 19:09:38 | INFO | Waiting for ArduPilot flight controller... (no serial device found, retrying in 3s)
2026-09-17 19:09:41 | INFO | Waiting for ArduPilot flight controller... (no serial device found, retrying in 3s)
2026-09-17 19:09:44 | INFO | Waiting for ArduPilot flight controller... (no serial device found, retrying in 3s)
2026-09-17 19:09:47 | INFO | Waiting for ArduPilot flight controller... (no serial device found, retrying in 3s)
2026-09-17 19:09:50 | INFO | Waiting for ArduPilot flight controller... (no serial device found, retrying in 3s)
2026-09-17 19:09:53 | INFO | Waiting for ArduPilot flight controller... (no serial device found, retrying in 3s)
2026-09-17 19:09:56 | INFO | Waiting for ArduPilot flight controller... (no serial device found, retrying in 3s)
2026-09-17 19:09:59 | INFO | Waiting for ArduPilot flight controller... (no serial device found, retrying in 3s)
2026-09-17 19:10:02 | INFO | Waiting for ArduPilot flight controller... (no serial device found, retrying in 3s)
2026-09-17 19:10:05 | INFO | Waiting for ArduPilot flight controller... (no serial device found, retrying in 3s)
2026-09-17 19:10:08 | INFO | Waiting for ArduPilot flight controller... (no serial device found, retrying in 3s)
2026-09-17 19:10:11 | INFO | Waiting for ArduPilot flight controller... (no serial device found, retrying in 3s)
2026-09-17 19:10:14 | INFO | Waiting for ArduPilot flight controller... (no serial device found, retrying in 3s)
2026-09-17 19:10:17 | INFO | Waiting for ArduPilot flight controller... (no serial device found, retrying in 3s)
2026-09-17 19:10:20 | INFO | Waiting for ArduPilot flight controller... (no serial device found, retrying in 3s)
2026-09-17 19:10:23 | INFO | Waiting for ArduPilot flight controller... (no serial device found, retrying in 3s)
2026-09-17 19:10:26 | INFO | Waiting for ArduPilot flight controller... (no serial device found, retrying in 3s)
2026-09-17 19:10:29 | INFO | Waiting for ArduPilot flight controller... (no serial device found, retrying in 3s)
2026-09-17 19:10:32 | INFO | Waiting for ArduPilot flight controller... (no serial device found, retrying in 3s)
2026-09-17 19:10:35 | INFO | Waiting for ArduPilot flight controller... (no serial device found, retrying in 3s)
2026-09-17 19:10:38 | INFO | Waiting for ArduPilot flight controller... (no serial device found, retrying in 3s)
2026-09-17 19:10:41 | INFO | Waiting for ArduPilot flight controller... (no serial device found, retrying in 3s)
2026-09-17 19:10:44 | INFO | Waiting for ArduPilot flight controller... (no serial device found, retrying in 3s)
2026-09-17 19:10:47 | INFO | Waiting for ArduPilot flight controller... (no serial device found, retrying in 3s)
2026-09-17 19:10:50 | INFO | Waiting for ArduPilot flight controller... (no serial device found, retrying in 3s)
2026-09-17 19:10:53 | INFO | Waiting for ArduPilot flight controller... (no serial device found, retrying in 3s)
2026-09-17 19:10:56 | INFO | Waiting for ArduPilot flight controller... (no serial device found, retrying in 3s)
2026-09-17 19:10:59 | INFO | Waiting for ArduPilot flight controller... (no serial device found, retrying in 3s)
2026-09-17 19:11:02 | INFO | Waiting for ArduPilot flight controller... (no serial device found, retrying in 3s)
2026-09-17 19:11:05 | INFO | Waiting for ArduPilot flight controller... (no serial device found, retrying in 3s)
2026-09-17 19:11:08 | INFO | Waiting for ArduPilot flight controller... (no serial device found, retrying in 3s)
2026-09-17 19:11:11 | INFO | Waiting for ArduPilot flight controller... (no serial device found, retrying in 3s)
2026-09-17 19:11:14 | INFO | Waiting for ArduPilot flight controller... (no serial device found, retrying in 3s)
2026-09-17 19:11:17 | INFO | Waiting for ArduPilot flight controller... (no serial device found, retrying in 3s)
2026-09-17 19:11:20 | INFO | Waiting for ArduPilot flight controller... (no serial device found, retrying in 3s)
2026-09-17 19:11:23 | INFO | Waiting for ArduPilot flight controller... (no serial device found, retrying in 3s)
2026-09-17 19:11:26 | INFO | Waiting for ArduPilot flight controller... (no serial device found, retrying in 3s)
2026-09-17 19:11:29 | INFO | Waiting for ArduPilot flight controller... (no serial device found, retrying in 3s)
2026-09-17 19:11:32 | INFO | Waiting for ArduPilot flight controller... (no serial device found, retrying in 3s)
2026-09-17 19:11:35 | INFO | Waiting for ArduPilot flight controller... (no serial device found, retrying in 3s)
2026-09-17 19:11:38 | INFO | Waiting for ArduPilot flight controller... (no serial device found, retrying in 3s)
2026-09-17 19:11:41 | INFO | Waiting for ArduPilot flight controller... (no serial device found, retrying in 3s)
2026-09-17 19:11:44 | INFO | Waiting for ArduPilot flight controller... (no serial device found, retrying in 3s)
2026-09-17 19:11:47 | INFO | Waiting for ArduPilot flight controller... (no serial device found, retrying in 3s)
2026-09-17 19:11:50 | INFO | Waiting for ArduPilot flight controller... (no serial device found, retrying in 3s)
2026-09-17 19:11:53 | INFO | Waiting for ArduPilot flight controller... (no serial device found, retrying in 3s)
2026-09-17 19:11:56 | INFO | Waiting for ArduPilot flight controller... (no serial device found, retrying in 3s)
2026-09-17 19:11:59 | INFO | Waiting for ArduPilot flight controller... (no serial device found, retrying in 3s)
2026-09-17 19:12:02 | INFO | Waiting for ArduPilot flight controller... (no serial device found, retrying in 3s)
2026-09-17 19:12:05 | INFO | Waiting for ArduPilot flight controller... (no serial device found, retrying in 3s)
2026-09-17 19:12:08 | INFO | Waiting for ArduPilot flight controller... (no serial device found, retrying in 3s)
2026-09-17 19:12:11 | INFO | Waiting for ArduPilot flight controller... (no serial device found, retrying in 3s)
2026-09-17 19:12:14 | INFO | Waiting for ArduPilot flight controller... (no serial device found, retrying in 3s)
2026-09-17 19:12:17 | INFO | Waiting for ArduPilot flight controller... (no serial device found, retrying in 3s)
2026-09-17 19:12:20 | INFO | Waiting for ArduPilot flight controller... (no serial device found, retrying in 3s)
2026-09-17 19:12:23 | INFO | Waiting for ArduPilot flight controller... (no serial device found, retrying in 3s)
2026-09-17 19:12:26 | INFO | Waiting for ArduPilot flight controller... (no serial device found, retrying in 3s)
2026-09-17 19:12:29 | INFO | Waiting for ArduPilot flight controller... (no serial device found, retrying in 3s)
2026-09-17 19:12:32 | INFO | Waiting for ArduPilot flight controller... (no serial device found, retrying in 3s)
2026-09-17 19:12:35 | INFO | Waiting for ArduPilot flight controller... (no serial device found, retrying in 3s)
2026-09-17 19:12:38 | INFO | Waiting for ArduPilot flight controller... (no serial device found, retrying in 3s)
2026-09-17 19:12:41 | INFO | Waiting for ArduPilot flight controller... (no serial device found, retrying in 3s)
2026-09-17 19:12:44 | INFO | Waiting for ArduPilot flight controller... (no serial device found, retrying in 3s)
2026-09-17 19:12:47 | INFO | Waiting for ArduPilot flight controller... (no serial device found, retrying in 3s)
2026-09-17 19:12:50 | INFO | Waiting for ArduPilot flight controller... (no serial device found, retrying in 3s)
2026-09-17 19:12:53 | INFO | Waiting for ArduPilot flight controller... (no serial device found, retrying in 3s)
2026-09-17 19:12:56 | INFO | Waiting for ArduPilot flight controller... (no serial device found, retrying in 3s)
2026-09-17 19:12:59 | INFO | Waiting for ArduPilot flight controller... (no serial device found, retrying in 3s)
2026-09-17 19:13:02 | INFO | Waiting for ArduPilot flight controller... (no serial device found, retrying in 3s)
2026-09-17 19:13:05 | INFO | Waiting for ArduPilot flight controller... (no serial device found, retrying in 3s)
2026-09-17 19:13:08 | INFO | Waiting for ArduPilot flight controller... (no serial device found, retrying in 3s)
2026-09-17 19:13:11 | INFO | Waiting for ArduPilot flight controller... (no serial device found, retrying in 3s)
2026-09-17 19:13:14 | INFO | Waiting for ArduPilot flight controller... (no serial device found, retrying in 3s)
2026-09-17 19:13:17 | INFO | Waiting for ArduPilot flight controller... (no serial device found, retrying in 3s)
2026-09-17 19:13:20 | INFO | Waiting for ArduPilot flight controller... (no serial device found, retrying in 3s)
2026-09-17 19:13:23 | INFO | Waiting for ArduPilot flight controller... (no serial device found, retrying in 3s)
2026-09-17 19:13:27 | INFO | Waiting for ArduPilot flight controller... (no serial device found, retrying in 3s)
2026-09-17 19:13:30 | INFO | Waiting for ArduPilot flight controller... (no serial device found, retrying in 3s)
2026-09-17 19:13:33 | INFO | Waiting for ArduPilot flight controller... (no serial device found, retrying in 3s)
2026-09-17 19:13:36 | INFO | Waiting for ArduPilot flight controller... (no serial device found, retrying in 3s)
2026-09-17 19:13:39 | INFO | Waiting for ArduPilot flight controller... (no serial device found, retrying in 3s)
2026-09-17 19:13:42 | INFO | Waiting for ArduPilot flight controller... (no serial device found, retrying in 3s)
2026-09-17 19:13:45 | INFO | Waiting for ArduPilot flight controller... (no serial device found, retrying in 3s)
2026-09-17 19:13:48 | INFO | Waiting for ArduPilot flight controller... (no serial device found, retrying in 3s)
2026-09-17 19:13:51 | INFO | Waiting for ArduPilot flight controller... (no serial device found, retrying in 3s)
2026-09-17 19:13:54 | INFO | Waiting for ArduPilot flight controller... (no serial device found, retrying in 3s)
2026-09-17 19:13:57 | INFO | Waiting for ArduPilot flight controller... (no serial device found, retrying in 3s)
2026-09-17 19:14:00 | INFO | Waiting for ArduPilot flight controller... (no serial device found, retrying in 3s)
2026-09-17 19:14:03 | INFO | Waiting for ArduPilot flight controller... (no serial device found, retrying in 3s)
2026-09-17 19:14:06 | INFO | Waiting for ArduPilot flight controller... (no serial device found, retrying in 3s)
2026-09-17 19:14:09 | INFO | Waiting for ArduPilot flight controller... (no serial device found, retrying in 3s)
2026-09-17 19:14:12 | INFO | Waiting for ArduPilot flight controller... (no serial device found, retrying in 3s)
2026-09-17 19:14:15 | INFO | Waiting for ArduPilot flight controller... (no serial device found, retrying in 3s)
2026-09-17 19:14:18 | INFO | Waiting for ArduPilot flight controller... (no serial device found, retrying in 3s)
2026-09-17 19:14:21 | INFO | Waiting for ArduPilot flight controller... (no serial device found, retrying in 3s)
2026-09-17 19:14:24 | INFO | Waiting for ArduPilot flight controller... (no serial device found, retrying in 3s)
2026-09-17 19:14:27 | INFO | Waiting for ArduPilot flight controller... (no serial device found, retrying in 3s)
2026-09-17 19:14:30 | INFO | Waiting for ArduPilot flight controller... (no serial device found, retrying in 3s)
2026-09-17 19:14:33 | INFO | Waiting for ArduPilot flight controller... (no serial device found, retrying in 3s)
2026-09-17 19:14:36 | INFO | Waiting for ArduPilot flight controller... (no serial device found, retrying in 3s)
2026-09-17 19:14:39 | INFO | Waiting for ArduPilot flight controller... (no serial device found, retrying in 3s)
2026-09-17 19:14:42 | INFO | Waiting for ArduPilot flight controller... (no serial device found, retrying in 3s)
2026-09-17 19:14:45 | INFO | Waiting for ArduPilot flight controller... (no serial device found, retrying in 3s)
2026-09-17 19:14:48 | INFO | Waiting for ArduPilot flight controller... (no serial device found, retrying in 3s)
2026-09-17 19:14:51 | INFO | Waiting for ArduPilot flight controller... (no serial device found, retrying in 3s)
2026-09-17 19:14:54 | INFO | Waiting for ArduPilot flight controller... (no serial device found, retrying in 3s)
2026-09-17 19:14:57 | INFO | Waiting for ArduPilot flight controller... (no serial device found, retrying in 3s)
2026-09-17 19:15:00 | INFO | Waiting for ArduPilot flight controller... (no serial device found, retrying in 3s)
2026-09-17 19:15:03 | INFO | Waiting for ArduPilot flight controller... (no serial device found, retrying in 3s)
2026-09-17 19:15:06 | INFO | Waiting for ArduPilot flight controller... (no serial device found, retrying in 3s)
2026-09-17 19:15:09 | INFO | Waiting for ArduPilot flight controller... (no serial device found, retrying in 3s)
2026-09-17 19:15:12 | INFO | Waiting for ArduPilot flight controller... (no serial device found, retrying in 3s)
2026-09-17 19:15:15 | INFO | Waiting for ArduPilot flight controller... (no serial device found, retrying in 3s)
2026-09-17 19:15:18 | INFO | Waiting for ArduPilot flight controller... (no serial device found, retrying in 3s)
2026-09-17 19:15:21 | INFO | Waiting for ArduPilot flight controller... (no serial device found, retrying in 3s)
2026-09-17 19:15:24 | INFO | Waiting for ArduPilot flight controller... (no serial device found, retrying in 3s)
2026-09-17 19:15:27 | INFO | Waiting for ArduPilot flight controller... (no serial device found, retrying in 3s)
2026-09-17 19:15:30 | INFO | Waiting for ArduPilot flight controller... (no serial device found, retrying in 3s)
2026-09-17 19:15:33 | INFO | Waiting for ArduPilot flight controller... (no serial device found, retrying in 3s)
2026-09-17 19:15:36 | INFO | Waiting for ArduPilot flight controller... (no serial device found, retrying in 3s)
2026-09-17 19:15:39 | INFO | Waiting for ArduPilot flight controller... (no serial device found, retrying in 3s)
2026-09-17 19:15:42 | INFO | Waiting for ArduPilot flight controller... (no serial device found, retrying in 3s)
2026-09-17 19:15:45 | INFO | Waiting for ArduPilot flight controller... (no serial device found, retrying in 3s)
2026-09-17 19:15:48 | INFO | Waiting for ArduPilot flight controller... (no serial device found, retrying in 3s)
2026-09-17 19:15:51 | INFO | Waiting for ArduPilot flight controller... (no serial device found, retrying in 3s)
2026-09-17 19:15:54 | INFO | Waiting for ArduPilot flight controller... (no serial device found, retrying in 3s)
2026-09-17 19:15:57 | INFO | Waiting for ArduPilot flight controller... (no serial device found, retrying in 3s)
2026-09-17 19:16:00 | INFO | Waiting for ArduPilot flight controller... (no serial device found, retrying in 3s)
2026-09-17 19:16:03 | INFO | Waiting for ArduPilot flight controller... (no serial device found, retrying in 3s)
2026-09-17 19:16:06 | INFO | Waiting for ArduPilot flight controller... (no serial device found, retrying in 3s)
2026-09-17 19:16:09 | INFO | Waiting for ArduPilot flight controller... (no serial device found, retrying in 3s)
2026-09-17 19:16:12 | INFO | Waiting for ArduPilot flight controller... (no serial device found, retrying in 3s)
2026-09-17 19:16:15 | INFO | Waiting for ArduPilot flight controller... (no serial device found, retrying in 3s)
2026-09-17 19:16:18 | INFO | Waiting for ArduPilot flight controller... (no serial device found, retrying in 3s)
2026-09-17 19:16:21 | INFO | Waiting for ArduPilot flight controller... (no serial device found, retrying in 3s)
2026-09-17 19:16:24 | INFO | Waiting for ArduPilot flight controller... (no serial device found, retrying in 3s)
2026-09-17 19:16:27 | INFO | Waiting for ArduPilot flight controller... (no serial device found, retrying in 3s)
2026-09-17 19:16:30 | INFO | Waiting for ArduPilot flight controller... (no serial device found, retrying in 3s)
2026-09-17 19:16:33 | INFO | Waiting for ArduPilot flight controller... (no serial device found, retrying in 3s)
2026-09-17 19:16:36 | INFO | Waiting for ArduPilot flight controller... (no serial device found, retrying in 3s)
2026-09-17 19:16:39 | INFO | Waiting for ArduPilot flight controller... (no serial device found, retrying in 3s)
2026-09-17 19:16:42 | INFO | Waiting for ArduPilot flight controller... (no serial device found, retrying in 3s)
2026-09-17 19:16:45 | INFO | Waiting for ArduPilot flight controller... (no serial device found, retrying in 3s)
2026-09-17 19:16:48 | INFO | Waiting for ArduPilot flight controller... (no serial device found, retrying in 3s)
2026-09-17 19:16:51 | INFO | Waiting for ArduPilot flight controller... (no serial device found, retrying in 3s)
2026-09-17 19:16:54 | INFO | Waiting for ArduPilot flight controller... (no serial device found, retrying in 3s)
2026-09-17 19:16:57 | INFO | Waiting for ArduPilot flight controller... (no serial device found, retrying in 3s)
2026-09-17 19:17:00 | INFO | Waiting for ArduPilot flight controller... (no serial device found, retrying in 3s)
2026-09-17 19:17:03 | INFO | Waiting for ArduPilot flight controller... (no serial device found, retrying in 3s)
2026-09-17 19:17:06 | INFO | Waiting for ArduPilot flight controller... (no serial device found, retrying in 3s)
2026-09-17 19:17:09 | INFO | Waiting for ArduPilot flight controller... (no serial device found, retrying in 3s)
2026-09-17 19:17:12 | INFO | Waiting for ArduPilot flight controller... (no serial device found, retrying in 3s)
2026-09-17 19:17:15 | INFO | Waiting for ArduPilot flight controller... (no serial device found, retrying in 3s)
2026-09-17 19:17:18 | INFO | Waiting for ArduPilot flight controller... (no serial device found, retrying in 3s)
2026-09-17 19:17:21 | INFO | Waiting for ArduPilot flight controller... (no serial device found, retrying in 3s)
2026-09-17 19:17:24 | INFO | Waiting for ArduPilot flight controller... (no serial device found, retrying in 3s)
2026-09-17 19:17:27 | INFO | Waiting for ArduPilot flight controller... (no serial device found, retrying in 3s)
2026-09-17 19:17:30 | INFO | Waiting for ArduPilot flight controller... (no serial device found, retrying in 3s)
2026-09-17 19:17:33 | INFO | Waiting for ArduPilot flight controller... (no serial device found, retrying in 3s)
2026-09-17 19:17:36 | INFO | Waiting for ArduPilot flight controller... (no serial device found, retrying in 3s)
2026-09-17 19:17:39 | INFO | Waiting for ArduPilot flight controller... (no serial device found, retrying in 3s)
2026-09-17 19:17:42 | INFO | Waiting for ArduPilot flight controller... (no serial device found, retrying in 3s)
2026-09-17 19:17:45 | INFO | Waiting for ArduPilot flight controller... (no serial device found, retrying in 3s)
2026-09-17 19:17:48 | INFO | Waiting for ArduPilot flight controller... (no serial device found, retrying in 3s)
2026-09-17 19:17:51 | INFO | Waiting for ArduPilot flight controller... (no serial device found, retrying in 3s)
2026-09-17 19:17:54 | INFO | Waiting for ArduPilot flight controller... (no serial device found, retrying in 3s)
2026-09-17 19:17:57 | INFO | Waiting for ArduPilot flight controller... (no serial device found, retrying in 3s)
2026-09-17 19:18:00 | INFO | Waiting for ArduPilot flight controller... (no serial device found, retrying in 3s)
2026-09-17 19:18:03 | INFO | Waiting for ArduPilot flight controller... (no serial device found, retrying in 3s)
2026-09-17 19:18:06 | INFO | Waiting for ArduPilot flight controller... (no serial device found, retrying in 3s)
2026-09-17 19:18:09 | INFO | Waiting for ArduPilot flight controller... (no serial device found, retrying in 3s)
2026-09-17 19:18:12 | INFO | Waiting for ArduPilot flight controller... (no serial device found, retrying in 3s)
2026-09-17 19:18:15 | INFO | Waiting for ArduPilot flight controller... (no serial device found, retrying in 3s)
2026-09-17 19:18:18 | INFO | Waiting for ArduPilot flight controller... (no serial device found, retrying in 3s)
2026-09-17 19:18:21 | INFO | Waiting for ArduPilot flight controller... (no serial device found, retrying in 3s)
2026-09-17 19:18:24 | INFO | Waiting for ArduPilot flight controller... (no serial device found, retrying in 3s)
2026-09-17 19:18:27 | INFO | Waiting for ArduPilot flight controller... (no serial device found, retrying in 3s)
2026-09-17 19:18:30 | INFO | Waiting for ArduPilot flight controller... (no serial device found, retrying in 3s)
2026-09-17 19:18:33 | INFO | Waiting for ArduPilot flight controller... (no serial device found, retrying in 3s)
2026-09-17 19:18:36 | INFO | Waiting for ArduPilot flight controller... (no serial device found, retrying in 3s)
2026-09-17 19:18:39 | INFO | Waiting for ArduPilot flight controller... (no serial device found, retrying in 3s)
2026-09-17 19:18:42 | INFO | Waiting for ArduPilot flight controller... (no serial device found, retrying in 3s)
2026-09-17 19:18:45 | INFO | Waiting for ArduPilot flight controller... (no serial device found, retrying in 3s)
2026-09-17 19:18:48 | INFO | Waiting for ArduPilot flight controller... (no serial device found, retrying in 3s)
2026-09-17 19:18:51 | INFO | Waiting for ArduPilot flight controller... (no serial device found, retrying in 3s)
2026-09-17 19:18:54 | INFO | Waiting for ArduPilot flight controller... (no serial device found, retrying in 3s)
2026-09-17 19:18:57 | INFO | Waiting for ArduPilot flight controller... (no serial device found, retrying in 3s)
2026-09-17 19:19:00 | INFO | Waiting for ArduPilot flight controller... (no serial device found, retrying in 3s)
2026-09-17 19:19:03 | INFO | Waiting for ArduPilot flight controller... (no serial device found, retrying in 3s)
2026-09-17 19:19:06 | INFO | Waiting for ArduPilot flight controller... (no serial device found, retrying in 3s)
2026-09-17 19:19:09 | INFO | Waiting for ArduPilot flight controller... (no serial device found, retrying in 3s)
2026-09-17 19:19:12 | INFO | Waiting for ArduPilot flight controller... (no serial device found, retrying in 3s)
2026-09-17 19:19:15 | INFO | Waiting for ArduPilot flight controller... (no serial device found, retrying in 3s)
2026-09-17 19:19:18 | INFO | Waiting for ArduPilot flight controller... (no serial device found, retrying in 3s)
2026-09-17 19:19:21 | INFO | Waiting for ArduPilot flight controller... (no serial device found, retrying in 3s)
2026-09-17 19:19:24 | INFO | Waiting for ArduPilot flight controller... (no serial device found, retrying in 3s)
2026-09-17 19:19:27 | INFO | Waiting for ArduPilot flight controller... (no serial device found, retrying in 3s)
2026-09-17 19:19:30 | INFO | Waiting for ArduPilot flight controller... (no serial device found, retrying in 3s)
2026-09-17 19:19:33 | INFO | Waiting for ArduPilot flight controller... (no serial device found, retrying in 3s)
2026-09-17 19:19:36 | INFO | Waiting for ArduPilot flight controller... (no serial device found, retrying in 3s)
2026-09-17 19:19:39 | INFO | Waiting for ArduPilot flight controller... (no serial device found, retrying in 3s)
2026-09-17 19:19:42 | INFO | Waiting for ArduPilot flight controller... (no serial device found, retrying in 3s)
2026-09-17 19:19:45 | INFO | Waiting for ArduPilot flight controller... (no serial device found, retrying in 3s)
2026-09-17 19:19:48 | INFO | Waiting for ArduPilot flight controller... (no serial device found, retrying in 3s)
2026-09-17 19:19:51 | INFO | Waiting for ArduPilot flight controller... (no serial device found, retrying in 3s)
2026-09-17 19:19:54 | INFO | Waiting for ArduPilot flight controller... (no serial device found, retrying in 3s)
2026-09-17 19:19:57 | INFO | Waiting for ArduPilot flight controller... (no serial device found, retrying in 3s)
2026-09-17 19:20:00 | INFO | Waiting for ArduPilot flight controller... (no serial device found, retrying in 3s)
2026-09-17 19:20:03 | INFO | Waiting for ArduPilot flight controller... (no serial device found, retrying in 3s)
2026-09-17 19:20:06 | INFO | Waiting for ArduPilot flight controller... (no serial device found, retrying in 3s)
2026-09-17 19:20:09 | INFO | Waiting for ArduPilot flight controller... (no serial device found, retrying in 3s)
2026-09-17 19:20:12 | INFO | Waiting for ArduPilot flight controller... (no serial device found, retrying in 3s)
2026-09-17 19:20:15 | INFO | Waiting for ArduPilot flight controller... (no serial device found, retrying in 3s)
2026-09-17 19:20:18 | INFO | Waiting for ArduPilot flight controller... (no serial device found, retrying in 3s)
2026-09-17 19:20:21 | INFO | Waiting for ArduPilot flight controller... (no serial device found, retrying in 3s)
2026-09-17 19:20:24 | INFO | Waiting for ArduPilot flight controller... (no serial device found, retrying in 3s)
2026-09-17 19:20:27 | INFO | Waiting for ArduPilot flight controller... (no serial device found, retrying in 3s)
2026-09-17 19:20:30 | INFO | Waiting for ArduPilot flight controller... (no serial device found, retrying in 3s)
2026-09-17 19:20:33 | INFO | Waiting for ArduPilot flight controller... (no serial device found, retrying in 3s)
2026-09-17 19:20:36 | INFO | Waiting for ArduPilot flight controller... (no serial device found, retrying in 3s)
2026-09-17 19:20:39 | INFO | Waiting for ArduPilot flight controller... (no serial device found, retrying in 3s)
2026-09-17 19:20:42 | INFO | Waiting for ArduPilot flight controller... (no serial device found, retrying in 3s)
2026-09-17 19:20:45 | INFO | Waiting for ArduPilot flight controller... (no serial device found, retrying in 3s)
2026-09-17 19:20:48 | INFO | Waiting for ArduPilot flight controller... (no serial device found, retrying in 3s)
2026-09-17 19:20:51 | INFO | Waiting for ArduPilot flight controller... (no serial device found, retrying in 3s)
2026-09-17 19:20:54 | INFO | Waiting for ArduPilot flight controller... (no serial device found, retrying in 3s)
2026-09-17 19:20:57 | INFO | Waiting for ArduPilot flight controller... (no serial device found, retrying in 3s)
2026-09-17 19:21:00 | INFO | Waiting for ArduPilot flight controller... (no serial device found, retrying in 3s)
2026-09-17 19:21:03 | INFO | Waiting for ArduPilot flight controller... (no serial device found, retrying in 3s)
2026-09-17 19:21:06 | INFO | Waiting for ArduPilot flight controller... (no serial device found, retrying in 3s)
2026-09-17 19:21:09 | INFO | Waiting for ArduPilot flight controller... (no serial device found, retrying in 3s)
2026-09-17 19:21:12 | INFO | Waiting for ArduPilot flight controller... (no serial device found, retrying in 3s)
2026-09-17 19:21:15 | INFO | Waiting for ArduPilot flight controller... (no serial device found, retrying in 3s)
2026-09-17 19:21:18 | INFO | Waiting for ArduPilot flight controller... (no serial device found, retrying in 3s)
2026-09-17 19:21:21 | INFO | Waiting for ArduPilot flight controller... (no serial device found, retrying in 3s)
2026-09-17 19:21:24 | INFO | Waiting for ArduPilot flight controller... (no serial device found, retrying in 3s)
2026-09-17 19:21:27 | INFO | Waiting for ArduPilot flight controller... (no serial device found, retrying in 3s)
2026-09-17 19:21:30 | INFO | Waiting for ArduPilot flight controller... (no serial device found, retrying in 3s)
2026-09-17 19:21:33 | INFO | Waiting for ArduPilot flight controller... (no serial device found, retrying in 3s)
2026-09-17 19:21:36 | INFO | Waiting for ArduPilot flight controller... (no serial device found, retrying in 3s)
2026-09-17 19:21:39 | INFO | Waiting for ArduPilot flight controller... (no serial device found, retrying in 3s)
2026-09-17 19:21:42 | INFO | Waiting for ArduPilot flight controller... (no serial device found, retrying in 3s)
2026-09-17 19:21:45 | INFO | Waiting for ArduPilot flight controller... (no serial device found, retrying in 3s)
2026-09-17 19:21:48 | INFO | Waiting for ArduPilot flight controller... (no serial device found, retrying in 3s)
2026-09-17 19:21:51 | INFO | Waiting for ArduPilot flight controller... (no serial device found, retrying in 3s)
2026-09-17 19:21:54 | INFO | Waiting for ArduPilot flight controller... (no serial device found, retrying in 3s)
2026-09-17 19:21:57 | INFO | Waiting for ArduPilot flight controller... (no serial device found, retrying in 3s)
2026-09-17 19:22:00 | INFO | Waiting for ArduPilot flight controller... (no serial device found, retrying in 3s)
2026-09-17 19:22:03 | INFO | Waiting for ArduPilot flight controller... (no serial device found, retrying in 3s)
2026-09-17 19:22:06 | INFO | Waiting for ArduPilot flight controller... (no serial device found, retrying in 3s)
2026-09-17 19:22:09 | INFO | Waiting for ArduPilot flight controller... (no serial device found, retrying in 3s)
2026-09-17 19:22:12 | INFO | Waiting for ArduPilot flight controller... (no serial device found, retrying in 3s)
2026-09-17 19:22:15 | INFO | Waiting for ArduPilot flight controller... (no serial device found, retrying in 3s)
2026-09-17 19:22:18 | INFO | Waiting for ArduPilot flight controller... (no serial device found, retrying in 3s)
2026-09-17 19:22:21 | INFO | Waiting for ArduPilot flight controller... (no serial device found, retrying in 3s)
2026-09-17 19:22:24 | INFO | Waiting for ArduPilot flight controller... (no serial device found, retrying in 3s)
2026-09-17 19:22:27 | INFO | Waiting for ArduPilot flight controller... (no serial device found, retrying in 3s)
2026-09-17 19:22:30 | INFO | Waiting for ArduPilot flight controller... (no serial device found, retrying in 3s)
2026-09-17 19:22:33 | INFO | Waiting for ArduPilot flight controller... (no serial device found, retrying in 3s)
2026-09-17 19:22:36 | INFO | Waiting for ArduPilot flight controller... (no serial device found, retrying in 3s)
2026-09-17 19:22:39 | INFO | Waiting for ArduPilot flight controller... (no serial device found, retrying in 3s)
2026-09-17 19:22:42 | INFO | Waiting for ArduPilot flight controller... (no serial device found, retrying in 3s)
2026-09-17 19:22:45 | INFO | Waiting for ArduPilot flight controller... (no serial device found, retrying in 3s)
2026-09-17 19:22:48 | INFO | Waiting for ArduPilot flight controller... (no serial device found, retrying in 3s)
2026-09-17 19:22:51 | INFO | Waiting for ArduPilot flight controller... (no serial device found, retrying in 3s)
2026-09-17 19:22:54 | INFO | Waiting for ArduPilot flight controller... (no serial device found, retrying in 3s)
2026-09-17 19:22:57 | INFO | Waiting for ArduPilot flight controller... (no serial device found, retrying in 3s)
2026-09-17 19:23:00 | INFO | Waiting for ArduPilot flight controller... (no serial device found, retrying in 3s)
2026-09-17 19:23:03 | INFO | Waiting for ArduPilot flight controller... (no serial device found, retrying in 3s)
2026-09-17 19:23:06 | INFO | Waiting for ArduPilot flight controller... (no serial device found, retrying in 3s)
2026-09-17 19:23:09 | INFO | Waiting for ArduPilot flight controller... (no serial device found, retrying in 3s)
2026-09-17 19:23:12 | INFO | Waiting for ArduPilot flight controller... (no serial device found, retrying in 3s)
2026-09-17 19:23:15 | INFO | Waiting for ArduPilot flight controller... (no serial device found, retrying in 3s)
2026-09-17 19:23:18 | INFO | Waiting for ArduPilot flight controller... (no serial device found, retrying in 3s)
2026-09-17 19:23:21 | INFO | Waiting for ArduPilot flight controller... (no serial device found, retrying in 3s)
2026-09-17 19:23:24 | INFO | Waiting for ArduPilot flight controller... (no serial device found, retrying in 3s)
2026-09-17 19:23:27 | INFO | Waiting for ArduPilot flight controller... (no serial device found, retrying in 3s)
2026-09-17 19:23:30 | INFO | Waiting for ArduPilot flight controller... (no serial device found, retrying in 3s)
2026-09-17 19:23:33 | INFO | Waiting for ArduPilot flight controller... (no serial device found, retrying in 3s)
2026-09-17 19:23:36 | INFO | Waiting for ArduPilot flight controller... (no serial device found, retrying in 3s)
2026-09-17 19:23:39 | INFO | Waiting for ArduPilot flight controller... (no serial device found, retrying in 3s)
2026-09-17 19:23:42 | INFO | Waiting for ArduPilot flight controller... (no serial device found, retrying in 3s)
2026-09-17 19:23:45 | INFO | Waiting for ArduPilot flight controller... (no serial device found, retrying in 3s)
2026-09-17 19:23:48 | INFO | Waiting for ArduPilot flight controller... (no serial device found, retrying in 3s)
2026-09-17 19:23:51 | INFO | Waiting for ArduPilot flight controller... (no serial device found, retrying in 3s)
2026-09-17 19:23:54 | INFO | Waiting for ArduPilot flight controller... (no serial device found, retrying in 3s)
2026-09-17 19:23:57 | INFO | Waiting for ArduPilot flight controller... (no serial device found, retrying in 3s)
2026-09-17 19:24:00 | INFO | Waiting for ArduPilot flight controller... (no serial device found, retrying in 3s)
2026-09-17 19:24:03 | INFO | Waiting for ArduPilot flight controller... (no serial device found, retrying in 3s)
2026-09-17 19:24:06 | INFO | Waiting for ArduPilot flight controller... (no serial device found, retrying in 3s)
2026-09-17 19:24:09 | INFO | Waiting for ArduPilot flight controller... (no serial device found, retrying in 3s)
2026-09-17 19:24:12 | INFO | Waiting for ArduPilot flight controller... (no serial device found, retrying in 3s)
2026-09-17 19:24:15 | INFO | Waiting for ArduPilot flight controller... (no serial device found, retrying in 3s)
2026-09-17 19:24:18 | INFO | Waiting for ArduPilot flight controller... (no serial device found, retrying in 3s)
2026-09-17 19:24:21 | INFO | Waiting for ArduPilot flight controller... (no serial device found, retrying in 3s)
2026-09-17 19:24:24 | INFO | Waiting for ArduPilot flight controller... (no serial device found, retrying in 3s)
2026-09-17 19:24:27 | INFO | Waiting for ArduPilot flight controller... (no serial device found, retrying in 3s)
2026-09-17 19:24:30 | INFO | Waiting for ArduPilot flight controller... (no serial device found, retrying in 3s)
2026-09-17 19:24:33 | INFO | Waiting for ArduPilot flight controller... (no serial device found, retrying in 3s)
2026-09-17 19:24:36 | INFO | Waiting for ArduPilot flight controller... (no serial device found, retrying in 3s)
2026-09-17 19:24:39 | INFO | Waiting for ArduPilot flight controller... (no serial device found, retrying in 3s)
2026-09-17 19:24:42 | INFO | Waiting for ArduPilot flight controller... (no serial device found, retrying in 3s)
2026-09-17 19:24:45 | INFO | Waiting for ArduPilot flight controller... (no serial device found, retrying in 3s)
2026-09-17 19:24:48 | INFO | Waiting for ArduPilot flight controller... (no serial device found, retrying in 3s)
2026-09-17 19:24:51 | INFO | Waiting for ArduPilot flight controller... (no serial device found, retrying in 3s)
2026-09-17 19:24:54 | INFO | Waiting for ArduPilot flight controller... (no serial device found, retrying in 3s)
2026-09-17 19:24:57 | INFO | Waiting for ArduPilot flight controller... (no serial device found, retrying in 3s)
2026-09-17 19:25:00 | INFO | Waiting for ArduPilot flight controller... (no serial device found, retrying in 3s)
2026-09-17 19:25:03 | INFO | Waiting for ArduPilot flight controller... (no serial device found, retrying in 3s)
2026-09-17 19:25:06 | INFO | Waiting for ArduPilot flight controller... (no serial device found, retrying in 3s)
2026-09-17 19:25:09 | INFO | Waiting for ArduPilot flight controller... (no serial device found, retrying in 3s)
2026-09-17 19:25:12 | INFO | Waiting for ArduPilot flight controller... (no serial device found, retrying in 3s)
2026-09-17 19:25:15 | INFO | Waiting for ArduPilot flight controller... (no serial device found, retrying in 3s)
2026-09-17 19:25:18 | INFO | Waiting for ArduPilot flight controller... (no serial device found, retrying in 3s)
2026-09-17 19:25:21 | INFO | Waiting for ArduPilot flight controller... (no serial device found, retrying in 3s)
2026-09-17 19:25:24 | INFO | Waiting for ArduPilot flight controller... (no serial device found, retrying in 3s)
2026-09-17 19:25:27 | INFO | Waiting for ArduPilot flight controller... (no serial device found, retrying in 3s)
2026-09-17 19:25:30 | INFO | Waiting for ArduPilot flight controller... (no serial device found, retrying in 3s)
2026-09-17 19:25:33 | INFO | Waiting for ArduPilot flight controller... (no serial device found, retrying in 3s)
2026-09-17 19:25:36 | INFO | Waiting for ArduPilot flight controller... (no serial device found, retrying in 3s)
2026-09-17 19:25:39 | INFO | Waiting for ArduPilot flight controller... (no serial device found, retrying in 3s)
2026-09-17 19:25:42 | INFO | Waiting for ArduPilot flight controller... (no serial device found, retrying in 3s)
2026-09-17 19:25:45 | INFO | Waiting for ArduPilot flight controller... (no serial device found, retrying in 3s)
2026-09-17 19:25:48 | INFO | Waiting for ArduPilot flight controller... (no serial device found, retrying in 3s)
2026-09-17 19:25:51 | INFO | Waiting for ArduPilot flight controller... (no serial device found, retrying in 3s)
2026-09-17 19:25:54 | INFO | Waiting for ArduPilot flight controller... (no serial device found, retrying in 3s)
2026-09-17 19:25:57 | INFO | Waiting for ArduPilot flight controller... (no serial device found, retrying in 3s)
2026-09-17 19:26:00 | INFO | Waiting for ArduPilot flight controller... (no serial device found, retrying in 3s)
2026-09-17 19:26:03 | INFO | Waiting for ArduPilot flight controller... (no serial device found, retrying in 3s)
2026-09-17 19:26:06 | INFO | Waiting for ArduPilot flight controller... (no serial device found, retrying in 3s)
2026-09-17 19:26:09 | INFO | Waiting for ArduPilot flight controller... (no serial device found, retrying in 3s)
2026-09-17 19:26:12 | INFO | Waiting for ArduPilot flight controller... (no serial device found, retrying in 3s)
2026-09-17 19:26:15 | INFO | Waiting for ArduPilot flight controller... (no serial device found, retrying in 3s)
2026-09-17 19:26:18 | INFO | Waiting for ArduPilot flight controller... (no serial device found, retrying in 3s)
2026-09-17 19:26:21 | INFO | Waiting for ArduPilot flight controller... (no serial device found, retrying in 3s)
2026-09-17 19:26:24 | INFO | Waiting for ArduPilot flight controller... (no serial device found, retrying in 3s)
2026-09-17 19:26:27 | INFO | Waiting for ArduPilot flight controller... (no serial device found, retrying in 3s)
2026-09-17 19:26:30 | INFO | Waiting for ArduPilot flight controller... (no serial device found, retrying in 3s)
2026-09-17 19:26:33 | INFO | Waiting for ArduPilot flight controller... (no serial device found, retrying in 3s)
2026-09-17 19:26:36 | INFO | Waiting for ArduPilot flight controller... (no serial device found, retrying in 3s)
2026-09-17 19:26:39 | INFO | Waiting for ArduPilot flight controller... (no serial device found, retrying in 3s)
2026-09-17 19:26:42 | INFO | Waiting for ArduPilot flight controller... (no serial device found, retrying in 3s)
2026-09-17 19:26:45 | INFO | Waiting for ArduPilot flight controller... (no serial device found, retrying in 3s)
2026-09-17 19:26:48 | INFO | Waiting for ArduPilot flight controller... (no serial device found, retrying in 3s)
2026-09-17 19:26:51 | INFO | Waiting for ArduPilot flight controller... (no serial device found, retrying in 3s)
2026-09-17 19:26:54 | INFO | Waiting for ArduPilot flight controller... (no serial device found, retrying in 3s)
2026-09-17 19:26:57 | INFO | Waiting for ArduPilot flight controller... (no serial device found, retrying in 3s)
2026-09-17 19:27:00 | INFO | Waiting for ArduPilot flight controller... (no serial device found, retrying in 3s)
2026-09-17 19:27:03 | INFO | Waiting for ArduPilot flight controller... (no serial device found, retrying in 3s)
2026-09-17 19:27:06 | INFO | Waiting for ArduPilot flight controller... (no serial device found, retrying in 3s)
2026-09-17 19:27:09 | INFO | Waiting for ArduPilot flight controller... (no serial device found, retrying in 3s)
2026-09-17 19:27:12 | INFO | Waiting for ArduPilot flight controller... (no serial device found, retrying in 3s)
2026-09-17 19:27:15 | INFO | Waiting for ArduPilot flight controller... (no serial device found, retrying in 3s)
2026-09-17 19:27:18 | INFO | Waiting for ArduPilot flight controller... (no serial device found, retrying in 3s)
2026-09-17 19:27:21 | INFO | Waiting for ArduPilot flight controller... (no serial device found, retrying in 3s)
2026-09-17 19:27:24 | INFO | Waiting for ArduPilot flight controller... (no serial device found, retrying in 3s)
2026-09-17 19:27:27 | INFO | Waiting for ArduPilot flight controller... (no serial device found, retrying in 3s)
2026-09-17 19:27:30 | INFO | Waiting for ArduPilot flight controller... (no serial device found, retrying in 3s)
2026-09-17 19:27:33 | INFO | Waiting for ArduPilot flight controller... (no serial device found, retrying in 3s)
2026-09-17 19:27:36 | INFO | Waiting for ArduPilot flight controller... (no serial device found, retrying in 3s)
2026-09-17 19:27:39 | INFO | Waiting for ArduPilot flight controller... (no serial device found, retrying in 3s)
2026-09-17 19:27:42 | INFO | Waiting for ArduPilot flight controller... (no serial device found, retrying in 3s)
2026-09-17 19:27:45 | INFO | Waiting for ArduPilot flight controller... (no serial device found, retrying in 3s)
2026-09-17 19:27:48 | INFO | Waiting for ArduPilot flight controller... (no serial device found, retrying in 3s)
2026-09-17 19:27:51 | INFO | Waiting for ArduPilot flight controller... (no serial device found, retrying in 3s)
2026-09-17 19:27:54 | INFO | Waiting for ArduPilot flight controller... (no serial device found, retrying in 3s)
2026-09-17 19:27:57 | INFO | Waiting for ArduPilot flight controller... (no serial device found, retrying in 3s)
2026-09-17 19:28:00 | INFO | Waiting for ArduPilot flight controller... (no serial device found, retrying in 3s)
2026-09-17 19:28:03 | INFO | Waiting for ArduPilot flight controller... (no serial device found, retrying in 3s)
2026-09-17 19:28:06 | INFO | Waiting for ArduPilot flight controller... (no serial device found, retrying in 3s)
2026-09-17 19:28:09 | INFO | Waiting for ArduPilot flight controller... (no serial device found, retrying in 3s)
2026-09-17 19:28:12 | INFO | Waiting for ArduPilot flight controller... (no serial device found, retrying in 3s)
2026-09-17 19:28:15 | INFO | Waiting for ArduPilot flight controller... (no serial device found, retrying in 3s)
2026-09-17 19:28:18 | INFO | Waiting for ArduPilot flight controller... (no serial device found, retrying in 3s)
2026-09-17 19:28:21 | INFO | Waiting for ArduPilot flight controller... (no serial device found, retrying in 3s)
2026-09-17 19:28:24 | INFO | Waiting for ArduPilot flight controller... (no serial device found, retrying in 3s)
2026-09-17 19:28:27 | INFO | Waiting for ArduPilot flight controller... (no serial device found, retrying in 3s)
2026-09-17 19:28:30 | INFO | Waiting for ArduPilot flight controller... (no serial device found, retrying in 3s)
2026-09-17 19:28:33 | INFO | Waiting for ArduPilot flight controller... (no serial device found, retrying in 3s)
2026-09-17 19:28:36 | INFO | Waiting for ArduPilot flight controller... (no serial device found, retrying in 3s)
2026-09-17 19:28:39 | INFO | Waiting for ArduPilot flight controller... (no serial device found, retrying in 3s)
2026-09-17 19:28:43 | INFO | Waiting for ArduPilot flight controller... (no serial device found, retrying in 3s)
2026-09-17 19:28:46 | INFO | Waiting for ArduPilot flight controller... (no serial device found, retrying in 3s)
2026-09-17 19:28:49 | INFO | Waiting for ArduPilot flight controller... (no serial device found, retrying in 3s)
2026-09-17 19:28:52 | INFO | Waiting for ArduPilot flight controller... (no serial device found, retrying in 3s)
2026-09-17 19:28:55 | INFO | Waiting for ArduPilot flight controller... (no serial device found, retrying in 3s)
2026-09-17 19:28:58 | INFO | Waiting for ArduPilot flight controller... (no serial device found, retrying in 3s)
2026-09-17 19:29:01 | INFO | Waiting for ArduPilot flight controller... (no serial device found, retrying in 3s)
2026-09-17 19:29:04 | INFO | Waiting for ArduPilot flight controller... (no serial device found, retrying in 3s)
2026-09-17 19:29:07 | INFO | Waiting for ArduPilot flight controller... (no serial device found, retrying in 3s)
2026-09-17 19:29:10 | INFO | Waiting for ArduPilot flight controller... (no serial device found, retrying in 3s)
2026-09-17 19:29:13 | INFO | Waiting for ArduPilot flight controller... (no serial device found, retrying in 3s)
2026-09-17 19:29:16 | INFO | Waiting for ArduPilot flight controller... (no serial device found, retrying in 3s)
2026-09-17 19:29:19 | INFO | Waiting for ArduPilot flight controller... (no serial device found, retrying in 3s)
2026-09-17 19:29:22 | INFO | Waiting for ArduPilot flight controller... (no serial device found, retrying in 3s)
2026-09-17 19:29:25 | INFO | Waiting for ArduPilot flight controller... (no serial device found, retrying in 3s)
2026-09-17 19:29:28 | INFO | Waiting for ArduPilot flight controller... (no serial device found, retrying in 3s)
2026-09-17 19:29:31 | INFO | Waiting for ArduPilot flight controller... (no serial device found, retrying in 3s)
2026-09-17 19:29:34 | INFO | Waiting for ArduPilot flight controller... (no serial device found, retrying in 3s)
2026-09-17 19:29:37 | INFO | Waiting for ArduPilot flight controller... (no serial device found, retrying in 3s)
2026-09-17 19:29:40 | INFO | Waiting for ArduPilot flight controller... (no serial device found, retrying in 3s)
2026-09-17 19:29:43 | INFO | Waiting for ArduPilot flight controller... (no serial device found, retrying in 3s)
2026-09-17 19:29:46 | INFO | Waiting for ArduPilot flight controller... (no serial device found, retrying in 3s)
2026-09-17 19:29:49 | INFO | Waiting for ArduPilot flight controller... (no serial device found, retrying in 3s)
2026-09-17 19:29:52 | INFO | Waiting for ArduPilot flight controller... (no serial device found, retrying in 3s)
2026-09-17 19:29:55 | INFO | Waiting for ArduPilot flight controller... (no serial device found, retrying in 3s)
2026-09-17 19:29:58 | INFO | Waiting for ArduPilot flight controller... (no serial device found, retrying in 3s)
2026-09-17 19:30:01 | INFO | Waiting for ArduPilot flight controller... (no serial device found, retrying in 3s)
2026-09-17 19:30:04 | INFO | Waiting for ArduPilot flight controller... (no serial device found, retrying in 3s)
2026-09-17 19:30:07 | INFO | Waiting for ArduPilot flight controller... (no serial device found, retrying in 3s)
2026-09-17 19:30:10 | INFO | Waiting for ArduPilot flight controller... (no serial device found, retrying in 3s)
2026-09-17 19:30:13 | INFO | Waiting for ArduPilot flight controller... (no serial device found, retrying in 3s)
2026-09-17 19:30:16 | INFO | Waiting for ArduPilot flight controller... (no serial device found, retrying in 3s)
2026-09-17 19:30:19 | INFO | Waiting for ArduPilot flight controller... (no serial device found, retrying in 3s)
2026-09-17 19:30:22 | INFO | Waiting for ArduPilot flight controller... (no serial device found, retrying in 3s)
2026-09-17 19:30:25 | INFO | Waiting for ArduPilot flight controller... (no serial device found, retrying in 3s)
2026-09-17 19:30:28 | INFO | Waiting for ArduPilot flight controller... (no serial device found, retrying in 3s)
2026-09-17 19:30:31 | INFO | Waiting for ArduPilot flight controller... (no serial device found, retrying in 3s)
2026-09-17 19:30:34 | INFO | Waiting for ArduPilot flight controller... (no serial device found, retrying in 3s)
2026-09-17 19:30:37 | INFO | Waiting for ArduPilot flight controller... (no serial device found, retrying in 3s)
2026-09-17 19:30:40 | INFO | Waiting for ArduPilot flight controller... (no serial device found, retrying in 3s)
2026-09-17 19:30:43 | INFO | Waiting for ArduPilot flight controller... (no serial device found, retrying in 3s)
2026-09-17 19:30:46 | INFO | Waiting for ArduPilot flight controller... (no serial device found, retrying in 3s)
2026-09-17 19:30:49 | INFO | Waiting for ArduPilot flight controller... (no serial device found, retrying in 3s)
2026-09-17 19:30:52 | INFO | Waiting for ArduPilot flight controller... (no serial device found, retrying in 3s)
2026-09-17 19:30:55 | INFO | Waiting for ArduPilot flight controller... (no serial device found, retrying in 3s)
2026-09-17 19:30:58 | INFO | Waiting for ArduPilot flight controller... (no serial device found, retrying in 3s)
2026-09-17 19:31:01 | INFO | Waiting for ArduPilot flight controller... (no serial device found, retrying in 3s)
2026-09-17 19:31:04 | INFO | Waiting for ArduPilot flight controller... (no serial device found, retrying in 3s)
2026-09-17 19:31:07 | INFO | Waiting for ArduPilot flight controller... (no serial device found, retrying in 3s)
2026-09-17 19:31:10 | INFO | Waiting for ArduPilot flight controller... (no serial device found, retrying in 3s)
2026-09-17 19:31:13 | INFO | Waiting for ArduPilot flight controller... (no serial device found, retrying in 3s)
2026-09-17 19:31:16 | INFO | Waiting for ArduPilot flight controller... (no serial device found, retrying in 3s)
2026-09-17 19:31:19 | INFO | Waiting for ArduPilot flight controller... (no serial device found, retrying in 3s)
2026-09-17 19:31:22 | INFO | Waiting for ArduPilot flight controller... (no serial device found, retrying in 3s)
2026-09-17 19:31:25 | INFO | Waiting for ArduPilot flight controller... (no serial device found, retrying in 3s)
2026-09-17 19:31:28 | INFO | Waiting for ArduPilot flight controller... (no serial device found, retrying in 3s)
2026-09-17 19:31:31 | INFO | Waiting for ArduPilot flight controller... (no serial device found, retrying in 3s)
2026-09-17 19:31:34 | INFO | Waiting for ArduPilot flight controller... (no serial device found, retrying in 3s)
2026-09-17 19:31:37 | INFO | Waiting for ArduPilot flight controller... (no serial device found, retrying in 3s)
2026-09-17 19:31:40 | INFO | Waiting for ArduPilot flight controller... (no serial device found, retrying in 3s)
2026-09-17 19:31:43 | INFO | Waiting for ArduPilot flight controller... (no serial device found, retrying in 3s)
2026-09-17 19:31:46 | INFO | Waiting for ArduPilot flight controller... (no serial device found, retrying in 3s)
2026-09-17 19:31:49 | INFO | Waiting for ArduPilot flight controller... (no serial device found, retrying in 3s)
2026-09-17 19:31:52 | INFO | Waiting for ArduPilot flight controller... (no serial device found, retrying in 3s)
2026-09-17 19:31:55 | INFO | Waiting for ArduPilot flight controller... (no serial device found, retrying in 3s)
2026-09-17 19:31:58 | INFO | Waiting for ArduPilot flight controller... (no serial device found, retrying in 3s)
2026-09-17 19:32:01 | INFO | Waiting for ArduPilot flight controller... (no serial device found, retrying in 3s)
2026-09-17 19:32:04 | INFO | Waiting for ArduPilot flight controller... (no serial device found, retrying in 3s)
2026-09-17 19:32:07 | INFO | Waiting for ArduPilot flight controller... (no serial device found, retrying in 3s)
2026-09-17 19:32:10 | INFO | Waiting for ArduPilot flight controller... (no serial device found, retrying in 3s)
2026-09-17 19:32:13 | INFO | Waiting for ArduPilot flight controller... (no serial device found, retrying in 3s)
2026-09-17 19:32:16 | INFO | Waiting for ArduPilot flight controller... (no serial device found, retrying in 3s)
2026-09-17 19:32:19 | INFO | Waiting for ArduPilot flight controller... (no serial device found, retrying in 3s)
2026-09-17 19:32:22 | INFO | Waiting for ArduPilot flight controller... (no serial device found, retrying in 3s)
2026-09-17 19:32:25 | INFO | Waiting for ArduPilot flight controller... (no serial device found, retrying in 3s)
2026-09-17 19:32:28 | INFO | Waiting for ArduPilot flight controller... (no serial device found, retrying in 3s)
2026-09-17 19:32:31 | INFO | Waiting for ArduPilot flight controller... (no serial device found, retrying in 3s)
2026-09-17 19:32:34 | INFO | Waiting for ArduPilot flight controller... (no serial device found, retrying in 3s)
2026-09-17 19:32:37 | INFO | Waiting for ArduPilot flight controller... (no serial device found, retrying in 3s)
2026-09-17 19:32:40 | INFO | Waiting for ArduPilot flight controller... (no serial device found, retrying in 3s)
2026-09-17 19:32:43 | INFO | Waiting for ArduPilot flight controller... (no serial device found, retrying in 3s)
2026-09-17 19:32:46 | INFO | Waiting for ArduPilot flight controller... (no serial device found, retrying in 3s)
2026-09-17 19:32:49 | INFO | Waiting for ArduPilot flight controller... (no serial device found, retrying in 3s)
2026-09-17 19:32:52 | INFO | Waiting for ArduPilot flight controller... (no serial device found, retrying in 3s)
2026-09-17 19:32:55 | INFO | Waiting for ArduPilot flight controller... (no serial device found, retrying in 3s)
2026-09-17 19:32:58 | INFO | Waiting for ArduPilot flight controller... (no serial device found, retrying in 3s)
2026-09-17 19:33:01 | INFO | Waiting for ArduPilot flight controller... (no serial device found, retrying in 3s)
2026-09-17 19:33:04 | INFO | Waiting for ArduPilot flight controller... (no serial device found, retrying in 3s)
2026-09-17 19:33:07 | INFO | Waiting for ArduPilot flight controller... (no serial device found, retrying in 3s)
2026-09-17 19:33:10 | INFO | Waiting for ArduPilot flight controller... (no serial device found, retrying in 3s)
2026-09-17 19:33:13 | INFO | Waiting for ArduPilot flight controller... (no serial device found, retrying in 3s)
2026-09-17 19:33:16 | INFO | Waiting for ArduPilot flight controller... (no serial device found, retrying in 3s)
2026-09-17 19:33:19 | INFO | Waiting for ArduPilot flight controller... (no serial device found, retrying in 3s)
2026-09-17 19:33:22 | INFO | Waiting for ArduPilot flight controller... (no serial device found, retrying in 3s)
2026-09-17 19:33:25 | INFO | Waiting for ArduPilot flight controller... (no serial device found, retrying in 3s)
2026-09-17 19:33:28 | INFO | Waiting for ArduPilot flight controller... (no serial device found, retrying in 3s)
2026-09-17 19:33:31 | INFO | Waiting for ArduPilot flight controller... (no serial device found, retrying in 3s)
2026-09-17 19:33:34 | INFO | Waiting for ArduPilot flight controller... (no serial device found, retrying in 3s)
2026-09-17 19:33:37 | INFO | Waiting for ArduPilot flight controller... (no serial device found, retrying in 3s)
2026-09-17 19:33:40 | INFO | Waiting for ArduPilot flight controller... (no serial device found, retrying in 3s)
2026-09-17 19:33:43 | INFO | Waiting for ArduPilot flight controller... (no serial device found, retrying in 3s)
2026-09-17 19:33:46 | INFO | Waiting for ArduPilot flight controller... (no serial device found, retrying in 3s)
2026-09-17 19:33:49 | INFO | Waiting for ArduPilot flight controller... (no serial device found, retrying in 3s)
2026-09-17 19:33:52 | INFO | Waiting for ArduPilot flight controller... (no serial device found, retrying in 3s)
2026-09-17 19:33:55 | INFO | Waiting for ArduPilot flight controller... (no serial device found, retrying in 3s)
2026-09-17 19:33:55 | INFO | Received exit signal 15. Finalizing video and exiting...
