2026-09-17 19:45:16.264 | GLOBAL_POSITION_INT      src=1.1    time_boot_ms=2948121126 lat=133458059 lon=747940080 alt=74580 relative_alt=-3619 vx=0 vy=0 vz=0 hdg=0
2026-09-17 19:45:16.276 | LOCAL_POSITION_NED       src=1.1    time_boot_ms=2948121126 x=12 y=-7 z=5.03918 vx=0 vy=0 vz=0
2026-09-17 19:45:16.276 | RC_CHANNELS              src=1.1    time_boot_ms=2948121126 chancount=0 chan1_raw=0 chan2_raw=0 chan3_raw=0 chan4_raw=0 chan5_raw=0 chan6_raw=0 chan7_raw=0 chan8_raw=0 chan9_raw=0 chan10_raw=0 chan11_raw=0 chan12_raw=0 chan13_raw=0 chan14_raw=0 chan15_raw=0 chan16_raw=0 chan17_raw=0 chan18_raw=0 rssi=255
2026-09-17 19:45:16.366 | GLOBAL_POSITION_INT      src=1.1    time_boot_ms=2948121229 lat=133458059 lon=747940080 alt=74580 relative_alt=-3619 vx=0 vy=0 vz=0 hdg=0
2026-09-17 19:45:16.366 | LOCAL_POSITION_NED       src=1.1    time_boot_ms=2948121229 x=12 y=-7 z=5.03918 vx=0 vy=0 vz=0
2026-09-17 19:45:16.367 | RC_CHANNELS              src=1.1    time_boot_ms=2948121229 chancount=0 chan1_raw=0 chan2_raw=0 chan3_raw=0 chan4_raw=0 chan5_raw=0 chan6_raw=0 chan7_raw=0 chan8_raw=0 chan9_raw=0 chan10_raw=0 chan11_raw=0 chan12_raw=0 chan13_raw=0 chan14_raw=0 chan15_raw=0 chan16_raw=0 chan17_raw=0 chan18_raw=0 rssi=255
2026-09-17 19:45:16.476 | GLOBAL_POSITION_INT      src=1.1    time_boot_ms=2948121337 lat=133458059 lon=747940080 alt=74580 relative_alt=-3619 vx=0 vy=0 vz=0 hdg=0
2026-09-17 19:45:16.476 | LOCAL_POSITION_NED       src=1.1    time_boot_ms=2948121337 x=12 y=-7 z=5.03918 vx=0 vy=0 vz=0
2026-09-17 19:45:16.476 | RC_CHANNELS              src=1.1    time_boot_ms=2948121337 chancount=0 chan1_raw=0 chan2_raw=0 chan3_raw=0 chan4_raw=0 chan5_raw=0 chan6_raw=0 chan7_raw=0 chan8_raw=0 chan9_raw=0 chan10_raw=0 chan11_raw=0 chan12_raw=0 chan13_raw=0 chan14_raw=0 chan15_raw=0 chan16_raw=0 chan17_raw=0 chan18_raw=0 rssi=255
2026-09-17 19:45:16.537 | HEARTBEAT                src=1.1    type=2 autopilot=3 base_mode=1 custom_mode=5 system_status=4 mavlink_version=3
2026-09-17 19:45:16.537 | SUMMARY mode=LOITER disarmed alt=-3.62m ned=(12.00,-7.00,5.04) gps=(13.3458059,74.7940080) fix=3 sats=16 eph=100 batt=16.80V/10.0A/98% ch8=0 rssi=255 ekf=0x033f v=0.09 p=0.00 c=0.00 rx=13141 drop=0
2026-09-17 19:45:16.537 | SYS_STATUS               src=1.1    onboard_control_sensors_present=0 onboard_control_sensors_enabled=0 onboard_control_sensors_health=0 load=250 voltage_battery=16800 current_battery=1000 battery_remaining=98 drop_rate_comm=0 errors_comm=0 errors_count1=0 errors_count2=0 errors_count3=0 errors_count4=0
2026-09-17 19:45:16.537 | GPS_RAW_INT              src=1.1    time_usec=1789654516536702 fix_type=3 lat=133458059 lon=747940080 alt=74580 eph=100 epv=100 vel=0 cog=0 satellites_visible=16
2026-09-17 19:45:16.538 | EKF_STATUS_REPORT        src=1.1    flags=831 velocity_variance=0.09 pos_horiz_variance=0.001 pos_vert_variance=0.005 compass_variance=0.0004 terrain_alt_variance=0
2026-09-17 19:45:16.538 | FENCE_STATUS             src=1.1    breach_status=0 breach_count=0 breach_type=0 breach_time=0
2026-09-17 19:45:16.578 | GLOBAL_POSITION_INT      src=1.1    time_boot_ms=2948121441 lat=133458059 lon=747940080 alt=74580 relative_alt=-3619 vx=0 vy=0 vz=0 hdg=0
2026-09-17 19:45:16.579 | LOCAL_POSITION_NED       src=1.1    time_boot_ms=2948121441 x=12 y=-7 z=5.03918 vx=0 vy=0 vz=0
2026-09-17 19:45:16.579 | RC_CHANNELS              src=1.1    time_boot_ms=2948121441 chancount=0 chan1_raw=0 chan2_raw=0 chan3_raw=0 chan4_raw=0 chan5_raw=0 chan6_raw=0 chan7_raw=0 chan8_raw=0 chan9_raw=0 chan10_raw=0 chan11_raw=0 chan12_raw=0 chan13_raw=0 chan14_raw=0 chan15_raw=0 chan16_raw=0 chan17_raw=0 chan18_raw=0 rssi=255
2026-09-17 19:45:16.701 | GLOBAL_POSITION_INT      src=1.1    time_boot_ms=2948121560 lat=133458059 lon=747940080 alt=74580 relative_alt=-3619 vx=0 vy=0 vz=0 hdg=0
2026-09-17 19:45:16.701 | LOCAL_POSITION_NED       src=1.1    time_boot_ms=2948121560 x=12 y=-7 z=5.03918 vx=0 vy=0 vz=0
2026-09-17 19:45:16.702 | RC_CHANNELS              src=1.1    time_boot_ms=2948121560 chancount=0 chan1_raw=0 chan2_raw=0 chan3_raw=0 chan4_raw=0 chan5_raw=0 chan6_raw=0 chan7_raw=0 chan8_raw=0 chan9_raw=0 chan10_raw=0 chan11_raw=0 chan12_raw=0 chan13_raw=0 chan14_raw=0 chan15_raw=0 chan16_raw=0 chan17_raw=0 chan18_raw=0 rssi=255
2026-09-17 19:45:16.802 | GLOBAL_POSITION_INT      src=1.1    time_boot_ms=2948121665 lat=133458059 lon=747940080 alt=74580 relative_alt=-3619 vx=0 vy=0 vz=0 hdg=0
2026-09-17 19:45:16.802 | LOCAL_POSITION_NED       src=1.1    time_boot_ms=2948121665 x=12 y=-7 z=5.03918 vx=0 vy=0 vz=0
2026-09-17 19:45:16.802 | RC_CHANNELS              src=1.1    time_boot_ms=2948121665 chancount=0 chan1_raw=0 chan2_raw=0 chan3_raw=0 chan4_raw=0 chan5_raw=0 chan6_raw=0 chan7_raw=0 chan8_raw=0 chan9_raw=0 chan10_raw=0 chan11_raw=0 chan12_raw=0 chan13_raw=0 chan14_raw=0 chan15_raw=0 chan16_raw=0 chan17_raw=0 chan18_raw=0 rssi=255
2026-09-17 19:45:16.906 | GLOBAL_POSITION_INT      src=1.1    time_boot_ms=2948121769 lat=133458059 lon=747940080 alt=74580 relative_alt=-3619 vx=0 vy=0 vz=0 hdg=0
2026-09-17 19:45:16.906 | LOCAL_POSITION_NED       src=1.1    time_boot_ms=2948121769 x=12 y=-7 z=5.03918 vx=0 vy=0 vz=0
2026-09-17 19:45:16.906 | RC_CHANNELS              src=1.1    time_boot_ms=2948121769 chancount=0 chan1_raw=0 chan2_raw=0 chan3_raw=0 chan4_raw=0 chan5_raw=0 chan6_raw=0 chan7_raw=0 chan8_raw=0 chan9_raw=0 chan10_raw=0 chan11_raw=0 chan12_raw=0 chan13_raw=0 chan14_raw=0 chan15_raw=0 chan16_raw=0 chan17_raw=0 chan18_raw=0 rssi=255
2026-09-17 19:45:17.009 | GLOBAL_POSITION_INT      src=1.1    time_boot_ms=2948121873 lat=133458059 lon=747940080 alt=74580 relative_alt=-3619 vx=0 vy=0 vz=0 hdg=0
2026-09-17 19:45:17.010 | LOCAL_POSITION_NED       src=1.1    time_boot_ms=2948121873 x=12 y=-7 z=5.03918 vx=0 vy=0 vz=0
2026-09-17 19:45:17.010 | RC_CHANNELS              src=1.1    time_boot_ms=2948121873 chancount=0 chan1_raw=0 chan2_raw=0 chan3_raw=0 chan4_raw=0 chan5_raw=0 chan6_raw=0 chan7_raw=0 chan8_raw=0 chan9_raw=0 chan10_raw=0 chan11_raw=0 chan12_raw=0 chan13_raw=0 chan14_raw=0 chan15_raw=0 chan16_raw=0 chan17_raw=0 chan18_raw=0 rssi=255
2026-09-17 19:45:17.051 | HEARTBEAT                src=1.1    type=2 autopilot=3 base_mode=1 custom_mode=5 system_status=4 mavlink_version=3
2026-09-17 19:45:17.051 | SYS_STATUS               src=1.1    onboard_control_sensors_present=0 onboard_control_sensors_enabled=0 onboard_control_sensors_health=0 load=250 voltage_battery=16800 current_battery=1000 battery_remaining=98 drop_rate_comm=0 errors_comm=0 errors_count1=0 errors_count2=0 errors_count3=0 errors_count4=0
2026-09-17 19:45:17.051 | GPS_RAW_INT              src=1.1    time_usec=1789654517050528 fix_type=3 lat=133458059 lon=747940080 alt=74580 eph=100 epv=100 vel=0 cog=0 satellites_visible=16
2026-09-17 19:45:17.052 | EKF_STATUS_REPORT        src=1.1    flags=831 velocity_variance=0.09 pos_horiz_variance=0.001 pos_vert_variance=0.005 compass_variance=0.0004 terrain_alt_variance=0
2026-09-17 19:45:17.052 | FENCE_STATUS             src=1.1    breach_status=0 breach_count=0 breach_type=0 breach_time=0
2026-09-17 19:45:17.113 | GLOBAL_POSITION_INT      src=1.1    time_boot_ms=2948121976 lat=133458059 lon=747940080 alt=74580 relative_alt=-3619 vx=0 vy=0 vz=0 hdg=0
2026-09-17 19:45:17.114 | LOCAL_POSITION_NED       src=1.1    time_boot_ms=2948121976 x=12 y=-7 z=5.03918 vx=0 vy=0 vz=0
2026-09-17 19:45:17.114 | RC_CHANNELS              src=1.1    time_boot_ms=2948121976 chancount=0 chan1_raw=0 chan2_raw=0 chan3_raw=0 chan4_raw=0 chan5_raw=0 chan6_raw=0 chan7_raw=0 chan8_raw=0 chan9_raw=0 chan10_raw=0 chan11_raw=0 chan12_raw=0 chan13_raw=0 chan14_raw=0 chan15_raw=0 chan16_raw=0 chan17_raw=0 chan18_raw=0 rssi=255
2026-09-17 19:45:17.217 | GLOBAL_POSITION_INT      src=1.1    time_boot_ms=2948122080 lat=133458059 lon=747940080 alt=74580 relative_alt=-3619 vx=0 vy=0 vz=0 hdg=0
2026-09-17 19:45:17.217 | LOCAL_POSITION_NED       src=1.1    time_boot_ms=2948122080 x=12 y=-7 z=5.03918 vx=0 vy=0 vz=0
2026-09-17 19:45:17.217 | RC_CHANNELS              src=1.1    time_boot_ms=2948122080 chancount=0 chan1_raw=0 chan2_raw=0 chan3_raw=0 chan4_raw=0 chan5_raw=0 chan6_raw=0 chan7_raw=0 chan8_raw=0 chan9_raw=0 chan10_raw=0 chan11_raw=0 chan12_raw=0 chan13_raw=0 chan14_raw=0 chan15_raw=0 chan16_raw=0 chan17_raw=0 chan18_raw=0 rssi=255
2026-09-17 19:45:17.320 | GLOBAL_POSITION_INT      src=1.1    time_boot_ms=2948122183 lat=133458059 lon=747940080 alt=74580 relative_alt=-3619 vx=0 vy=0 vz=0 hdg=0
2026-09-17 19:45:17.320 | LOCAL_POSITION_NED       src=1.1    time_boot_ms=2948122183 x=12 y=-7 z=5.03918 vx=0 vy=0 vz=0
2026-09-17 19:45:17.320 | RC_CHANNELS              src=1.1    time_boot_ms=2948122183 chancount=0 chan1_raw=0 chan2_raw=0 chan3_raw=0 chan4_raw=0 chan5_raw=0 chan6_raw=0 chan7_raw=0 chan8_raw=0 chan9_raw=0 chan10_raw=0 chan11_raw=0 chan12_raw=0 chan13_raw=0 chan14_raw=0 chan15_raw=0 chan16_raw=0 chan17_raw=0 chan18_raw=0 rssi=255
2026-09-17 19:45:17.423 | GLOBAL_POSITION_INT      src=1.1    time_boot_ms=2948122286 lat=133458059 lon=747940080 alt=74580 relative_alt=-3619 vx=0 vy=0 vz=0 hdg=0
2026-09-17 19:45:17.423 | LOCAL_POSITION_NED       src=1.1    time_boot_ms=2948122286 x=12 y=-7 z=5.03918 vx=0 vy=0 vz=0
2026-09-17 19:45:17.423 | RC_CHANNELS              src=1.1    time_boot_ms=2948122286 chancount=0 chan1_raw=0 chan2_raw=0 chan3_raw=0 chan4_raw=0 chan5_raw=0 chan6_raw=0 chan7_raw=0 chan8_raw=0 chan9_raw=0 chan10_raw=0 chan11_raw=0 chan12_raw=0 chan13_raw=0 chan14_raw=0 chan15_raw=0 chan16_raw=0 chan17_raw=0 chan18_raw=0 rssi=255
2026-09-17 19:45:17.526 | GLOBAL_POSITION_INT      src=1.1    time_boot_ms=2948122389 lat=133458059 lon=747940080 alt=74580 relative_alt=-3619 vx=0 vy=0 vz=0 hdg=0
2026-09-17 19:45:17.526 | LOCAL_POSITION_NED       src=1.1    time_boot_ms=2948122389 x=12 y=-7 z=5.03918 vx=0 vy=0 vz=0
2026-09-17 19:45:17.526 | RC_CHANNELS              src=1.1    time_boot_ms=2948122389 chancount=0 chan1_raw=0 chan2_raw=0 chan3_raw=0 chan4_raw=0 chan5_raw=0 chan6_raw=0 chan7_raw=0 chan8_raw=0 chan9_raw=0 chan10_raw=0 chan11_raw=0 chan12_raw=0 chan13_raw=0 chan14_raw=0 chan15_raw=0 chan16_raw=0 chan17_raw=0 chan18_raw=0 rssi=255
2026-09-17 19:45:17.567 | HEARTBEAT                src=1.1    type=2 autopilot=3 base_mode=1 custom_mode=5 system_status=4 mavlink_version=3
2026-09-17 19:45:17.567 | SUMMARY mode=LOITER disarmed alt=-3.62m ned=(12.00,-7.00,5.04) gps=(13.3458059,74.7940080) fix=3 sats=16 eph=100 batt=16.80V/10.0A/98% ch8=0 rssi=255 ekf=0x033f v=0.09 p=0.00 c=0.00 rx=13181 drop=0
2026-09-17 19:45:17.567 | SYS_STATUS               src=1.1    onboard_control_sensors_present=0 onboard_control_sensors_enabled=0 onboard_control_sensors_health=0 load=250 voltage_battery=16800 current_battery=1000 battery_remaining=98 drop_rate_comm=0 errors_comm=0 errors_count1=0 errors_count2=0 errors_count3=0 errors_count4=0
2026-09-17 19:45:17.567 | GPS_RAW_INT              src=1.1    time_usec=1789654517566634 fix_type=3 lat=133458059 lon=747940080 alt=74580 eph=100 epv=100 vel=0 cog=0 satellites_visible=16
2026-09-17 19:45:17.567 | EKF_STATUS_REPORT        src=1.1    flags=831 velocity_variance=0.09 pos_horiz_variance=0.001 pos_vert_variance=0.005 compass_variance=0.0004 terrain_alt_variance=0
2026-09-17 19:45:17.568 | FENCE_STATUS             src=1.1    breach_status=0 breach_count=0 breach_type=0 breach_time=0
2026-09-17 19:45:17.636 | GLOBAL_POSITION_INT      src=1.1    time_boot_ms=2948122499 lat=133458059 lon=747940080 alt=74580 relative_alt=-3619 vx=0 vy=0 vz=0 hdg=0
2026-09-17 19:45:17.636 | LOCAL_POSITION_NED       src=1.1    time_boot_ms=2948122499 x=12 y=-7 z=5.03918 vx=0 vy=0 vz=0
2026-09-17 19:45:17.636 | RC_CHANNELS              src=1.1    time_boot_ms=2948122499 chancount=0 chan1_raw=0 chan2_raw=0 chan3_raw=0 chan4_raw=0 chan5_raw=0 chan6_raw=0 chan7_raw=0 chan8_raw=0 chan9_raw=0 chan10_raw=0 chan11_raw=0 chan12_raw=0 chan13_raw=0 chan14_raw=0 chan15_raw=0 chan16_raw=0 chan17_raw=0 chan18_raw=0 rssi=255
2026-09-17 19:45:17.738 | GLOBAL_POSITION_INT      src=1.1    time_boot_ms=2948122601 lat=133458059 lon=747940080 alt=74580 relative_alt=-3619 vx=0 vy=0 vz=0 hdg=0
2026-09-17 19:45:17.738 | LOCAL_POSITION_NED       src=1.1    time_boot_ms=2948122601 x=12 y=-7 z=5.03918 vx=0 vy=0 vz=0
2026-09-17 19:45:17.739 | RC_CHANNELS              src=1.1    time_boot_ms=2948122601 chancount=0 chan1_raw=0 chan2_raw=0 chan3_raw=0 chan4_raw=0 chan5_raw=0 chan6_raw=0 chan7_raw=0 chan8_raw=0 chan9_raw=0 chan10_raw=0 chan11_raw=0 chan12_raw=0 chan13_raw=0 chan14_raw=0 chan15_raw=0 chan16_raw=0 chan17_raw=0 chan18_raw=0 rssi=255
2026-09-17 19:45:17.842 | GLOBAL_POSITION_INT      src=1.1    time_boot_ms=2948122704 lat=133458059 lon=747940080 alt=74580 relative_alt=-3619 vx=0 vy=0 vz=0 hdg=0
2026-09-17 19:45:17.842 | LOCAL_POSITION_NED       src=1.1    time_boot_ms=2948122704 x=12 y=-7 z=5.03918 vx=0 vy=0 vz=0
2026-09-17 19:45:17.842 | RC_CHANNELS              src=1.1    time_boot_ms=2948122704 chancount=0 chan1_raw=0 chan2_raw=0 chan3_raw=0 chan4_raw=0 chan5_raw=0 chan6_raw=0 chan7_raw=0 chan8_raw=0 chan9_raw=0 chan10_raw=0 chan11_raw=0 chan12_raw=0 chan13_raw=0 chan14_raw=0 chan15_raw=0 chan16_raw=0 chan17_raw=0 chan18_raw=0 rssi=255
2026-09-17 19:45:17.948 | GLOBAL_POSITION_INT      src=1.1    time_boot_ms=2948122811 lat=133458059 lon=747940080 alt=74580 relative_alt=-3619 vx=0 vy=0 vz=0 hdg=0
2026-09-17 19:45:17.948 | LOCAL_POSITION_NED       src=1.1    time_boot_ms=2948122811 x=12 y=-7 z=5.03918 vx=0 vy=0 vz=0
2026-09-17 19:45:17.948 | RC_CHANNELS              src=1.1    time_boot_ms=2948122811 chancount=0 chan1_raw=0 chan2_raw=0 chan3_raw=0 chan4_raw=0 chan5_raw=0 chan6_raw=0 chan7_raw=0 chan8_raw=0 chan9_raw=0 chan10_raw=0 chan11_raw=0 chan12_raw=0 chan13_raw=0 chan14_raw=0 chan15_raw=0 chan16_raw=0 chan17_raw=0 chan18_raw=0 rssi=255
2026-09-17 19:45:18.053 | GLOBAL_POSITION_INT      src=1.1    time_boot_ms=2948122914 lat=133458059 lon=747940080 alt=74580 relative_alt=-3619 vx=0 vy=0 vz=0 hdg=0
2026-09-17 19:45:18.053 | LOCAL_POSITION_NED       src=1.1    time_boot_ms=2948122914 x=12 y=-7 z=5.03918 vx=0 vy=0 vz=0
2026-09-17 19:45:18.053 | RC_CHANNELS              src=1.1    time_boot_ms=2948122914 chancount=0 chan1_raw=0 chan2_raw=0 chan3_raw=0 chan4_raw=0 chan5_raw=0 chan6_raw=0 chan7_raw=0 chan8_raw=0 chan9_raw=0 chan10_raw=0 chan11_raw=0 chan12_raw=0 chan13_raw=0 chan14_raw=0 chan15_raw=0 chan16_raw=0 chan17_raw=0 chan18_raw=0 rssi=255
2026-09-17 19:45:18.077 | HEARTBEAT                src=1.1    type=2 autopilot=3 base_mode=1 custom_mode=5 system_status=4 mavlink_version=3
2026-09-17 19:45:18.078 | SYS_STATUS               src=1.1    onboard_control_sensors_present=0 onboard_control_sensors_enabled=0 onboard_control_sensors_health=0 load=250 voltage_battery=16800 current_battery=1000 battery_remaining=98 drop_rate_comm=0 errors_comm=0 errors_count1=0 errors_count2=0 errors_count3=0 errors_count4=0
2026-09-17 19:45:18.078 | GPS_RAW_INT              src=1.1    time_usec=1789654518075682 fix_type=3 lat=133458059 lon=747940080 alt=74580 eph=100 epv=100 vel=0 cog=0 satellites_visible=16
2026-09-17 19:45:18.078 | EKF_STATUS_REPORT        src=1.1    flags=831 velocity_variance=0.09 pos_horiz_variance=0.001 pos_vert_variance=0.005 compass_variance=0.0004 terrain_alt_variance=0
2026-09-17 19:45:18.078 | FENCE_STATUS             src=1.1    breach_status=0 breach_count=0 breach_type=0 breach_time=0
2026-09-17 19:45:18.163 | GLOBAL_POSITION_INT      src=1.1    time_boot_ms=2948123026 lat=133458059 lon=747940080 alt=74580 relative_alt=-3619 vx=0 vy=0 vz=0 hdg=0
2026-09-17 19:45:18.163 | LOCAL_POSITION_NED       src=1.1    time_boot_ms=2948123026 x=12 y=-7 z=5.03918 vx=0 vy=0 vz=0
2026-09-17 19:45:18.163 | RC_CHANNELS              src=1.1    time_boot_ms=2948123026 chancount=0 chan1_raw=0 chan2_raw=0 chan3_raw=0 chan4_raw=0 chan5_raw=0 chan6_raw=0 chan7_raw=0 chan8_raw=0 chan9_raw=0 chan10_raw=0 chan11_raw=0 chan12_raw=0 chan13_raw=0 chan14_raw=0 chan15_raw=0 chan16_raw=0 chan17_raw=0 chan18_raw=0 rssi=255
2026-09-17 19:45:18.270 | GLOBAL_POSITION_INT      src=1.1    time_boot_ms=2948123133 lat=133458059 lon=747940080 alt=74580 relative_alt=-3619 vx=0 vy=0 vz=0 hdg=0
2026-09-17 19:45:18.270 | LOCAL_POSITION_NED       src=1.1    time_boot_ms=2948123133 x=12 y=-7 z=5.03918 vx=0 vy=0 vz=0
2026-09-17 19:45:18.270 | RC_CHANNELS              src=1.1    time_boot_ms=2948123133 chancount=0 chan1_raw=0 chan2_raw=0 chan3_raw=0 chan4_raw=0 chan5_raw=0 chan6_raw=0 chan7_raw=0 chan8_raw=0 chan9_raw=0 chan10_raw=0 chan11_raw=0 chan12_raw=0 chan13_raw=0 chan14_raw=0 chan15_raw=0 chan16_raw=0 chan17_raw=0 chan18_raw=0 rssi=255
2026-09-17 19:45:18.373 | GLOBAL_POSITION_INT      src=1.1    time_boot_ms=2948123236 lat=133458059 lon=747940080 alt=74580 relative_alt=-3619 vx=0 vy=0 vz=0 hdg=0
2026-09-17 19:45:18.373 | LOCAL_POSITION_NED       src=1.1    time_boot_ms=2948123236 x=12 y=-7 z=5.03918 vx=0 vy=0 vz=0
2026-09-17 19:45:18.373 | RC_CHANNELS              src=1.1    time_boot_ms=2948123236 chancount=0 chan1_raw=0 chan2_raw=0 chan3_raw=0 chan4_raw=0 chan5_raw=0 chan6_raw=0 chan7_raw=0 chan8_raw=0 chan9_raw=0 chan10_raw=0 chan11_raw=0 chan12_raw=0 chan13_raw=0 chan14_raw=0 chan15_raw=0 chan16_raw=0 chan17_raw=0 chan18_raw=0 rssi=255
2026-09-17 19:45:18.477 | GLOBAL_POSITION_INT      src=1.1    time_boot_ms=2948123339 lat=133458059 lon=747940080 alt=74580 relative_alt=-3619 vx=0 vy=0 vz=0 hdg=0
2026-09-17 19:45:18.478 | LOCAL_POSITION_NED       src=1.1    time_boot_ms=2948123339 x=12 y=-7 z=5.03918 vx=0 vy=0 vz=0
2026-09-17 19:45:18.478 | RC_CHANNELS              src=1.1    time_boot_ms=2948123339 chancount=0 chan1_raw=0 chan2_raw=0 chan3_raw=0 chan4_raw=0 chan5_raw=0 chan6_raw=0 chan7_raw=0 chan8_raw=0 chan9_raw=0 chan10_raw=0 chan11_raw=0 chan12_raw=0 chan13_raw=0 chan14_raw=0 chan15_raw=0 chan16_raw=0 chan17_raw=0 chan18_raw=0 rssi=255
2026-09-17 19:45:18.579 | HEARTBEAT                src=1.1    type=2 autopilot=3 base_mode=1 custom_mode=5 system_status=4 mavlink_version=3
2026-09-17 19:45:18.580 | SUMMARY mode=LOITER disarmed alt=-3.62m ned=(12.00,-7.00,5.04) gps=(13.3458059,74.7940080) fix=3 sats=16 eph=100 batt=16.80V/10.0A/98% ch8=0 rssi=255 ekf=0x033f v=0.09 p=0.00 c=0.00 rx=13218 drop=0
2026-09-17 19:45:18.580 | GLOBAL_POSITION_INT      src=1.1    time_boot_ms=2948123442 lat=133458059 lon=747940080 alt=74580 relative_alt=-3619 vx=0 vy=0 vz=0 hdg=0
2026-09-17 19:45:18.580 | LOCAL_POSITION_NED       src=1.1    time_boot_ms=2948123442 x=12 y=-7 z=5.03918 vx=0 vy=0 vz=0
2026-09-17 19:45:18.580 | RC_CHANNELS              src=1.1    time_boot_ms=2948123442 chancount=0 chan1_raw=0 chan2_raw=0 chan3_raw=0 chan4_raw=0 chan5_raw=0 chan6_raw=0 chan7_raw=0 chan8_raw=0 chan9_raw=0 chan10_raw=0 chan11_raw=0 chan12_raw=0 chan13_raw=0 chan14_raw=0 chan15_raw=0 chan16_raw=0 chan17_raw=0 chan18_raw=0 rssi=255
2026-09-17 19:45:18.580 | SYS_STATUS               src=1.1    onboard_control_sensors_present=0 onboard_control_sensors_enabled=0 onboard_control_sensors_health=0 load=250 voltage_battery=16800 current_battery=1000 battery_remaining=98 drop_rate_comm=0 errors_comm=0 errors_count1=0 errors_count2=0 errors_count3=0 errors_count4=0
2026-09-17 19:45:18.580 | GPS_RAW_INT              src=1.1    time_usec=1789654518578738 fix_type=3 lat=133458059 lon=747940080 alt=74580 eph=100 epv=100 vel=0 cog=0 satellites_visible=16
2026-09-17 19:45:18.580 | EKF_STATUS_REPORT        src=1.1    flags=831 velocity_variance=0.09 pos_horiz_variance=0.001 pos_vert_variance=0.005 compass_variance=0.0004 terrain_alt_variance=0
2026-09-17 19:45:18.580 | FENCE_STATUS             src=1.1    breach_status=0 breach_count=0 breach_type=0 breach_time=0
2026-09-17 19:45:18.697 | GLOBAL_POSITION_INT      src=1.1    time_boot_ms=2948123560 lat=133458059 lon=747940080 alt=74580 relative_alt=-3619 vx=0 vy=0 vz=0 hdg=0
2026-09-17 19:45:18.697 | LOCAL_POSITION_NED       src=1.1    time_boot_ms=2948123560 x=12 y=-7 z=5.03918 vx=0 vy=0 vz=0
2026-09-17 19:45:18.697 | RC_CHANNELS              src=1.1    time_boot_ms=2948123560 chancount=0 chan1_raw=0 chan2_raw=0 chan3_raw=0 chan4_raw=0 chan5_raw=0 chan6_raw=0 chan7_raw=0 chan8_raw=0 chan9_raw=0 chan10_raw=0 chan11_raw=0 chan12_raw=0 chan13_raw=0 chan14_raw=0 chan15_raw=0 chan16_raw=0 chan17_raw=0 chan18_raw=0 rssi=255
2026-09-17 19:45:18.799 | GLOBAL_POSITION_INT      src=1.1    time_boot_ms=2948123662 lat=133458059 lon=747940080 alt=74580 relative_alt=-3619 vx=0 vy=0 vz=0 hdg=0
2026-09-17 19:45:18.799 | LOCAL_POSITION_NED       src=1.1    time_boot_ms=2948123662 x=12 y=-7 z=5.03918 vx=0 vy=0 vz=0
2026-09-17 19:45:18.800 | RC_CHANNELS              src=1.1    time_boot_ms=2948123662 chancount=0 chan1_raw=0 chan2_raw=0 chan3_raw=0 chan4_raw=0 chan5_raw=0 chan6_raw=0 chan7_raw=0 chan8_raw=0 chan9_raw=0 chan10_raw=0 chan11_raw=0 chan12_raw=0 chan13_raw=0 chan14_raw=0 chan15_raw=0 chan16_raw=0 chan17_raw=0 chan18_raw=0 rssi=255
2026-09-17 19:45:18.902 | GLOBAL_POSITION_INT      src=1.1    time_boot_ms=2948123765 lat=133458059 lon=747940080 alt=74580 relative_alt=-3619 vx=0 vy=0 vz=0 hdg=0
2026-09-17 19:45:18.902 | LOCAL_POSITION_NED       src=1.1    time_boot_ms=2948123765 x=12 y=-7 z=5.03918 vx=0 vy=0 vz=0
2026-09-17 19:45:18.902 | RC_CHANNELS              src=1.1    time_boot_ms=2948123765 chancount=0 chan1_raw=0 chan2_raw=0 chan3_raw=0 chan4_raw=0 chan5_raw=0 chan6_raw=0 chan7_raw=0 chan8_raw=0 chan9_raw=0 chan10_raw=0 chan11_raw=0 chan12_raw=0 chan13_raw=0 chan14_raw=0 chan15_raw=0 chan16_raw=0 chan17_raw=0 chan18_raw=0 rssi=255
2026-09-17 19:45:19.008 | GLOBAL_POSITION_INT      src=1.1    time_boot_ms=2948123871 lat=133458059 lon=747940080 alt=74580 relative_alt=-3619 vx=0 vy=0 vz=0 hdg=0
2026-09-17 19:45:19.009 | LOCAL_POSITION_NED       src=1.1    time_boot_ms=2948123871 x=12 y=-7 z=5.03918 vx=0 vy=0 vz=0
2026-09-17 19:45:19.009 | RC_CHANNELS              src=1.1    time_boot_ms=2948123871 chancount=0 chan1_raw=0 chan2_raw=0 chan3_raw=0 chan4_raw=0 chan5_raw=0 chan6_raw=0 chan7_raw=0 chan8_raw=0 chan9_raw=0 chan10_raw=0 chan11_raw=0 chan12_raw=0 chan13_raw=0 chan14_raw=0 chan15_raw=0 chan16_raw=0 chan17_raw=0 chan18_raw=0 rssi=255
2026-09-17 19:45:19.091 | HEARTBEAT                src=1.1    type=2 autopilot=3 base_mode=1 custom_mode=5 system_status=4 mavlink_version=3
2026-09-17 19:45:19.091 | SYS_STATUS               src=1.1    onboard_control_sensors_present=0 onboard_control_sensors_enabled=0 onboard_control_sensors_health=0 load=250 voltage_battery=16800 current_battery=1000 battery_remaining=98 drop_rate_comm=0 errors_comm=0 errors_count1=0 errors_count2=0 errors_count3=0 errors_count4=0
2026-09-17 19:45:19.091 | GPS_RAW_INT              src=1.1    time_usec=1789654519090277 fix_type=3 lat=133458059 lon=747940080 alt=74580 eph=100 epv=100 vel=0 cog=0 satellites_visible=16
2026-09-17 19:45:19.091 | EKF_STATUS_REPORT        src=1.1    flags=831 velocity_variance=0.09 pos_horiz_variance=0.001 pos_vert_variance=0.005 compass_variance=0.0004 terrain_alt_variance=0
2026-09-17 19:45:19.091 | FENCE_STATUS             src=1.1    breach_status=0 breach_count=0 breach_type=0 breach_time=0
2026-09-17 19:45:19.111 | GLOBAL_POSITION_INT      src=1.1    time_boot_ms=2948123975 lat=133458059 lon=747940080 alt=74580 relative_alt=-3619 vx=0 vy=0 vz=0 hdg=0
2026-09-17 19:45:19.112 | LOCAL_POSITION_NED       src=1.1    time_boot_ms=2948123975 x=12 y=-7 z=5.03918 vx=0 vy=0 vz=0
2026-09-17 19:45:19.112 | RC_CHANNELS              src=1.1    time_boot_ms=2948123975 chancount=0 chan1_raw=0 chan2_raw=0 chan3_raw=0 chan4_raw=0 chan5_raw=0 chan6_raw=0 chan7_raw=0 chan8_raw=0 chan9_raw=0 chan10_raw=0 chan11_raw=0 chan12_raw=0 chan13_raw=0 chan14_raw=0 chan15_raw=0 chan16_raw=0 chan17_raw=0 chan18_raw=0 rssi=255
2026-09-17 19:45:19.215 | GLOBAL_POSITION_INT      src=1.1    time_boot_ms=2948124078 lat=133458059 lon=747940080 alt=74580 relative_alt=-3619 vx=0 vy=0 vz=0 hdg=0
2026-09-17 19:45:19.215 | LOCAL_POSITION_NED       src=1.1    time_boot_ms=2948124078 x=12 y=-7 z=5.03918 vx=0 vy=0 vz=0
2026-09-17 19:45:19.215 | RC_CHANNELS              src=1.1    time_boot_ms=2948124078 chancount=0 chan1_raw=0 chan2_raw=0 chan3_raw=0 chan4_raw=0 chan5_raw=0 chan6_raw=0 chan7_raw=0 chan8_raw=0 chan9_raw=0 chan10_raw=0 chan11_raw=0 chan12_raw=0 chan13_raw=0 chan14_raw=0 chan15_raw=0 chan16_raw=0 chan17_raw=0 chan18_raw=0 rssi=255
2026-09-17 19:45:19.320 | GLOBAL_POSITION_INT      src=1.1    time_boot_ms=2948124183 lat=133458059 lon=747940080 alt=74580 relative_alt=-3619 vx=0 vy=0 vz=0 hdg=0
2026-09-17 19:45:19.320 | LOCAL_POSITION_NED       src=1.1    time_boot_ms=2948124183 x=12 y=-7 z=5.03918 vx=0 vy=0 vz=0
2026-09-17 19:45:19.320 | RC_CHANNELS              src=1.1    time_boot_ms=2948124183 chancount=0 chan1_raw=0 chan2_raw=0 chan3_raw=0 chan4_raw=0 chan5_raw=0 chan6_raw=0 chan7_raw=0 chan8_raw=0 chan9_raw=0 chan10_raw=0 chan11_raw=0 chan12_raw=0 chan13_raw=0 chan14_raw=0 chan15_raw=0 chan16_raw=0 chan17_raw=0 chan18_raw=0 rssi=255
2026-09-17 19:45:19.424 | GLOBAL_POSITION_INT      src=1.1    time_boot_ms=2948124287 lat=133458059 lon=747940080 alt=74580 relative_alt=-3619 vx=0 vy=0 vz=0 hdg=0
2026-09-17 19:45:19.424 | LOCAL_POSITION_NED       src=1.1    time_boot_ms=2948124287 x=12 y=-7 z=5.03918 vx=0 vy=0 vz=0
2026-09-17 19:45:19.424 | RC_CHANNELS              src=1.1    time_boot_ms=2948124287 chancount=0 chan1_raw=0 chan2_raw=0 chan3_raw=0 chan4_raw=0 chan5_raw=0 chan6_raw=0 chan7_raw=0 chan8_raw=0 chan9_raw=0 chan10_raw=0 chan11_raw=0 chan12_raw=0 chan13_raw=0 chan14_raw=0 chan15_raw=0 chan16_raw=0 chan17_raw=0 chan18_raw=0 rssi=255
2026-09-17 19:45:19.526 | GLOBAL_POSITION_INT      src=1.1    time_boot_ms=2948124389 lat=133458059 lon=747940080 alt=74580 relative_alt=-3619 vx=0 vy=0 vz=0 hdg=0
2026-09-17 19:45:19.526 | LOCAL_POSITION_NED       src=1.1    time_boot_ms=2948124389 x=12 y=-7 z=5.03918 vx=0 vy=0 vz=0
2026-09-17 19:45:19.526 | RC_CHANNELS              src=1.1    time_boot_ms=2948124389 chancount=0 chan1_raw=0 chan2_raw=0 chan3_raw=0 chan4_raw=0 chan5_raw=0 chan6_raw=0 chan7_raw=0 chan8_raw=0 chan9_raw=0 chan10_raw=0 chan11_raw=0 chan12_raw=0 chan13_raw=0 chan14_raw=0 chan15_raw=0 chan16_raw=0 chan17_raw=0 chan18_raw=0 rssi=255
2026-09-17 19:45:19.611 | HEARTBEAT                src=1.1    type=2 autopilot=3 base_mode=1 custom_mode=5 system_status=4 mavlink_version=3
2026-09-17 19:45:19.611 | SUMMARY mode=LOITER disarmed alt=-3.62m ned=(12.00,-7.00,5.04) gps=(13.3458059,74.7940080) fix=3 sats=16 eph=100 batt=16.80V/10.0A/98% ch8=0 rssi=255 ekf=0x033f v=0.09 p=0.00 c=0.00 rx=13258 drop=0
2026-09-17 19:45:19.611 | SYS_STATUS               src=1.1    onboard_control_sensors_present=0 onboard_control_sensors_enabled=0 onboard_control_sensors_health=0 load=250 voltage_battery=16800 current_battery=1000 battery_remaining=98 drop_rate_comm=0 errors_comm=0 errors_count1=0 errors_count2=0 errors_count3=0 errors_count4=0
2026-09-17 19:45:19.612 | GPS_RAW_INT              src=1.1    time_usec=1789654519608047 fix_type=3 lat=133458059 lon=747940080 alt=74580 eph=100 epv=100 vel=0 cog=0 satellites_visible=16
2026-09-17 19:45:19.612 | EKF_STATUS_REPORT        src=1.1    flags=831 velocity_variance=0.09 pos_horiz_variance=0.001 pos_vert_variance=0.005 compass_variance=0.0004 terrain_alt_variance=0
2026-09-17 19:45:19.612 | FENCE_STATUS             src=1.1    breach_status=0 breach_count=0 breach_type=0 breach_time=0
2026-09-17 19:45:19.638 | GLOBAL_POSITION_INT      src=1.1    time_boot_ms=2948124501 lat=133458059 lon=747940080 alt=74580 relative_alt=-3619 vx=0 vy=0 vz=0 hdg=0
2026-09-17 19:45:19.638 | LOCAL_POSITION_NED       src=1.1    time_boot_ms=2948124501 x=12 y=-7 z=5.03918 vx=0 vy=0 vz=0
2026-09-17 19:45:19.638 | RC_CHANNELS              src=1.1    time_boot_ms=2948124501 chancount=0 chan1_raw=0 chan2_raw=0 chan3_raw=0 chan4_raw=0 chan5_raw=0 chan6_raw=0 chan7_raw=0 chan8_raw=0 chan9_raw=0 chan10_raw=0 chan11_raw=0 chan12_raw=0 chan13_raw=0 chan14_raw=0 chan15_raw=0 chan16_raw=0 chan17_raw=0 chan18_raw=0 rssi=255
2026-09-17 19:45:19.740 | GLOBAL_POSITION_INT      src=1.1    time_boot_ms=2948124603 lat=133458059 lon=747940080 alt=74580 relative_alt=-3619 vx=0 vy=0 vz=0 hdg=0
2026-09-17 19:45:19.740 | LOCAL_POSITION_NED       src=1.1    time_boot_ms=2948124603 x=12 y=-7 z=5.03918 vx=0 vy=0 vz=0
2026-09-17 19:45:19.741 | RC_CHANNELS              src=1.1    time_boot_ms=2948124603 chancount=0 chan1_raw=0 chan2_raw=0 chan3_raw=0 chan4_raw=0 chan5_raw=0 chan6_raw=0 chan7_raw=0 chan8_raw=0 chan9_raw=0 chan10_raw=0 chan11_raw=0 chan12_raw=0 chan13_raw=0 chan14_raw=0 chan15_raw=0 chan16_raw=0 chan17_raw=0 chan18_raw=0 rssi=255
2026-09-17 19:45:19.843 | GLOBAL_POSITION_INT      src=1.1    time_boot_ms=2948124706 lat=133458059 lon=747940080 alt=74580 relative_alt=-3619 vx=0 vy=0 vz=0 hdg=0
2026-09-17 19:45:19.843 | LOCAL_POSITION_NED       src=1.1    time_boot_ms=2948124706 x=12 y=-7 z=5.03918 vx=0 vy=0 vz=0
2026-09-17 19:45:19.843 | RC_CHANNELS              src=1.1    time_boot_ms=2948124706 chancount=0 chan1_raw=0 chan2_raw=0 chan3_raw=0 chan4_raw=0 chan5_raw=0 chan6_raw=0 chan7_raw=0 chan8_raw=0 chan9_raw=0 chan10_raw=0 chan11_raw=0 chan12_raw=0 chan13_raw=0 chan14_raw=0 chan15_raw=0 chan16_raw=0 chan17_raw=0 chan18_raw=0 rssi=255
2026-09-17 19:45:19.945 | GLOBAL_POSITION_INT      src=1.1    time_boot_ms=2948124809 lat=133458059 lon=747940080 alt=74580 relative_alt=-3619 vx=0 vy=0 vz=0 hdg=0
2026-09-17 19:45:19.946 | LOCAL_POSITION_NED       src=1.1    time_boot_ms=2948124809 x=12 y=-7 z=5.03918 vx=0 vy=0 vz=0
2026-09-17 19:45:19.946 | RC_CHANNELS              src=1.1    time_boot_ms=2948124809 chancount=0 chan1_raw=0 chan2_raw=0 chan3_raw=0 chan4_raw=0 chan5_raw=0 chan6_raw=0 chan7_raw=0 chan8_raw=0 chan9_raw=0 chan10_raw=0 chan11_raw=0 chan12_raw=0 chan13_raw=0 chan14_raw=0 chan15_raw=0 chan16_raw=0 chan17_raw=0 chan18_raw=0 rssi=255
2026-09-17 19:45:20.049 | GLOBAL_POSITION_INT      src=1.1    time_boot_ms=2948124912 lat=133458059 lon=747940080 alt=74580 relative_alt=-3619 vx=0 vy=0 vz=0 hdg=0
2026-09-17 19:45:20.049 | LOCAL_POSITION_NED       src=1.1    time_boot_ms=2948124912 x=12 y=-7 z=5.03918 vx=0 vy=0 vz=0
2026-09-17 19:45:20.049 | RC_CHANNELS              src=1.1    time_boot_ms=2948124912 chancount=0 chan1_raw=0 chan2_raw=0 chan3_raw=0 chan4_raw=0 chan5_raw=0 chan6_raw=0 chan7_raw=0 chan8_raw=0 chan9_raw=0 chan10_raw=0 chan11_raw=0 chan12_raw=0 chan13_raw=0 chan14_raw=0 chan15_raw=0 chan16_raw=0 chan17_raw=0 chan18_raw=0 rssi=255
2026-09-17 19:45:20.111 | HEARTBEAT                src=1.1    type=2 autopilot=3 base_mode=1 custom_mode=5 system_status=4 mavlink_version=3
2026-09-17 19:45:20.111 | SYS_STATUS               src=1.1    onboard_control_sensors_present=0 onboard_control_sensors_enabled=0 onboard_control_sensors_health=0 load=250 voltage_battery=16800 current_battery=1000 battery_remaining=98 drop_rate_comm=0 errors_comm=0 errors_count1=0 errors_count2=0 errors_count3=0 errors_count4=0
2026-09-17 19:45:20.111 | GPS_RAW_INT              src=1.1    time_usec=1789654520110739 fix_type=3 lat=133458059 lon=747940080 alt=74580 eph=100 epv=100 vel=0 cog=0 satellites_visible=16
2026-09-17 19:45:20.111 | EKF_STATUS_REPORT        src=1.1    flags=831 velocity_variance=0.09 pos_horiz_variance=0.001 pos_vert_variance=0.005 compass_variance=0.0004 terrain_alt_variance=0
2026-09-17 19:45:20.112 | FENCE_STATUS             src=1.1    breach_status=0 breach_count=0 breach_type=0 breach_time=0
2026-09-17 19:45:20.152 | GLOBAL_POSITION_INT      src=1.1    time_boot_ms=2948125016 lat=133458059 lon=747940080 alt=74580 relative_alt=-3619 vx=0 vy=0 vz=0 hdg=0
2026-09-17 19:45:20.153 | LOCAL_POSITION_NED       src=1.1    time_boot_ms=2948125016 x=12 y=-7 z=5.03918 vx=0 vy=0 vz=0
2026-09-17 19:45:20.153 | RC_CHANNELS              src=1.1    time_boot_ms=2948125016 chancount=0 chan1_raw=0 chan2_raw=0 chan3_raw=0 chan4_raw=0 chan5_raw=0 chan6_raw=0 chan7_raw=0 chan8_raw=0 chan9_raw=0 chan10_raw=0 chan11_raw=0 chan12_raw=0 chan13_raw=0 chan14_raw=0 chan15_raw=0 chan16_raw=0 chan17_raw=0 chan18_raw=0 rssi=255
2026-09-17 19:45:20.256 | GLOBAL_POSITION_INT      src=1.1    time_boot_ms=2948125119 lat=133458059 lon=747940080 alt=74580 relative_alt=-3619 vx=0 vy=0 vz=0 hdg=0
2026-09-17 19:45:20.256 | LOCAL_POSITION_NED       src=1.1    time_boot_ms=2948125119 x=12 y=-7 z=5.03918 vx=0 vy=0 vz=0
2026-09-17 19:45:20.256 | RC_CHANNELS              src=1.1    time_boot_ms=2948125119 chancount=0 chan1_raw=0 chan2_raw=0 chan3_raw=0 chan4_raw=0 chan5_raw=0 chan6_raw=0 chan7_raw=0 chan8_raw=0 chan9_raw=0 chan10_raw=0 chan11_raw=0 chan12_raw=0 chan13_raw=0 chan14_raw=0 chan15_raw=0 chan16_raw=0 chan17_raw=0 chan18_raw=0 rssi=255
2026-09-17 19:45:20.361 | GLOBAL_POSITION_INT      src=1.1    time_boot_ms=2948125224 lat=133458059 lon=747940080 alt=74580 relative_alt=-3619 vx=0 vy=0 vz=0 hdg=0
2026-09-17 19:45:20.361 | LOCAL_POSITION_NED       src=1.1    time_boot_ms=2948125224 x=12 y=-7 z=5.03918 vx=0 vy=0 vz=0
2026-09-17 19:45:20.361 | RC_CHANNELS              src=1.1    time_boot_ms=2948125224 chancount=0 chan1_raw=0 chan2_raw=0 chan3_raw=0 chan4_raw=0 chan5_raw=0 chan6_raw=0 chan7_raw=0 chan8_raw=0 chan9_raw=0 chan10_raw=0 chan11_raw=0 chan12_raw=0 chan13_raw=0 chan14_raw=0 chan15_raw=0 chan16_raw=0 chan17_raw=0 chan18_raw=0 rssi=255
2026-09-17 19:45:20.465 | GLOBAL_POSITION_INT      src=1.1    time_boot_ms=2948125328 lat=133458059 lon=747940080 alt=74580 relative_alt=-3619 vx=0 vy=0 vz=0 hdg=0
2026-09-17 19:45:20.465 | LOCAL_POSITION_NED       src=1.1    time_boot_ms=2948125328 x=12 y=-7 z=5.03918 vx=0 vy=0 vz=0
2026-09-17 19:45:20.465 | RC_CHANNELS              src=1.1    time_boot_ms=2948125328 chancount=0 chan1_raw=0 chan2_raw=0 chan3_raw=0 chan4_raw=0 chan5_raw=0 chan6_raw=0 chan7_raw=0 chan8_raw=0 chan9_raw=0 chan10_raw=0 chan11_raw=0 chan12_raw=0 chan13_raw=0 chan14_raw=0 chan15_raw=0 chan16_raw=0 chan17_raw=0 chan18_raw=0 rssi=255
2026-09-17 19:45:20.568 | GLOBAL_POSITION_INT      src=1.1    time_boot_ms=2948125432 lat=133458059 lon=747940080 alt=74580 relative_alt=-3619 vx=0 vy=0 vz=0 hdg=0
2026-09-17 19:45:20.569 | LOCAL_POSITION_NED       src=1.1    time_boot_ms=2948125432 x=12 y=-7 z=5.03918 vx=0 vy=0 vz=0
2026-09-17 19:45:20.569 | RC_CHANNELS              src=1.1    time_boot_ms=2948125432 chancount=0 chan1_raw=0 chan2_raw=0 chan3_raw=0 chan4_raw=0 chan5_raw=0 chan6_raw=0 chan7_raw=0 chan8_raw=0 chan9_raw=0 chan10_raw=0 chan11_raw=0 chan12_raw=0 chan13_raw=0 chan14_raw=0 chan15_raw=0 chan16_raw=0 chan17_raw=0 chan18_raw=0 rssi=255
2026-09-17 19:45:20.616 | HEARTBEAT                src=1.1    type=2 autopilot=3 base_mode=1 custom_mode=5 system_status=4 mavlink_version=3
2026-09-17 19:45:20.616 | SUMMARY mode=LOITER disarmed alt=-3.62m ned=(12.00,-7.00,5.04) gps=(13.3458059,74.7940080) fix=3 sats=16 eph=100 batt=16.80V/10.0A/98% ch8=0 rssi=255 ekf=0x033f v=0.09 p=0.00 c=0.00 rx=13298 drop=0
2026-09-17 19:45:20.617 | SYS_STATUS               src=1.1    onboard_control_sensors_present=0 onboard_control_sensors_enabled=0 onboard_control_sensors_health=0 load=250 voltage_battery=16800 current_battery=1000 battery_remaining=98 drop_rate_comm=0 errors_comm=0 errors_count1=0 errors_count2=0 errors_count3=0 errors_count4=0
2026-09-17 19:45:20.617 | GPS_RAW_INT              src=1.1    time_usec=1789654520616024 fix_type=3 lat=133458059 lon=747940080 alt=74580 eph=100 epv=100 vel=0 cog=0 satellites_visible=16
2026-09-17 19:45:20.617 | EKF_STATUS_REPORT        src=1.1    flags=831 velocity_variance=0.09 pos_horiz_variance=0.001 pos_vert_variance=0.005 compass_variance=0.0004 terrain_alt_variance=0
2026-09-17 19:45:20.617 | FENCE_STATUS             src=1.1    breach_status=0 breach_count=0 breach_type=0 breach_time=0
2026-09-17 19:45:20.678 | GLOBAL_POSITION_INT      src=1.1    time_boot_ms=2948125541 lat=133458059 lon=747940080 alt=74580 relative_alt=-3619 vx=0 vy=0 vz=0 hdg=0
2026-09-17 19:45:20.678 | LOCAL_POSITION_NED       src=1.1    time_boot_ms=2948125541 x=12 y=-7 z=5.03918 vx=0 vy=0 vz=0
2026-09-17 19:45:20.678 | RC_CHANNELS              src=1.1    time_boot_ms=2948125541 chancount=0 chan1_raw=0 chan2_raw=0 chan3_raw=0 chan4_raw=0 chan5_raw=0 chan6_raw=0 chan7_raw=0 chan8_raw=0 chan9_raw=0 chan10_raw=0 chan11_raw=0 chan12_raw=0 chan13_raw=0 chan14_raw=0 chan15_raw=0 chan16_raw=0 chan17_raw=0 chan18_raw=0 rssi=255
2026-09-17 19:45:20.781 | GLOBAL_POSITION_INT      src=1.1    time_boot_ms=2948125644 lat=133458059 lon=747940080 alt=74580 relative_alt=-3619 vx=0 vy=0 vz=0 hdg=0
2026-09-17 19:45:20.781 | LOCAL_POSITION_NED       src=1.1    time_boot_ms=2948125644 x=12 y=-7 z=5.03918 vx=0 vy=0 vz=0
2026-09-17 19:45:20.781 | RC_CHANNELS              src=1.1    time_boot_ms=2948125644 chancount=0 chan1_raw=0 chan2_raw=0 chan3_raw=0 chan4_raw=0 chan5_raw=0 chan6_raw=0 chan7_raw=0 chan8_raw=0 chan9_raw=0 chan10_raw=0 chan11_raw=0 chan12_raw=0 chan13_raw=0 chan14_raw=0 chan15_raw=0 chan16_raw=0 chan17_raw=0 chan18_raw=0 rssi=255
2026-09-17 19:45:20.885 | GLOBAL_POSITION_INT      src=1.1    time_boot_ms=2948125748 lat=133458059 lon=747940080 alt=74580 relative_alt=-3619 vx=0 vy=0 vz=0 hdg=0
2026-09-17 19:45:20.885 | LOCAL_POSITION_NED       src=1.1    time_boot_ms=2948125748 x=12 y=-7 z=5.03918 vx=0 vy=0 vz=0
2026-09-17 19:45:20.885 | RC_CHANNELS              src=1.1    time_boot_ms=2948125748 chancount=0 chan1_raw=0 chan2_raw=0 chan3_raw=0 chan4_raw=0 chan5_raw=0 chan6_raw=0 chan7_raw=0 chan8_raw=0 chan9_raw=0 chan10_raw=0 chan11_raw=0 chan12_raw=0 chan13_raw=0 chan14_raw=0 chan15_raw=0 chan16_raw=0 chan17_raw=0 chan18_raw=0 rssi=255
2026-09-17 19:45:20.988 | GLOBAL_POSITION_INT      src=1.1    time_boot_ms=2948125852 lat=133458059 lon=747940080 alt=74580 relative_alt=-3619 vx=0 vy=0 vz=0 hdg=0
2026-09-17 19:45:20.989 | LOCAL_POSITION_NED       src=1.1    time_boot_ms=2948125852 x=12 y=-7 z=5.03918 vx=0 vy=0 vz=0
2026-09-17 19:45:20.989 | RC_CHANNELS              src=1.1    time_boot_ms=2948125852 chancount=0 chan1_raw=0 chan2_raw=0 chan3_raw=0 chan4_raw=0 chan5_raw=0 chan6_raw=0 chan7_raw=0 chan8_raw=0 chan9_raw=0 chan10_raw=0 chan11_raw=0 chan12_raw=0 chan13_raw=0 chan14_raw=0 chan15_raw=0 chan16_raw=0 chan17_raw=0 chan18_raw=0 rssi=255
2026-09-17 19:45:21.091 | GLOBAL_POSITION_INT      src=1.1    time_boot_ms=2948125954 lat=133458059 lon=747940080 alt=74580 relative_alt=-3619 vx=0 vy=0 vz=0 hdg=0
2026-09-17 19:45:21.092 | LOCAL_POSITION_NED       src=1.1    time_boot_ms=2948125954 x=12 y=-7 z=5.03918 vx=0 vy=0 vz=0
2026-09-17 19:45:21.092 | RC_CHANNELS              src=1.1    time_boot_ms=2948125954 chancount=0 chan1_raw=0 chan2_raw=0 chan3_raw=0 chan4_raw=0 chan5_raw=0 chan6_raw=0 chan7_raw=0 chan8_raw=0 chan9_raw=0 chan10_raw=0 chan11_raw=0 chan12_raw=0 chan13_raw=0 chan14_raw=0 chan15_raw=0 chan16_raw=0 chan17_raw=0 chan18_raw=0 rssi=255
2026-09-17 19:45:21.133 | HEARTBEAT                src=1.1    type=2 autopilot=3 base_mode=1 custom_mode=5 system_status=4 mavlink_version=3
2026-09-17 19:45:21.133 | SYS_STATUS               src=1.1    onboard_control_sensors_present=0 onboard_control_sensors_enabled=0 onboard_control_sensors_health=0 load=250 voltage_battery=16800 current_battery=1000 battery_remaining=98 drop_rate_comm=0 errors_comm=0 errors_count1=0 errors_count2=0 errors_count3=0 errors_count4=0
2026-09-17 19:45:21.133 | GPS_RAW_INT              src=1.1    time_usec=1789654521132193 fix_type=3 lat=133458059 lon=747940080 alt=74580 eph=100 epv=100 vel=0 cog=0 satellites_visible=16
2026-09-17 19:45:21.133 | EKF_STATUS_REPORT        src=1.1    flags=831 velocity_variance=0.09 pos_horiz_variance=0.001 pos_vert_variance=0.005 compass_variance=0.0004 terrain_alt_variance=0
2026-09-17 19:45:21.133 | FENCE_STATUS             src=1.1    breach_status=0 breach_count=0 breach_type=0 breach_time=0
2026-09-17 19:45:21.197 | GLOBAL_POSITION_INT      src=1.1    time_boot_ms=2948126058 lat=133458059 lon=747940080 alt=74580 relative_alt=-3619 vx=0 vy=0 vz=0 hdg=0
2026-09-17 19:45:21.198 | LOCAL_POSITION_NED       src=1.1    time_boot_ms=2948126058 x=12 y=-7 z=5.03918 vx=0 vy=0 vz=0
2026-09-17 19:45:21.199 | RC_CHANNELS              src=1.1    time_boot_ms=2948126058 chancount=0 chan1_raw=0 chan2_raw=0 chan3_raw=0 chan4_raw=0 chan5_raw=0 chan6_raw=0 chan7_raw=0 chan8_raw=0 chan9_raw=0 chan10_raw=0 chan11_raw=0 chan12_raw=0 chan13_raw=0 chan14_raw=0 chan15_raw=0 chan16_raw=0 chan17_raw=0 chan18_raw=0 rssi=255
2026-09-17 19:45:21.304 | GLOBAL_POSITION_INT      src=1.1    time_boot_ms=2948126166 lat=133458059 lon=747940080 alt=74580 relative_alt=-3619 vx=0 vy=0 vz=0 hdg=0
2026-09-17 19:45:21.305 | LOCAL_POSITION_NED       src=1.1    time_boot_ms=2948126166 x=12 y=-7 z=5.03918 vx=0 vy=0 vz=0
2026-09-17 19:45:21.306 | RC_CHANNELS              src=1.1    time_boot_ms=2948126166 chancount=0 chan1_raw=0 chan2_raw=0 chan3_raw=0 chan4_raw=0 chan5_raw=0 chan6_raw=0 chan7_raw=0 chan8_raw=0 chan9_raw=0 chan10_raw=0 chan11_raw=0 chan12_raw=0 chan13_raw=0 chan14_raw=0 chan15_raw=0 chan16_raw=0 chan17_raw=0 chan18_raw=0 rssi=255
2026-09-17 19:45:21.406 | GLOBAL_POSITION_INT      src=1.1    time_boot_ms=2948126269 lat=133458059 lon=747940080 alt=74580 relative_alt=-3619 vx=0 vy=0 vz=0 hdg=0
2026-09-17 19:45:21.406 | LOCAL_POSITION_NED       src=1.1    time_boot_ms=2948126269 x=12 y=-7 z=5.03918 vx=0 vy=0 vz=0
2026-09-17 19:45:21.406 | RC_CHANNELS              src=1.1    time_boot_ms=2948126269 chancount=0 chan1_raw=0 chan2_raw=0 chan3_raw=0 chan4_raw=0 chan5_raw=0 chan6_raw=0 chan7_raw=0 chan8_raw=0 chan9_raw=0 chan10_raw=0 chan11_raw=0 chan12_raw=0 chan13_raw=0 chan14_raw=0 chan15_raw=0 chan16_raw=0 chan17_raw=0 chan18_raw=0 rssi=255
2026-09-17 19:45:21.512 | GLOBAL_POSITION_INT      src=1.1    time_boot_ms=2948126372 lat=133458059 lon=747940080 alt=74580 relative_alt=-3619 vx=0 vy=0 vz=0 hdg=0
2026-09-17 19:45:21.512 | LOCAL_POSITION_NED       src=1.1    time_boot_ms=2948126372 x=12 y=-7 z=5.03918 vx=0 vy=0 vz=0
2026-09-17 19:45:21.512 | RC_CHANNELS              src=1.1    time_boot_ms=2948126372 chancount=0 chan1_raw=0 chan2_raw=0 chan3_raw=0 chan4_raw=0 chan5_raw=0 chan6_raw=0 chan7_raw=0 chan8_raw=0 chan9_raw=0 chan10_raw=0 chan11_raw=0 chan12_raw=0 chan13_raw=0 chan14_raw=0 chan15_raw=0 chan16_raw=0 chan17_raw=0 chan18_raw=0 rssi=255
2026-09-17 19:45:21.612 | GLOBAL_POSITION_INT      src=1.1    time_boot_ms=2948126476 lat=133458059 lon=747940080 alt=74580 relative_alt=-3619 vx=0 vy=0 vz=0 hdg=0
2026-09-17 19:45:21.613 | LOCAL_POSITION_NED       src=1.1    time_boot_ms=2948126476 x=12 y=-7 z=5.03918 vx=0 vy=0 vz=0
2026-09-17 19:45:21.613 | RC_CHANNELS              src=1.1    time_boot_ms=2948126476 chancount=0 chan1_raw=0 chan2_raw=0 chan3_raw=0 chan4_raw=0 chan5_raw=0 chan6_raw=0 chan7_raw=0 chan8_raw=0 chan9_raw=0 chan10_raw=0 chan11_raw=0 chan12_raw=0 chan13_raw=0 chan14_raw=0 chan15_raw=0 chan16_raw=0 chan17_raw=0 chan18_raw=0 rssi=255
2026-09-17 19:45:21.637 | HEARTBEAT                src=1.1    type=2 autopilot=3 base_mode=1 custom_mode=5 system_status=4 mavlink_version=3
2026-09-17 19:45:21.638 | SUMMARY mode=LOITER disarmed alt=-3.62m ned=(12.00,-7.00,5.04) gps=(13.3458059,74.7940080) fix=3 sats=16 eph=100 batt=16.80V/10.0A/98% ch8=0 rssi=255 ekf=0x033f v=0.09 p=0.00 c=0.00 rx=13338 drop=0
2026-09-17 19:45:21.638 | SYS_STATUS               src=1.1    onboard_control_sensors_present=0 onboard_control_sensors_enabled=0 onboard_control_sensors_health=0 load=250 voltage_battery=16800 current_battery=1000 battery_remaining=98 drop_rate_comm=0 errors_comm=0 errors_count1=0 errors_count2=0 errors_count3=0 errors_count4=0
2026-09-17 19:45:21.638 | GPS_RAW_INT              src=1.1    time_usec=1789654521636640 fix_type=3 lat=133458059 lon=747940080 alt=74580 eph=100 epv=100 vel=0 cog=0 satellites_visible=16
2026-09-17 19:45:21.638 | EKF_STATUS_REPORT        src=1.1    flags=831 velocity_variance=0.09 pos_horiz_variance=0.001 pos_vert_variance=0.005 compass_variance=0.0004 terrain_alt_variance=0
2026-09-17 19:45:21.638 | FENCE_STATUS             src=1.1    breach_status=0 breach_count=0 breach_type=0 breach_time=0
2026-09-17 19:45:21.720 | GLOBAL_POSITION_INT      src=1.1    time_boot_ms=2948126583 lat=133458059 lon=747940080 alt=74580 relative_alt=-3619 vx=0 vy=0 vz=0 hdg=0
2026-09-17 19:45:21.720 | LOCAL_POSITION_NED       src=1.1    time_boot_ms=2948126583 x=12 y=-7 z=5.03918 vx=0 vy=0 vz=0
2026-09-17 19:45:21.720 | RC_CHANNELS              src=1.1    time_boot_ms=2948126583 chancount=0 chan1_raw=0 chan2_raw=0 chan3_raw=0 chan4_raw=0 chan5_raw=0 chan6_raw=0 chan7_raw=0 chan8_raw=0 chan9_raw=0 chan10_raw=0 chan11_raw=0 chan12_raw=0 chan13_raw=0 chan14_raw=0 chan15_raw=0 chan16_raw=0 chan17_raw=0 chan18_raw=0 rssi=255
2026-09-17 19:45:21.824 | GLOBAL_POSITION_INT      src=1.1    time_boot_ms=2948126687 lat=133458059 lon=747940080 alt=74580 relative_alt=-3619 vx=0 vy=0 vz=0 hdg=0
2026-09-17 19:45:21.825 | LOCAL_POSITION_NED       src=1.1    time_boot_ms=2948126687 x=12 y=-7 z=5.03918 vx=0 vy=0 vz=0
2026-09-17 19:45:21.825 | RC_CHANNELS              src=1.1    time_boot_ms=2948126687 chancount=0 chan1_raw=0 chan2_raw=0 chan3_raw=0 chan4_raw=0 chan5_raw=0 chan6_raw=0 chan7_raw=0 chan8_raw=0 chan9_raw=0 chan10_raw=0 chan11_raw=0 chan12_raw=0 chan13_raw=0 chan14_raw=0 chan15_raw=0 chan16_raw=0 chan17_raw=0 chan18_raw=0 rssi=255
2026-09-17 19:45:21.927 | GLOBAL_POSITION_INT      src=1.1    time_boot_ms=2948126790 lat=133458059 lon=747940080 alt=74580 relative_alt=-3619 vx=0 vy=0 vz=0 hdg=0
2026-09-17 19:45:21.927 | LOCAL_POSITION_NED       src=1.1    time_boot_ms=2948126790 x=12 y=-7 z=5.03918 vx=0 vy=0 vz=0
2026-09-17 19:45:21.927 | RC_CHANNELS              src=1.1    time_boot_ms=2948126790 chancount=0 chan1_raw=0 chan2_raw=0 chan3_raw=0 chan4_raw=0 chan5_raw=0 chan6_raw=0 chan7_raw=0 chan8_raw=0 chan9_raw=0 chan10_raw=0 chan11_raw=0 chan12_raw=0 chan13_raw=0 chan14_raw=0 chan15_raw=0 chan16_raw=0 chan17_raw=0 chan18_raw=0 rssi=255
2026-09-17 19:45:22.031 | GLOBAL_POSITION_INT      src=1.1    time_boot_ms=2948126894 lat=133458059 lon=747940080 alt=74580 relative_alt=-3619 vx=0 vy=0 vz=0 hdg=0
2026-09-17 19:45:22.031 | LOCAL_POSITION_NED       src=1.1    time_boot_ms=2948126894 x=12 y=-7 z=5.03918 vx=0 vy=0 vz=0
2026-09-17 19:45:22.031 | RC_CHANNELS              src=1.1    time_boot_ms=2948126894 chancount=0 chan1_raw=0 chan2_raw=0 chan3_raw=0 chan4_raw=0 chan5_raw=0 chan6_raw=0 chan7_raw=0 chan8_raw=0 chan9_raw=0 chan10_raw=0 chan11_raw=0 chan12_raw=0 chan13_raw=0 chan14_raw=0 chan15_raw=0 chan16_raw=0 chan17_raw=0 chan18_raw=0 rssi=255
2026-09-17 19:45:22.134 | GLOBAL_POSITION_INT      src=1.1    time_boot_ms=2948126997 lat=133458059 lon=747940080 alt=74580 relative_alt=-3619 vx=0 vy=0 vz=0 hdg=0
2026-09-17 19:45:22.134 | LOCAL_POSITION_NED       src=1.1    time_boot_ms=2948126997 x=12 y=-7 z=5.03918 vx=0 vy=0 vz=0
2026-09-17 19:45:22.134 | RC_CHANNELS              src=1.1    time_boot_ms=2948126997 chancount=0 chan1_raw=0 chan2_raw=0 chan3_raw=0 chan4_raw=0 chan5_raw=0 chan6_raw=0 chan7_raw=0 chan8_raw=0 chan9_raw=0 chan10_raw=0 chan11_raw=0 chan12_raw=0 chan13_raw=0 chan14_raw=0 chan15_raw=0 chan16_raw=0 chan17_raw=0 chan18_raw=0 rssi=255
2026-09-17 19:45:22.155 | HEARTBEAT                src=1.1    type=2 autopilot=3 base_mode=1 custom_mode=5 system_status=4 mavlink_version=3
2026-09-17 19:45:22.155 | SYS_STATUS               src=1.1    onboard_control_sensors_present=0 onboard_control_sensors_enabled=0 onboard_control_sensors_health=0 load=250 voltage_battery=16800 current_battery=1000 battery_remaining=98 drop_rate_comm=0 errors_comm=0 errors_count1=0 errors_count2=0 errors_count3=0 errors_count4=0
2026-09-17 19:45:22.155 | GPS_RAW_INT              src=1.1    time_usec=1789654522154468 fix_type=3 lat=133458059 lon=747940080 alt=74580 eph=100 epv=100 vel=0 cog=0 satellites_visible=16
2026-09-17 19:45:22.155 | EKF_STATUS_REPORT        src=1.1    flags=831 velocity_variance=0.09 pos_horiz_variance=0.001 pos_vert_variance=0.005 compass_variance=0.0004 terrain_alt_variance=0
2026-09-17 19:45:22.155 | FENCE_STATUS             src=1.1    breach_status=0 breach_count=0 breach_type=0 breach_time=0
2026-09-17 19:45:22.238 | GLOBAL_POSITION_INT      src=1.1    time_boot_ms=2948127101 lat=133458059 lon=747940080 alt=74580 relative_alt=-3619 vx=0 vy=0 vz=0 hdg=0
2026-09-17 19:45:22.238 | LOCAL_POSITION_NED       src=1.1    time_boot_ms=2948127101 x=12 y=-7 z=5.03918 vx=0 vy=0 vz=0
2026-09-17 19:45:22.238 | RC_CHANNELS              src=1.1    time_boot_ms=2948127101 chancount=0 chan1_raw=0 chan2_raw=0 chan3_raw=0 chan4_raw=0 chan5_raw=0 chan6_raw=0 chan7_raw=0 chan8_raw=0 chan9_raw=0 chan10_raw=0 chan11_raw=0 chan12_raw=0 chan13_raw=0 chan14_raw=0 chan15_raw=0 chan16_raw=0 chan17_raw=0 chan18_raw=0 rssi=255
2026-09-17 19:45:22.341 | GLOBAL_POSITION_INT      src=1.1    time_boot_ms=2948127204 lat=133458059 lon=747940080 alt=74580 relative_alt=-3619 vx=0 vy=0 vz=0 hdg=0
2026-09-17 19:45:22.341 | LOCAL_POSITION_NED       src=1.1    time_boot_ms=2948127204 x=12 y=-7 z=5.03918 vx=0 vy=0 vz=0
2026-09-17 19:45:22.342 | RC_CHANNELS              src=1.1    time_boot_ms=2948127204 chancount=0 chan1_raw=0 chan2_raw=0 chan3_raw=0 chan4_raw=0 chan5_raw=0 chan6_raw=0 chan7_raw=0 chan8_raw=0 chan9_raw=0 chan10_raw=0 chan11_raw=0 chan12_raw=0 chan13_raw=0 chan14_raw=0 chan15_raw=0 chan16_raw=0 chan17_raw=0 chan18_raw=0 rssi=255
2026-09-17 19:45:22.448 | GLOBAL_POSITION_INT      src=1.1    time_boot_ms=2948127311 lat=133458059 lon=747940080 alt=74580 relative_alt=-3619 vx=0 vy=0 vz=0 hdg=0
2026-09-17 19:45:22.448 | LOCAL_POSITION_NED       src=1.1    time_boot_ms=2948127311 x=12 y=-7 z=5.03918 vx=0 vy=0 vz=0
2026-09-17 19:45:22.448 | RC_CHANNELS              src=1.1    time_boot_ms=2948127311 chancount=0 chan1_raw=0 chan2_raw=0 chan3_raw=0 chan4_raw=0 chan5_raw=0 chan6_raw=0 chan7_raw=0 chan8_raw=0 chan9_raw=0 chan10_raw=0 chan11_raw=0 chan12_raw=0 chan13_raw=0 chan14_raw=0 chan15_raw=0 chan16_raw=0 chan17_raw=0 chan18_raw=0 rssi=255
2026-09-17 19:45:22.557 | GLOBAL_POSITION_INT      src=1.1    time_boot_ms=2948127414 lat=133458059 lon=747940080 alt=74580 relative_alt=-3619 vx=0 vy=0 vz=0 hdg=0
2026-09-17 19:45:22.558 | LOCAL_POSITION_NED       src=1.1    time_boot_ms=2948127414 x=12 y=-7 z=5.03918 vx=0 vy=0 vz=0
2026-09-17 19:45:22.558 | RC_CHANNELS              src=1.1    time_boot_ms=2948127414 chancount=0 chan1_raw=0 chan2_raw=0 chan3_raw=0 chan4_raw=0 chan5_raw=0 chan6_raw=0 chan7_raw=0 chan8_raw=0 chan9_raw=0 chan10_raw=0 chan11_raw=0 chan12_raw=0 chan13_raw=0 chan14_raw=0 chan15_raw=0 chan16_raw=0 chan17_raw=0 chan18_raw=0 rssi=255
2026-09-17 19:45:22.659 | HEARTBEAT                src=1.1    type=2 autopilot=3 base_mode=1 custom_mode=5 system_status=4 mavlink_version=3
2026-09-17 19:45:22.659 | SUMMARY mode=LOITER disarmed alt=-3.62m ned=(12.00,-7.00,5.04) gps=(13.3458059,74.7940080) fix=3 sats=16 eph=100 batt=16.80V/10.0A/98% ch8=0 rssi=255 ekf=0x033f v=0.09 p=0.00 c=0.00 rx=13375 drop=0
2026-09-17 19:45:22.659 | GLOBAL_POSITION_INT      src=1.1    time_boot_ms=2948127521 lat=133458059 lon=747940080 alt=74580 relative_alt=-3619 vx=0 vy=0 vz=0 hdg=0
2026-09-17 19:45:22.659 | LOCAL_POSITION_NED       src=1.1    time_boot_ms=2948127521 x=12 y=-7 z=5.03918 vx=0 vy=0 vz=0
2026-09-17 19:45:22.659 | RC_CHANNELS              src=1.1    time_boot_ms=2948127521 chancount=0 chan1_raw=0 chan2_raw=0 chan3_raw=0 chan4_raw=0 chan5_raw=0 chan6_raw=0 chan7_raw=0 chan8_raw=0 chan9_raw=0 chan10_raw=0 chan11_raw=0 chan12_raw=0 chan13_raw=0 chan14_raw=0 chan15_raw=0 chan16_raw=0 chan17_raw=0 chan18_raw=0 rssi=255
2026-09-17 19:45:22.659 | SYS_STATUS               src=1.1    onboard_control_sensors_present=0 onboard_control_sensors_enabled=0 onboard_control_sensors_health=0 load=250 voltage_battery=16800 current_battery=1000 battery_remaining=98 drop_rate_comm=0 errors_comm=0 errors_count1=0 errors_count2=0 errors_count3=0 errors_count4=0
2026-09-17 19:45:22.659 | GPS_RAW_INT              src=1.1    time_usec=1789654522657965 fix_type=3 lat=133458059 lon=747940080 alt=74580 eph=100 epv=100 vel=0 cog=0 satellites_visible=16
2026-09-17 19:45:22.659 | EKF_STATUS_REPORT        src=1.1    flags=831 velocity_variance=0.09 pos_horiz_variance=0.001 pos_vert_variance=0.005 compass_variance=0.0004 terrain_alt_variance=0
2026-09-17 19:45:22.659 | FENCE_STATUS             src=1.1    breach_status=0 breach_count=0 breach_type=0 breach_time=0
2026-09-17 19:45:22.762 | GLOBAL_POSITION_INT      src=1.1    time_boot_ms=2948127625 lat=133458059 lon=747940080 alt=74580 relative_alt=-3619 vx=0 vy=0 vz=0 hdg=0
2026-09-17 19:45:22.762 | LOCAL_POSITION_NED       src=1.1    time_boot_ms=2948127625 x=12 y=-7 z=5.03918 vx=0 vy=0 vz=0
2026-09-17 19:45:22.762 | RC_CHANNELS              src=1.1    time_boot_ms=2948127625 chancount=0 chan1_raw=0 chan2_raw=0 chan3_raw=0 chan4_raw=0 chan5_raw=0 chan6_raw=0 chan7_raw=0 chan8_raw=0 chan9_raw=0 chan10_raw=0 chan11_raw=0 chan12_raw=0 chan13_raw=0 chan14_raw=0 chan15_raw=0 chan16_raw=0 chan17_raw=0 chan18_raw=0 rssi=255
2026-09-17 19:45:22.865 | GLOBAL_POSITION_INT      src=1.1    time_boot_ms=2948127728 lat=133458059 lon=747940080 alt=74580 relative_alt=-3619 vx=0 vy=0 vz=0 hdg=0
2026-09-17 19:45:22.865 | LOCAL_POSITION_NED       src=1.1    time_boot_ms=2948127728 x=12 y=-7 z=5.03918 vx=0 vy=0 vz=0
2026-09-17 19:45:22.865 | RC_CHANNELS              src=1.1    time_boot_ms=2948127728 chancount=0 chan1_raw=0 chan2_raw=0 chan3_raw=0 chan4_raw=0 chan5_raw=0 chan6_raw=0 chan7_raw=0 chan8_raw=0 chan9_raw=0 chan10_raw=0 chan11_raw=0 chan12_raw=0 chan13_raw=0 chan14_raw=0 chan15_raw=0 chan16_raw=0 chan17_raw=0 chan18_raw=0 rssi=255
2026-09-17 19:45:22.967 | GLOBAL_POSITION_INT      src=1.1    time_boot_ms=2948127831 lat=133458059 lon=747940080 alt=74580 relative_alt=-3619 vx=0 vy=0 vz=0 hdg=0
2026-09-17 19:45:22.968 | LOCAL_POSITION_NED       src=1.1    time_boot_ms=2948127831 x=12 y=-7 z=5.03918 vx=0 vy=0 vz=0
2026-09-17 19:45:22.968 | RC_CHANNELS              src=1.1    time_boot_ms=2948127831 chancount=0 chan1_raw=0 chan2_raw=0 chan3_raw=0 chan4_raw=0 chan5_raw=0 chan6_raw=0 chan7_raw=0 chan8_raw=0 chan9_raw=0 chan10_raw=0 chan11_raw=0 chan12_raw=0 chan13_raw=0 chan14_raw=0 chan15_raw=0 chan16_raw=0 chan17_raw=0 chan18_raw=0 rssi=255
2026-09-17 19:45:23.072 | GLOBAL_POSITION_INT      src=1.1    time_boot_ms=2948127935 lat=133458059 lon=747940080 alt=74580 relative_alt=-3619 vx=0 vy=0 vz=0 hdg=0
2026-09-17 19:45:23.072 | LOCAL_POSITION_NED       src=1.1    time_boot_ms=2948127935 x=12 y=-7 z=5.03918 vx=0 vy=0 vz=0
2026-09-17 19:45:23.072 | RC_CHANNELS              src=1.1    time_boot_ms=2948127935 chancount=0 chan1_raw=0 chan2_raw=0 chan3_raw=0 chan4_raw=0 chan5_raw=0 chan6_raw=0 chan7_raw=0 chan8_raw=0 chan9_raw=0 chan10_raw=0 chan11_raw=0 chan12_raw=0 chan13_raw=0 chan14_raw=0 chan15_raw=0 chan16_raw=0 chan17_raw=0 chan18_raw=0 rssi=255
2026-09-17 19:45:23.179 | HEARTBEAT                src=1.1    type=2 autopilot=3 base_mode=1 custom_mode=5 system_status=4 mavlink_version=3
2026-09-17 19:45:23.180 | GLOBAL_POSITION_INT      src=1.1    time_boot_ms=2948128039 lat=133458059 lon=747940080 alt=74580 relative_alt=-3619 vx=0 vy=0 vz=0 hdg=0
2026-09-17 19:45:23.180 | LOCAL_POSITION_NED       src=1.1    time_boot_ms=2948128039 x=12 y=-7 z=5.03918 vx=0 vy=0 vz=0
2026-09-17 19:45:23.180 | RC_CHANNELS              src=1.1    time_boot_ms=2948128039 chancount=0 chan1_raw=0 chan2_raw=0 chan3_raw=0 chan4_raw=0 chan5_raw=0 chan6_raw=0 chan7_raw=0 chan8_raw=0 chan9_raw=0 chan10_raw=0 chan11_raw=0 chan12_raw=0 chan13_raw=0 chan14_raw=0 chan15_raw=0 chan16_raw=0 chan17_raw=0 chan18_raw=0 rssi=255
2026-09-17 19:45:23.181 | SYS_STATUS               src=1.1    onboard_control_sensors_present=0 onboard_control_sensors_enabled=0 onboard_control_sensors_health=0 load=250 voltage_battery=16800 current_battery=1000 battery_remaining=98 drop_rate_comm=0 errors_comm=0 errors_count1=0 errors_count2=0 errors_count3=0 errors_count4=0
2026-09-17 19:45:23.181 | GPS_RAW_INT              src=1.1    time_usec=1789654523175002 fix_type=3 lat=133458059 lon=747940080 alt=74580 eph=100 epv=100 vel=0 cog=0 satellites_visible=16
2026-09-17 19:45:23.182 | EKF_STATUS_REPORT        src=1.1    flags=831 velocity_variance=0.09 pos_horiz_variance=0.001 pos_vert_variance=0.005 compass_variance=0.0004 terrain_alt_variance=0
2026-09-17 19:45:23.182 | FENCE_STATUS             src=1.1    breach_status=0 breach_count=0 breach_type=0 breach_time=0
2026-09-17 19:45:23.280 | GLOBAL_POSITION_INT      src=1.1    time_boot_ms=2948128143 lat=133458059 lon=747940080 alt=74580 relative_alt=-3619 vx=0 vy=0 vz=0 hdg=0
2026-09-17 19:45:23.280 | LOCAL_POSITION_NED       src=1.1    time_boot_ms=2948128143 x=12 y=-7 z=5.03918 vx=0 vy=0 vz=0
2026-09-17 19:45:23.281 | RC_CHANNELS              src=1.1    time_boot_ms=2948128143 chancount=0 chan1_raw=0 chan2_raw=0 chan3_raw=0 chan4_raw=0 chan5_raw=0 chan6_raw=0 chan7_raw=0 chan8_raw=0 chan9_raw=0 chan10_raw=0 chan11_raw=0 chan12_raw=0 chan13_raw=0 chan14_raw=0 chan15_raw=0 chan16_raw=0 chan17_raw=0 chan18_raw=0 rssi=255
2026-09-17 19:45:23.385 | GLOBAL_POSITION_INT      src=1.1    time_boot_ms=2948128247 lat=133458059 lon=747940080 alt=74580 relative_alt=-3619 vx=0 vy=0 vz=0 hdg=0
2026-09-17 19:45:23.385 | LOCAL_POSITION_NED       src=1.1    time_boot_ms=2948128247 x=12 y=-7 z=5.03918 vx=0 vy=0 vz=0
2026-09-17 19:45:23.385 | RC_CHANNELS              src=1.1    time_boot_ms=2948128247 chancount=0 chan1_raw=0 chan2_raw=0 chan3_raw=0 chan4_raw=0 chan5_raw=0 chan6_raw=0 chan7_raw=0 chan8_raw=0 chan9_raw=0 chan10_raw=0 chan11_raw=0 chan12_raw=0 chan13_raw=0 chan14_raw=0 chan15_raw=0 chan16_raw=0 chan17_raw=0 chan18_raw=0 rssi=255
2026-09-17 19:45:23.490 | GLOBAL_POSITION_INT      src=1.1    time_boot_ms=2948128353 lat=133458059 lon=747940080 alt=74580 relative_alt=-3619 vx=0 vy=0 vz=0 hdg=0
2026-09-17 19:45:23.491 | LOCAL_POSITION_NED       src=1.1    time_boot_ms=2948128353 x=12 y=-7 z=5.03918 vx=0 vy=0 vz=0
2026-09-17 19:45:23.491 | RC_CHANNELS              src=1.1    time_boot_ms=2948128353 chancount=0 chan1_raw=0 chan2_raw=0 chan3_raw=0 chan4_raw=0 chan5_raw=0 chan6_raw=0 chan7_raw=0 chan8_raw=0 chan9_raw=0 chan10_raw=0 chan11_raw=0 chan12_raw=0 chan13_raw=0 chan14_raw=0 chan15_raw=0 chan16_raw=0 chan17_raw=0 chan18_raw=0 rssi=255
2026-09-17 19:45:23.595 | GLOBAL_POSITION_INT      src=1.1    time_boot_ms=2948128458 lat=133458059 lon=747940080 alt=74580 relative_alt=-3619 vx=0 vy=0 vz=0 hdg=0
2026-09-17 19:45:23.595 | LOCAL_POSITION_NED       src=1.1    time_boot_ms=2948128458 x=12 y=-7 z=5.03918 vx=0 vy=0 vz=0
2026-09-17 19:45:23.595 | RC_CHANNELS              src=1.1    time_boot_ms=2948128458 chancount=0 chan1_raw=0 chan2_raw=0 chan3_raw=0 chan4_raw=0 chan5_raw=0 chan6_raw=0 chan7_raw=0 chan8_raw=0 chan9_raw=0 chan10_raw=0 chan11_raw=0 chan12_raw=0 chan13_raw=0 chan14_raw=0 chan15_raw=0 chan16_raw=0 chan17_raw=0 chan18_raw=0 rssi=255
2026-09-17 19:45:23.679 | HEARTBEAT                src=1.1    type=2 autopilot=3 base_mode=1 custom_mode=5 system_status=4 mavlink_version=3
2026-09-17 19:45:23.679 | SUMMARY mode=LOITER disarmed alt=-3.62m ned=(12.00,-7.00,5.04) gps=(13.3458059,74.7940080) fix=3 sats=16 eph=100 batt=16.80V/10.0A/98% ch8=0 rssi=255 ekf=0x033f v=0.09 p=0.00 c=0.00 rx=13415 drop=0
2026-09-17 19:45:23.679 | SYS_STATUS               src=1.1    onboard_control_sensors_present=0 onboard_control_sensors_enabled=0 onboard_control_sensors_health=0 load=250 voltage_battery=16800 current_battery=1000 battery_remaining=98 drop_rate_comm=0 errors_comm=0 errors_count1=0 errors_count2=0 errors_count3=0 errors_count4=0
2026-09-17 19:45:23.680 | GPS_RAW_INT              src=1.1    time_usec=1789654523678707 fix_type=3 lat=133458059 lon=747940080 alt=74580 eph=100 epv=100 vel=0 cog=0 satellites_visible=16
2026-09-17 19:45:23.680 | EKF_STATUS_REPORT        src=1.1    flags=831 velocity_variance=0.09 pos_horiz_variance=0.001 pos_vert_variance=0.005 compass_variance=0.0004 terrain_alt_variance=0
2026-09-17 19:45:23.680 | FENCE_STATUS             src=1.1    breach_status=0 breach_count=0 breach_type=0 breach_time=0
2026-09-17 19:45:23.700 | GLOBAL_POSITION_INT      src=1.1    time_boot_ms=2948128563 lat=133458059 lon=747940080 alt=74580 relative_alt=-3619 vx=0 vy=0 vz=0 hdg=0
2026-09-17 19:45:23.700 | LOCAL_POSITION_NED       src=1.1    time_boot_ms=2948128563 x=12 y=-7 z=5.03918 vx=0 vy=0 vz=0
2026-09-17 19:45:23.700 | RC_CHANNELS              src=1.1    time_boot_ms=2948128563 chancount=0 chan1_raw=0 chan2_raw=0 chan3_raw=0 chan4_raw=0 chan5_raw=0 chan6_raw=0 chan7_raw=0 chan8_raw=0 chan9_raw=0 chan10_raw=0 chan11_raw=0 chan12_raw=0 chan13_raw=0 chan14_raw=0 chan15_raw=0 chan16_raw=0 chan17_raw=0 chan18_raw=0 rssi=255
2026-09-17 19:45:23.808 | GLOBAL_POSITION_INT      src=1.1    time_boot_ms=2948128671 lat=133458059 lon=747940080 alt=74580 relative_alt=-3619 vx=0 vy=0 vz=0 hdg=0
2026-09-17 19:45:23.809 | LOCAL_POSITION_NED       src=1.1    time_boot_ms=2948128671 x=12 y=-7 z=5.03918 vx=0 vy=0 vz=0
2026-09-17 19:45:23.809 | RC_CHANNELS              src=1.1    time_boot_ms=2948128671 chancount=0 chan1_raw=0 chan2_raw=0 chan3_raw=0 chan4_raw=0 chan5_raw=0 chan6_raw=0 chan7_raw=0 chan8_raw=0 chan9_raw=0 chan10_raw=0 chan11_raw=0 chan12_raw=0 chan13_raw=0 chan14_raw=0 chan15_raw=0 chan16_raw=0 chan17_raw=0 chan18_raw=0 rssi=255
2026-09-17 19:45:23.913 | GLOBAL_POSITION_INT      src=1.1    time_boot_ms=2948128775 lat=133458059 lon=747940080 alt=74580 relative_alt=-3619 vx=0 vy=0 vz=0 hdg=0
2026-09-17 19:45:23.914 | LOCAL_POSITION_NED       src=1.1    time_boot_ms=2948128775 x=12 y=-7 z=5.03918 vx=0 vy=0 vz=0
2026-09-17 19:45:23.914 | RC_CHANNELS              src=1.1    time_boot_ms=2948128775 chancount=0 chan1_raw=0 chan2_raw=0 chan3_raw=0 chan4_raw=0 chan5_raw=0 chan6_raw=0 chan7_raw=0 chan8_raw=0 chan9_raw=0 chan10_raw=0 chan11_raw=0 chan12_raw=0 chan13_raw=0 chan14_raw=0 chan15_raw=0 chan16_raw=0 chan17_raw=0 chan18_raw=0 rssi=255
2026-09-17 19:45:24.016 | GLOBAL_POSITION_INT      src=1.1    time_boot_ms=2948128879 lat=133458059 lon=747940080 alt=74580 relative_alt=-3619 vx=0 vy=0 vz=0 hdg=0
2026-09-17 19:45:24.016 | LOCAL_POSITION_NED       src=1.1    time_boot_ms=2948128879 x=12 y=-7 z=5.03918 vx=0 vy=0 vz=0
2026-09-17 19:45:24.016 | RC_CHANNELS              src=1.1    time_boot_ms=2948128879 chancount=0 chan1_raw=0 chan2_raw=0 chan3_raw=0 chan4_raw=0 chan5_raw=0 chan6_raw=0 chan7_raw=0 chan8_raw=0 chan9_raw=0 chan10_raw=0 chan11_raw=0 chan12_raw=0 chan13_raw=0 chan14_raw=0 chan15_raw=0 chan16_raw=0 chan17_raw=0 chan18_raw=0 rssi=255
2026-09-17 19:45:24.121 | GLOBAL_POSITION_INT      src=1.1    time_boot_ms=2948128983 lat=133458059 lon=747940080 alt=74580 relative_alt=-3619 vx=0 vy=0 vz=0 hdg=0
2026-09-17 19:45:24.121 | LOCAL_POSITION_NED       src=1.1    time_boot_ms=2948128983 x=12 y=-7 z=5.03918 vx=0 vy=0 vz=0
2026-09-17 19:45:24.121 | RC_CHANNELS              src=1.1    time_boot_ms=2948128983 chancount=0 chan1_raw=0 chan2_raw=0 chan3_raw=0 chan4_raw=0 chan5_raw=0 chan6_raw=0 chan7_raw=0 chan8_raw=0 chan9_raw=0 chan10_raw=0 chan11_raw=0 chan12_raw=0 chan13_raw=0 chan14_raw=0 chan15_raw=0 chan16_raw=0 chan17_raw=0 chan18_raw=0 rssi=255
2026-09-17 19:45:24.182 | HEARTBEAT                src=1.1    type=2 autopilot=3 base_mode=1 custom_mode=5 system_status=4 mavlink_version=3
2026-09-17 19:45:24.182 | SYS_STATUS               src=1.1    onboard_control_sensors_present=0 onboard_control_sensors_enabled=0 onboard_control_sensors_health=0 load=250 voltage_battery=16800 current_battery=1000 battery_remaining=98 drop_rate_comm=0 errors_comm=0 errors_count1=0 errors_count2=0 errors_count3=0 errors_count4=0
2026-09-17 19:45:24.183 | GPS_RAW_INT              src=1.1    time_usec=1789654524181857 fix_type=3 lat=133458059 lon=747940080 alt=74580 eph=100 epv=100 vel=0 cog=0 satellites_visible=16
2026-09-17 19:45:24.183 | EKF_STATUS_REPORT        src=1.1    flags=831 velocity_variance=0.09 pos_horiz_variance=0.001 pos_vert_variance=0.005 compass_variance=0.0004 terrain_alt_variance=0
2026-09-17 19:45:24.183 | FENCE_STATUS             src=1.1    breach_status=0 breach_count=0 breach_type=0 breach_time=0
2026-09-17 19:45:24.224 | GLOBAL_POSITION_INT      src=1.1    time_boot_ms=2948129087 lat=133458059 lon=747940080 alt=74580 relative_alt=-3619 vx=0 vy=0 vz=0 hdg=0
2026-09-17 19:45:24.224 | LOCAL_POSITION_NED       src=1.1    time_boot_ms=2948129087 x=12 y=-7 z=5.03918 vx=0 vy=0 vz=0
2026-09-17 19:45:24.224 | RC_CHANNELS              src=1.1    time_boot_ms=2948129087 chancount=0 chan1_raw=0 chan2_raw=0 chan3_raw=0 chan4_raw=0 chan5_raw=0 chan6_raw=0 chan7_raw=0 chan8_raw=0 chan9_raw=0 chan10_raw=0 chan11_raw=0 chan12_raw=0 chan13_raw=0 chan14_raw=0 chan15_raw=0 chan16_raw=0 chan17_raw=0 chan18_raw=0 rssi=255
2026-09-17 19:45:24.327 | GLOBAL_POSITION_INT      src=1.1    time_boot_ms=2948129190 lat=133458059 lon=747940080 alt=74580 relative_alt=-3619 vx=0 vy=0 vz=0 hdg=0
2026-09-17 19:45:24.328 | LOCAL_POSITION_NED       src=1.1    time_boot_ms=2948129190 x=12 y=-7 z=5.03918 vx=0 vy=0 vz=0
2026-09-17 19:45:24.328 | RC_CHANNELS              src=1.1    time_boot_ms=2948129190 chancount=0 chan1_raw=0 chan2_raw=0 chan3_raw=0 chan4_raw=0 chan5_raw=0 chan6_raw=0 chan7_raw=0 chan8_raw=0 chan9_raw=0 chan10_raw=0 chan11_raw=0 chan12_raw=0 chan13_raw=0 chan14_raw=0 chan15_raw=0 chan16_raw=0 chan17_raw=0 chan18_raw=0 rssi=255
2026-09-17 19:45:24.433 | GLOBAL_POSITION_INT      src=1.1    time_boot_ms=2948129293 lat=133458059 lon=747940080 alt=74580 relative_alt=-3619 vx=0 vy=0 vz=0 hdg=0
2026-09-17 19:45:24.433 | LOCAL_POSITION_NED       src=1.1    time_boot_ms=2948129293 x=12 y=-7 z=5.03918 vx=0 vy=0 vz=0
2026-09-17 19:45:24.433 | RC_CHANNELS              src=1.1    time_boot_ms=2948129293 chancount=0 chan1_raw=0 chan2_raw=0 chan3_raw=0 chan4_raw=0 chan5_raw=0 chan6_raw=0 chan7_raw=0 chan8_raw=0 chan9_raw=0 chan10_raw=0 chan11_raw=0 chan12_raw=0 chan13_raw=0 chan14_raw=0 chan15_raw=0 chan16_raw=0 chan17_raw=0 chan18_raw=0 rssi=255
2026-09-17 19:45:24.538 | GLOBAL_POSITION_INT      src=1.1    time_boot_ms=2948129399 lat=133458059 lon=747940080 alt=74580 relative_alt=-3619 vx=0 vy=0 vz=0 hdg=0
2026-09-17 19:45:24.539 | LOCAL_POSITION_NED       src=1.1    time_boot_ms=2948129399 x=12 y=-7 z=5.03918 vx=0 vy=0 vz=0
2026-09-17 19:45:24.541 | RC_CHANNELS              src=1.1    time_boot_ms=2948129399 chancount=0 chan1_raw=0 chan2_raw=0 chan3_raw=0 chan4_raw=0 chan5_raw=0 chan6_raw=0 chan7_raw=0 chan8_raw=0 chan9_raw=0 chan10_raw=0 chan11_raw=0 chan12_raw=0 chan13_raw=0 chan14_raw=0 chan15_raw=0 chan16_raw=0 chan17_raw=0 chan18_raw=0 rssi=255
2026-09-17 19:45:24.639 | GLOBAL_POSITION_INT      src=1.1    time_boot_ms=2948129502 lat=133458059 lon=747940080 alt=74580 relative_alt=-3619 vx=0 vy=0 vz=0 hdg=0
2026-09-17 19:45:24.640 | LOCAL_POSITION_NED       src=1.1    time_boot_ms=2948129502 x=12 y=-7 z=5.03918 vx=0 vy=0 vz=0
2026-09-17 19:45:24.640 | RC_CHANNELS              src=1.1    time_boot_ms=2948129502 chancount=0 chan1_raw=0 chan2_raw=0 chan3_raw=0 chan4_raw=0 chan5_raw=0 chan6_raw=0 chan7_raw=0 chan8_raw=0 chan9_raw=0 chan10_raw=0 chan11_raw=0 chan12_raw=0 chan13_raw=0 chan14_raw=0 chan15_raw=0 chan16_raw=0 chan17_raw=0 chan18_raw=0 rssi=255
2026-09-17 19:45:24.702 | HEARTBEAT                src=1.1    type=2 autopilot=3 base_mode=1 custom_mode=5 system_status=4 mavlink_version=3
2026-09-17 19:45:24.703 | SUMMARY mode=LOITER disarmed alt=-3.62m ned=(12.00,-7.00,5.04) gps=(13.3458059,74.7940080) fix=3 sats=16 eph=100 batt=16.80V/10.0A/98% ch8=0 rssi=255 ekf=0x033f v=0.09 p=0.00 c=0.00 rx=13455 drop=0
2026-09-17 19:45:24.703 | SYS_STATUS               src=1.1    onboard_control_sensors_present=0 onboard_control_sensors_enabled=0 onboard_control_sensors_health=0 load=250 voltage_battery=16800 current_battery=1000 battery_remaining=98 drop_rate_comm=0 errors_comm=0 errors_count1=0 errors_count2=0 errors_count3=0 errors_count4=0
2026-09-17 19:45:24.703 | GPS_RAW_INT              src=1.1    time_usec=1789654524701582 fix_type=3 lat=133458059 lon=747940080 alt=74580 eph=100 epv=100 vel=0 cog=0 satellites_visible=16
2026-09-17 19:45:24.703 | EKF_STATUS_REPORT        src=1.1    flags=831 velocity_variance=0.09 pos_horiz_variance=0.001 pos_vert_variance=0.005 compass_variance=0.0004 terrain_alt_variance=0
2026-09-17 19:45:24.703 | FENCE_STATUS             src=1.1    breach_status=0 breach_count=0 breach_type=0 breach_time=0
2026-09-17 19:45:24.747 | GLOBAL_POSITION_INT      src=1.1    time_boot_ms=2948129607 lat=133458059 lon=747940080 alt=74580 relative_alt=-3619 vx=0 vy=0 vz=0 hdg=0
2026-09-17 19:45:24.747 | LOCAL_POSITION_NED       src=1.1    time_boot_ms=2948129607 x=12 y=-7 z=5.03918 vx=0 vy=0 vz=0
2026-09-17 19:45:24.747 | RC_CHANNELS              src=1.1    time_boot_ms=2948129607 chancount=0 chan1_raw=0 chan2_raw=0 chan3_raw=0 chan4_raw=0 chan5_raw=0 chan6_raw=0 chan7_raw=0 chan8_raw=0 chan9_raw=0 chan10_raw=0 chan11_raw=0 chan12_raw=0 chan13_raw=0 chan14_raw=0 chan15_raw=0 chan16_raw=0 chan17_raw=0 chan18_raw=0 rssi=255
2026-09-17 19:45:24.847 | GLOBAL_POSITION_INT      src=1.1    time_boot_ms=2948129710 lat=133458059 lon=747940080 alt=74580 relative_alt=-3619 vx=0 vy=0 vz=0 hdg=0
2026-09-17 19:45:24.847 | LOCAL_POSITION_NED       src=1.1    time_boot_ms=2948129710 x=12 y=-7 z=5.03918 vx=0 vy=0 vz=0
2026-09-17 19:45:24.847 | RC_CHANNELS              src=1.1    time_boot_ms=2948129710 chancount=0 chan1_raw=0 chan2_raw=0 chan3_raw=0 chan4_raw=0 chan5_raw=0 chan6_raw=0 chan7_raw=0 chan8_raw=0 chan9_raw=0 chan10_raw=0 chan11_raw=0 chan12_raw=0 chan13_raw=0 chan14_raw=0 chan15_raw=0 chan16_raw=0 chan17_raw=0 chan18_raw=0 rssi=255
2026-09-17 19:45:24.950 | GLOBAL_POSITION_INT      src=1.1    time_boot_ms=2948129813 lat=133458059 lon=747940080 alt=74580 relative_alt=-3619 vx=0 vy=0 vz=0 hdg=0
2026-09-17 19:45:24.950 | LOCAL_POSITION_NED       src=1.1    time_boot_ms=2948129813 x=12 y=-7 z=5.03918 vx=0 vy=0 vz=0
2026-09-17 19:45:24.950 | RC_CHANNELS              src=1.1    time_boot_ms=2948129813 chancount=0 chan1_raw=0 chan2_raw=0 chan3_raw=0 chan4_raw=0 chan5_raw=0 chan6_raw=0 chan7_raw=0 chan8_raw=0 chan9_raw=0 chan10_raw=0 chan11_raw=0 chan12_raw=0 chan13_raw=0 chan14_raw=0 chan15_raw=0 chan16_raw=0 chan17_raw=0 chan18_raw=0 rssi=255
2026-09-17 19:45:25.055 | GLOBAL_POSITION_INT      src=1.1    time_boot_ms=2948129918 lat=133458059 lon=747940080 alt=74580 relative_alt=-3619 vx=0 vy=0 vz=0 hdg=0
2026-09-17 19:45:25.055 | LOCAL_POSITION_NED       src=1.1    time_boot_ms=2948129918 x=12 y=-7 z=5.03918 vx=0 vy=0 vz=0
2026-09-17 19:45:25.055 | RC_CHANNELS              src=1.1    time_boot_ms=2948129918 chancount=0 chan1_raw=0 chan2_raw=0 chan3_raw=0 chan4_raw=0 chan5_raw=0 chan6_raw=0 chan7_raw=0 chan8_raw=0 chan9_raw=0 chan10_raw=0 chan11_raw=0 chan12_raw=0 chan13_raw=0 chan14_raw=0 chan15_raw=0 chan16_raw=0 chan17_raw=0 chan18_raw=0 rssi=255
2026-09-17 19:45:25.160 | GLOBAL_POSITION_INT      src=1.1    time_boot_ms=2948130023 lat=133458059 lon=747940080 alt=74580 relative_alt=-3619 vx=0 vy=0 vz=0 hdg=0
2026-09-17 19:45:25.160 | LOCAL_POSITION_NED       src=1.1    time_boot_ms=2948130023 x=12 y=-7 z=5.03918 vx=0 vy=0 vz=0
2026-09-17 19:45:25.161 | RC_CHANNELS              src=1.1    time_boot_ms=2948130023 chancount=0 chan1_raw=0 chan2_raw=0 chan3_raw=0 chan4_raw=0 chan5_raw=0 chan6_raw=0 chan7_raw=0 chan8_raw=0 chan9_raw=0 chan10_raw=0 chan11_raw=0 chan12_raw=0 chan13_raw=0 chan14_raw=0 chan15_raw=0 chan16_raw=0 chan17_raw=0 chan18_raw=0 rssi=255
2026-09-17 19:45:25.223 | HEARTBEAT                src=1.1    type=2 autopilot=3 base_mode=1 custom_mode=5 system_status=4 mavlink_version=3
2026-09-17 19:45:25.224 | SYS_STATUS               src=1.1    onboard_control_sensors_present=0 onboard_control_sensors_enabled=0 onboard_control_sensors_health=0 load=250 voltage_battery=16800 current_battery=1000 battery_remaining=98 drop_rate_comm=0 errors_comm=0 errors_count1=0 errors_count2=0 errors_count3=0 errors_count4=0
2026-09-17 19:45:25.225 | GPS_RAW_INT              src=1.1    time_usec=1789654525221422 fix_type=3 lat=133458059 lon=747940080 alt=74580 eph=100 epv=100 vel=0 cog=0 satellites_visible=16
2026-09-17 19:45:25.226 | EKF_STATUS_REPORT        src=1.1    flags=831 velocity_variance=0.09 pos_horiz_variance=0.001 pos_vert_variance=0.005 compass_variance=0.0004 terrain_alt_variance=0
2026-09-17 19:45:25.227 | FENCE_STATUS             src=1.1    breach_status=0 breach_count=0 breach_type=0 breach_time=0
2026-09-17 19:45:25.265 | GLOBAL_POSITION_INT      src=1.1    time_boot_ms=2948130128 lat=133458059 lon=747940080 alt=74580 relative_alt=-3619 vx=0 vy=0 vz=0 hdg=0
2026-09-17 19:45:25.265 | LOCAL_POSITION_NED       src=1.1    time_boot_ms=2948130128 x=12 y=-7 z=5.03918 vx=0 vy=0 vz=0
2026-09-17 19:45:25.265 | RC_CHANNELS              src=1.1    time_boot_ms=2948130128 chancount=0 chan1_raw=0 chan2_raw=0 chan3_raw=0 chan4_raw=0 chan5_raw=0 chan6_raw=0 chan7_raw=0 chan8_raw=0 chan9_raw=0 chan10_raw=0 chan11_raw=0 chan12_raw=0 chan13_raw=0 chan14_raw=0 chan15_raw=0 chan16_raw=0 chan17_raw=0 chan18_raw=0 rssi=255
2026-09-17 19:45:25.367 | GLOBAL_POSITION_INT      src=1.1    time_boot_ms=2948130230 lat=133458059 lon=747940080 alt=74580 relative_alt=-3619 vx=0 vy=0 vz=0 hdg=0
2026-09-17 19:45:25.367 | LOCAL_POSITION_NED       src=1.1    time_boot_ms=2948130230 x=12 y=-7 z=5.03918 vx=0 vy=0 vz=0
2026-09-17 19:45:25.368 | RC_CHANNELS              src=1.1    time_boot_ms=2948130230 chancount=0 chan1_raw=0 chan2_raw=0 chan3_raw=0 chan4_raw=0 chan5_raw=0 chan6_raw=0 chan7_raw=0 chan8_raw=0 chan9_raw=0 chan10_raw=0 chan11_raw=0 chan12_raw=0 chan13_raw=0 chan14_raw=0 chan15_raw=0 chan16_raw=0 chan17_raw=0 chan18_raw=0 rssi=255
2026-09-17 19:45:25.471 | GLOBAL_POSITION_INT      src=1.1    time_boot_ms=2948130334 lat=133458059 lon=747940080 alt=74580 relative_alt=-3619 vx=0 vy=0 vz=0 hdg=0
2026-09-17 19:45:25.471 | LOCAL_POSITION_NED       src=1.1    time_boot_ms=2948130334 x=12 y=-7 z=5.03918 vx=0 vy=0 vz=0
2026-09-17 19:45:25.472 | RC_CHANNELS              src=1.1    time_boot_ms=2948130334 chancount=0 chan1_raw=0 chan2_raw=0 chan3_raw=0 chan4_raw=0 chan5_raw=0 chan6_raw=0 chan7_raw=0 chan8_raw=0 chan9_raw=0 chan10_raw=0 chan11_raw=0 chan12_raw=0 chan13_raw=0 chan14_raw=0 chan15_raw=0 chan16_raw=0 chan17_raw=0 chan18_raw=0 rssi=255
2026-09-17 19:45:25.576 | GLOBAL_POSITION_INT      src=1.1    time_boot_ms=2948130439 lat=133458059 lon=747940080 alt=74580 relative_alt=-3619 vx=0 vy=0 vz=0 hdg=0
2026-09-17 19:45:25.576 | LOCAL_POSITION_NED       src=1.1    time_boot_ms=2948130439 x=12 y=-7 z=5.03918 vx=0 vy=0 vz=0
2026-09-17 19:45:25.576 | RC_CHANNELS              src=1.1    time_boot_ms=2948130439 chancount=0 chan1_raw=0 chan2_raw=0 chan3_raw=0 chan4_raw=0 chan5_raw=0 chan6_raw=0 chan7_raw=0 chan8_raw=0 chan9_raw=0 chan10_raw=0 chan11_raw=0 chan12_raw=0 chan13_raw=0 chan14_raw=0 chan15_raw=0 chan16_raw=0 chan17_raw=0 chan18_raw=0 rssi=255
2026-09-17 19:45:25.679 | GLOBAL_POSITION_INT      src=1.1    time_boot_ms=2948130542 lat=133458059 lon=747940080 alt=74580 relative_alt=-3619 vx=0 vy=0 vz=0 hdg=0
2026-09-17 19:45:25.679 | LOCAL_POSITION_NED       src=1.1    time_boot_ms=2948130542 x=12 y=-7 z=5.03918 vx=0 vy=0 vz=0
2026-09-17 19:45:25.679 | RC_CHANNELS              src=1.1    time_boot_ms=2948130542 chancount=0 chan1_raw=0 chan2_raw=0 chan3_raw=0 chan4_raw=0 chan5_raw=0 chan6_raw=0 chan7_raw=0 chan8_raw=0 chan9_raw=0 chan10_raw=0 chan11_raw=0 chan12_raw=0 chan13_raw=0 chan14_raw=0 chan15_raw=0 chan16_raw=0 chan17_raw=0 chan18_raw=0 rssi=255
2026-09-17 19:45:25.742 | HEARTBEAT                src=1.1    type=2 autopilot=3 base_mode=1 custom_mode=5 system_status=4 mavlink_version=3
2026-09-17 19:45:25.742 | SUMMARY mode=LOITER disarmed alt=-3.62m ned=(12.00,-7.00,5.04) gps=(13.3458059,74.7940080) fix=3 sats=16 eph=100 batt=16.80V/10.0A/98% ch8=0 rssi=255 ekf=0x033f v=0.09 p=0.00 c=0.00 rx=13495 drop=0
2026-09-17 19:45:25.742 | SYS_STATUS               src=1.1    onboard_control_sensors_present=0 onboard_control_sensors_enabled=0 onboard_control_sensors_health=0 load=250 voltage_battery=16800 current_battery=1000 battery_remaining=98 drop_rate_comm=0 errors_comm=0 errors_count1=0 errors_count2=0 errors_count3=0 errors_count4=0
2026-09-17 19:45:25.743 | GPS_RAW_INT              src=1.1    time_usec=1789654525740466 fix_type=3 lat=133458059 lon=747940080 alt=74580 eph=100 epv=100 vel=0 cog=0 satellites_visible=16
2026-09-17 19:45:25.743 | EKF_STATUS_REPORT        src=1.1    flags=831 velocity_variance=0.09 pos_horiz_variance=0.001 pos_vert_variance=0.005 compass_variance=0.0004 terrain_alt_variance=0
2026-09-17 19:45:25.743 | FENCE_STATUS             src=1.1    breach_status=0 breach_count=0 breach_type=0 breach_time=0
2026-09-17 19:45:25.783 | GLOBAL_POSITION_INT      src=1.1    time_boot_ms=2948130646 lat=133458059 lon=747940080 alt=74580 relative_alt=-3619 vx=0 vy=0 vz=0 hdg=0
2026-09-17 19:45:25.783 | LOCAL_POSITION_NED       src=1.1    time_boot_ms=2948130646 x=12 y=-7 z=5.03918 vx=0 vy=0 vz=0
2026-09-17 19:45:25.783 | RC_CHANNELS              src=1.1    time_boot_ms=2948130646 chancount=0 chan1_raw=0 chan2_raw=0 chan3_raw=0 chan4_raw=0 chan5_raw=0 chan6_raw=0 chan7_raw=0 chan8_raw=0 chan9_raw=0 chan10_raw=0 chan11_raw=0 chan12_raw=0 chan13_raw=0 chan14_raw=0 chan15_raw=0 chan16_raw=0 chan17_raw=0 chan18_raw=0 rssi=255
2026-09-17 19:45:25.886 | GLOBAL_POSITION_INT      src=1.1    time_boot_ms=2948130749 lat=133458059 lon=747940080 alt=74580 relative_alt=-3619 vx=0 vy=0 vz=0 hdg=0
2026-09-17 19:45:25.886 | LOCAL_POSITION_NED       src=1.1    time_boot_ms=2948130749 x=12 y=-7 z=5.03918 vx=0 vy=0 vz=0
2026-09-17 19:45:25.886 | RC_CHANNELS              src=1.1    time_boot_ms=2948130749 chancount=0 chan1_raw=0 chan2_raw=0 chan3_raw=0 chan4_raw=0 chan5_raw=0 chan6_raw=0 chan7_raw=0 chan8_raw=0 chan9_raw=0 chan10_raw=0 chan11_raw=0 chan12_raw=0 chan13_raw=0 chan14_raw=0 chan15_raw=0 chan16_raw=0 chan17_raw=0 chan18_raw=0 rssi=255
2026-09-17 19:45:25.997 | GLOBAL_POSITION_INT      src=1.1    time_boot_ms=2948130855 lat=133458059 lon=747940080 alt=74580 relative_alt=-3619 vx=0 vy=0 vz=0 hdg=0
2026-09-17 19:45:25.998 | LOCAL_POSITION_NED       src=1.1    time_boot_ms=2948130855 x=12 y=-7 z=5.03918 vx=0 vy=0 vz=0
2026-09-17 19:45:25.998 | RC_CHANNELS              src=1.1    time_boot_ms=2948130855 chancount=0 chan1_raw=0 chan2_raw=0 chan3_raw=0 chan4_raw=0 chan5_raw=0 chan6_raw=0 chan7_raw=0 chan8_raw=0 chan9_raw=0 chan10_raw=0 chan11_raw=0 chan12_raw=0 chan13_raw=0 chan14_raw=0 chan15_raw=0 chan16_raw=0 chan17_raw=0 chan18_raw=0 rssi=255
2026-09-17 19:45:26.098 | GLOBAL_POSITION_INT      src=1.1    time_boot_ms=2948130962 lat=133458059 lon=747940080 alt=74580 relative_alt=-3619 vx=0 vy=0 vz=0 hdg=0
2026-09-17 19:45:26.099 | LOCAL_POSITION_NED       src=1.1    time_boot_ms=2948130962 x=12 y=-7 z=5.03918 vx=0 vy=0 vz=0
2026-09-17 19:45:26.099 | RC_CHANNELS              src=1.1    time_boot_ms=2948130962 chancount=0 chan1_raw=0 chan2_raw=0 chan3_raw=0 chan4_raw=0 chan5_raw=0 chan6_raw=0 chan7_raw=0 chan8_raw=0 chan9_raw=0 chan10_raw=0 chan11_raw=0 chan12_raw=0 chan13_raw=0 chan14_raw=0 chan15_raw=0 chan16_raw=0 chan17_raw=0 chan18_raw=0 rssi=255
2026-09-17 19:45:26.202 | GLOBAL_POSITION_INT      src=1.1    time_boot_ms=2948131065 lat=133458059 lon=747940080 alt=74580 relative_alt=-3619 vx=0 vy=0 vz=0 hdg=0
2026-09-17 19:45:26.202 | LOCAL_POSITION_NED       src=1.1    time_boot_ms=2948131065 x=12 y=-7 z=5.03918 vx=0 vy=0 vz=0
2026-09-17 19:45:26.202 | RC_CHANNELS              src=1.1    time_boot_ms=2948131065 chancount=0 chan1_raw=0 chan2_raw=0 chan3_raw=0 chan4_raw=0 chan5_raw=0 chan6_raw=0 chan7_raw=0 chan8_raw=0 chan9_raw=0 chan10_raw=0 chan11_raw=0 chan12_raw=0 chan13_raw=0 chan14_raw=0 chan15_raw=0 chan16_raw=0 chan17_raw=0 chan18_raw=0 rssi=255
2026-09-17 19:45:26.245 | HEARTBEAT                src=1.1    type=2 autopilot=3 base_mode=1 custom_mode=5 system_status=4 mavlink_version=3
2026-09-17 19:45:26.246 | SYS_STATUS               src=1.1    onboard_control_sensors_present=0 onboard_control_sensors_enabled=0 onboard_control_sensors_health=0 load=250 voltage_battery=16800 current_battery=1000 battery_remaining=98 drop_rate_comm=0 errors_comm=0 errors_count1=0 errors_count2=0 errors_count3=0 errors_count4=0
2026-09-17 19:45:26.246 | GPS_RAW_INT              src=1.1    time_usec=1789654526244534 fix_type=3 lat=133458059 lon=747940080 alt=74580 eph=100 epv=100 vel=0 cog=0 satellites_visible=16
2026-09-17 19:45:26.246 | EKF_STATUS_REPORT        src=1.1    flags=831 velocity_variance=0.09 pos_horiz_variance=0.001 pos_vert_variance=0.005 compass_variance=0.0004 terrain_alt_variance=0
2026-09-17 19:45:26.246 | FENCE_STATUS             src=1.1    breach_status=0 breach_count=0 breach_type=0 breach_time=0
2026-09-17 19:45:26.307 | GLOBAL_POSITION_INT      src=1.1    time_boot_ms=2948131170 lat=133458059 lon=747940080 alt=74580 relative_alt=-3619 vx=0 vy=0 vz=0 hdg=0
2026-09-17 19:45:26.307 | LOCAL_POSITION_NED       src=1.1    time_boot_ms=2948131170 x=12 y=-7 z=5.03918 vx=0 vy=0 vz=0
2026-09-17 19:45:26.307 | RC_CHANNELS              src=1.1    time_boot_ms=2948131170 chancount=0 chan1_raw=0 chan2_raw=0 chan3_raw=0 chan4_raw=0 chan5_raw=0 chan6_raw=0 chan7_raw=0 chan8_raw=0 chan9_raw=0 chan10_raw=0 chan11_raw=0 chan12_raw=0 chan13_raw=0 chan14_raw=0 chan15_raw=0 chan16_raw=0 chan17_raw=0 chan18_raw=0 rssi=255
2026-09-17 19:45:26.409 | GLOBAL_POSITION_INT      src=1.1    time_boot_ms=2948131272 lat=133458059 lon=747940080 alt=74580 relative_alt=-3619 vx=0 vy=0 vz=0 hdg=0
2026-09-17 19:45:26.409 | LOCAL_POSITION_NED       src=1.1    time_boot_ms=2948131272 x=12 y=-7 z=5.03918 vx=0 vy=0 vz=0
2026-09-17 19:45:26.409 | RC_CHANNELS              src=1.1    time_boot_ms=2948131272 chancount=0 chan1_raw=0 chan2_raw=0 chan3_raw=0 chan4_raw=0 chan5_raw=0 chan6_raw=0 chan7_raw=0 chan8_raw=0 chan9_raw=0 chan10_raw=0 chan11_raw=0 chan12_raw=0 chan13_raw=0 chan14_raw=0 chan15_raw=0 chan16_raw=0 chan17_raw=0 chan18_raw=0 rssi=255
2026-09-17 19:45:26.513 | GLOBAL_POSITION_INT      src=1.1    time_boot_ms=2948131376 lat=133458059 lon=747940080 alt=74580 relative_alt=-3619 vx=0 vy=0 vz=0 hdg=0
2026-09-17 19:45:26.513 | LOCAL_POSITION_NED       src=1.1    time_boot_ms=2948131376 x=12 y=-7 z=5.03918 vx=0 vy=0 vz=0
2026-09-17 19:45:26.513 | RC_CHANNELS              src=1.1    time_boot_ms=2948131376 chancount=0 chan1_raw=0 chan2_raw=0 chan3_raw=0 chan4_raw=0 chan5_raw=0 chan6_raw=0 chan7_raw=0 chan8_raw=0 chan9_raw=0 chan10_raw=0 chan11_raw=0 chan12_raw=0 chan13_raw=0 chan14_raw=0 chan15_raw=0 chan16_raw=0 chan17_raw=0 chan18_raw=0 rssi=255
2026-09-17 19:45:26.616 | GLOBAL_POSITION_INT      src=1.1    time_boot_ms=2948131479 lat=133458059 lon=747940080 alt=74580 relative_alt=-3619 vx=0 vy=0 vz=0 hdg=0
2026-09-17 19:45:26.617 | LOCAL_POSITION_NED       src=1.1    time_boot_ms=2948131479 x=12 y=-7 z=5.03918 vx=0 vy=0 vz=0
2026-09-17 19:45:26.617 | RC_CHANNELS              src=1.1    time_boot_ms=2948131479 chancount=0 chan1_raw=0 chan2_raw=0 chan3_raw=0 chan4_raw=0 chan5_raw=0 chan6_raw=0 chan7_raw=0 chan8_raw=0 chan9_raw=0 chan10_raw=0 chan11_raw=0 chan12_raw=0 chan13_raw=0 chan14_raw=0 chan15_raw=0 chan16_raw=0 chan17_raw=0 chan18_raw=0 rssi=255
2026-09-17 19:45:26.721 | GLOBAL_POSITION_INT      src=1.1    time_boot_ms=2948131584 lat=133458059 lon=747940080 alt=74580 relative_alt=-3619 vx=0 vy=0 vz=0 hdg=0
2026-09-17 19:45:26.721 | LOCAL_POSITION_NED       src=1.1    time_boot_ms=2948131584 x=12 y=-7 z=5.03918 vx=0 vy=0 vz=0
2026-09-17 19:45:26.721 | RC_CHANNELS              src=1.1    time_boot_ms=2948131584 chancount=0 chan1_raw=0 chan2_raw=0 chan3_raw=0 chan4_raw=0 chan5_raw=0 chan6_raw=0 chan7_raw=0 chan8_raw=0 chan9_raw=0 chan10_raw=0 chan11_raw=0 chan12_raw=0 chan13_raw=0 chan14_raw=0 chan15_raw=0 chan16_raw=0 chan17_raw=0 chan18_raw=0 rssi=255
2026-09-17 19:45:26.762 | HEARTBEAT                src=1.1    type=2 autopilot=3 base_mode=1 custom_mode=5 system_status=4 mavlink_version=3
2026-09-17 19:45:26.763 | SUMMARY mode=LOITER disarmed alt=-3.62m ned=(12.00,-7.00,5.04) gps=(13.3458059,74.7940080) fix=3 sats=16 eph=100 batt=16.80V/10.0A/98% ch8=0 rssi=255 ekf=0x033f v=0.09 p=0.00 c=0.00 rx=13535 drop=0
2026-09-17 19:45:26.763 | SYS_STATUS               src=1.1    onboard_control_sensors_present=0 onboard_control_sensors_enabled=0 onboard_control_sensors_health=0 load=250 voltage_battery=16800 current_battery=1000 battery_remaining=98 drop_rate_comm=0 errors_comm=0 errors_count1=0 errors_count2=0 errors_count3=0 errors_count4=0
2026-09-17 19:45:26.763 | GPS_RAW_INT              src=1.1    time_usec=1789654526761645 fix_type=3 lat=133458059 lon=747940080 alt=74580 eph=100 epv=100 vel=0 cog=0 satellites_visible=16
2026-09-17 19:45:26.763 | EKF_STATUS_REPORT        src=1.1    flags=831 velocity_variance=0.09 pos_horiz_variance=0.001 pos_vert_variance=0.005 compass_variance=0.0004 terrain_alt_variance=0
2026-09-17 19:45:26.763 | FENCE_STATUS             src=1.1    breach_status=0 breach_count=0 breach_type=0 breach_time=0
2026-09-17 19:45:26.824 | GLOBAL_POSITION_INT      src=1.1    time_boot_ms=2948131687 lat=133458059 lon=747940080 alt=74580 relative_alt=-3619 vx=0 vy=0 vz=0 hdg=0
2026-09-17 19:45:26.824 | LOCAL_POSITION_NED       src=1.1    time_boot_ms=2948131687 x=12 y=-7 z=5.03918 vx=0 vy=0 vz=0
2026-09-17 19:45:26.824 | RC_CHANNELS              src=1.1    time_boot_ms=2948131687 chancount=0 chan1_raw=0 chan2_raw=0 chan3_raw=0 chan4_raw=0 chan5_raw=0 chan6_raw=0 chan7_raw=0 chan8_raw=0 chan9_raw=0 chan10_raw=0 chan11_raw=0 chan12_raw=0 chan13_raw=0 chan14_raw=0 chan15_raw=0 chan16_raw=0 chan17_raw=0 chan18_raw=0 rssi=255
2026-09-17 19:45:26.927 | GLOBAL_POSITION_INT      src=1.1    time_boot_ms=2948131790 lat=133458059 lon=747940080 alt=74580 relative_alt=-3619 vx=0 vy=0 vz=0 hdg=0
2026-09-17 19:45:26.927 | LOCAL_POSITION_NED       src=1.1    time_boot_ms=2948131790 x=12 y=-7 z=5.03918 vx=0 vy=0 vz=0
2026-09-17 19:45:26.927 | RC_CHANNELS              src=1.1    time_boot_ms=2948131790 chancount=0 chan1_raw=0 chan2_raw=0 chan3_raw=0 chan4_raw=0 chan5_raw=0 chan6_raw=0 chan7_raw=0 chan8_raw=0 chan9_raw=0 chan10_raw=0 chan11_raw=0 chan12_raw=0 chan13_raw=0 chan14_raw=0 chan15_raw=0 chan16_raw=0 chan17_raw=0 chan18_raw=0 rssi=255
2026-09-17 19:45:27.031 | GLOBAL_POSITION_INT      src=1.1    time_boot_ms=2948131894 lat=133458059 lon=747940080 alt=74580 relative_alt=-3619 vx=0 vy=0 vz=0 hdg=0
2026-09-17 19:45:27.032 | LOCAL_POSITION_NED       src=1.1    time_boot_ms=2948131894 x=12 y=-7 z=5.03918 vx=0 vy=0 vz=0
2026-09-17 19:45:27.032 | RC_CHANNELS              src=1.1    time_boot_ms=2948131894 chancount=0 chan1_raw=0 chan2_raw=0 chan3_raw=0 chan4_raw=0 chan5_raw=0 chan6_raw=0 chan7_raw=0 chan8_raw=0 chan9_raw=0 chan10_raw=0 chan11_raw=0 chan12_raw=0 chan13_raw=0 chan14_raw=0 chan15_raw=0 chan16_raw=0 chan17_raw=0 chan18_raw=0 rssi=255
2026-09-17 19:45:27.137 | GLOBAL_POSITION_INT      src=1.1    time_boot_ms=2948131999 lat=133458059 lon=747940080 alt=74580 relative_alt=-3619 vx=0 vy=0 vz=0 hdg=0
2026-09-17 19:45:27.137 | LOCAL_POSITION_NED       src=1.1    time_boot_ms=2948131999 x=12 y=-7 z=5.03918 vx=0 vy=0 vz=0
2026-09-17 19:45:27.138 | RC_CHANNELS              src=1.1    time_boot_ms=2948131999 chancount=0 chan1_raw=0 chan2_raw=0 chan3_raw=0 chan4_raw=0 chan5_raw=0 chan6_raw=0 chan7_raw=0 chan8_raw=0 chan9_raw=0 chan10_raw=0 chan11_raw=0 chan12_raw=0 chan13_raw=0 chan14_raw=0 chan15_raw=0 chan16_raw=0 chan17_raw=0 chan18_raw=0 rssi=255
2026-09-17 19:45:27.241 | GLOBAL_POSITION_INT      src=1.1    time_boot_ms=2948132103 lat=133458059 lon=747940080 alt=74580 relative_alt=-3619 vx=0 vy=0 vz=0 hdg=0
2026-09-17 19:45:27.241 | LOCAL_POSITION_NED       src=1.1    time_boot_ms=2948132103 x=12 y=-7 z=5.03918 vx=0 vy=0 vz=0
2026-09-17 19:45:27.241 | RC_CHANNELS              src=1.1    time_boot_ms=2948132103 chancount=0 chan1_raw=0 chan2_raw=0 chan3_raw=0 chan4_raw=0 chan5_raw=0 chan6_raw=0 chan7_raw=0 chan8_raw=0 chan9_raw=0 chan10_raw=0 chan11_raw=0 chan12_raw=0 chan13_raw=0 chan14_raw=0 chan15_raw=0 chan16_raw=0 chan17_raw=0 chan18_raw=0 rssi=255
2026-09-17 19:45:27.282 | HEARTBEAT                src=1.1    type=2 autopilot=3 base_mode=1 custom_mode=5 system_status=4 mavlink_version=3
2026-09-17 19:45:27.283 | SYS_STATUS               src=1.1    onboard_control_sensors_present=0 onboard_control_sensors_enabled=0 onboard_control_sensors_health=0 load=250 voltage_battery=16800 current_battery=1000 battery_remaining=98 drop_rate_comm=0 errors_comm=0 errors_count1=0 errors_count2=0 errors_count3=0 errors_count4=0
2026-09-17 19:45:27.283 | GPS_RAW_INT              src=1.1    time_usec=1789654527281452 fix_type=3 lat=133458059 lon=747940080 alt=74580 eph=100 epv=100 vel=0 cog=0 satellites_visible=16
2026-09-17 19:45:27.283 | EKF_STATUS_REPORT        src=1.1    flags=831 velocity_variance=0.09 pos_horiz_variance=0.001 pos_vert_variance=0.005 compass_variance=0.0004 terrain_alt_variance=0
2026-09-17 19:45:27.283 | FENCE_STATUS             src=1.1    breach_status=0 breach_count=0 breach_type=0 breach_time=0
2026-09-17 19:45:27.345 | GLOBAL_POSITION_INT      src=1.1    time_boot_ms=2948132207 lat=133458059 lon=747940080 alt=74580 relative_alt=-3619 vx=0 vy=0 vz=0 hdg=0
2026-09-17 19:45:27.345 | LOCAL_POSITION_NED       src=1.1    time_boot_ms=2948132207 x=12 y=-7 z=5.03918 vx=0 vy=0 vz=0
2026-09-17 19:45:27.347 | RC_CHANNELS              src=1.1    time_boot_ms=2948132207 chancount=0 chan1_raw=0 chan2_raw=0 chan3_raw=0 chan4_raw=0 chan5_raw=0 chan6_raw=0 chan7_raw=0 chan8_raw=0 chan9_raw=0 chan10_raw=0 chan11_raw=0 chan12_raw=0 chan13_raw=0 chan14_raw=0 chan15_raw=0 chan16_raw=0 chan17_raw=0 chan18_raw=0 rssi=255
2026-09-17 19:45:27.448 | GLOBAL_POSITION_INT      src=1.1    time_boot_ms=2948132312 lat=133458059 lon=747940080 alt=74580 relative_alt=-3619 vx=0 vy=0 vz=0 hdg=0
2026-09-17 19:45:27.449 | LOCAL_POSITION_NED       src=1.1    time_boot_ms=2948132312 x=12 y=-7 z=5.03918 vx=0 vy=0 vz=0
2026-09-17 19:45:27.449 | RC_CHANNELS              src=1.1    time_boot_ms=2948132312 chancount=0 chan1_raw=0 chan2_raw=0 chan3_raw=0 chan4_raw=0 chan5_raw=0 chan6_raw=0 chan7_raw=0 chan8_raw=0 chan9_raw=0 chan10_raw=0 chan11_raw=0 chan12_raw=0 chan13_raw=0 chan14_raw=0 chan15_raw=0 chan16_raw=0 chan17_raw=0 chan18_raw=0 rssi=255
2026-09-17 19:45:27.551 | GLOBAL_POSITION_INT      src=1.1    time_boot_ms=2948132414 lat=133458059 lon=747940080 alt=74580 relative_alt=-3619 vx=0 vy=0 vz=0 hdg=0
2026-09-17 19:45:27.551 | LOCAL_POSITION_NED       src=1.1    time_boot_ms=2948132414 x=12 y=-7 z=5.03918 vx=0 vy=0 vz=0
2026-09-17 19:45:27.551 | RC_CHANNELS              src=1.1    time_boot_ms=2948132414 chancount=0 chan1_raw=0 chan2_raw=0 chan3_raw=0 chan4_raw=0 chan5_raw=0 chan6_raw=0 chan7_raw=0 chan8_raw=0 chan9_raw=0 chan10_raw=0 chan11_raw=0 chan12_raw=0 chan13_raw=0 chan14_raw=0 chan15_raw=0 chan16_raw=0 chan17_raw=0 chan18_raw=0 rssi=255
2026-09-17 19:45:27.661 | GLOBAL_POSITION_INT      src=1.1    time_boot_ms=2948132523 lat=133458059 lon=747940080 alt=74580 relative_alt=-3619 vx=0 vy=0 vz=0 hdg=0
2026-09-17 19:45:27.661 | LOCAL_POSITION_NED       src=1.1    time_boot_ms=2948132523 x=12 y=-7 z=5.03918 vx=0 vy=0 vz=0
2026-09-17 19:45:27.661 | RC_CHANNELS              src=1.1    time_boot_ms=2948132523 chancount=0 chan1_raw=0 chan2_raw=0 chan3_raw=0 chan4_raw=0 chan5_raw=0 chan6_raw=0 chan7_raw=0 chan8_raw=0 chan9_raw=0 chan10_raw=0 chan11_raw=0 chan12_raw=0 chan13_raw=0 chan14_raw=0 chan15_raw=0 chan16_raw=0 chan17_raw=0 chan18_raw=0 rssi=255
2026-09-17 19:45:27.764 | GLOBAL_POSITION_INT      src=1.1    time_boot_ms=2948132627 lat=133458059 lon=747940080 alt=74580 relative_alt=-3619 vx=0 vy=0 vz=0 hdg=0
2026-09-17 19:45:27.764 | SUMMARY mode=LOITER disarmed alt=-3.62m ned=(12.00,-7.00,5.04) gps=(13.3458059,74.7940080) fix=3 sats=16 eph=100 batt=16.80V/10.0A/98% ch8=0 rssi=255 ekf=0x033f v=0.09 p=0.00 c=0.00 rx=13572 drop=0
2026-09-17 19:45:27.764 | LOCAL_POSITION_NED       src=1.1    time_boot_ms=2948132627 x=12 y=-7 z=5.03918 vx=0 vy=0 vz=0
2026-09-17 19:45:27.765 | RC_CHANNELS              src=1.1    time_boot_ms=2948132627 chancount=0 chan1_raw=0 chan2_raw=0 chan3_raw=0 chan4_raw=0 chan5_raw=0 chan6_raw=0 chan7_raw=0 chan8_raw=0 chan9_raw=0 chan10_raw=0 chan11_raw=0 chan12_raw=0 chan13_raw=0 chan14_raw=0 chan15_raw=0 chan16_raw=0 chan17_raw=0 chan18_raw=0 rssi=255
2026-09-17 19:45:27.785 | HEARTBEAT                src=1.1    type=2 autopilot=3 base_mode=1 custom_mode=5 system_status=4 mavlink_version=3
2026-09-17 19:45:27.785 | SYS_STATUS               src=1.1    onboard_control_sensors_present=0 onboard_control_sensors_enabled=0 onboard_control_sensors_health=0 load=250 voltage_battery=16800 current_battery=1000 battery_remaining=98 drop_rate_comm=0 errors_comm=0 errors_count1=0 errors_count2=0 errors_count3=0 errors_count4=0
2026-09-17 19:45:27.785 | GPS_RAW_INT              src=1.1    time_usec=1789654527784445 fix_type=3 lat=133458059 lon=747940080 alt=74580 eph=100 epv=100 vel=0 cog=0 satellites_visible=16
2026-09-17 19:45:27.785 | EKF_STATUS_REPORT        src=1.1    flags=831 velocity_variance=0.09 pos_horiz_variance=0.001 pos_vert_variance=0.005 compass_variance=0.0004 terrain_alt_variance=0
2026-09-17 19:45:27.785 | FENCE_STATUS             src=1.1    breach_status=0 breach_count=0 breach_type=0 breach_time=0
2026-09-17 19:45:27.870 | GLOBAL_POSITION_INT      src=1.1    time_boot_ms=2948132732 lat=133458059 lon=747940080 alt=74580 relative_alt=-3619 vx=0 vy=0 vz=0 hdg=0
2026-09-17 19:45:27.870 | LOCAL_POSITION_NED       src=1.1    time_boot_ms=2948132732 x=12 y=-7 z=5.03918 vx=0 vy=0 vz=0
2026-09-17 19:45:27.871 | RC_CHANNELS              src=1.1    time_boot_ms=2948132732 chancount=0 chan1_raw=0 chan2_raw=0 chan3_raw=0 chan4_raw=0 chan5_raw=0 chan6_raw=0 chan7_raw=0 chan8_raw=0 chan9_raw=0 chan10_raw=0 chan11_raw=0 chan12_raw=0 chan13_raw=0 chan14_raw=0 chan15_raw=0 chan16_raw=0 chan17_raw=0 chan18_raw=0 rssi=255
2026-09-17 19:45:27.978 | GLOBAL_POSITION_INT      src=1.1    time_boot_ms=2948132839 lat=133458059 lon=747940080 alt=74580 relative_alt=-3619 vx=0 vy=0 vz=0 hdg=0
2026-09-17 19:45:27.979 | LOCAL_POSITION_NED       src=1.1    time_boot_ms=2948132839 x=12 y=-7 z=5.03918 vx=0 vy=0 vz=0
2026-09-17 19:45:27.979 | RC_CHANNELS              src=1.1    time_boot_ms=2948132839 chancount=0 chan1_raw=0 chan2_raw=0 chan3_raw=0 chan4_raw=0 chan5_raw=0 chan6_raw=0 chan7_raw=0 chan8_raw=0 chan9_raw=0 chan10_raw=0 chan11_raw=0 chan12_raw=0 chan13_raw=0 chan14_raw=0 chan15_raw=0 chan16_raw=0 chan17_raw=0 chan18_raw=0 rssi=255
2026-09-17 19:45:28.091 | GLOBAL_POSITION_INT      src=1.1    time_boot_ms=2948132953 lat=133458059 lon=747940080 alt=74580 relative_alt=-3619 vx=0 vy=0 vz=0 hdg=0
2026-09-17 19:45:28.091 | LOCAL_POSITION_NED       src=1.1    time_boot_ms=2948132953 x=12 y=-7 z=5.03918 vx=0 vy=0 vz=0
2026-09-17 19:45:28.091 | RC_CHANNELS              src=1.1    time_boot_ms=2948132953 chancount=0 chan1_raw=0 chan2_raw=0 chan3_raw=0 chan4_raw=0 chan5_raw=0 chan6_raw=0 chan7_raw=0 chan8_raw=0 chan9_raw=0 chan10_raw=0 chan11_raw=0 chan12_raw=0 chan13_raw=0 chan14_raw=0 chan15_raw=0 chan16_raw=0 chan17_raw=0 chan18_raw=0 rssi=255
2026-09-17 19:45:28.194 | GLOBAL_POSITION_INT      src=1.1    time_boot_ms=2948133057 lat=133458059 lon=747940080 alt=74580 relative_alt=-3619 vx=0 vy=0 vz=0 hdg=0
2026-09-17 19:45:28.194 | LOCAL_POSITION_NED       src=1.1    time_boot_ms=2948133057 x=12 y=-7 z=5.03918 vx=0 vy=0 vz=0
2026-09-17 19:45:28.194 | RC_CHANNELS              src=1.1    time_boot_ms=2948133057 chancount=0 chan1_raw=0 chan2_raw=0 chan3_raw=0 chan4_raw=0 chan5_raw=0 chan6_raw=0 chan7_raw=0 chan8_raw=0 chan9_raw=0 chan10_raw=0 chan11_raw=0 chan12_raw=0 chan13_raw=0 chan14_raw=0 chan15_raw=0 chan16_raw=0 chan17_raw=0 chan18_raw=0 rssi=255
2026-09-17 19:45:28.297 | HEARTBEAT                src=1.1    type=2 autopilot=3 base_mode=1 custom_mode=5 system_status=4 mavlink_version=3
2026-09-17 19:45:28.297 | GLOBAL_POSITION_INT      src=1.1    time_boot_ms=2948133160 lat=133458059 lon=747940080 alt=74580 relative_alt=-3619 vx=0 vy=0 vz=0 hdg=0
2026-09-17 19:45:28.297 | LOCAL_POSITION_NED       src=1.1    time_boot_ms=2948133160 x=12 y=-7 z=5.03918 vx=0 vy=0 vz=0
2026-09-17 19:45:28.298 | RC_CHANNELS              src=1.1    time_boot_ms=2948133160 chancount=0 chan1_raw=0 chan2_raw=0 chan3_raw=0 chan4_raw=0 chan5_raw=0 chan6_raw=0 chan7_raw=0 chan8_raw=0 chan9_raw=0 chan10_raw=0 chan11_raw=0 chan12_raw=0 chan13_raw=0 chan14_raw=0 chan15_raw=0 chan16_raw=0 chan17_raw=0 chan18_raw=0 rssi=255
2026-09-17 19:45:28.298 | SYS_STATUS               src=1.1    onboard_control_sensors_present=0 onboard_control_sensors_enabled=0 onboard_control_sensors_health=0 load=250 voltage_battery=16800 current_battery=1000 battery_remaining=98 drop_rate_comm=0 errors_comm=0 errors_count1=0 errors_count2=0 errors_count3=0 errors_count4=0
2026-09-17 19:45:28.298 | GPS_RAW_INT              src=1.1    time_usec=1789654528296629 fix_type=3 lat=133458059 lon=747940080 alt=74580 eph=100 epv=100 vel=0 cog=0 satellites_visible=16
2026-09-17 19:45:28.298 | EKF_STATUS_REPORT        src=1.1    flags=831 velocity_variance=0.09 pos_horiz_variance=0.001 pos_vert_variance=0.005 compass_variance=0.0004 terrain_alt_variance=0
2026-09-17 19:45:28.298 | FENCE_STATUS             src=1.1    breach_status=0 breach_count=0 breach_type=0 breach_time=0
2026-09-17 19:45:28.401 | GLOBAL_POSITION_INT      src=1.1    time_boot_ms=2948133264 lat=133458059 lon=747940080 alt=74580 relative_alt=-3619 vx=0 vy=0 vz=0 hdg=0
2026-09-17 19:45:28.401 | LOCAL_POSITION_NED       src=1.1    time_boot_ms=2948133264 x=12 y=-7 z=5.03918 vx=0 vy=0 vz=0
2026-09-17 19:45:28.401 | RC_CHANNELS              src=1.1    time_boot_ms=2948133264 chancount=0 chan1_raw=0 chan2_raw=0 chan3_raw=0 chan4_raw=0 chan5_raw=0 chan6_raw=0 chan7_raw=0 chan8_raw=0 chan9_raw=0 chan10_raw=0 chan11_raw=0 chan12_raw=0 chan13_raw=0 chan14_raw=0 chan15_raw=0 chan16_raw=0 chan17_raw=0 chan18_raw=0 rssi=255
2026-09-17 19:45:28.504 | GLOBAL_POSITION_INT      src=1.1    time_boot_ms=2948133367 lat=133458059 lon=747940080 alt=74580 relative_alt=-3619 vx=0 vy=0 vz=0 hdg=0
2026-09-17 19:45:28.504 | LOCAL_POSITION_NED       src=1.1    time_boot_ms=2948133367 x=12 y=-7 z=5.03918 vx=0 vy=0 vz=0
2026-09-17 19:45:28.504 | RC_CHANNELS              src=1.1    time_boot_ms=2948133367 chancount=0 chan1_raw=0 chan2_raw=0 chan3_raw=0 chan4_raw=0 chan5_raw=0 chan6_raw=0 chan7_raw=0 chan8_raw=0 chan9_raw=0 chan10_raw=0 chan11_raw=0 chan12_raw=0 chan13_raw=0 chan14_raw=0 chan15_raw=0 chan16_raw=0 chan17_raw=0 chan18_raw=0 rssi=255
2026-09-17 19:45:28.608 | GLOBAL_POSITION_INT      src=1.1    time_boot_ms=2948133470 lat=133458059 lon=747940080 alt=74580 relative_alt=-3619 vx=0 vy=0 vz=0 hdg=0
2026-09-17 19:45:28.608 | LOCAL_POSITION_NED       src=1.1    time_boot_ms=2948133470 x=12 y=-7 z=5.03918 vx=0 vy=0 vz=0
2026-09-17 19:45:28.608 | RC_CHANNELS              src=1.1    time_boot_ms=2948133470 chancount=0 chan1_raw=0 chan2_raw=0 chan3_raw=0 chan4_raw=0 chan5_raw=0 chan6_raw=0 chan7_raw=0 chan8_raw=0 chan9_raw=0 chan10_raw=0 chan11_raw=0 chan12_raw=0 chan13_raw=0 chan14_raw=0 chan15_raw=0 chan16_raw=0 chan17_raw=0 chan18_raw=0 rssi=255
2026-09-17 19:45:28.728 | GLOBAL_POSITION_INT      src=1.1    time_boot_ms=2948133590 lat=133458059 lon=747940080 alt=74580 relative_alt=-3619 vx=0 vy=0 vz=0 hdg=0
2026-09-17 19:45:28.729 | LOCAL_POSITION_NED       src=1.1    time_boot_ms=2948133590 x=12 y=-7 z=5.03918 vx=0 vy=0 vz=0
2026-09-17 19:45:28.731 | RC_CHANNELS              src=1.1    time_boot_ms=2948133590 chancount=0 chan1_raw=0 chan2_raw=0 chan3_raw=0 chan4_raw=0 chan5_raw=0 chan6_raw=0 chan7_raw=0 chan8_raw=0 chan9_raw=0 chan10_raw=0 chan11_raw=0 chan12_raw=0 chan13_raw=0 chan14_raw=0 chan15_raw=0 chan16_raw=0 chan17_raw=0 chan18_raw=0 rssi=255
2026-09-17 19:45:28.810 | HEARTBEAT                src=1.1    type=2 autopilot=3 base_mode=1 custom_mode=5 system_status=4 mavlink_version=3
2026-09-17 19:45:28.810 | SUMMARY mode=LOITER disarmed alt=-3.62m ned=(12.00,-7.00,5.04) gps=(13.3458059,74.7940080) fix=3 sats=16 eph=100 batt=16.80V/10.0A/98% ch8=0 rssi=255 ekf=0x033f v=0.09 p=0.00 c=0.00 rx=13612 drop=0
2026-09-17 19:45:28.810 | SYS_STATUS               src=1.1    onboard_control_sensors_present=0 onboard_control_sensors_enabled=0 onboard_control_sensors_health=0 load=250 voltage_battery=16800 current_battery=1000 battery_remaining=98 drop_rate_comm=0 errors_comm=0 errors_count1=0 errors_count2=0 errors_count3=0 errors_count4=0
2026-09-17 19:45:28.810 | GPS_RAW_INT              src=1.1    time_usec=1789654528809410 fix_type=3 lat=133458059 lon=747940080 alt=74580 eph=100 epv=100 vel=0 cog=0 satellites_visible=16
2026-09-17 19:45:28.810 | EKF_STATUS_REPORT        src=1.1    flags=831 velocity_variance=0.09 pos_horiz_variance=0.001 pos_vert_variance=0.005 compass_variance=0.0004 terrain_alt_variance=0
2026-09-17 19:45:28.811 | FENCE_STATUS             src=1.1    breach_status=0 breach_count=0 breach_type=0 breach_time=0
2026-09-17 19:45:28.831 | GLOBAL_POSITION_INT      src=1.1    time_boot_ms=2948133694 lat=133458059 lon=747940080 alt=74580 relative_alt=-3619 vx=0 vy=0 vz=0 hdg=0
2026-09-17 19:45:28.831 | LOCAL_POSITION_NED       src=1.1    time_boot_ms=2948133694 x=12 y=-7 z=5.03918 vx=0 vy=0 vz=0
2026-09-17 19:45:28.831 | RC_CHANNELS              src=1.1    time_boot_ms=2948133694 chancount=0 chan1_raw=0 chan2_raw=0 chan3_raw=0 chan4_raw=0 chan5_raw=0 chan6_raw=0 chan7_raw=0 chan8_raw=0 chan9_raw=0 chan10_raw=0 chan11_raw=0 chan12_raw=0 chan13_raw=0 chan14_raw=0 chan15_raw=0 chan16_raw=0 chan17_raw=0 chan18_raw=0 rssi=255
2026-09-17 19:45:28.933 | GLOBAL_POSITION_INT      src=1.1    time_boot_ms=2948133796 lat=133458059 lon=747940080 alt=74580 relative_alt=-3619 vx=0 vy=0 vz=0 hdg=0
2026-09-17 19:45:28.933 | LOCAL_POSITION_NED       src=1.1    time_boot_ms=2948133796 x=12 y=-7 z=5.03918 vx=0 vy=0 vz=0
2026-09-17 19:45:28.933 | RC_CHANNELS              src=1.1    time_boot_ms=2948133796 chancount=0 chan1_raw=0 chan2_raw=0 chan3_raw=0 chan4_raw=0 chan5_raw=0 chan6_raw=0 chan7_raw=0 chan8_raw=0 chan9_raw=0 chan10_raw=0 chan11_raw=0 chan12_raw=0 chan13_raw=0 chan14_raw=0 chan15_raw=0 chan16_raw=0 chan17_raw=0 chan18_raw=0 rssi=255
2026-09-17 19:45:29.038 | GLOBAL_POSITION_INT      src=1.1    time_boot_ms=2948133900 lat=133458059 lon=747940080 alt=74580 relative_alt=-3619 vx=0 vy=0 vz=0 hdg=0
2026-09-17 19:45:29.039 | LOCAL_POSITION_NED       src=1.1    time_boot_ms=2948133900 x=12 y=-7 z=5.03918 vx=0 vy=0 vz=0
2026-09-17 19:45:29.039 | RC_CHANNELS              src=1.1    time_boot_ms=2948133900 chancount=0 chan1_raw=0 chan2_raw=0 chan3_raw=0 chan4_raw=0 chan5_raw=0 chan6_raw=0 chan7_raw=0 chan8_raw=0 chan9_raw=0 chan10_raw=0 chan11_raw=0 chan12_raw=0 chan13_raw=0 chan14_raw=0 chan15_raw=0 chan16_raw=0 chan17_raw=0 chan18_raw=0 rssi=255
2026-09-17 19:45:29.143 | GLOBAL_POSITION_INT      src=1.1    time_boot_ms=2948134005 lat=133458059 lon=747940080 alt=74580 relative_alt=-3619 vx=0 vy=0 vz=0 hdg=0
2026-09-17 19:45:29.144 | LOCAL_POSITION_NED       src=1.1    time_boot_ms=2948134005 x=12 y=-7 z=5.03918 vx=0 vy=0 vz=0
2026-09-17 19:45:29.144 | RC_CHANNELS              src=1.1    time_boot_ms=2948134005 chancount=0 chan1_raw=0 chan2_raw=0 chan3_raw=0 chan4_raw=0 chan5_raw=0 chan6_raw=0 chan7_raw=0 chan8_raw=0 chan9_raw=0 chan10_raw=0 chan11_raw=0 chan12_raw=0 chan13_raw=0 chan14_raw=0 chan15_raw=0 chan16_raw=0 chan17_raw=0 chan18_raw=0 rssi=255
2026-09-17 19:45:29.246 | GLOBAL_POSITION_INT      src=1.1    time_boot_ms=2948134109 lat=133458059 lon=747940080 alt=74580 relative_alt=-3619 vx=0 vy=0 vz=0 hdg=0
2026-09-17 19:45:29.247 | LOCAL_POSITION_NED       src=1.1    time_boot_ms=2948134109 x=12 y=-7 z=5.03918 vx=0 vy=0 vz=0
2026-09-17 19:45:29.247 | RC_CHANNELS              src=1.1    time_boot_ms=2948134109 chancount=0 chan1_raw=0 chan2_raw=0 chan3_raw=0 chan4_raw=0 chan5_raw=0 chan6_raw=0 chan7_raw=0 chan8_raw=0 chan9_raw=0 chan10_raw=0 chan11_raw=0 chan12_raw=0 chan13_raw=0 chan14_raw=0 chan15_raw=0 chan16_raw=0 chan17_raw=0 chan18_raw=0 rssi=255
2026-09-17 19:45:29.328 | HEARTBEAT                src=1.1    type=2 autopilot=3 base_mode=1 custom_mode=5 system_status=4 mavlink_version=3
2026-09-17 19:45:29.329 | SYS_STATUS               src=1.1    onboard_control_sensors_present=0 onboard_control_sensors_enabled=0 onboard_control_sensors_health=0 load=250 voltage_battery=16800 current_battery=1000 battery_remaining=98 drop_rate_comm=0 errors_comm=0 errors_count1=0 errors_count2=0 errors_count3=0 errors_count4=0
2026-09-17 19:45:29.329 | GPS_RAW_INT              src=1.1    time_usec=1789654529327934 fix_type=3 lat=133458059 lon=747940080 alt=74580 eph=100 epv=100 vel=0 cog=0 satellites_visible=16
2026-09-17 19:45:29.329 | EKF_STATUS_REPORT        src=1.1    flags=831 velocity_variance=0.09 pos_horiz_variance=0.001 pos_vert_variance=0.005 compass_variance=0.0004 terrain_alt_variance=0
2026-09-17 19:45:29.329 | FENCE_STATUS             src=1.1    breach_status=0 breach_count=0 breach_type=0 breach_time=0
2026-09-17 19:45:29.349 | GLOBAL_POSITION_INT      src=1.1    time_boot_ms=2948134212 lat=133458059 lon=747940080 alt=74580 relative_alt=-3619 vx=0 vy=0 vz=0 hdg=0
2026-09-17 19:45:29.349 | LOCAL_POSITION_NED       src=1.1    time_boot_ms=2948134212 x=12 y=-7 z=5.03918 vx=0 vy=0 vz=0
2026-09-17 19:45:29.349 | RC_CHANNELS              src=1.1    time_boot_ms=2948134212 chancount=0 chan1_raw=0 chan2_raw=0 chan3_raw=0 chan4_raw=0 chan5_raw=0 chan6_raw=0 chan7_raw=0 chan8_raw=0 chan9_raw=0 chan10_raw=0 chan11_raw=0 chan12_raw=0 chan13_raw=0 chan14_raw=0 chan15_raw=0 chan16_raw=0 chan17_raw=0 chan18_raw=0 rssi=255
2026-09-17 19:45:29.454 | GLOBAL_POSITION_INT      src=1.1    time_boot_ms=2948134317 lat=133458059 lon=747940080 alt=74580 relative_alt=-3619 vx=0 vy=0 vz=0 hdg=0
2026-09-17 19:45:29.454 | LOCAL_POSITION_NED       src=1.1    time_boot_ms=2948134317 x=12 y=-7 z=5.03918 vx=0 vy=0 vz=0
2026-09-17 19:45:29.454 | RC_CHANNELS              src=1.1    time_boot_ms=2948134317 chancount=0 chan1_raw=0 chan2_raw=0 chan3_raw=0 chan4_raw=0 chan5_raw=0 chan6_raw=0 chan7_raw=0 chan8_raw=0 chan9_raw=0 chan10_raw=0 chan11_raw=0 chan12_raw=0 chan13_raw=0 chan14_raw=0 chan15_raw=0 chan16_raw=0 chan17_raw=0 chan18_raw=0 rssi=255
2026-09-17 19:45:29.557 | GLOBAL_POSITION_INT      src=1.1    time_boot_ms=2948134420 lat=133458059 lon=747940080 alt=74580 relative_alt=-3619 vx=0 vy=0 vz=0 hdg=0
2026-09-17 19:45:29.557 | LOCAL_POSITION_NED       src=1.1    time_boot_ms=2948134420 x=12 y=-7 z=5.03918 vx=0 vy=0 vz=0
2026-09-17 19:45:29.558 | RC_CHANNELS              src=1.1    time_boot_ms=2948134420 chancount=0 chan1_raw=0 chan2_raw=0 chan3_raw=0 chan4_raw=0 chan5_raw=0 chan6_raw=0 chan7_raw=0 chan8_raw=0 chan9_raw=0 chan10_raw=0 chan11_raw=0 chan12_raw=0 chan13_raw=0 chan14_raw=0 chan15_raw=0 chan16_raw=0 chan17_raw=0 chan18_raw=0 rssi=255
2026-09-17 19:45:29.661 | GLOBAL_POSITION_INT      src=1.1    time_boot_ms=2948134523 lat=133458059 lon=747940080 alt=74580 relative_alt=-3619 vx=0 vy=0 vz=0 hdg=0
2026-09-17 19:45:29.661 | LOCAL_POSITION_NED       src=1.1    time_boot_ms=2948134523 x=12 y=-7 z=5.03918 vx=0 vy=0 vz=0
2026-09-17 19:45:29.661 | RC_CHANNELS              src=1.1    time_boot_ms=2948134523 chancount=0 chan1_raw=0 chan2_raw=0 chan3_raw=0 chan4_raw=0 chan5_raw=0 chan6_raw=0 chan7_raw=0 chan8_raw=0 chan9_raw=0 chan10_raw=0 chan11_raw=0 chan12_raw=0 chan13_raw=0 chan14_raw=0 chan15_raw=0 chan16_raw=0 chan17_raw=0 chan18_raw=0 rssi=255
2026-09-17 19:45:29.764 | GLOBAL_POSITION_INT      src=1.1    time_boot_ms=2948134628 lat=133458059 lon=747940080 alt=74580 relative_alt=-3619 vx=0 vy=0 vz=0 hdg=0
2026-09-17 19:45:29.765 | LOCAL_POSITION_NED       src=1.1    time_boot_ms=2948134628 x=12 y=-7 z=5.03918 vx=0 vy=0 vz=0
2026-09-17 19:45:29.765 | RC_CHANNELS              src=1.1    time_boot_ms=2948134628 chancount=0 chan1_raw=0 chan2_raw=0 chan3_raw=0 chan4_raw=0 chan5_raw=0 chan6_raw=0 chan7_raw=0 chan8_raw=0 chan9_raw=0 chan10_raw=0 chan11_raw=0 chan12_raw=0 chan13_raw=0 chan14_raw=0 chan15_raw=0 chan16_raw=0 chan17_raw=0 chan18_raw=0 rssi=255
2026-09-17 19:45:29.848 | HEARTBEAT                src=1.1    type=2 autopilot=3 base_mode=1 custom_mode=5 system_status=4 mavlink_version=3
2026-09-17 19:45:29.848 | SUMMARY mode=LOITER disarmed alt=-3.62m ned=(12.00,-7.00,5.04) gps=(13.3458059,74.7940080) fix=3 sats=16 eph=100 batt=16.80V/10.0A/98% ch8=0 rssi=255 ekf=0x033f v=0.09 p=0.00 c=0.00 rx=13652 drop=0
2026-09-17 19:45:29.849 | SYS_STATUS               src=1.1    onboard_control_sensors_present=0 onboard_control_sensors_enabled=0 onboard_control_sensors_health=0 load=250 voltage_battery=16800 current_battery=1000 battery_remaining=98 drop_rate_comm=0 errors_comm=0 errors_count1=0 errors_count2=0 errors_count3=0 errors_count4=0
2026-09-17 19:45:29.849 | GPS_RAW_INT              src=1.1    time_usec=1789654529846310 fix_type=3 lat=133458059 lon=747940080 alt=74580 eph=100 epv=100 vel=0 cog=0 satellites_visible=16
2026-09-17 19:45:29.849 | EKF_STATUS_REPORT        src=1.1    flags=831 velocity_variance=0.09 pos_horiz_variance=0.001 pos_vert_variance=0.005 compass_variance=0.0004 terrain_alt_variance=0
2026-09-17 19:45:29.849 | FENCE_STATUS             src=1.1    breach_status=0 breach_count=0 breach_type=0 breach_time=0
2026-09-17 19:45:29.869 | GLOBAL_POSITION_INT      src=1.1    time_boot_ms=2948134732 lat=133458059 lon=747940080 alt=74580 relative_alt=-3619 vx=0 vy=0 vz=0 hdg=0
2026-09-17 19:45:29.869 | LOCAL_POSITION_NED       src=1.1    time_boot_ms=2948134732 x=12 y=-7 z=5.03918 vx=0 vy=0 vz=0
2026-09-17 19:45:29.869 | RC_CHANNELS              src=1.1    time_boot_ms=2948134732 chancount=0 chan1_raw=0 chan2_raw=0 chan3_raw=0 chan4_raw=0 chan5_raw=0 chan6_raw=0 chan7_raw=0 chan8_raw=0 chan9_raw=0 chan10_raw=0 chan11_raw=0 chan12_raw=0 chan13_raw=0 chan14_raw=0 chan15_raw=0 chan16_raw=0 chan17_raw=0 chan18_raw=0 rssi=255
2026-09-17 19:45:29.974 | GLOBAL_POSITION_INT      src=1.1    time_boot_ms=2948134837 lat=133458059 lon=747940080 alt=74580 relative_alt=-3619 vx=0 vy=0 vz=0 hdg=0
2026-09-17 19:45:29.974 | LOCAL_POSITION_NED       src=1.1    time_boot_ms=2948134837 x=12 y=-7 z=5.03918 vx=0 vy=0 vz=0
2026-09-17 19:45:29.974 | RC_CHANNELS              src=1.1    time_boot_ms=2948134837 chancount=0 chan1_raw=0 chan2_raw=0 chan3_raw=0 chan4_raw=0 chan5_raw=0 chan6_raw=0 chan7_raw=0 chan8_raw=0 chan9_raw=0 chan10_raw=0 chan11_raw=0 chan12_raw=0 chan13_raw=0 chan14_raw=0 chan15_raw=0 chan16_raw=0 chan17_raw=0 chan18_raw=0 rssi=255
2026-09-17 19:45:30.077 | GLOBAL_POSITION_INT      src=1.1    time_boot_ms=2948134939 lat=133458059 lon=747940080 alt=74580 relative_alt=-3619 vx=0 vy=0 vz=0 hdg=0
2026-09-17 19:45:30.077 | LOCAL_POSITION_NED       src=1.1    time_boot_ms=2948134939 x=12 y=-7 z=5.03918 vx=0 vy=0 vz=0
2026-09-17 19:45:30.077 | RC_CHANNELS              src=1.1    time_boot_ms=2948134939 chancount=0 chan1_raw=0 chan2_raw=0 chan3_raw=0 chan4_raw=0 chan5_raw=0 chan6_raw=0 chan7_raw=0 chan8_raw=0 chan9_raw=0 chan10_raw=0 chan11_raw=0 chan12_raw=0 chan13_raw=0 chan14_raw=0 chan15_raw=0 chan16_raw=0 chan17_raw=0 chan18_raw=0 rssi=255
2026-09-17 19:45:30.180 | GLOBAL_POSITION_INT      src=1.1    time_boot_ms=2948135043 lat=133458059 lon=747940080 alt=74580 relative_alt=-3619 vx=0 vy=0 vz=0 hdg=0
2026-09-17 19:45:30.180 | LOCAL_POSITION_NED       src=1.1    time_boot_ms=2948135043 x=12 y=-7 z=5.03918 vx=0 vy=0 vz=0
2026-09-17 19:45:30.181 | RC_CHANNELS              src=1.1    time_boot_ms=2948135043 chancount=0 chan1_raw=0 chan2_raw=0 chan3_raw=0 chan4_raw=0 chan5_raw=0 chan6_raw=0 chan7_raw=0 chan8_raw=0 chan9_raw=0 chan10_raw=0 chan11_raw=0 chan12_raw=0 chan13_raw=0 chan14_raw=0 chan15_raw=0 chan16_raw=0 chan17_raw=0 chan18_raw=0 rssi=255
2026-09-17 19:45:30.285 | GLOBAL_POSITION_INT      src=1.1    time_boot_ms=2948135148 lat=133458059 lon=747940080 alt=74580 relative_alt=-3619 vx=0 vy=0 vz=0 hdg=0
2026-09-17 19:45:30.285 | LOCAL_POSITION_NED       src=1.1    time_boot_ms=2948135148 x=12 y=-7 z=5.03918 vx=0 vy=0 vz=0
2026-09-17 19:45:30.285 | RC_CHANNELS              src=1.1    time_boot_ms=2948135148 chancount=0 chan1_raw=0 chan2_raw=0 chan3_raw=0 chan4_raw=0 chan5_raw=0 chan6_raw=0 chan7_raw=0 chan8_raw=0 chan9_raw=0 chan10_raw=0 chan11_raw=0 chan12_raw=0 chan13_raw=0 chan14_raw=0 chan15_raw=0 chan16_raw=0 chan17_raw=0 chan18_raw=0 rssi=255
2026-09-17 19:45:30.370 | HEARTBEAT                src=1.1    type=2 autopilot=3 base_mode=1 custom_mode=5 system_status=4 mavlink_version=3
2026-09-17 19:45:30.371 | SYS_STATUS               src=1.1    onboard_control_sensors_present=0 onboard_control_sensors_enabled=0 onboard_control_sensors_health=0 load=250 voltage_battery=16800 current_battery=1000 battery_remaining=98 drop_rate_comm=0 errors_comm=0 errors_count1=0 errors_count2=0 errors_count3=0 errors_count4=0
2026-09-17 19:45:30.371 | GPS_RAW_INT              src=1.1    time_usec=1789654530366963 fix_type=3 lat=133458059 lon=747940080 alt=74580 eph=100 epv=100 vel=0 cog=0 satellites_visible=16
2026-09-17 19:45:30.371 | EKF_STATUS_REPORT        src=1.1    flags=831 velocity_variance=0.09 pos_horiz_variance=0.001 pos_vert_variance=0.005 compass_variance=0.0004 terrain_alt_variance=0
2026-09-17 19:45:30.371 | FENCE_STATUS             src=1.1    breach_status=0 breach_count=0 breach_type=0 breach_time=0
2026-09-17 19:45:30.391 | GLOBAL_POSITION_INT      src=1.1    time_boot_ms=2948135254 lat=133458059 lon=747940080 alt=74580 relative_alt=-3619 vx=0 vy=0 vz=0 hdg=0
2026-09-17 19:45:30.392 | LOCAL_POSITION_NED       src=1.1    time_boot_ms=2948135254 x=12 y=-7 z=5.03918 vx=0 vy=0 vz=0
2026-09-17 19:45:30.392 | RC_CHANNELS              src=1.1    time_boot_ms=2948135254 chancount=0 chan1_raw=0 chan2_raw=0 chan3_raw=0 chan4_raw=0 chan5_raw=0 chan6_raw=0 chan7_raw=0 chan8_raw=0 chan9_raw=0 chan10_raw=0 chan11_raw=0 chan12_raw=0 chan13_raw=0 chan14_raw=0 chan15_raw=0 chan16_raw=0 chan17_raw=0 chan18_raw=0 rssi=255
2026-09-17 19:45:30.496 | GLOBAL_POSITION_INT      src=1.1    time_boot_ms=2948135358 lat=133458059 lon=747940080 alt=74580 relative_alt=-3619 vx=0 vy=0 vz=0 hdg=0
2026-09-17 19:45:30.496 | LOCAL_POSITION_NED       src=1.1    time_boot_ms=2948135358 x=12 y=-7 z=5.03918 vx=0 vy=0 vz=0
2026-09-17 19:45:30.497 | RC_CHANNELS              src=1.1    time_boot_ms=2948135358 chancount=0 chan1_raw=0 chan2_raw=0 chan3_raw=0 chan4_raw=0 chan5_raw=0 chan6_raw=0 chan7_raw=0 chan8_raw=0 chan9_raw=0 chan10_raw=0 chan11_raw=0 chan12_raw=0 chan13_raw=0 chan14_raw=0 chan15_raw=0 chan16_raw=0 chan17_raw=0 chan18_raw=0 rssi=255
2026-09-17 19:45:30.601 | GLOBAL_POSITION_INT      src=1.1    time_boot_ms=2948135463 lat=133458059 lon=747940080 alt=74580 relative_alt=-3619 vx=0 vy=0 vz=0 hdg=0
2026-09-17 19:45:30.601 | LOCAL_POSITION_NED       src=1.1    time_boot_ms=2948135463 x=12 y=-7 z=5.03918 vx=0 vy=0 vz=0
2026-09-17 19:45:30.601 | RC_CHANNELS              src=1.1    time_boot_ms=2948135463 chancount=0 chan1_raw=0 chan2_raw=0 chan3_raw=0 chan4_raw=0 chan5_raw=0 chan6_raw=0 chan7_raw=0 chan8_raw=0 chan9_raw=0 chan10_raw=0 chan11_raw=0 chan12_raw=0 chan13_raw=0 chan14_raw=0 chan15_raw=0 chan16_raw=0 chan17_raw=0 chan18_raw=0 rssi=255
2026-09-17 19:45:30.702 | GLOBAL_POSITION_INT      src=1.1    time_boot_ms=2948135565 lat=133458059 lon=747940080 alt=74580 relative_alt=-3619 vx=0 vy=0 vz=0 hdg=0
2026-09-17 19:45:30.702 | LOCAL_POSITION_NED       src=1.1    time_boot_ms=2948135565 x=12 y=-7 z=5.03918 vx=0 vy=0 vz=0
2026-09-17 19:45:30.702 | RC_CHANNELS              src=1.1    time_boot_ms=2948135565 chancount=0 chan1_raw=0 chan2_raw=0 chan3_raw=0 chan4_raw=0 chan5_raw=0 chan6_raw=0 chan7_raw=0 chan8_raw=0 chan9_raw=0 chan10_raw=0 chan11_raw=0 chan12_raw=0 chan13_raw=0 chan14_raw=0 chan15_raw=0 chan16_raw=0 chan17_raw=0 chan18_raw=0 rssi=255
2026-09-17 19:45:30.813 | GLOBAL_POSITION_INT      src=1.1    time_boot_ms=2948135669 lat=133458059 lon=747940080 alt=74580 relative_alt=-3619 vx=0 vy=0 vz=0 hdg=0
2026-09-17 19:45:30.814 | LOCAL_POSITION_NED       src=1.1    time_boot_ms=2948135669 x=12 y=-7 z=5.03918 vx=0 vy=0 vz=0
2026-09-17 19:45:30.816 | RC_CHANNELS              src=1.1    time_boot_ms=2948135669 chancount=0 chan1_raw=0 chan2_raw=0 chan3_raw=0 chan4_raw=0 chan5_raw=0 chan6_raw=0 chan7_raw=0 chan8_raw=0 chan9_raw=0 chan10_raw=0 chan11_raw=0 chan12_raw=0 chan13_raw=0 chan14_raw=0 chan15_raw=0 chan16_raw=0 chan17_raw=0 chan18_raw=0 rssi=255
2026-09-17 19:45:30.870 | HEARTBEAT                src=1.1    type=2 autopilot=3 base_mode=1 custom_mode=5 system_status=4 mavlink_version=3
2026-09-17 19:45:30.870 | SUMMARY mode=LOITER disarmed alt=-3.62m ned=(12.00,-7.00,5.04) gps=(13.3458059,74.7940080) fix=3 sats=16 eph=100 batt=16.80V/10.0A/98% ch8=0 rssi=255 ekf=0x033f v=0.09 p=0.00 c=0.00 rx=13692 drop=0
2026-09-17 19:45:30.870 | SYS_STATUS               src=1.1    onboard_control_sensors_present=0 onboard_control_sensors_enabled=0 onboard_control_sensors_health=0 load=250 voltage_battery=16800 current_battery=1000 battery_remaining=98 drop_rate_comm=0 errors_comm=0 errors_count1=0 errors_count2=0 errors_count3=0 errors_count4=0
2026-09-17 19:45:30.870 | GPS_RAW_INT              src=1.1    time_usec=1789654530869384 fix_type=3 lat=133458059 lon=747940080 alt=74580 eph=100 epv=100 vel=0 cog=0 satellites_visible=16
2026-09-17 19:45:30.870 | EKF_STATUS_REPORT        src=1.1    flags=831 velocity_variance=0.09 pos_horiz_variance=0.001 pos_vert_variance=0.005 compass_variance=0.0004 terrain_alt_variance=0
2026-09-17 19:45:30.870 | FENCE_STATUS             src=1.1    breach_status=0 breach_count=0 breach_type=0 breach_time=0
2026-09-17 19:45:30.911 | GLOBAL_POSITION_INT      src=1.1    time_boot_ms=2948135774 lat=133458059 lon=747940080 alt=74580 relative_alt=-3619 vx=0 vy=0 vz=0 hdg=0
2026-09-17 19:45:30.911 | LOCAL_POSITION_NED       src=1.1    time_boot_ms=2948135774 x=12 y=-7 z=5.03918 vx=0 vy=0 vz=0
2026-09-17 19:45:30.911 | RC_CHANNELS              src=1.1    time_boot_ms=2948135774 chancount=0 chan1_raw=0 chan2_raw=0 chan3_raw=0 chan4_raw=0 chan5_raw=0 chan6_raw=0 chan7_raw=0 chan8_raw=0 chan9_raw=0 chan10_raw=0 chan11_raw=0 chan12_raw=0 chan13_raw=0 chan14_raw=0 chan15_raw=0 chan16_raw=0 chan17_raw=0 chan18_raw=0 rssi=255
2026-09-17 19:45:31.016 | GLOBAL_POSITION_INT      src=1.1    time_boot_ms=2948135879 lat=133458059 lon=747940080 alt=74580 relative_alt=-3619 vx=0 vy=0 vz=0 hdg=0
2026-09-17 19:45:31.017 | LOCAL_POSITION_NED       src=1.1    time_boot_ms=2948135879 x=12 y=-7 z=5.03918 vx=0 vy=0 vz=0
2026-09-17 19:45:31.018 | RC_CHANNELS              src=1.1    time_boot_ms=2948135879 chancount=0 chan1_raw=0 chan2_raw=0 chan3_raw=0 chan4_raw=0 chan5_raw=0 chan6_raw=0 chan7_raw=0 chan8_raw=0 chan9_raw=0 chan10_raw=0 chan11_raw=0 chan12_raw=0 chan13_raw=0 chan14_raw=0 chan15_raw=0 chan16_raw=0 chan17_raw=0 chan18_raw=0 rssi=255
2026-09-17 19:45:31.122 | GLOBAL_POSITION_INT      src=1.1    time_boot_ms=2948135986 lat=133458059 lon=747940080 alt=74580 relative_alt=-3619 vx=0 vy=0 vz=0 hdg=0
2026-09-17 19:45:31.123 | LOCAL_POSITION_NED       src=1.1    time_boot_ms=2948135986 x=12 y=-7 z=5.03918 vx=0 vy=0 vz=0
2026-09-17 19:45:31.123 | RC_CHANNELS              src=1.1    time_boot_ms=2948135986 chancount=0 chan1_raw=0 chan2_raw=0 chan3_raw=0 chan4_raw=0 chan5_raw=0 chan6_raw=0 chan7_raw=0 chan8_raw=0 chan9_raw=0 chan10_raw=0 chan11_raw=0 chan12_raw=0 chan13_raw=0 chan14_raw=0 chan15_raw=0 chan16_raw=0 chan17_raw=0 chan18_raw=0 rssi=255
2026-09-17 19:45:31.227 | GLOBAL_POSITION_INT      src=1.1    time_boot_ms=2948136089 lat=133458059 lon=747940080 alt=74580 relative_alt=-3619 vx=0 vy=0 vz=0 hdg=0
2026-09-17 19:45:31.227 | LOCAL_POSITION_NED       src=1.1    time_boot_ms=2948136089 x=12 y=-7 z=5.03918 vx=0 vy=0 vz=0
2026-09-17 19:45:31.227 | RC_CHANNELS              src=1.1    time_boot_ms=2948136089 chancount=0 chan1_raw=0 chan2_raw=0 chan3_raw=0 chan4_raw=0 chan5_raw=0 chan6_raw=0 chan7_raw=0 chan8_raw=0 chan9_raw=0 chan10_raw=0 chan11_raw=0 chan12_raw=0 chan13_raw=0 chan14_raw=0 chan15_raw=0 chan16_raw=0 chan17_raw=0 chan18_raw=0 rssi=255
2026-09-17 19:45:31.330 | GLOBAL_POSITION_INT      src=1.1    time_boot_ms=2948136193 lat=133458059 lon=747940080 alt=74580 relative_alt=-3619 vx=0 vy=0 vz=0 hdg=0
2026-09-17 19:45:31.330 | LOCAL_POSITION_NED       src=1.1    time_boot_ms=2948136193 x=12 y=-7 z=5.03918 vx=0 vy=0 vz=0
2026-09-17 19:45:31.330 | RC_CHANNELS              src=1.1    time_boot_ms=2948136193 chancount=0 chan1_raw=0 chan2_raw=0 chan3_raw=0 chan4_raw=0 chan5_raw=0 chan6_raw=0 chan7_raw=0 chan8_raw=0 chan9_raw=0 chan10_raw=0 chan11_raw=0 chan12_raw=0 chan13_raw=0 chan14_raw=0 chan15_raw=0 chan16_raw=0 chan17_raw=0 chan18_raw=0 rssi=255
2026-09-17 19:45:31.372 | HEARTBEAT                src=1.1    type=2 autopilot=3 base_mode=1 custom_mode=5 system_status=4 mavlink_version=3
2026-09-17 19:45:31.372 | SYS_STATUS               src=1.1    onboard_control_sensors_present=0 onboard_control_sensors_enabled=0 onboard_control_sensors_health=0 load=250 voltage_battery=16800 current_battery=1000 battery_remaining=98 drop_rate_comm=0 errors_comm=0 errors_count1=0 errors_count2=0 errors_count3=0 errors_count4=0
2026-09-17 19:45:31.372 | GPS_RAW_INT              src=1.1    time_usec=1789654531371199 fix_type=3 lat=133458059 lon=747940080 alt=74580 eph=100 epv=100 vel=0 cog=0 satellites_visible=16
2026-09-17 19:45:31.372 | EKF_STATUS_REPORT        src=1.1    flags=831 velocity_variance=0.09 pos_horiz_variance=0.001 pos_vert_variance=0.005 compass_variance=0.0004 terrain_alt_variance=0
2026-09-17 19:45:31.372 | FENCE_STATUS             src=1.1    breach_status=0 breach_count=0 breach_type=0 breach_time=0
2026-09-17 19:45:31.434 | GLOBAL_POSITION_INT      src=1.1    time_boot_ms=2948136297 lat=133458059 lon=747940080 alt=74580 relative_alt=-3619 vx=0 vy=0 vz=0 hdg=0
2026-09-17 19:45:31.434 | LOCAL_POSITION_NED       src=1.1    time_boot_ms=2948136297 x=12 y=-7 z=5.03918 vx=0 vy=0 vz=0
2026-09-17 19:45:31.435 | RC_CHANNELS              src=1.1    time_boot_ms=2948136297 chancount=0 chan1_raw=0 chan2_raw=0 chan3_raw=0 chan4_raw=0 chan5_raw=0 chan6_raw=0 chan7_raw=0 chan8_raw=0 chan9_raw=0 chan10_raw=0 chan11_raw=0 chan12_raw=0 chan13_raw=0 chan14_raw=0 chan15_raw=0 chan16_raw=0 chan17_raw=0 chan18_raw=0 rssi=255
2026-09-17 19:45:31.537 | GLOBAL_POSITION_INT      src=1.1    time_boot_ms=2948136400 lat=133458059 lon=747940080 alt=74580 relative_alt=-3619 vx=0 vy=0 vz=0 hdg=0
2026-09-17 19:45:31.537 | LOCAL_POSITION_NED       src=1.1    time_boot_ms=2948136400 x=12 y=-7 z=5.03918 vx=0 vy=0 vz=0
2026-09-17 19:45:31.537 | RC_CHANNELS              src=1.1    time_boot_ms=2948136400 chancount=0 chan1_raw=0 chan2_raw=0 chan3_raw=0 chan4_raw=0 chan5_raw=0 chan6_raw=0 chan7_raw=0 chan8_raw=0 chan9_raw=0 chan10_raw=0 chan11_raw=0 chan12_raw=0 chan13_raw=0 chan14_raw=0 chan15_raw=0 chan16_raw=0 chan17_raw=0 chan18_raw=0 rssi=255
2026-09-17 19:45:31.641 | GLOBAL_POSITION_INT      src=1.1    time_boot_ms=2948136505 lat=133458059 lon=747940080 alt=74580 relative_alt=-3619 vx=0 vy=0 vz=0 hdg=0
2026-09-17 19:45:31.642 | LOCAL_POSITION_NED       src=1.1    time_boot_ms=2948136505 x=12 y=-7 z=5.03918 vx=0 vy=0 vz=0
2026-09-17 19:45:31.642 | RC_CHANNELS              src=1.1    time_boot_ms=2948136505 chancount=0 chan1_raw=0 chan2_raw=0 chan3_raw=0 chan4_raw=0 chan5_raw=0 chan6_raw=0 chan7_raw=0 chan8_raw=0 chan9_raw=0 chan10_raw=0 chan11_raw=0 chan12_raw=0 chan13_raw=0 chan14_raw=0 chan15_raw=0 chan16_raw=0 chan17_raw=0 chan18_raw=0 rssi=255
2026-09-17 19:45:31.744 | GLOBAL_POSITION_INT      src=1.1    time_boot_ms=2948136608 lat=133458059 lon=747940080 alt=74580 relative_alt=-3619 vx=0 vy=0 vz=0 hdg=0
2026-09-17 19:45:31.745 | LOCAL_POSITION_NED       src=1.1    time_boot_ms=2948136608 x=12 y=-7 z=5.03918 vx=0 vy=0 vz=0
2026-09-17 19:45:31.745 | RC_CHANNELS              src=1.1    time_boot_ms=2948136608 chancount=0 chan1_raw=0 chan2_raw=0 chan3_raw=0 chan4_raw=0 chan5_raw=0 chan6_raw=0 chan7_raw=0 chan8_raw=0 chan9_raw=0 chan10_raw=0 chan11_raw=0 chan12_raw=0 chan13_raw=0 chan14_raw=0 chan15_raw=0 chan16_raw=0 chan17_raw=0 chan18_raw=0 rssi=255
2026-09-17 19:45:31.850 | GLOBAL_POSITION_INT      src=1.1    time_boot_ms=2948136711 lat=133458059 lon=747940080 alt=74580 relative_alt=-3619 vx=0 vy=0 vz=0 hdg=0
2026-09-17 19:45:31.851 | LOCAL_POSITION_NED       src=1.1    time_boot_ms=2948136711 x=12 y=-7 z=5.03918 vx=0 vy=0 vz=0
2026-09-17 19:45:31.852 | RC_CHANNELS              src=1.1    time_boot_ms=2948136711 chancount=0 chan1_raw=0 chan2_raw=0 chan3_raw=0 chan4_raw=0 chan5_raw=0 chan6_raw=0 chan7_raw=0 chan8_raw=0 chan9_raw=0 chan10_raw=0 chan11_raw=0 chan12_raw=0 chan13_raw=0 chan14_raw=0 chan15_raw=0 chan16_raw=0 chan17_raw=0 chan18_raw=0 rssi=255
2026-09-17 19:45:31.875 | HEARTBEAT                src=1.1    type=2 autopilot=3 base_mode=1 custom_mode=5 system_status=4 mavlink_version=3
2026-09-17 19:45:31.876 | SUMMARY mode=LOITER disarmed alt=-3.62m ned=(12.00,-7.00,5.04) gps=(13.3458059,74.7940080) fix=3 sats=16 eph=100 batt=16.80V/10.0A/98% ch8=0 rssi=255 ekf=0x033f v=0.09 p=0.00 c=0.00 rx=13732 drop=0
2026-09-17 19:45:31.876 | SYS_STATUS               src=1.1    onboard_control_sensors_present=0 onboard_control_sensors_enabled=0 onboard_control_sensors_health=0 load=250 voltage_battery=16800 current_battery=1000 battery_remaining=98 drop_rate_comm=0 errors_comm=0 errors_count1=0 errors_count2=0 errors_count3=0 errors_count4=0
2026-09-17 19:45:31.876 | GPS_RAW_INT              src=1.1    time_usec=1789654531871800 fix_type=3 lat=133458059 lon=747940080 alt=74580 eph=100 epv=100 vel=0 cog=0 satellites_visible=16
2026-09-17 19:45:31.876 | EKF_STATUS_REPORT        src=1.1    flags=831 velocity_variance=0.09 pos_horiz_variance=0.001 pos_vert_variance=0.005 compass_variance=0.0004 terrain_alt_variance=0
2026-09-17 19:45:31.877 | FENCE_STATUS             src=1.1    breach_status=0 breach_count=0 breach_type=0 breach_time=0
2026-09-17 19:45:31.957 | GLOBAL_POSITION_INT      src=1.1    time_boot_ms=2948136821 lat=133458059 lon=747940080 alt=74580 relative_alt=-3619 vx=0 vy=0 vz=0 hdg=0
2026-09-17 19:45:31.958 | LOCAL_POSITION_NED       src=1.1    time_boot_ms=2948136821 x=12 y=-7 z=5.03918 vx=0 vy=0 vz=0
2026-09-17 19:45:31.958 | RC_CHANNELS              src=1.1    time_boot_ms=2948136821 chancount=0 chan1_raw=0 chan2_raw=0 chan3_raw=0 chan4_raw=0 chan5_raw=0 chan6_raw=0 chan7_raw=0 chan8_raw=0 chan9_raw=0 chan10_raw=0 chan11_raw=0 chan12_raw=0 chan13_raw=0 chan14_raw=0 chan15_raw=0 chan16_raw=0 chan17_raw=0 chan18_raw=0 rssi=255
2026-09-17 19:45:32.063 | GLOBAL_POSITION_INT      src=1.1    time_boot_ms=2948136926 lat=133458059 lon=747940080 alt=74580 relative_alt=-3619 vx=0 vy=0 vz=0 hdg=0
2026-09-17 19:45:32.063 | LOCAL_POSITION_NED       src=1.1    time_boot_ms=2948136926 x=12 y=-7 z=5.03918 vx=0 vy=0 vz=0
2026-09-17 19:45:32.063 | RC_CHANNELS              src=1.1    time_boot_ms=2948136926 chancount=0 chan1_raw=0 chan2_raw=0 chan3_raw=0 chan4_raw=0 chan5_raw=0 chan6_raw=0 chan7_raw=0 chan8_raw=0 chan9_raw=0 chan10_raw=0 chan11_raw=0 chan12_raw=0 chan13_raw=0 chan14_raw=0 chan15_raw=0 chan16_raw=0 chan17_raw=0 chan18_raw=0 rssi=255
2026-09-17 19:45:32.170 | GLOBAL_POSITION_INT      src=1.1    time_boot_ms=2948137032 lat=133458059 lon=747940080 alt=74580 relative_alt=-3619 vx=0 vy=0 vz=0 hdg=0
2026-09-17 19:45:32.171 | LOCAL_POSITION_NED       src=1.1    time_boot_ms=2948137032 x=12 y=-7 z=5.03918 vx=0 vy=0 vz=0
2026-09-17 19:45:32.172 | RC_CHANNELS              src=1.1    time_boot_ms=2948137032 chancount=0 chan1_raw=0 chan2_raw=0 chan3_raw=0 chan4_raw=0 chan5_raw=0 chan6_raw=0 chan7_raw=0 chan8_raw=0 chan9_raw=0 chan10_raw=0 chan11_raw=0 chan12_raw=0 chan13_raw=0 chan14_raw=0 chan15_raw=0 chan16_raw=0 chan17_raw=0 chan18_raw=0 rssi=255
2026-09-17 19:45:32.280 | GLOBAL_POSITION_INT      src=1.1    time_boot_ms=2948137140 lat=133458059 lon=747940080 alt=74580 relative_alt=-3619 vx=0 vy=0 vz=0 hdg=0
2026-09-17 19:45:32.280 | LOCAL_POSITION_NED       src=1.1    time_boot_ms=2948137140 x=12 y=-7 z=5.03918 vx=0 vy=0 vz=0
2026-09-17 19:45:32.281 | RC_CHANNELS              src=1.1    time_boot_ms=2948137140 chancount=0 chan1_raw=0 chan2_raw=0 chan3_raw=0 chan4_raw=0 chan5_raw=0 chan6_raw=0 chan7_raw=0 chan8_raw=0 chan9_raw=0 chan10_raw=0 chan11_raw=0 chan12_raw=0 chan13_raw=0 chan14_raw=0 chan15_raw=0 chan16_raw=0 chan17_raw=0 chan18_raw=0 rssi=255
2026-09-17 19:45:32.381 | HEARTBEAT                src=1.1    type=2 autopilot=3 base_mode=1 custom_mode=5 system_status=4 mavlink_version=3
2026-09-17 19:45:32.381 | GLOBAL_POSITION_INT      src=1.1    time_boot_ms=2948137244 lat=133458059 lon=747940080 alt=74580 relative_alt=-3619 vx=0 vy=0 vz=0 hdg=0
2026-09-17 19:45:32.381 | LOCAL_POSITION_NED       src=1.1    time_boot_ms=2948137244 x=12 y=-7 z=5.03918 vx=0 vy=0 vz=0
2026-09-17 19:45:32.381 | RC_CHANNELS              src=1.1    time_boot_ms=2948137244 chancount=0 chan1_raw=0 chan2_raw=0 chan3_raw=0 chan4_raw=0 chan5_raw=0 chan6_raw=0 chan7_raw=0 chan8_raw=0 chan9_raw=0 chan10_raw=0 chan11_raw=0 chan12_raw=0 chan13_raw=0 chan14_raw=0 chan15_raw=0 chan16_raw=0 chan17_raw=0 chan18_raw=0 rssi=255
2026-09-17 19:45:32.381 | SYS_STATUS               src=1.1    onboard_control_sensors_present=0 onboard_control_sensors_enabled=0 onboard_control_sensors_health=0 load=250 voltage_battery=16800 current_battery=1000 battery_remaining=98 drop_rate_comm=0 errors_comm=0 errors_count1=0 errors_count2=0 errors_count3=0 errors_count4=0
2026-09-17 19:45:32.381 | GPS_RAW_INT              src=1.1    time_usec=1789654532380306 fix_type=3 lat=133458059 lon=747940080 alt=74580 eph=100 epv=100 vel=0 cog=0 satellites_visible=16
2026-09-17 19:45:32.382 | EKF_STATUS_REPORT        src=1.1    flags=831 velocity_variance=0.09 pos_horiz_variance=0.001 pos_vert_variance=0.005 compass_variance=0.0004 terrain_alt_variance=0
2026-09-17 19:45:32.382 | FENCE_STATUS             src=1.1    breach_status=0 breach_count=0 breach_type=0 breach_time=0
2026-09-17 19:45:32.484 | GLOBAL_POSITION_INT      src=1.1    time_boot_ms=2948137347 lat=133458059 lon=747940080 alt=74580 relative_alt=-3619 vx=0 vy=0 vz=0 hdg=0
2026-09-17 19:45:32.484 | LOCAL_POSITION_NED       src=1.1    time_boot_ms=2948137347 x=12 y=-7 z=5.03918 vx=0 vy=0 vz=0
2026-09-17 19:45:32.484 | RC_CHANNELS              src=1.1    time_boot_ms=2948137347 chancount=0 chan1_raw=0 chan2_raw=0 chan3_raw=0 chan4_raw=0 chan5_raw=0 chan6_raw=0 chan7_raw=0 chan8_raw=0 chan9_raw=0 chan10_raw=0 chan11_raw=0 chan12_raw=0 chan13_raw=0 chan14_raw=0 chan15_raw=0 chan16_raw=0 chan17_raw=0 chan18_raw=0 rssi=255
2026-09-17 19:45:32.587 | GLOBAL_POSITION_INT      src=1.1    time_boot_ms=2948137449 lat=133458059 lon=747940080 alt=74580 relative_alt=-3619 vx=0 vy=0 vz=0 hdg=0
2026-09-17 19:45:32.587 | LOCAL_POSITION_NED       src=1.1    time_boot_ms=2948137449 x=12 y=-7 z=5.03918 vx=0 vy=0 vz=0
2026-09-17 19:45:32.587 | RC_CHANNELS              src=1.1    time_boot_ms=2948137449 chancount=0 chan1_raw=0 chan2_raw=0 chan3_raw=0 chan4_raw=0 chan5_raw=0 chan6_raw=0 chan7_raw=0 chan8_raw=0 chan9_raw=0 chan10_raw=0 chan11_raw=0 chan12_raw=0 chan13_raw=0 chan14_raw=0 chan15_raw=0 chan16_raw=0 chan17_raw=0 chan18_raw=0 rssi=255
2026-09-17 19:45:32.688 | GLOBAL_POSITION_INT      src=1.1    time_boot_ms=2948137550 lat=133458059 lon=747940080 alt=74580 relative_alt=-3619 vx=0 vy=0 vz=0 hdg=0
2026-09-17 19:45:32.688 | LOCAL_POSITION_NED       src=1.1    time_boot_ms=2948137550 x=12 y=-7 z=5.03918 vx=0 vy=0 vz=0
2026-09-17 19:45:32.688 | RC_CHANNELS              src=1.1    time_boot_ms=2948137550 chancount=0 chan1_raw=0 chan2_raw=0 chan3_raw=0 chan4_raw=0 chan5_raw=0 chan6_raw=0 chan7_raw=0 chan8_raw=0 chan9_raw=0 chan10_raw=0 chan11_raw=0 chan12_raw=0 chan13_raw=0 chan14_raw=0 chan15_raw=0 chan16_raw=0 chan17_raw=0 chan18_raw=0 rssi=255
2026-09-17 19:45:32.792 | GLOBAL_POSITION_INT      src=1.1    time_boot_ms=2948137654 lat=133458059 lon=747940080 alt=74580 relative_alt=-3619 vx=0 vy=0 vz=0 hdg=0
2026-09-17 19:45:32.792 | LOCAL_POSITION_NED       src=1.1    time_boot_ms=2948137654 x=12 y=-7 z=5.03918 vx=0 vy=0 vz=0
2026-09-17 19:45:32.792 | RC_CHANNELS              src=1.1    time_boot_ms=2948137654 chancount=0 chan1_raw=0 chan2_raw=0 chan3_raw=0 chan4_raw=0 chan5_raw=0 chan6_raw=0 chan7_raw=0 chan8_raw=0 chan9_raw=0 chan10_raw=0 chan11_raw=0 chan12_raw=0 chan13_raw=0 chan14_raw=0 chan15_raw=0 chan16_raw=0 chan17_raw=0 chan18_raw=0 rssi=255
2026-09-17 19:45:32.896 | HEARTBEAT                src=1.1    type=2 autopilot=3 base_mode=1 custom_mode=5 system_status=4 mavlink_version=3
2026-09-17 19:45:32.897 | SUMMARY mode=LOITER disarmed alt=-3.62m ned=(12.00,-7.00,5.04) gps=(13.3458059,74.7940080) fix=3 sats=16 eph=100 batt=16.80V/10.0A/98% ch8=0 rssi=255 ekf=0x033f v=0.09 p=0.00 c=0.00 rx=13769 drop=0
2026-09-17 19:45:32.897 | GLOBAL_POSITION_INT      src=1.1    time_boot_ms=2948137759 lat=133458059 lon=747940080 alt=74580 relative_alt=-3619 vx=0 vy=0 vz=0 hdg=0
2026-09-17 19:45:32.897 | LOCAL_POSITION_NED       src=1.1    time_boot_ms=2948137759 x=12 y=-7 z=5.03918 vx=0 vy=0 vz=0
2026-09-17 19:45:32.897 | RC_CHANNELS              src=1.1    time_boot_ms=2948137759 chancount=0 chan1_raw=0 chan2_raw=0 chan3_raw=0 chan4_raw=0 chan5_raw=0 chan6_raw=0 chan7_raw=0 chan8_raw=0 chan9_raw=0 chan10_raw=0 chan11_raw=0 chan12_raw=0 chan13_raw=0 chan14_raw=0 chan15_raw=0 chan16_raw=0 chan17_raw=0 chan18_raw=0 rssi=255
2026-09-17 19:45:32.897 | SYS_STATUS               src=1.1    onboard_control_sensors_present=0 onboard_control_sensors_enabled=0 onboard_control_sensors_health=0 load=250 voltage_battery=16800 current_battery=1000 battery_remaining=98 drop_rate_comm=0 errors_comm=0 errors_count1=0 errors_count2=0 errors_count3=0 errors_count4=0
2026-09-17 19:45:32.897 | GPS_RAW_INT              src=1.1    time_usec=1789654532895908 fix_type=3 lat=133458059 lon=747940080 alt=74580 eph=100 epv=100 vel=0 cog=0 satellites_visible=16
2026-09-17 19:45:32.897 | EKF_STATUS_REPORT        src=1.1    flags=831 velocity_variance=0.09 pos_horiz_variance=0.001 pos_vert_variance=0.005 compass_variance=0.0004 terrain_alt_variance=0
2026-09-17 19:45:32.897 | FENCE_STATUS             src=1.1    breach_status=0 breach_count=0 breach_type=0 breach_time=0
2026-09-17 19:45:33.009 | GLOBAL_POSITION_INT      src=1.1    time_boot_ms=2948137871 lat=133458059 lon=747940080 alt=74580 relative_alt=-3619 vx=0 vy=0 vz=0 hdg=0
2026-09-17 19:45:33.009 | LOCAL_POSITION_NED       src=1.1    time_boot_ms=2948137871 x=12 y=-7 z=5.03918 vx=0 vy=0 vz=0
2026-09-17 19:45:33.009 | RC_CHANNELS              src=1.1    time_boot_ms=2948137871 chancount=0 chan1_raw=0 chan2_raw=0 chan3_raw=0 chan4_raw=0 chan5_raw=0 chan6_raw=0 chan7_raw=0 chan8_raw=0 chan9_raw=0 chan10_raw=0 chan11_raw=0 chan12_raw=0 chan13_raw=0 chan14_raw=0 chan15_raw=0 chan16_raw=0 chan17_raw=0 chan18_raw=0 rssi=255
2026-09-17 19:45:33.116 | GLOBAL_POSITION_INT      src=1.1    time_boot_ms=2948137979 lat=133458059 lon=747940080 alt=74580 relative_alt=-3619 vx=0 vy=0 vz=0 hdg=0
2026-09-17 19:45:33.117 | LOCAL_POSITION_NED       src=1.1    time_boot_ms=2948137979 x=12 y=-7 z=5.03918 vx=0 vy=0 vz=0
2026-09-17 19:45:33.117 | RC_CHANNELS              src=1.1    time_boot_ms=2948137979 chancount=0 chan1_raw=0 chan2_raw=0 chan3_raw=0 chan4_raw=0 chan5_raw=0 chan6_raw=0 chan7_raw=0 chan8_raw=0 chan9_raw=0 chan10_raw=0 chan11_raw=0 chan12_raw=0 chan13_raw=0 chan14_raw=0 chan15_raw=0 chan16_raw=0 chan17_raw=0 chan18_raw=0 rssi=255
2026-09-17 19:45:33.223 | GLOBAL_POSITION_INT      src=1.1    time_boot_ms=2948138086 lat=133458059 lon=747940080 alt=74580 relative_alt=-3619 vx=0 vy=0 vz=0 hdg=0
2026-09-17 19:45:33.223 | LOCAL_POSITION_NED       src=1.1    time_boot_ms=2948138086 x=12 y=-7 z=5.03918 vx=0 vy=0 vz=0
2026-09-17 19:45:33.223 | RC_CHANNELS              src=1.1    time_boot_ms=2948138086 chancount=0 chan1_raw=0 chan2_raw=0 chan3_raw=0 chan4_raw=0 chan5_raw=0 chan6_raw=0 chan7_raw=0 chan8_raw=0 chan9_raw=0 chan10_raw=0 chan11_raw=0 chan12_raw=0 chan13_raw=0 chan14_raw=0 chan15_raw=0 chan16_raw=0 chan17_raw=0 chan18_raw=0 rssi=255
2026-09-17 19:45:33.327 | GLOBAL_POSITION_INT      src=1.1    time_boot_ms=2948138190 lat=133458059 lon=747940080 alt=74580 relative_alt=-3619 vx=0 vy=0 vz=0 hdg=0
2026-09-17 19:45:33.328 | LOCAL_POSITION_NED       src=1.1    time_boot_ms=2948138190 x=12 y=-7 z=5.03918 vx=0 vy=0 vz=0
2026-09-17 19:45:33.328 | RC_CHANNELS              src=1.1    time_boot_ms=2948138190 chancount=0 chan1_raw=0 chan2_raw=0 chan3_raw=0 chan4_raw=0 chan5_raw=0 chan6_raw=0 chan7_raw=0 chan8_raw=0 chan9_raw=0 chan10_raw=0 chan11_raw=0 chan12_raw=0 chan13_raw=0 chan14_raw=0 chan15_raw=0 chan16_raw=0 chan17_raw=0 chan18_raw=0 rssi=255
2026-09-17 19:45:33.411 | HEARTBEAT                src=1.1    type=2 autopilot=3 base_mode=1 custom_mode=5 system_status=4 mavlink_version=3
2026-09-17 19:45:33.412 | SYS_STATUS               src=1.1    onboard_control_sensors_present=0 onboard_control_sensors_enabled=0 onboard_control_sensors_health=0 load=250 voltage_battery=16800 current_battery=1000 battery_remaining=98 drop_rate_comm=0 errors_comm=0 errors_count1=0 errors_count2=0 errors_count3=0 errors_count4=0
2026-09-17 19:45:33.412 | GPS_RAW_INT              src=1.1    time_usec=1789654533410160 fix_type=3 lat=133458059 lon=747940080 alt=74580 eph=100 epv=100 vel=0 cog=0 satellites_visible=16
2026-09-17 19:45:33.412 | EKF_STATUS_REPORT        src=1.1    flags=831 velocity_variance=0.09 pos_horiz_variance=0.001 pos_vert_variance=0.005 compass_variance=0.0004 terrain_alt_variance=0
2026-09-17 19:45:33.412 | FENCE_STATUS             src=1.1    breach_status=0 breach_count=0 breach_type=0 breach_time=0
2026-09-17 19:45:33.433 | GLOBAL_POSITION_INT      src=1.1    time_boot_ms=2948138295 lat=133458059 lon=747940080 alt=74580 relative_alt=-3619 vx=0 vy=0 vz=0 hdg=0
2026-09-17 19:45:33.433 | LOCAL_POSITION_NED       src=1.1    time_boot_ms=2948138295 x=12 y=-7 z=5.03918 vx=0 vy=0 vz=0
2026-09-17 19:45:33.433 | RC_CHANNELS              src=1.1    time_boot_ms=2948138295 chancount=0 chan1_raw=0 chan2_raw=0 chan3_raw=0 chan4_raw=0 chan5_raw=0 chan6_raw=0 chan7_raw=0 chan8_raw=0 chan9_raw=0 chan10_raw=0 chan11_raw=0 chan12_raw=0 chan13_raw=0 chan14_raw=0 chan15_raw=0 chan16_raw=0 chan17_raw=0 chan18_raw=0 rssi=255
2026-09-17 19:45:33.537 | GLOBAL_POSITION_INT      src=1.1    time_boot_ms=2948138400 lat=133458059 lon=747940080 alt=74580 relative_alt=-3619 vx=0 vy=0 vz=0 hdg=0
2026-09-17 19:45:33.537 | LOCAL_POSITION_NED       src=1.1    time_boot_ms=2948138400 x=12 y=-7 z=5.03918 vx=0 vy=0 vz=0
2026-09-17 19:45:33.537 | RC_CHANNELS              src=1.1    time_boot_ms=2948138400 chancount=0 chan1_raw=0 chan2_raw=0 chan3_raw=0 chan4_raw=0 chan5_raw=0 chan6_raw=0 chan7_raw=0 chan8_raw=0 chan9_raw=0 chan10_raw=0 chan11_raw=0 chan12_raw=0 chan13_raw=0 chan14_raw=0 chan15_raw=0 chan16_raw=0 chan17_raw=0 chan18_raw=0 rssi=255
2026-09-17 19:45:33.645 | GLOBAL_POSITION_INT      src=1.1    time_boot_ms=2948138508 lat=133458059 lon=747940080 alt=74580 relative_alt=-3619 vx=0 vy=0 vz=0 hdg=0
2026-09-17 19:45:33.645 | LOCAL_POSITION_NED       src=1.1    time_boot_ms=2948138508 x=12 y=-7 z=5.03918 vx=0 vy=0 vz=0
2026-09-17 19:45:33.645 | RC_CHANNELS              src=1.1    time_boot_ms=2948138508 chancount=0 chan1_raw=0 chan2_raw=0 chan3_raw=0 chan4_raw=0 chan5_raw=0 chan6_raw=0 chan7_raw=0 chan8_raw=0 chan9_raw=0 chan10_raw=0 chan11_raw=0 chan12_raw=0 chan13_raw=0 chan14_raw=0 chan15_raw=0 chan16_raw=0 chan17_raw=0 chan18_raw=0 rssi=255
2026-09-17 19:45:33.749 | GLOBAL_POSITION_INT      src=1.1    time_boot_ms=2948138612 lat=133458059 lon=747940080 alt=74580 relative_alt=-3619 vx=0 vy=0 vz=0 hdg=0
2026-09-17 19:45:33.749 | LOCAL_POSITION_NED       src=1.1    time_boot_ms=2948138612 x=12 y=-7 z=5.03918 vx=0 vy=0 vz=0
2026-09-17 19:45:33.749 | RC_CHANNELS              src=1.1    time_boot_ms=2948138612 chancount=0 chan1_raw=0 chan2_raw=0 chan3_raw=0 chan4_raw=0 chan5_raw=0 chan6_raw=0 chan7_raw=0 chan8_raw=0 chan9_raw=0 chan10_raw=0 chan11_raw=0 chan12_raw=0 chan13_raw=0 chan14_raw=0 chan15_raw=0 chan16_raw=0 chan17_raw=0 chan18_raw=0 rssi=255
2026-09-17 19:45:33.857 | GLOBAL_POSITION_INT      src=1.1    time_boot_ms=2948138717 lat=133458059 lon=747940080 alt=74580 relative_alt=-3619 vx=0 vy=0 vz=0 hdg=0
2026-09-17 19:45:33.858 | LOCAL_POSITION_NED       src=1.1    time_boot_ms=2948138717 x=12 y=-7 z=5.03918 vx=0 vy=0 vz=0
2026-09-17 19:45:33.858 | RC_CHANNELS              src=1.1    time_boot_ms=2948138717 chancount=0 chan1_raw=0 chan2_raw=0 chan3_raw=0 chan4_raw=0 chan5_raw=0 chan6_raw=0 chan7_raw=0 chan8_raw=0 chan9_raw=0 chan10_raw=0 chan11_raw=0 chan12_raw=0 chan13_raw=0 chan14_raw=0 chan15_raw=0 chan16_raw=0 chan17_raw=0 chan18_raw=0 rssi=255
2026-09-17 19:45:33.918 | HEARTBEAT                src=1.1    type=2 autopilot=3 base_mode=1 custom_mode=5 system_status=4 mavlink_version=3
2026-09-17 19:45:33.918 | SUMMARY mode=LOITER disarmed alt=-3.62m ned=(12.00,-7.00,5.04) gps=(13.3458059,74.7940080) fix=3 sats=16 eph=100 batt=16.80V/10.0A/98% ch8=0 rssi=255 ekf=0x033f v=0.09 p=0.00 c=0.00 rx=13809 drop=0
2026-09-17 19:45:33.918 | SYS_STATUS               src=1.1    onboard_control_sensors_present=0 onboard_control_sensors_enabled=0 onboard_control_sensors_health=0 load=250 voltage_battery=16800 current_battery=1000 battery_remaining=98 drop_rate_comm=0 errors_comm=0 errors_count1=0 errors_count2=0 errors_count3=0 errors_count4=0
2026-09-17 19:45:33.919 | GPS_RAW_INT              src=1.1    time_usec=1789654533917783 fix_type=3 lat=133458059 lon=747940080 alt=74580 eph=100 epv=100 vel=0 cog=0 satellites_visible=16
2026-09-17 19:45:33.919 | EKF_STATUS_REPORT        src=1.1    flags=831 velocity_variance=0.09 pos_horiz_variance=0.001 pos_vert_variance=0.005 compass_variance=0.0004 terrain_alt_variance=0
2026-09-17 19:45:33.919 | FENCE_STATUS             src=1.1    breach_status=0 breach_count=0 breach_type=0 breach_time=0
2026-09-17 19:45:33.961 | GLOBAL_POSITION_INT      src=1.1    time_boot_ms=2948138824 lat=133458059 lon=747940080 alt=74580 relative_alt=-3619 vx=0 vy=0 vz=0 hdg=0
2026-09-17 19:45:33.962 | LOCAL_POSITION_NED       src=1.1    time_boot_ms=2948138824 x=12 y=-7 z=5.03918 vx=0 vy=0 vz=0
2026-09-17 19:45:33.962 | RC_CHANNELS              src=1.1    time_boot_ms=2948138824 chancount=0 chan1_raw=0 chan2_raw=0 chan3_raw=0 chan4_raw=0 chan5_raw=0 chan6_raw=0 chan7_raw=0 chan8_raw=0 chan9_raw=0 chan10_raw=0 chan11_raw=0 chan12_raw=0 chan13_raw=0 chan14_raw=0 chan15_raw=0 chan16_raw=0 chan17_raw=0 chan18_raw=0 rssi=255
2026-09-17 19:45:34.069 | GLOBAL_POSITION_INT      src=1.1    time_boot_ms=2948138929 lat=133458059 lon=747940080 alt=74580 relative_alt=-3619 vx=0 vy=0 vz=0 hdg=0
2026-09-17 19:45:34.069 | LOCAL_POSITION_NED       src=1.1    time_boot_ms=2948138929 x=12 y=-7 z=5.03918 vx=0 vy=0 vz=0
2026-09-17 19:45:34.070 | RC_CHANNELS              src=1.1    time_boot_ms=2948138929 chancount=0 chan1_raw=0 chan2_raw=0 chan3_raw=0 chan4_raw=0 chan5_raw=0 chan6_raw=0 chan7_raw=0 chan8_raw=0 chan9_raw=0 chan10_raw=0 chan11_raw=0 chan12_raw=0 chan13_raw=0 chan14_raw=0 chan15_raw=0 chan16_raw=0 chan17_raw=0 chan18_raw=0 rssi=255
2026-09-17 19:45:34.173 | GLOBAL_POSITION_INT      src=1.1    time_boot_ms=2948139035 lat=133458059 lon=747940080 alt=74580 relative_alt=-3619 vx=0 vy=0 vz=0 hdg=0
2026-09-17 19:45:34.173 | LOCAL_POSITION_NED       src=1.1    time_boot_ms=2948139035 x=12 y=-7 z=5.03918 vx=0 vy=0 vz=0
2026-09-17 19:45:34.173 | RC_CHANNELS              src=1.1    time_boot_ms=2948139035 chancount=0 chan1_raw=0 chan2_raw=0 chan3_raw=0 chan4_raw=0 chan5_raw=0 chan6_raw=0 chan7_raw=0 chan8_raw=0 chan9_raw=0 chan10_raw=0 chan11_raw=0 chan12_raw=0 chan13_raw=0 chan14_raw=0 chan15_raw=0 chan16_raw=0 chan17_raw=0 chan18_raw=0 rssi=255
2026-09-17 19:45:34.284 | GLOBAL_POSITION_INT      src=1.1    time_boot_ms=2948139148 lat=133458059 lon=747940080 alt=74580 relative_alt=-3619 vx=0 vy=0 vz=0 hdg=0
2026-09-17 19:45:34.285 | LOCAL_POSITION_NED       src=1.1    time_boot_ms=2948139148 x=12 y=-7 z=5.03918 vx=0 vy=0 vz=0
2026-09-17 19:45:34.286 | RC_CHANNELS              src=1.1    time_boot_ms=2948139148 chancount=0 chan1_raw=0 chan2_raw=0 chan3_raw=0 chan4_raw=0 chan5_raw=0 chan6_raw=0 chan7_raw=0 chan8_raw=0 chan9_raw=0 chan10_raw=0 chan11_raw=0 chan12_raw=0 chan13_raw=0 chan14_raw=0 chan15_raw=0 chan16_raw=0 chan17_raw=0 chan18_raw=0 rssi=255
2026-09-17 19:45:34.394 | GLOBAL_POSITION_INT      src=1.1    time_boot_ms=2948139257 lat=133458059 lon=747940080 alt=74580 relative_alt=-3619 vx=0 vy=0 vz=0 hdg=0
2026-09-17 19:45:34.395 | LOCAL_POSITION_NED       src=1.1    time_boot_ms=2948139257 x=12 y=-7 z=5.03918 vx=0 vy=0 vz=0
2026-09-17 19:45:34.395 | RC_CHANNELS              src=1.1    time_boot_ms=2948139257 chancount=0 chan1_raw=0 chan2_raw=0 chan3_raw=0 chan4_raw=0 chan5_raw=0 chan6_raw=0 chan7_raw=0 chan8_raw=0 chan9_raw=0 chan10_raw=0 chan11_raw=0 chan12_raw=0 chan13_raw=0 chan14_raw=0 chan15_raw=0 chan16_raw=0 chan17_raw=0 chan18_raw=0 rssi=255
2026-09-17 19:45:34.438 | HEARTBEAT                src=1.1    type=2 autopilot=3 base_mode=1 custom_mode=5 system_status=4 mavlink_version=3
2026-09-17 19:45:34.438 | SYS_STATUS               src=1.1    onboard_control_sensors_present=0 onboard_control_sensors_enabled=0 onboard_control_sensors_health=0 load=250 voltage_battery=16800 current_battery=1000 battery_remaining=98 drop_rate_comm=0 errors_comm=0 errors_count1=0 errors_count2=0 errors_count3=0 errors_count4=0
2026-09-17 19:45:34.438 | GPS_RAW_INT              src=1.1    time_usec=1789654534435349 fix_type=3 lat=133458059 lon=747940080 alt=74580 eph=100 epv=100 vel=0 cog=0 satellites_visible=16
2026-09-17 19:45:34.438 | EKF_STATUS_REPORT        src=1.1    flags=831 velocity_variance=0.09 pos_horiz_variance=0.001 pos_vert_variance=0.005 compass_variance=0.0004 terrain_alt_variance=0
2026-09-17 19:45:34.438 | FENCE_STATUS             src=1.1    breach_status=0 breach_count=0 breach_type=0 breach_time=0
2026-09-17 19:45:34.499 | GLOBAL_POSITION_INT      src=1.1    time_boot_ms=2948139362 lat=133458059 lon=747940080 alt=74580 relative_alt=-3619 vx=0 vy=0 vz=0 hdg=0
2026-09-17 19:45:34.500 | LOCAL_POSITION_NED       src=1.1    time_boot_ms=2948139362 x=12 y=-7 z=5.03918 vx=0 vy=0 vz=0
2026-09-17 19:45:34.500 | RC_CHANNELS              src=1.1    time_boot_ms=2948139362 chancount=0 chan1_raw=0 chan2_raw=0 chan3_raw=0 chan4_raw=0 chan5_raw=0 chan6_raw=0 chan7_raw=0 chan8_raw=0 chan9_raw=0 chan10_raw=0 chan11_raw=0 chan12_raw=0 chan13_raw=0 chan14_raw=0 chan15_raw=0 chan16_raw=0 chan17_raw=0 chan18_raw=0 rssi=255
2026-09-17 19:45:34.602 | GLOBAL_POSITION_INT      src=1.1    time_boot_ms=2948139465 lat=133458059 lon=747940080 alt=74580 relative_alt=-3619 vx=0 vy=0 vz=0 hdg=0
2026-09-17 19:45:34.602 | LOCAL_POSITION_NED       src=1.1    time_boot_ms=2948139465 x=12 y=-7 z=5.03918 vx=0 vy=0 vz=0
2026-09-17 19:45:34.603 | RC_CHANNELS              src=1.1    time_boot_ms=2948139465 chancount=0 chan1_raw=0 chan2_raw=0 chan3_raw=0 chan4_raw=0 chan5_raw=0 chan6_raw=0 chan7_raw=0 chan8_raw=0 chan9_raw=0 chan10_raw=0 chan11_raw=0 chan12_raw=0 chan13_raw=0 chan14_raw=0 chan15_raw=0 chan16_raw=0 chan17_raw=0 chan18_raw=0 rssi=255
2026-09-17 19:45:34.712 | GLOBAL_POSITION_INT      src=1.1    time_boot_ms=2948139574 lat=133458059 lon=747940080 alt=74580 relative_alt=-3619 vx=0 vy=0 vz=0 hdg=0
2026-09-17 19:45:34.713 | LOCAL_POSITION_NED       src=1.1    time_boot_ms=2948139574 x=12 y=-7 z=5.03918 vx=0 vy=0 vz=0
2026-09-17 19:45:34.713 | RC_CHANNELS              src=1.1    time_boot_ms=2948139574 chancount=0 chan1_raw=0 chan2_raw=0 chan3_raw=0 chan4_raw=0 chan5_raw=0 chan6_raw=0 chan7_raw=0 chan8_raw=0 chan9_raw=0 chan10_raw=0 chan11_raw=0 chan12_raw=0 chan13_raw=0 chan14_raw=0 chan15_raw=0 chan16_raw=0 chan17_raw=0 chan18_raw=0 rssi=255
2026-09-17 19:45:34.815 | GLOBAL_POSITION_INT      src=1.1    time_boot_ms=2948139679 lat=133458059 lon=747940080 alt=74580 relative_alt=-3619 vx=0 vy=0 vz=0 hdg=0
2026-09-17 19:45:34.815 | LOCAL_POSITION_NED       src=1.1    time_boot_ms=2948139679 x=12 y=-7 z=5.03918 vx=0 vy=0 vz=0
2026-09-17 19:45:34.816 | RC_CHANNELS              src=1.1    time_boot_ms=2948139679 chancount=0 chan1_raw=0 chan2_raw=0 chan3_raw=0 chan4_raw=0 chan5_raw=0 chan6_raw=0 chan7_raw=0 chan8_raw=0 chan9_raw=0 chan10_raw=0 chan11_raw=0 chan12_raw=0 chan13_raw=0 chan14_raw=0 chan15_raw=0 chan16_raw=0 chan17_raw=0 chan18_raw=0 rssi=255
2026-09-17 19:45:34.920 | GLOBAL_POSITION_INT      src=1.1    time_boot_ms=2948139784 lat=133458059 lon=747940080 alt=74580 relative_alt=-3619 vx=0 vy=0 vz=0 hdg=0
2026-09-17 19:45:34.921 | SUMMARY mode=LOITER disarmed alt=-3.62m ned=(12.00,-7.00,5.04) gps=(13.3458059,74.7940080) fix=3 sats=16 eph=100 batt=16.80V/10.0A/98% ch8=0 rssi=255 ekf=0x033f v=0.09 p=0.00 c=0.00 rx=13846 drop=0
2026-09-17 19:45:34.921 | LOCAL_POSITION_NED       src=1.1    time_boot_ms=2948139784 x=12 y=-7 z=5.03918 vx=0 vy=0 vz=0
2026-09-17 19:45:34.921 | RC_CHANNELS              src=1.1    time_boot_ms=2948139784 chancount=0 chan1_raw=0 chan2_raw=0 chan3_raw=0 chan4_raw=0 chan5_raw=0 chan6_raw=0 chan7_raw=0 chan8_raw=0 chan9_raw=0 chan10_raw=0 chan11_raw=0 chan12_raw=0 chan13_raw=0 chan14_raw=0 chan15_raw=0 chan16_raw=0 chan17_raw=0 chan18_raw=0 rssi=255
2026-09-17 19:45:34.942 | HEARTBEAT                src=1.1    type=2 autopilot=3 base_mode=1 custom_mode=5 system_status=4 mavlink_version=3
2026-09-17 19:45:34.942 | SYS_STATUS               src=1.1    onboard_control_sensors_present=0 onboard_control_sensors_enabled=0 onboard_control_sensors_health=0 load=250 voltage_battery=16800 current_battery=1000 battery_remaining=98 drop_rate_comm=0 errors_comm=0 errors_count1=0 errors_count2=0 errors_count3=0 errors_count4=0
2026-09-17 19:45:34.942 | GPS_RAW_INT              src=1.1    time_usec=1789654534940935 fix_type=3 lat=133458059 lon=747940080 alt=74580 eph=100 epv=100 vel=0 cog=0 satellites_visible=16
2026-09-17 19:45:34.942 | EKF_STATUS_REPORT        src=1.1    flags=831 velocity_variance=0.09 pos_horiz_variance=0.001 pos_vert_variance=0.005 compass_variance=0.0004 terrain_alt_variance=0
2026-09-17 19:45:34.942 | FENCE_STATUS             src=1.1    breach_status=0 breach_count=0 breach_type=0 breach_time=0
2026-09-17 19:45:35.031 | GLOBAL_POSITION_INT      src=1.1    time_boot_ms=2948139893 lat=133458059 lon=747940080 alt=74580 relative_alt=-3619 vx=0 vy=0 vz=0 hdg=0
2026-09-17 19:45:35.031 | LOCAL_POSITION_NED       src=1.1    time_boot_ms=2948139893 x=12 y=-7 z=5.03918 vx=0 vy=0 vz=0
2026-09-17 19:45:35.031 | RC_CHANNELS              src=1.1    time_boot_ms=2948139893 chancount=0 chan1_raw=0 chan2_raw=0 chan3_raw=0 chan4_raw=0 chan5_raw=0 chan6_raw=0 chan7_raw=0 chan8_raw=0 chan9_raw=0 chan10_raw=0 chan11_raw=0 chan12_raw=0 chan13_raw=0 chan14_raw=0 chan15_raw=0 chan16_raw=0 chan17_raw=0 chan18_raw=0 rssi=255
2026-09-17 19:45:35.137 | GLOBAL_POSITION_INT      src=1.1    time_boot_ms=2948139998 lat=133458059 lon=747940080 alt=74580 relative_alt=-3619 vx=0 vy=0 vz=0 hdg=0
2026-09-17 19:45:35.138 | LOCAL_POSITION_NED       src=1.1    time_boot_ms=2948139998 x=12 y=-7 z=5.03918 vx=0 vy=0 vz=0
2026-09-17 19:45:35.139 | RC_CHANNELS              src=1.1    time_boot_ms=2948139998 chancount=0 chan1_raw=0 chan2_raw=0 chan3_raw=0 chan4_raw=0 chan5_raw=0 chan6_raw=0 chan7_raw=0 chan8_raw=0 chan9_raw=0 chan10_raw=0 chan11_raw=0 chan12_raw=0 chan13_raw=0 chan14_raw=0 chan15_raw=0 chan16_raw=0 chan17_raw=0 chan18_raw=0 rssi=255
2026-09-17 19:45:35.241 | GLOBAL_POSITION_INT      src=1.1    time_boot_ms=2948140104 lat=133458059 lon=747940080 alt=74580 relative_alt=-3619 vx=0 vy=0 vz=0 hdg=0
2026-09-17 19:45:35.241 | LOCAL_POSITION_NED       src=1.1    time_boot_ms=2948140104 x=12 y=-7 z=5.03918 vx=0 vy=0 vz=0
2026-09-17 19:45:35.241 | RC_CHANNELS              src=1.1    time_boot_ms=2948140104 chancount=0 chan1_raw=0 chan2_raw=0 chan3_raw=0 chan4_raw=0 chan5_raw=0 chan6_raw=0 chan7_raw=0 chan8_raw=0 chan9_raw=0 chan10_raw=0 chan11_raw=0 chan12_raw=0 chan13_raw=0 chan14_raw=0 chan15_raw=0 chan16_raw=0 chan17_raw=0 chan18_raw=0 rssi=255
2026-09-17 19:45:35.345 | GLOBAL_POSITION_INT      src=1.1    time_boot_ms=2948140208 lat=133458059 lon=747940080 alt=74580 relative_alt=-3619 vx=0 vy=0 vz=0 hdg=0
2026-09-17 19:45:35.345 | LOCAL_POSITION_NED       src=1.1    time_boot_ms=2948140208 x=12 y=-7 z=5.03918 vx=0 vy=0 vz=0
2026-09-17 19:45:35.345 | RC_CHANNELS              src=1.1    time_boot_ms=2948140208 chancount=0 chan1_raw=0 chan2_raw=0 chan3_raw=0 chan4_raw=0 chan5_raw=0 chan6_raw=0 chan7_raw=0 chan8_raw=0 chan9_raw=0 chan10_raw=0 chan11_raw=0 chan12_raw=0 chan13_raw=0 chan14_raw=0 chan15_raw=0 chan16_raw=0 chan17_raw=0 chan18_raw=0 rssi=255
2026-09-17 19:45:35.448 | HEARTBEAT                src=1.1    type=2 autopilot=3 base_mode=1 custom_mode=5 system_status=4 mavlink_version=3
2026-09-17 19:45:35.448 | GLOBAL_POSITION_INT      src=1.1    time_boot_ms=2948140311 lat=133458059 lon=747940080 alt=74580 relative_alt=-3619 vx=0 vy=0 vz=0 hdg=0
2026-09-17 19:45:35.449 | LOCAL_POSITION_NED       src=1.1    time_boot_ms=2948140311 x=12 y=-7 z=5.03918 vx=0 vy=0 vz=0
2026-09-17 19:45:35.449 | RC_CHANNELS              src=1.1    time_boot_ms=2948140311 chancount=0 chan1_raw=0 chan2_raw=0 chan3_raw=0 chan4_raw=0 chan5_raw=0 chan6_raw=0 chan7_raw=0 chan8_raw=0 chan9_raw=0 chan10_raw=0 chan11_raw=0 chan12_raw=0 chan13_raw=0 chan14_raw=0 chan15_raw=0 chan16_raw=0 chan17_raw=0 chan18_raw=0 rssi=255
2026-09-17 19:45:35.449 | SYS_STATUS               src=1.1    onboard_control_sensors_present=0 onboard_control_sensors_enabled=0 onboard_control_sensors_health=0 load=250 voltage_battery=16800 current_battery=1000 battery_remaining=98 drop_rate_comm=0 errors_comm=0 errors_count1=0 errors_count2=0 errors_count3=0 errors_count4=0
2026-09-17 19:45:35.449 | GPS_RAW_INT              src=1.1    time_usec=1789654535447672 fix_type=3 lat=133458059 lon=747940080 alt=74580 eph=100 epv=100 vel=0 cog=0 satellites_visible=16
2026-09-17 19:45:35.449 | EKF_STATUS_REPORT        src=1.1    flags=831 velocity_variance=0.09 pos_horiz_variance=0.001 pos_vert_variance=0.005 compass_variance=0.0004 terrain_alt_variance=0
2026-09-17 19:45:35.449 | FENCE_STATUS             src=1.1    breach_status=0 breach_count=0 breach_type=0 breach_time=0
2026-09-17 19:45:35.552 | GLOBAL_POSITION_INT      src=1.1    time_boot_ms=2948140415 lat=133458059 lon=747940080 alt=74580 relative_alt=-3619 vx=0 vy=0 vz=0 hdg=0
2026-09-17 19:45:35.552 | LOCAL_POSITION_NED       src=1.1    time_boot_ms=2948140415 x=12 y=-7 z=5.03918 vx=0 vy=0 vz=0
2026-09-17 19:45:35.552 | RC_CHANNELS              src=1.1    time_boot_ms=2948140415 chancount=0 chan1_raw=0 chan2_raw=0 chan3_raw=0 chan4_raw=0 chan5_raw=0 chan6_raw=0 chan7_raw=0 chan8_raw=0 chan9_raw=0 chan10_raw=0 chan11_raw=0 chan12_raw=0 chan13_raw=0 chan14_raw=0 chan15_raw=0 chan16_raw=0 chan17_raw=0 chan18_raw=0 rssi=255
2026-09-17 19:45:35.668 | GLOBAL_POSITION_INT      src=1.1    time_boot_ms=2948140531 lat=133458059 lon=747940080 alt=74580 relative_alt=-3619 vx=0 vy=0 vz=0 hdg=0
2026-09-17 19:45:35.669 | LOCAL_POSITION_NED       src=1.1    time_boot_ms=2948140531 x=12 y=-7 z=5.03918 vx=0 vy=0 vz=0
2026-09-17 19:45:35.669 | RC_CHANNELS              src=1.1    time_boot_ms=2948140531 chancount=0 chan1_raw=0 chan2_raw=0 chan3_raw=0 chan4_raw=0 chan5_raw=0 chan6_raw=0 chan7_raw=0 chan8_raw=0 chan9_raw=0 chan10_raw=0 chan11_raw=0 chan12_raw=0 chan13_raw=0 chan14_raw=0 chan15_raw=0 chan16_raw=0 chan17_raw=0 chan18_raw=0 rssi=255
2026-09-17 19:45:35.772 | GLOBAL_POSITION_INT      src=1.1    time_boot_ms=2948140635 lat=133458059 lon=747940080 alt=74580 relative_alt=-3619 vx=0 vy=0 vz=0 hdg=0
2026-09-17 19:45:35.772 | LOCAL_POSITION_NED       src=1.1    time_boot_ms=2948140635 x=12 y=-7 z=5.03918 vx=0 vy=0 vz=0
2026-09-17 19:45:35.772 | RC_CHANNELS              src=1.1    time_boot_ms=2948140635 chancount=0 chan1_raw=0 chan2_raw=0 chan3_raw=0 chan4_raw=0 chan5_raw=0 chan6_raw=0 chan7_raw=0 chan8_raw=0 chan9_raw=0 chan10_raw=0 chan11_raw=0 chan12_raw=0 chan13_raw=0 chan14_raw=0 chan15_raw=0 chan16_raw=0 chan17_raw=0 chan18_raw=0 rssi=255
2026-09-17 19:45:35.877 | GLOBAL_POSITION_INT      src=1.1    time_boot_ms=2948140740 lat=133458059 lon=747940080 alt=74580 relative_alt=-3619 vx=0 vy=0 vz=0 hdg=0
2026-09-17 19:45:35.877 | LOCAL_POSITION_NED       src=1.1    time_boot_ms=2948140740 x=12 y=-7 z=5.03918 vx=0 vy=0 vz=0
2026-09-17 19:45:35.877 | RC_CHANNELS              src=1.1    time_boot_ms=2948140740 chancount=0 chan1_raw=0 chan2_raw=0 chan3_raw=0 chan4_raw=0 chan5_raw=0 chan6_raw=0 chan7_raw=0 chan8_raw=0 chan9_raw=0 chan10_raw=0 chan11_raw=0 chan12_raw=0 chan13_raw=0 chan14_raw=0 chan15_raw=0 chan16_raw=0 chan17_raw=0 chan18_raw=0 rssi=255
2026-09-17 19:45:35.960 | HEARTBEAT                src=1.1    type=2 autopilot=3 base_mode=1 custom_mode=5 system_status=4 mavlink_version=3
2026-09-17 19:45:35.960 | SUMMARY mode=LOITER disarmed alt=-3.62m ned=(12.00,-7.00,5.04) gps=(13.3458059,74.7940080) fix=3 sats=16 eph=100 batt=16.80V/10.0A/98% ch8=0 rssi=255 ekf=0x033f v=0.09 p=0.00 c=0.00 rx=13886 drop=0
2026-09-17 19:45:35.960 | SYS_STATUS               src=1.1    onboard_control_sensors_present=0 onboard_control_sensors_enabled=0 onboard_control_sensors_health=0 load=250 voltage_battery=16800 current_battery=1000 battery_remaining=98 drop_rate_comm=0 errors_comm=0 errors_count1=0 errors_count2=0 errors_count3=0 errors_count4=0
2026-09-17 19:45:35.960 | GPS_RAW_INT              src=1.1    time_usec=1789654535958919 fix_type=3 lat=133458059 lon=747940080 alt=74580 eph=100 epv=100 vel=0 cog=0 satellites_visible=16
2026-09-17 19:45:35.960 | EKF_STATUS_REPORT        src=1.1    flags=831 velocity_variance=0.09 pos_horiz_variance=0.001 pos_vert_variance=0.005 compass_variance=0.0004 terrain_alt_variance=0
2026-09-17 19:45:35.960 | FENCE_STATUS             src=1.1    breach_status=0 breach_count=0 breach_type=0 breach_time=0
2026-09-17 19:45:35.981 | GLOBAL_POSITION_INT      src=1.1    time_boot_ms=2948140844 lat=133458059 lon=747940080 alt=74580 relative_alt=-3619 vx=0 vy=0 vz=0 hdg=0
2026-09-17 19:45:35.981 | LOCAL_POSITION_NED       src=1.1    time_boot_ms=2948140844 x=12 y=-7 z=5.03918 vx=0 vy=0 vz=0
2026-09-17 19:45:35.981 | RC_CHANNELS              src=1.1    time_boot_ms=2948140844 chancount=0 chan1_raw=0 chan2_raw=0 chan3_raw=0 chan4_raw=0 chan5_raw=0 chan6_raw=0 chan7_raw=0 chan8_raw=0 chan9_raw=0 chan10_raw=0 chan11_raw=0 chan12_raw=0 chan13_raw=0 chan14_raw=0 chan15_raw=0 chan16_raw=0 chan17_raw=0 chan18_raw=0 rssi=255
2026-09-17 19:45:36.087 | GLOBAL_POSITION_INT      src=1.1    time_boot_ms=2948140947 lat=133458059 lon=747940080 alt=74580 relative_alt=-3619 vx=0 vy=0 vz=0 hdg=0
2026-09-17 19:45:36.088 | LOCAL_POSITION_NED       src=1.1    time_boot_ms=2948140947 x=12 y=-7 z=5.03918 vx=0 vy=0 vz=0
2026-09-17 19:45:36.089 | RC_CHANNELS              src=1.1    time_boot_ms=2948140947 chancount=0 chan1_raw=0 chan2_raw=0 chan3_raw=0 chan4_raw=0 chan5_raw=0 chan6_raw=0 chan7_raw=0 chan8_raw=0 chan9_raw=0 chan10_raw=0 chan11_raw=0 chan12_raw=0 chan13_raw=0 chan14_raw=0 chan15_raw=0 chan16_raw=0 chan17_raw=0 chan18_raw=0 rssi=255
2026-09-17 19:45:36.190 | GLOBAL_POSITION_INT      src=1.1    time_boot_ms=2948141053 lat=133458059 lon=747940080 alt=74580 relative_alt=-3619 vx=0 vy=0 vz=0 hdg=0
2026-09-17 19:45:36.190 | LOCAL_POSITION_NED       src=1.1    time_boot_ms=2948141053 x=12 y=-7 z=5.03918 vx=0 vy=0 vz=0
2026-09-17 19:45:36.190 | RC_CHANNELS              src=1.1    time_boot_ms=2948141053 chancount=0 chan1_raw=0 chan2_raw=0 chan3_raw=0 chan4_raw=0 chan5_raw=0 chan6_raw=0 chan7_raw=0 chan8_raw=0 chan9_raw=0 chan10_raw=0 chan11_raw=0 chan12_raw=0 chan13_raw=0 chan14_raw=0 chan15_raw=0 chan16_raw=0 chan17_raw=0 chan18_raw=0 rssi=255
2026-09-17 19:45:36.293 | GLOBAL_POSITION_INT      src=1.1    time_boot_ms=2948141157 lat=133458059 lon=747940080 alt=74580 relative_alt=-3619 vx=0 vy=0 vz=0 hdg=0
2026-09-17 19:45:36.294 | LOCAL_POSITION_NED       src=1.1    time_boot_ms=2948141157 x=12 y=-7 z=5.03918 vx=0 vy=0 vz=0
2026-09-17 19:45:36.294 | RC_CHANNELS              src=1.1    time_boot_ms=2948141157 chancount=0 chan1_raw=0 chan2_raw=0 chan3_raw=0 chan4_raw=0 chan5_raw=0 chan6_raw=0 chan7_raw=0 chan8_raw=0 chan9_raw=0 chan10_raw=0 chan11_raw=0 chan12_raw=0 chan13_raw=0 chan14_raw=0 chan15_raw=0 chan16_raw=0 chan17_raw=0 chan18_raw=0 rssi=255
2026-09-17 19:45:36.398 | GLOBAL_POSITION_INT      src=1.1    time_boot_ms=2948141261 lat=133458059 lon=747940080 alt=74580 relative_alt=-3619 vx=0 vy=0 vz=0 hdg=0
2026-09-17 19:45:36.398 | LOCAL_POSITION_NED       src=1.1    time_boot_ms=2948141261 x=12 y=-7 z=5.03918 vx=0 vy=0 vz=0
2026-09-17 19:45:36.399 | RC_CHANNELS              src=1.1    time_boot_ms=2948141261 chancount=0 chan1_raw=0 chan2_raw=0 chan3_raw=0 chan4_raw=0 chan5_raw=0 chan6_raw=0 chan7_raw=0 chan8_raw=0 chan9_raw=0 chan10_raw=0 chan11_raw=0 chan12_raw=0 chan13_raw=0 chan14_raw=0 chan15_raw=0 chan16_raw=0 chan17_raw=0 chan18_raw=0 rssi=255
2026-09-17 19:45:36.462 | HEARTBEAT                src=1.1    type=2 autopilot=3 base_mode=1 custom_mode=5 system_status=4 mavlink_version=3
2026-09-17 19:45:36.462 | SYS_STATUS               src=1.1    onboard_control_sensors_present=0 onboard_control_sensors_enabled=0 onboard_control_sensors_health=0 load=250 voltage_battery=16800 current_battery=1000 battery_remaining=98 drop_rate_comm=0 errors_comm=0 errors_count1=0 errors_count2=0 errors_count3=0 errors_count4=0
2026-09-17 19:45:36.462 | GPS_RAW_INT              src=1.1    time_usec=1789654536460688 fix_type=3 lat=133458059 lon=747940080 alt=74580 eph=100 epv=100 vel=0 cog=0 satellites_visible=16
2026-09-17 19:45:36.463 | EKF_STATUS_REPORT        src=1.1    flags=831 velocity_variance=0.09 pos_horiz_variance=0.001 pos_vert_variance=0.005 compass_variance=0.0004 terrain_alt_variance=0
2026-09-17 19:45:36.463 | FENCE_STATUS             src=1.1    breach_status=0 breach_count=0 breach_type=0 breach_time=0
2026-09-17 19:45:36.503 | GLOBAL_POSITION_INT      src=1.1    time_boot_ms=2948141367 lat=133458059 lon=747940080 alt=74580 relative_alt=-3619 vx=0 vy=0 vz=0 hdg=0
2026-09-17 19:45:36.504 | LOCAL_POSITION_NED       src=1.1    time_boot_ms=2948141367 x=12 y=-7 z=5.03918 vx=0 vy=0 vz=0
2026-09-17 19:45:36.504 | RC_CHANNELS              src=1.1    time_boot_ms=2948141367 chancount=0 chan1_raw=0 chan2_raw=0 chan3_raw=0 chan4_raw=0 chan5_raw=0 chan6_raw=0 chan7_raw=0 chan8_raw=0 chan9_raw=0 chan10_raw=0 chan11_raw=0 chan12_raw=0 chan13_raw=0 chan14_raw=0 chan15_raw=0 chan16_raw=0 chan17_raw=0 chan18_raw=0 rssi=255
2026-09-17 19:45:36.618 | GLOBAL_POSITION_INT      src=1.1    time_boot_ms=2948141476 lat=133458059 lon=747940080 alt=74580 relative_alt=-3619 vx=0 vy=0 vz=0 hdg=0
2026-09-17 19:45:36.618 | LOCAL_POSITION_NED       src=1.1    time_boot_ms=2948141476 x=12 y=-7 z=5.03918 vx=0 vy=0 vz=0
2026-09-17 19:45:36.619 | RC_CHANNELS              src=1.1    time_boot_ms=2948141476 chancount=0 chan1_raw=0 chan2_raw=0 chan3_raw=0 chan4_raw=0 chan5_raw=0 chan6_raw=0 chan7_raw=0 chan8_raw=0 chan9_raw=0 chan10_raw=0 chan11_raw=0 chan12_raw=0 chan13_raw=0 chan14_raw=0 chan15_raw=0 chan16_raw=0 chan17_raw=0 chan18_raw=0 rssi=255
2026-09-17 19:45:36.733 | GLOBAL_POSITION_INT      src=1.1    time_boot_ms=2948141595 lat=133458059 lon=747940080 alt=74580 relative_alt=-3619 vx=0 vy=0 vz=0 hdg=0
2026-09-17 19:45:36.733 | LOCAL_POSITION_NED       src=1.1    time_boot_ms=2948141595 x=12 y=-7 z=5.03918 vx=0 vy=0 vz=0
2026-09-17 19:45:36.734 | RC_CHANNELS              src=1.1    time_boot_ms=2948141595 chancount=0 chan1_raw=0 chan2_raw=0 chan3_raw=0 chan4_raw=0 chan5_raw=0 chan6_raw=0 chan7_raw=0 chan8_raw=0 chan9_raw=0 chan10_raw=0 chan11_raw=0 chan12_raw=0 chan13_raw=0 chan14_raw=0 chan15_raw=0 chan16_raw=0 chan17_raw=0 chan18_raw=0 rssi=255
2026-09-17 19:45:36.841 | GLOBAL_POSITION_INT      src=1.1    time_boot_ms=2948141704 lat=133458059 lon=747940080 alt=74580 relative_alt=-3619 vx=0 vy=0 vz=0 hdg=0
2026-09-17 19:45:36.842 | LOCAL_POSITION_NED       src=1.1    time_boot_ms=2948141704 x=12 y=-7 z=5.03918 vx=0 vy=0 vz=0
2026-09-17 19:45:36.842 | RC_CHANNELS              src=1.1    time_boot_ms=2948141704 chancount=0 chan1_raw=0 chan2_raw=0 chan3_raw=0 chan4_raw=0 chan5_raw=0 chan6_raw=0 chan7_raw=0 chan8_raw=0 chan9_raw=0 chan10_raw=0 chan11_raw=0 chan12_raw=0 chan13_raw=0 chan14_raw=0 chan15_raw=0 chan16_raw=0 chan17_raw=0 chan18_raw=0 rssi=255
2026-09-17 19:45:36.947 | GLOBAL_POSITION_INT      src=1.1    time_boot_ms=2948141810 lat=133458059 lon=747940080 alt=74580 relative_alt=-3619 vx=0 vy=0 vz=0 hdg=0
2026-09-17 19:45:36.947 | LOCAL_POSITION_NED       src=1.1    time_boot_ms=2948141810 x=12 y=-7 z=5.03918 vx=0 vy=0 vz=0
2026-09-17 19:45:36.947 | RC_CHANNELS              src=1.1    time_boot_ms=2948141810 chancount=0 chan1_raw=0 chan2_raw=0 chan3_raw=0 chan4_raw=0 chan5_raw=0 chan6_raw=0 chan7_raw=0 chan8_raw=0 chan9_raw=0 chan10_raw=0 chan11_raw=0 chan12_raw=0 chan13_raw=0 chan14_raw=0 chan15_raw=0 chan16_raw=0 chan17_raw=0 chan18_raw=0 rssi=255
2026-09-17 19:45:36.972 | HEARTBEAT                src=1.1    type=2 autopilot=3 base_mode=1 custom_mode=5 system_status=4 mavlink_version=3
2026-09-17 19:45:36.972 | SUMMARY mode=LOITER disarmed alt=-3.62m ned=(12.00,-7.00,5.04) gps=(13.3458059,74.7940080) fix=3 sats=16 eph=100 batt=16.80V/10.0A/98% ch8=0 rssi=255 ekf=0x033f v=0.09 p=0.00 c=0.00 rx=13926 drop=0
2026-09-17 19:45:36.973 | SYS_STATUS               src=1.1    onboard_control_sensors_present=0 onboard_control_sensors_enabled=0 onboard_control_sensors_health=0 load=250 voltage_battery=16800 current_battery=1000 battery_remaining=98 drop_rate_comm=0 errors_comm=0 errors_count1=0 errors_count2=0 errors_count3=0 errors_count4=0
2026-09-17 19:45:36.973 | GPS_RAW_INT              src=1.1    time_usec=1789654536967354 fix_type=3 lat=133458059 lon=747940080 alt=74580 eph=100 epv=100 vel=0 cog=0 satellites_visible=16
2026-09-17 19:45:36.973 | EKF_STATUS_REPORT        src=1.1    flags=831 velocity_variance=0.09 pos_horiz_variance=0.001 pos_vert_variance=0.005 compass_variance=0.0004 terrain_alt_variance=0
2026-09-17 19:45:36.973 | FENCE_STATUS             src=1.1    breach_status=0 breach_count=0 breach_type=0 breach_time=0
2026-09-17 19:45:37.055 | GLOBAL_POSITION_INT      src=1.1    time_boot_ms=2948141918 lat=133458059 lon=747940080 alt=74580 relative_alt=-3619 vx=0 vy=0 vz=0 hdg=0
2026-09-17 19:45:37.055 | LOCAL_POSITION_NED       src=1.1    time_boot_ms=2948141918 x=12 y=-7 z=5.03918 vx=0 vy=0 vz=0
2026-09-17 19:45:37.055 | RC_CHANNELS              src=1.1    time_boot_ms=2948141918 chancount=0 chan1_raw=0 chan2_raw=0 chan3_raw=0 chan4_raw=0 chan5_raw=0 chan6_raw=0 chan7_raw=0 chan8_raw=0 chan9_raw=0 chan10_raw=0 chan11_raw=0 chan12_raw=0 chan13_raw=0 chan14_raw=0 chan15_raw=0 chan16_raw=0 chan17_raw=0 chan18_raw=0 rssi=255
2026-09-17 19:45:37.159 | GLOBAL_POSITION_INT      src=1.1    time_boot_ms=2948142022 lat=133458059 lon=747940080 alt=74580 relative_alt=-3619 vx=0 vy=0 vz=0 hdg=0
2026-09-17 19:45:37.159 | LOCAL_POSITION_NED       src=1.1    time_boot_ms=2948142022 x=12 y=-7 z=5.03918 vx=0 vy=0 vz=0
2026-09-17 19:45:37.159 | RC_CHANNELS              src=1.1    time_boot_ms=2948142022 chancount=0 chan1_raw=0 chan2_raw=0 chan3_raw=0 chan4_raw=0 chan5_raw=0 chan6_raw=0 chan7_raw=0 chan8_raw=0 chan9_raw=0 chan10_raw=0 chan11_raw=0 chan12_raw=0 chan13_raw=0 chan14_raw=0 chan15_raw=0 chan16_raw=0 chan17_raw=0 chan18_raw=0 rssi=255
2026-09-17 19:45:37.265 | GLOBAL_POSITION_INT      src=1.1    time_boot_ms=2948142126 lat=133458059 lon=747940080 alt=74580 relative_alt=-3619 vx=0 vy=0 vz=0 hdg=0
2026-09-17 19:45:37.266 | LOCAL_POSITION_NED       src=1.1    time_boot_ms=2948142126 x=12 y=-7 z=5.03918 vx=0 vy=0 vz=0
2026-09-17 19:45:37.266 | RC_CHANNELS              src=1.1    time_boot_ms=2948142126 chancount=0 chan1_raw=0 chan2_raw=0 chan3_raw=0 chan4_raw=0 chan5_raw=0 chan6_raw=0 chan7_raw=0 chan8_raw=0 chan9_raw=0 chan10_raw=0 chan11_raw=0 chan12_raw=0 chan13_raw=0 chan14_raw=0 chan15_raw=0 chan16_raw=0 chan17_raw=0 chan18_raw=0 rssi=255
2026-09-17 19:45:37.370 | GLOBAL_POSITION_INT      src=1.1    time_boot_ms=2948142233 lat=133458059 lon=747940080 alt=74580 relative_alt=-3619 vx=0 vy=0 vz=0 hdg=0
2026-09-17 19:45:37.371 | LOCAL_POSITION_NED       src=1.1    time_boot_ms=2948142233 x=12 y=-7 z=5.03918 vx=0 vy=0 vz=0
2026-09-17 19:45:37.371 | RC_CHANNELS              src=1.1    time_boot_ms=2948142233 chancount=0 chan1_raw=0 chan2_raw=0 chan3_raw=0 chan4_raw=0 chan5_raw=0 chan6_raw=0 chan7_raw=0 chan8_raw=0 chan9_raw=0 chan10_raw=0 chan11_raw=0 chan12_raw=0 chan13_raw=0 chan14_raw=0 chan15_raw=0 chan16_raw=0 chan17_raw=0 chan18_raw=0 rssi=255
2026-09-17 19:45:37.474 | HEARTBEAT                src=1.1    type=2 autopilot=3 base_mode=1 custom_mode=5 system_status=4 mavlink_version=3
2026-09-17 19:45:37.474 | GLOBAL_POSITION_INT      src=1.1    time_boot_ms=2948142337 lat=133458059 lon=747940080 alt=74580 relative_alt=-3619 vx=0 vy=0 vz=0 hdg=0
2026-09-17 19:45:37.474 | LOCAL_POSITION_NED       src=1.1    time_boot_ms=2948142337 x=12 y=-7 z=5.03918 vx=0 vy=0 vz=0
2026-09-17 19:45:37.475 | RC_CHANNELS              src=1.1    time_boot_ms=2948142337 chancount=0 chan1_raw=0 chan2_raw=0 chan3_raw=0 chan4_raw=0 chan5_raw=0 chan6_raw=0 chan7_raw=0 chan8_raw=0 chan9_raw=0 chan10_raw=0 chan11_raw=0 chan12_raw=0 chan13_raw=0 chan14_raw=0 chan15_raw=0 chan16_raw=0 chan17_raw=0 chan18_raw=0 rssi=255
2026-09-17 19:45:37.475 | SYS_STATUS               src=1.1    onboard_control_sensors_present=0 onboard_control_sensors_enabled=0 onboard_control_sensors_health=0 load=250 voltage_battery=16800 current_battery=1000 battery_remaining=98 drop_rate_comm=0 errors_comm=0 errors_count1=0 errors_count2=0 errors_count3=0 errors_count4=0
2026-09-17 19:45:37.475 | GPS_RAW_INT              src=1.1    time_usec=1789654537473532 fix_type=3 lat=133458059 lon=747940080 alt=74580 eph=100 epv=100 vel=0 cog=0 satellites_visible=16
2026-09-17 19:45:37.475 | EKF_STATUS_REPORT        src=1.1    flags=831 velocity_variance=0.09 pos_horiz_variance=0.001 pos_vert_variance=0.005 compass_variance=0.0004 terrain_alt_variance=0
2026-09-17 19:45:37.475 | FENCE_STATUS             src=1.1    breach_status=0 breach_count=0 breach_type=0 breach_time=0
2026-09-17 19:45:37.578 | GLOBAL_POSITION_INT      src=1.1    time_boot_ms=2948142441 lat=133458059 lon=747940080 alt=74580 relative_alt=-3619 vx=0 vy=0 vz=0 hdg=0
2026-09-17 19:45:37.579 | LOCAL_POSITION_NED       src=1.1    time_boot_ms=2948142441 x=12 y=-7 z=5.03918 vx=0 vy=0 vz=0
2026-09-17 19:45:37.579 | RC_CHANNELS              src=1.1    time_boot_ms=2948142441 chancount=0 chan1_raw=0 chan2_raw=0 chan3_raw=0 chan4_raw=0 chan5_raw=0 chan6_raw=0 chan7_raw=0 chan8_raw=0 chan9_raw=0 chan10_raw=0 chan11_raw=0 chan12_raw=0 chan13_raw=0 chan14_raw=0 chan15_raw=0 chan16_raw=0 chan17_raw=0 chan18_raw=0 rssi=255
2026-09-17 19:45:37.690 | GLOBAL_POSITION_INT      src=1.1    time_boot_ms=2948142553 lat=133458059 lon=747940080 alt=74580 relative_alt=-3619 vx=0 vy=0 vz=0 hdg=0
2026-09-17 19:45:37.690 | LOCAL_POSITION_NED       src=1.1    time_boot_ms=2948142553 x=12 y=-7 z=5.03918 vx=0 vy=0 vz=0
2026-09-17 19:45:37.690 | RC_CHANNELS              src=1.1    time_boot_ms=2948142553 chancount=0 chan1_raw=0 chan2_raw=0 chan3_raw=0 chan4_raw=0 chan5_raw=0 chan6_raw=0 chan7_raw=0 chan8_raw=0 chan9_raw=0 chan10_raw=0 chan11_raw=0 chan12_raw=0 chan13_raw=0 chan14_raw=0 chan15_raw=0 chan16_raw=0 chan17_raw=0 chan18_raw=0 rssi=255
2026-09-17 19:45:37.794 | GLOBAL_POSITION_INT      src=1.1    time_boot_ms=2948142657 lat=133458059 lon=747940080 alt=74580 relative_alt=-3619 vx=0 vy=0 vz=0 hdg=0
2026-09-17 19:45:37.794 | LOCAL_POSITION_NED       src=1.1    time_boot_ms=2948142657 x=12 y=-7 z=5.03918 vx=0 vy=0 vz=0
2026-09-17 19:45:37.794 | RC_CHANNELS              src=1.1    time_boot_ms=2948142657 chancount=0 chan1_raw=0 chan2_raw=0 chan3_raw=0 chan4_raw=0 chan5_raw=0 chan6_raw=0 chan7_raw=0 chan8_raw=0 chan9_raw=0 chan10_raw=0 chan11_raw=0 chan12_raw=0 chan13_raw=0 chan14_raw=0 chan15_raw=0 chan16_raw=0 chan17_raw=0 chan18_raw=0 rssi=255
2026-09-17 19:45:37.897 | GLOBAL_POSITION_INT      src=1.1    time_boot_ms=2948142760 lat=133458059 lon=747940080 alt=74580 relative_alt=-3619 vx=0 vy=0 vz=0 hdg=0
2026-09-17 19:45:37.897 | LOCAL_POSITION_NED       src=1.1    time_boot_ms=2948142760 x=12 y=-7 z=5.03918 vx=0 vy=0 vz=0
2026-09-17 19:45:37.897 | RC_CHANNELS              src=1.1    time_boot_ms=2948142760 chancount=0 chan1_raw=0 chan2_raw=0 chan3_raw=0 chan4_raw=0 chan5_raw=0 chan6_raw=0 chan7_raw=0 chan8_raw=0 chan9_raw=0 chan10_raw=0 chan11_raw=0 chan12_raw=0 chan13_raw=0 chan14_raw=0 chan15_raw=0 chan16_raw=0 chan17_raw=0 chan18_raw=0 rssi=255
2026-09-17 19:45:37.981 | HEARTBEAT                src=1.1    type=2 autopilot=3 base_mode=1 custom_mode=5 system_status=4 mavlink_version=3
2026-09-17 19:45:37.981 | SUMMARY mode=LOITER disarmed alt=-3.62m ned=(12.00,-7.00,5.04) gps=(13.3458059,74.7940080) fix=3 sats=16 eph=100 batt=16.80V/10.0A/98% ch8=0 rssi=255 ekf=0x033f v=0.09 p=0.00 c=0.00 rx=13963 drop=0
2026-09-17 19:45:37.981 | SYS_STATUS               src=1.1    onboard_control_sensors_present=0 onboard_control_sensors_enabled=0 onboard_control_sensors_health=0 load=250 voltage_battery=16800 current_battery=1000 battery_remaining=98 drop_rate_comm=0 errors_comm=0 errors_count1=0 errors_count2=0 errors_count3=0 errors_count4=0
2026-09-17 19:45:37.981 | GPS_RAW_INT              src=1.1    time_usec=1789654537980239 fix_type=3 lat=133458059 lon=747940080 alt=74580 eph=100 epv=100 vel=0 cog=0 satellites_visible=16
2026-09-17 19:45:37.981 | EKF_STATUS_REPORT        src=1.1    flags=831 velocity_variance=0.09 pos_horiz_variance=0.001 pos_vert_variance=0.005 compass_variance=0.0004 terrain_alt_variance=0
2026-09-17 19:45:37.981 | FENCE_STATUS             src=1.1    breach_status=0 breach_count=0 breach_type=0 breach_time=0
2026-09-17 19:45:38.004 | GLOBAL_POSITION_INT      src=1.1    time_boot_ms=2948142866 lat=133458059 lon=747940080 alt=74580 relative_alt=-3619 vx=0 vy=0 vz=0 hdg=0
2026-09-17 19:45:38.004 | LOCAL_POSITION_NED       src=1.1    time_boot_ms=2948142866 x=12 y=-7 z=5.03918 vx=0 vy=0 vz=0
2026-09-17 19:45:38.004 | RC_CHANNELS              src=1.1    time_boot_ms=2948142866 chancount=0 chan1_raw=0 chan2_raw=0 chan3_raw=0 chan4_raw=0 chan5_raw=0 chan6_raw=0 chan7_raw=0 chan8_raw=0 chan9_raw=0 chan10_raw=0 chan11_raw=0 chan12_raw=0 chan13_raw=0 chan14_raw=0 chan15_raw=0 chan16_raw=0 chan17_raw=0 chan18_raw=0 rssi=255
2026-09-17 19:45:38.111 | GLOBAL_POSITION_INT      src=1.1    time_boot_ms=2948142970 lat=133458059 lon=747940080 alt=74580 relative_alt=-3619 vx=0 vy=0 vz=0 hdg=0
2026-09-17 19:45:38.113 | LOCAL_POSITION_NED       src=1.1    time_boot_ms=2948142970 x=12 y=-7 z=5.03918 vx=0 vy=0 vz=0
2026-09-17 19:45:38.114 | RC_CHANNELS              src=1.1    time_boot_ms=2948142970 chancount=0 chan1_raw=0 chan2_raw=0 chan3_raw=0 chan4_raw=0 chan5_raw=0 chan6_raw=0 chan7_raw=0 chan8_raw=0 chan9_raw=0 chan10_raw=0 chan11_raw=0 chan12_raw=0 chan13_raw=0 chan14_raw=0 chan15_raw=0 chan16_raw=0 chan17_raw=0 chan18_raw=0 rssi=255
2026-09-17 19:45:38.216 | GLOBAL_POSITION_INT      src=1.1    time_boot_ms=2948143076 lat=133458059 lon=747940080 alt=74580 relative_alt=-3619 vx=0 vy=0 vz=0 hdg=0
2026-09-17 19:45:38.216 | LOCAL_POSITION_NED       src=1.1    time_boot_ms=2948143076 x=12 y=-7 z=5.03918 vx=0 vy=0 vz=0
2026-09-17 19:45:38.216 | RC_CHANNELS              src=1.1    time_boot_ms=2948143076 chancount=0 chan1_raw=0 chan2_raw=0 chan3_raw=0 chan4_raw=0 chan5_raw=0 chan6_raw=0 chan7_raw=0 chan8_raw=0 chan9_raw=0 chan10_raw=0 chan11_raw=0 chan12_raw=0 chan13_raw=0 chan14_raw=0 chan15_raw=0 chan16_raw=0 chan17_raw=0 chan18_raw=0 rssi=255
2026-09-17 19:45:38.323 | GLOBAL_POSITION_INT      src=1.1    time_boot_ms=2948143181 lat=133458059 lon=747940080 alt=74580 relative_alt=-3619 vx=0 vy=0 vz=0 hdg=0
2026-09-17 19:45:38.330 | LOCAL_POSITION_NED       src=1.1    time_boot_ms=2948143181 x=12 y=-7 z=5.03918 vx=0 vy=0 vz=0
2026-09-17 19:45:38.330 | RC_CHANNELS              src=1.1    time_boot_ms=2948143181 chancount=0 chan1_raw=0 chan2_raw=0 chan3_raw=0 chan4_raw=0 chan5_raw=0 chan6_raw=0 chan7_raw=0 chan8_raw=0 chan9_raw=0 chan10_raw=0 chan11_raw=0 chan12_raw=0 chan13_raw=0 chan14_raw=0 chan15_raw=0 chan16_raw=0 chan17_raw=0 chan18_raw=0 rssi=255
2026-09-17 19:45:38.435 | GLOBAL_POSITION_INT      src=1.1    time_boot_ms=2948143298 lat=133458059 lon=747940080 alt=74580 relative_alt=-3619 vx=0 vy=0 vz=0 hdg=0
2026-09-17 19:45:38.436 | LOCAL_POSITION_NED       src=1.1    time_boot_ms=2948143298 x=12 y=-7 z=5.03918 vx=0 vy=0 vz=0
2026-09-17 19:45:38.436 | RC_CHANNELS              src=1.1    time_boot_ms=2948143298 chancount=0 chan1_raw=0 chan2_raw=0 chan3_raw=0 chan4_raw=0 chan5_raw=0 chan6_raw=0 chan7_raw=0 chan8_raw=0 chan9_raw=0 chan10_raw=0 chan11_raw=0 chan12_raw=0 chan13_raw=0 chan14_raw=0 chan15_raw=0 chan16_raw=0 chan17_raw=0 chan18_raw=0 rssi=255
2026-09-17 19:45:38.497 | HEARTBEAT                src=1.1    type=2 autopilot=3 base_mode=1 custom_mode=5 system_status=4 mavlink_version=3
2026-09-17 19:45:38.498 | SYS_STATUS               src=1.1    onboard_control_sensors_present=0 onboard_control_sensors_enabled=0 onboard_control_sensors_health=0 load=250 voltage_battery=16800 current_battery=1000 battery_remaining=98 drop_rate_comm=0 errors_comm=0 errors_count1=0 errors_count2=0 errors_count3=0 errors_count4=0
2026-09-17 19:45:38.498 | GPS_RAW_INT              src=1.1    time_usec=1789654538496492 fix_type=3 lat=133458059 lon=747940080 alt=74580 eph=100 epv=100 vel=0 cog=0 satellites_visible=16
2026-09-17 19:45:38.498 | EKF_STATUS_REPORT        src=1.1    flags=831 velocity_variance=0.09 pos_horiz_variance=0.001 pos_vert_variance=0.005 compass_variance=0.0004 terrain_alt_variance=0
2026-09-17 19:45:38.498 | FENCE_STATUS             src=1.1    breach_status=0 breach_count=0 breach_type=0 breach_time=0
2026-09-17 19:45:38.539 | GLOBAL_POSITION_INT      src=1.1    time_boot_ms=2948143402 lat=133458059 lon=747940080 alt=74580 relative_alt=-3619 vx=0 vy=0 vz=0 hdg=0
2026-09-17 19:45:38.539 | LOCAL_POSITION_NED       src=1.1    time_boot_ms=2948143402 x=12 y=-7 z=5.03918 vx=0 vy=0 vz=0
2026-09-17 19:45:38.539 | RC_CHANNELS              src=1.1    time_boot_ms=2948143402 chancount=0 chan1_raw=0 chan2_raw=0 chan3_raw=0 chan4_raw=0 chan5_raw=0 chan6_raw=0 chan7_raw=0 chan8_raw=0 chan9_raw=0 chan10_raw=0 chan11_raw=0 chan12_raw=0 chan13_raw=0 chan14_raw=0 chan15_raw=0 chan16_raw=0 chan17_raw=0 chan18_raw=0 rssi=255
2026-09-17 19:45:38.650 | GLOBAL_POSITION_INT      src=1.1    time_boot_ms=2948143511 lat=133458059 lon=747940080 alt=74580 relative_alt=-3619 vx=0 vy=0 vz=0 hdg=0
2026-09-17 19:45:38.651 | LOCAL_POSITION_NED       src=1.1    time_boot_ms=2948143511 x=12 y=-7 z=5.03918 vx=0 vy=0 vz=0
2026-09-17 19:45:38.651 | RC_CHANNELS              src=1.1    time_boot_ms=2948143511 chancount=0 chan1_raw=0 chan2_raw=0 chan3_raw=0 chan4_raw=0 chan5_raw=0 chan6_raw=0 chan7_raw=0 chan8_raw=0 chan9_raw=0 chan10_raw=0 chan11_raw=0 chan12_raw=0 chan13_raw=0 chan14_raw=0 chan15_raw=0 chan16_raw=0 chan17_raw=0 chan18_raw=0 rssi=255
2026-09-17 19:45:38.754 | GLOBAL_POSITION_INT      src=1.1    time_boot_ms=2948143617 lat=133458059 lon=747940080 alt=74580 relative_alt=-3619 vx=0 vy=0 vz=0 hdg=0
2026-09-17 19:45:38.754 | LOCAL_POSITION_NED       src=1.1    time_boot_ms=2948143617 x=12 y=-7 z=5.03918 vx=0 vy=0 vz=0
2026-09-17 19:45:38.755 | RC_CHANNELS              src=1.1    time_boot_ms=2948143617 chancount=0 chan1_raw=0 chan2_raw=0 chan3_raw=0 chan4_raw=0 chan5_raw=0 chan6_raw=0 chan7_raw=0 chan8_raw=0 chan9_raw=0 chan10_raw=0 chan11_raw=0 chan12_raw=0 chan13_raw=0 chan14_raw=0 chan15_raw=0 chan16_raw=0 chan17_raw=0 chan18_raw=0 rssi=255
2026-09-17 19:45:38.860 | GLOBAL_POSITION_INT      src=1.1    time_boot_ms=2948143723 lat=133458059 lon=747940080 alt=74580 relative_alt=-3619 vx=0 vy=0 vz=0 hdg=0
2026-09-17 19:45:38.861 | LOCAL_POSITION_NED       src=1.1    time_boot_ms=2948143723 x=12 y=-7 z=5.03918 vx=0 vy=0 vz=0
2026-09-17 19:45:38.861 | RC_CHANNELS              src=1.1    time_boot_ms=2948143723 chancount=0 chan1_raw=0 chan2_raw=0 chan3_raw=0 chan4_raw=0 chan5_raw=0 chan6_raw=0 chan7_raw=0 chan8_raw=0 chan9_raw=0 chan10_raw=0 chan11_raw=0 chan12_raw=0 chan13_raw=0 chan14_raw=0 chan15_raw=0 chan16_raw=0 chan17_raw=0 chan18_raw=0 rssi=255
2026-09-17 19:45:38.964 | GLOBAL_POSITION_INT      src=1.1    time_boot_ms=2948143827 lat=133458059 lon=747940080 alt=74580 relative_alt=-3619 vx=0 vy=0 vz=0 hdg=0
2026-09-17 19:45:38.965 | LOCAL_POSITION_NED       src=1.1    time_boot_ms=2948143827 x=12 y=-7 z=5.03918 vx=0 vy=0 vz=0
2026-09-17 19:45:38.965 | RC_CHANNELS              src=1.1    time_boot_ms=2948143827 chancount=0 chan1_raw=0 chan2_raw=0 chan3_raw=0 chan4_raw=0 chan5_raw=0 chan6_raw=0 chan7_raw=0 chan8_raw=0 chan9_raw=0 chan10_raw=0 chan11_raw=0 chan12_raw=0 chan13_raw=0 chan14_raw=0 chan15_raw=0 chan16_raw=0 chan17_raw=0 chan18_raw=0 rssi=255
2026-09-17 19:45:39.015 | HEARTBEAT                src=1.1    type=2 autopilot=3 base_mode=1 custom_mode=5 system_status=4 mavlink_version=3
2026-09-17 19:45:39.017 | SUMMARY mode=LOITER disarmed alt=-3.62m ned=(12.00,-7.00,5.04) gps=(13.3458059,74.7940080) fix=3 sats=16 eph=100 batt=16.80V/10.0A/98% ch8=0 rssi=255 ekf=0x033f v=0.09 p=0.00 c=0.00 rx=14003 drop=0
2026-09-17 19:45:39.017 | SYS_STATUS               src=1.1    onboard_control_sensors_present=0 onboard_control_sensors_enabled=0 onboard_control_sensors_health=0 load=250 voltage_battery=16800 current_battery=1000 battery_remaining=98 drop_rate_comm=0 errors_comm=0 errors_count1=0 errors_count2=0 errors_count3=0 errors_count4=0
2026-09-17 19:45:39.017 | GPS_RAW_INT              src=1.1    time_usec=1789654539008872 fix_type=3 lat=133458059 lon=747940080 alt=74580 eph=100 epv=100 vel=0 cog=0 satellites_visible=16
2026-09-17 19:45:39.017 | EKF_STATUS_REPORT        src=1.1    flags=831 velocity_variance=0.09 pos_horiz_variance=0.001 pos_vert_variance=0.005 compass_variance=0.0004 terrain_alt_variance=0
2026-09-17 19:45:39.017 | FENCE_STATUS             src=1.1    breach_status=0 breach_count=0 breach_type=0 breach_time=0
2026-09-17 19:45:39.073 | GLOBAL_POSITION_INT      src=1.1    time_boot_ms=2948143936 lat=133458059 lon=747940080 alt=74580 relative_alt=-3619 vx=0 vy=0 vz=0 hdg=0
2026-09-17 19:45:39.073 | LOCAL_POSITION_NED       src=1.1    time_boot_ms=2948143936 x=12 y=-7 z=5.03918 vx=0 vy=0 vz=0
2026-09-17 19:45:39.073 | RC_CHANNELS              src=1.1    time_boot_ms=2948143936 chancount=0 chan1_raw=0 chan2_raw=0 chan3_raw=0 chan4_raw=0 chan5_raw=0 chan6_raw=0 chan7_raw=0 chan8_raw=0 chan9_raw=0 chan10_raw=0 chan11_raw=0 chan12_raw=0 chan13_raw=0 chan14_raw=0 chan15_raw=0 chan16_raw=0 chan17_raw=0 chan18_raw=0 rssi=255
2026-09-17 19:45:39.179 | GLOBAL_POSITION_INT      src=1.1    time_boot_ms=2948144042 lat=133458059 lon=747940080 alt=74580 relative_alt=-3619 vx=0 vy=0 vz=0 hdg=0
2026-09-17 19:45:39.179 | LOCAL_POSITION_NED       src=1.1    time_boot_ms=2948144042 x=12 y=-7 z=5.03918 vx=0 vy=0 vz=0
2026-09-17 19:45:39.179 | RC_CHANNELS              src=1.1    time_boot_ms=2948144042 chancount=0 chan1_raw=0 chan2_raw=0 chan3_raw=0 chan4_raw=0 chan5_raw=0 chan6_raw=0 chan7_raw=0 chan8_raw=0 chan9_raw=0 chan10_raw=0 chan11_raw=0 chan12_raw=0 chan13_raw=0 chan14_raw=0 chan15_raw=0 chan16_raw=0 chan17_raw=0 chan18_raw=0 rssi=255
2026-09-17 19:45:39.287 | GLOBAL_POSITION_INT      src=1.1    time_boot_ms=2948144150 lat=133458059 lon=747940080 alt=74580 relative_alt=-3619 vx=0 vy=0 vz=0 hdg=0
2026-09-17 19:45:39.288 | LOCAL_POSITION_NED       src=1.1    time_boot_ms=2948144150 x=12 y=-7 z=5.03918 vx=0 vy=0 vz=0
2026-09-17 19:45:39.288 | RC_CHANNELS              src=1.1    time_boot_ms=2948144150 chancount=0 chan1_raw=0 chan2_raw=0 chan3_raw=0 chan4_raw=0 chan5_raw=0 chan6_raw=0 chan7_raw=0 chan8_raw=0 chan9_raw=0 chan10_raw=0 chan11_raw=0 chan12_raw=0 chan13_raw=0 chan14_raw=0 chan15_raw=0 chan16_raw=0 chan17_raw=0 chan18_raw=0 rssi=255
2026-09-17 19:45:39.392 | GLOBAL_POSITION_INT      src=1.1    time_boot_ms=2948144255 lat=133458059 lon=747940080 alt=74580 relative_alt=-3619 vx=0 vy=0 vz=0 hdg=0
2026-09-17 19:45:39.392 | LOCAL_POSITION_NED       src=1.1    time_boot_ms=2948144255 x=12 y=-7 z=5.03918 vx=0 vy=0 vz=0
2026-09-17 19:45:39.392 | RC_CHANNELS              src=1.1    time_boot_ms=2948144255 chancount=0 chan1_raw=0 chan2_raw=0 chan3_raw=0 chan4_raw=0 chan5_raw=0 chan6_raw=0 chan7_raw=0 chan8_raw=0 chan9_raw=0 chan10_raw=0 chan11_raw=0 chan12_raw=0 chan13_raw=0 chan14_raw=0 chan15_raw=0 chan16_raw=0 chan17_raw=0 chan18_raw=0 rssi=255
2026-09-17 19:45:39.496 | GLOBAL_POSITION_INT      src=1.1    time_boot_ms=2948144359 lat=133458059 lon=747940080 alt=74580 relative_alt=-3619 vx=0 vy=0 vz=0 hdg=0
2026-09-17 19:45:39.496 | LOCAL_POSITION_NED       src=1.1    time_boot_ms=2948144359 x=12 y=-7 z=5.03918 vx=0 vy=0 vz=0
2026-09-17 19:45:39.496 | RC_CHANNELS              src=1.1    time_boot_ms=2948144359 chancount=0 chan1_raw=0 chan2_raw=0 chan3_raw=0 chan4_raw=0 chan5_raw=0 chan6_raw=0 chan7_raw=0 chan8_raw=0 chan9_raw=0 chan10_raw=0 chan11_raw=0 chan12_raw=0 chan13_raw=0 chan14_raw=0 chan15_raw=0 chan16_raw=0 chan17_raw=0 chan18_raw=0 rssi=255
2026-09-17 19:45:39.517 | HEARTBEAT                src=1.1    type=2 autopilot=3 base_mode=1 custom_mode=5 system_status=4 mavlink_version=3
2026-09-17 19:45:39.517 | SYS_STATUS               src=1.1    onboard_control_sensors_present=0 onboard_control_sensors_enabled=0 onboard_control_sensors_health=0 load=250 voltage_battery=16800 current_battery=1000 battery_remaining=98 drop_rate_comm=0 errors_comm=0 errors_count1=0 errors_count2=0 errors_count3=0 errors_count4=0
2026-09-17 19:45:39.517 | GPS_RAW_INT              src=1.1    time_usec=1789654539516308 fix_type=3 lat=133458059 lon=747940080 alt=74580 eph=100 epv=100 vel=0 cog=0 satellites_visible=16
2026-09-17 19:45:39.517 | EKF_STATUS_REPORT        src=1.1    flags=831 velocity_variance=0.09 pos_horiz_variance=0.001 pos_vert_variance=0.005 compass_variance=0.0004 terrain_alt_variance=0
2026-09-17 19:45:39.517 | FENCE_STATUS             src=1.1    breach_status=0 breach_count=0 breach_type=0 breach_time=0
2026-09-17 19:45:39.599 | GLOBAL_POSITION_INT      src=1.1    time_boot_ms=2948144462 lat=133458059 lon=747940080 alt=74580 relative_alt=-3619 vx=0 vy=0 vz=0 hdg=0
2026-09-17 19:45:39.599 | LOCAL_POSITION_NED       src=1.1    time_boot_ms=2948144462 x=12 y=-7 z=5.03918 vx=0 vy=0 vz=0
2026-09-17 19:45:39.600 | RC_CHANNELS              src=1.1    time_boot_ms=2948144462 chancount=0 chan1_raw=0 chan2_raw=0 chan3_raw=0 chan4_raw=0 chan5_raw=0 chan6_raw=0 chan7_raw=0 chan8_raw=0 chan9_raw=0 chan10_raw=0 chan11_raw=0 chan12_raw=0 chan13_raw=0 chan14_raw=0 chan15_raw=0 chan16_raw=0 chan17_raw=0 chan18_raw=0 rssi=255
2026-09-17 19:45:39.711 | GLOBAL_POSITION_INT      src=1.1    time_boot_ms=2948144574 lat=133458059 lon=747940080 alt=74580 relative_alt=-3619 vx=0 vy=0 vz=0 hdg=0
2026-09-17 19:45:39.712 | LOCAL_POSITION_NED       src=1.1    time_boot_ms=2948144574 x=12 y=-7 z=5.03918 vx=0 vy=0 vz=0
2026-09-17 19:45:39.712 | RC_CHANNELS              src=1.1    time_boot_ms=2948144574 chancount=0 chan1_raw=0 chan2_raw=0 chan3_raw=0 chan4_raw=0 chan5_raw=0 chan6_raw=0 chan7_raw=0 chan8_raw=0 chan9_raw=0 chan10_raw=0 chan11_raw=0 chan12_raw=0 chan13_raw=0 chan14_raw=0 chan15_raw=0 chan16_raw=0 chan17_raw=0 chan18_raw=0 rssi=255
2026-09-17 19:45:39.818 | GLOBAL_POSITION_INT      src=1.1    time_boot_ms=2948144681 lat=133458059 lon=747940080 alt=74580 relative_alt=-3619 vx=0 vy=0 vz=0 hdg=0
2026-09-17 19:45:39.819 | LOCAL_POSITION_NED       src=1.1    time_boot_ms=2948144681 x=12 y=-7 z=5.03918 vx=0 vy=0 vz=0
2026-09-17 19:45:39.819 | RC_CHANNELS              src=1.1    time_boot_ms=2948144681 chancount=0 chan1_raw=0 chan2_raw=0 chan3_raw=0 chan4_raw=0 chan5_raw=0 chan6_raw=0 chan7_raw=0 chan8_raw=0 chan9_raw=0 chan10_raw=0 chan11_raw=0 chan12_raw=0 chan13_raw=0 chan14_raw=0 chan15_raw=0 chan16_raw=0 chan17_raw=0 chan18_raw=0 rssi=255
2026-09-17 19:45:39.925 | GLOBAL_POSITION_INT      src=1.1    time_boot_ms=2948144787 lat=133458059 lon=747940080 alt=74580 relative_alt=-3619 vx=0 vy=0 vz=0 hdg=0
2026-09-17 19:45:39.928 | LOCAL_POSITION_NED       src=1.1    time_boot_ms=2948144787 x=12 y=-7 z=5.03918 vx=0 vy=0 vz=0
2026-09-17 19:45:39.929 | RC_CHANNELS              src=1.1    time_boot_ms=2948144787 chancount=0 chan1_raw=0 chan2_raw=0 chan3_raw=0 chan4_raw=0 chan5_raw=0 chan6_raw=0 chan7_raw=0 chan8_raw=0 chan9_raw=0 chan10_raw=0 chan11_raw=0 chan12_raw=0 chan13_raw=0 chan14_raw=0 chan15_raw=0 chan16_raw=0 chan17_raw=0 chan18_raw=0 rssi=255
2026-09-17 19:45:40.031 | HEARTBEAT                src=1.1    type=2 autopilot=3 base_mode=1 custom_mode=5 system_status=4 mavlink_version=3
2026-09-17 19:45:40.031 | SUMMARY mode=LOITER disarmed alt=-3.62m ned=(12.00,-7.00,5.04) gps=(13.3458059,74.7940080) fix=3 sats=16 eph=100 batt=16.80V/10.0A/98% ch8=0 rssi=255 ekf=0x033f v=0.09 p=0.00 c=0.00 rx=14040 drop=0
2026-09-17 19:45:40.032 | GLOBAL_POSITION_INT      src=1.1    time_boot_ms=2948144894 lat=133458059 lon=747940080 alt=74580 relative_alt=-3619 vx=0 vy=0 vz=0 hdg=0
2026-09-17 19:45:40.032 | LOCAL_POSITION_NED       src=1.1    time_boot_ms=2948144894 x=12 y=-7 z=5.03918 vx=0 vy=0 vz=0
2026-09-17 19:45:40.032 | RC_CHANNELS              src=1.1    time_boot_ms=2948144894 chancount=0 chan1_raw=0 chan2_raw=0 chan3_raw=0 chan4_raw=0 chan5_raw=0 chan6_raw=0 chan7_raw=0 chan8_raw=0 chan9_raw=0 chan10_raw=0 chan11_raw=0 chan12_raw=0 chan13_raw=0 chan14_raw=0 chan15_raw=0 chan16_raw=0 chan17_raw=0 chan18_raw=0 rssi=255
2026-09-17 19:45:40.032 | SYS_STATUS               src=1.1    onboard_control_sensors_present=0 onboard_control_sensors_enabled=0 onboard_control_sensors_health=0 load=250 voltage_battery=16800 current_battery=1000 battery_remaining=98 drop_rate_comm=0 errors_comm=0 errors_count1=0 errors_count2=0 errors_count3=0 errors_count4=0
2026-09-17 19:45:40.032 | GPS_RAW_INT              src=1.1    time_usec=1789654540030065 fix_type=3 lat=133458059 lon=747940080 alt=74580 eph=100 epv=100 vel=0 cog=0 satellites_visible=16
2026-09-17 19:45:40.032 | EKF_STATUS_REPORT        src=1.1    flags=831 velocity_variance=0.09 pos_horiz_variance=0.001 pos_vert_variance=0.005 compass_variance=0.0004 terrain_alt_variance=0
2026-09-17 19:45:40.032 | FENCE_STATUS             src=1.1    breach_status=0 breach_count=0 breach_type=0 breach_time=0
2026-09-17 19:45:40.138 | GLOBAL_POSITION_INT      src=1.1    time_boot_ms=2948144999 lat=133458059 lon=747940080 alt=74580 relative_alt=-3619 vx=0 vy=0 vz=0 hdg=0
2026-09-17 19:45:40.138 | LOCAL_POSITION_NED       src=1.1    time_boot_ms=2948144999 x=12 y=-7 z=5.03918 vx=0 vy=0 vz=0
2026-09-17 19:45:40.138 | RC_CHANNELS              src=1.1    time_boot_ms=2948144999 chancount=0 chan1_raw=0 chan2_raw=0 chan3_raw=0 chan4_raw=0 chan5_raw=0 chan6_raw=0 chan7_raw=0 chan8_raw=0 chan9_raw=0 chan10_raw=0 chan11_raw=0 chan12_raw=0 chan13_raw=0 chan14_raw=0 chan15_raw=0 chan16_raw=0 chan17_raw=0 chan18_raw=0 rssi=255
2026-09-17 19:45:40.242 | GLOBAL_POSITION_INT      src=1.1    time_boot_ms=2948145105 lat=133458059 lon=747940080 alt=74580 relative_alt=-3619 vx=0 vy=0 vz=0 hdg=0
2026-09-17 19:45:40.243 | LOCAL_POSITION_NED       src=1.1    time_boot_ms=2948145105 x=12 y=-7 z=5.03918 vx=0 vy=0 vz=0
2026-09-17 19:45:40.243 | RC_CHANNELS              src=1.1    time_boot_ms=2948145105 chancount=0 chan1_raw=0 chan2_raw=0 chan3_raw=0 chan4_raw=0 chan5_raw=0 chan6_raw=0 chan7_raw=0 chan8_raw=0 chan9_raw=0 chan10_raw=0 chan11_raw=0 chan12_raw=0 chan13_raw=0 chan14_raw=0 chan15_raw=0 chan16_raw=0 chan17_raw=0 chan18_raw=0 rssi=255
2026-09-17 19:45:40.348 | GLOBAL_POSITION_INT      src=1.1    time_boot_ms=2948145209 lat=133458059 lon=747940080 alt=74580 relative_alt=-3619 vx=0 vy=0 vz=0 hdg=0
2026-09-17 19:45:40.350 | LOCAL_POSITION_NED       src=1.1    time_boot_ms=2948145209 x=12 y=-7 z=5.03918 vx=0 vy=0 vz=0
2026-09-17 19:45:40.351 | RC_CHANNELS              src=1.1    time_boot_ms=2948145209 chancount=0 chan1_raw=0 chan2_raw=0 chan3_raw=0 chan4_raw=0 chan5_raw=0 chan6_raw=0 chan7_raw=0 chan8_raw=0 chan9_raw=0 chan10_raw=0 chan11_raw=0 chan12_raw=0 chan13_raw=0 chan14_raw=0 chan15_raw=0 chan16_raw=0 chan17_raw=0 chan18_raw=0 rssi=255
2026-09-17 19:45:40.452 | GLOBAL_POSITION_INT      src=1.1    time_boot_ms=2948145314 lat=133458059 lon=747940080 alt=74580 relative_alt=-3619 vx=0 vy=0 vz=0 hdg=0
2026-09-17 19:45:40.452 | LOCAL_POSITION_NED       src=1.1    time_boot_ms=2948145314 x=12 y=-7 z=5.03918 vx=0 vy=0 vz=0
2026-09-17 19:45:40.452 | RC_CHANNELS              src=1.1    time_boot_ms=2948145314 chancount=0 chan1_raw=0 chan2_raw=0 chan3_raw=0 chan4_raw=0 chan5_raw=0 chan6_raw=0 chan7_raw=0 chan8_raw=0 chan9_raw=0 chan10_raw=0 chan11_raw=0 chan12_raw=0 chan13_raw=0 chan14_raw=0 chan15_raw=0 chan16_raw=0 chan17_raw=0 chan18_raw=0 rssi=255
2026-09-17 19:45:40.536 | HEARTBEAT                src=1.1    type=2 autopilot=3 base_mode=1 custom_mode=5 system_status=4 mavlink_version=3
2026-09-17 19:45:40.536 | SYS_STATUS               src=1.1    onboard_control_sensors_present=0 onboard_control_sensors_enabled=0 onboard_control_sensors_health=0 load=250 voltage_battery=16800 current_battery=1000 battery_remaining=98 drop_rate_comm=0 errors_comm=0 errors_count1=0 errors_count2=0 errors_count3=0 errors_count4=0
2026-09-17 19:45:40.536 | GPS_RAW_INT              src=1.1    time_usec=1789654540535158 fix_type=3 lat=133458059 lon=747940080 alt=74580 eph=100 epv=100 vel=0 cog=0 satellites_visible=16
2026-09-17 19:45:40.536 | EKF_STATUS_REPORT        src=1.1    flags=831 velocity_variance=0.09 pos_horiz_variance=0.001 pos_vert_variance=0.005 compass_variance=0.0004 terrain_alt_variance=0
2026-09-17 19:45:40.536 | FENCE_STATUS             src=1.1    breach_status=0 breach_count=0 breach_type=0 breach_time=0
2026-09-17 19:45:40.556 | GLOBAL_POSITION_INT      src=1.1    time_boot_ms=2948145420 lat=133458059 lon=747940080 alt=74580 relative_alt=-3619 vx=0 vy=0 vz=0 hdg=0
2026-09-17 19:45:40.556 | LOCAL_POSITION_NED       src=1.1    time_boot_ms=2948145420 x=12 y=-7 z=5.03918 vx=0 vy=0 vz=0
2026-09-17 19:45:40.557 | RC_CHANNELS              src=1.1    time_boot_ms=2948145420 chancount=0 chan1_raw=0 chan2_raw=0 chan3_raw=0 chan4_raw=0 chan5_raw=0 chan6_raw=0 chan7_raw=0 chan8_raw=0 chan9_raw=0 chan10_raw=0 chan11_raw=0 chan12_raw=0 chan13_raw=0 chan14_raw=0 chan15_raw=0 chan16_raw=0 chan17_raw=0 chan18_raw=0 rssi=255
2026-09-17 19:45:40.669 | GLOBAL_POSITION_INT      src=1.1    time_boot_ms=2948145532 lat=133458059 lon=747940080 alt=74580 relative_alt=-3619 vx=0 vy=0 vz=0 hdg=0
2026-09-17 19:45:40.669 | LOCAL_POSITION_NED       src=1.1    time_boot_ms=2948145532 x=12 y=-7 z=5.03918 vx=0 vy=0 vz=0
2026-09-17 19:45:40.669 | RC_CHANNELS              src=1.1    time_boot_ms=2948145532 chancount=0 chan1_raw=0 chan2_raw=0 chan3_raw=0 chan4_raw=0 chan5_raw=0 chan6_raw=0 chan7_raw=0 chan8_raw=0 chan9_raw=0 chan10_raw=0 chan11_raw=0 chan12_raw=0 chan13_raw=0 chan14_raw=0 chan15_raw=0 chan16_raw=0 chan17_raw=0 chan18_raw=0 rssi=255
2026-09-17 19:45:40.772 | GLOBAL_POSITION_INT      src=1.1    time_boot_ms=2948145635 lat=133458059 lon=747940080 alt=74580 relative_alt=-3619 vx=0 vy=0 vz=0 hdg=0
2026-09-17 19:45:40.772 | LOCAL_POSITION_NED       src=1.1    time_boot_ms=2948145635 x=12 y=-7 z=5.03918 vx=0 vy=0 vz=0
2026-09-17 19:45:40.772 | RC_CHANNELS              src=1.1    time_boot_ms=2948145635 chancount=0 chan1_raw=0 chan2_raw=0 chan3_raw=0 chan4_raw=0 chan5_raw=0 chan6_raw=0 chan7_raw=0 chan8_raw=0 chan9_raw=0 chan10_raw=0 chan11_raw=0 chan12_raw=0 chan13_raw=0 chan14_raw=0 chan15_raw=0 chan16_raw=0 chan17_raw=0 chan18_raw=0 rssi=255
2026-09-17 19:45:40.876 | GLOBAL_POSITION_INT      src=1.1    time_boot_ms=2948145739 lat=133458059 lon=747940080 alt=74580 relative_alt=-3619 vx=0 vy=0 vz=0 hdg=0
2026-09-17 19:45:40.876 | LOCAL_POSITION_NED       src=1.1    time_boot_ms=2948145739 x=12 y=-7 z=5.03918 vx=0 vy=0 vz=0
2026-09-17 19:45:40.876 | RC_CHANNELS              src=1.1    time_boot_ms=2948145739 chancount=0 chan1_raw=0 chan2_raw=0 chan3_raw=0 chan4_raw=0 chan5_raw=0 chan6_raw=0 chan7_raw=0 chan8_raw=0 chan9_raw=0 chan10_raw=0 chan11_raw=0 chan12_raw=0 chan13_raw=0 chan14_raw=0 chan15_raw=0 chan16_raw=0 chan17_raw=0 chan18_raw=0 rssi=255
2026-09-17 19:45:40.979 | GLOBAL_POSITION_INT      src=1.1    time_boot_ms=2948145842 lat=133458059 lon=747940080 alt=74580 relative_alt=-3619 vx=0 vy=0 vz=0 hdg=0
2026-09-17 19:45:40.979 | LOCAL_POSITION_NED       src=1.1    time_boot_ms=2948145842 x=12 y=-7 z=5.03918 vx=0 vy=0 vz=0
2026-09-17 19:45:40.979 | RC_CHANNELS              src=1.1    time_boot_ms=2948145842 chancount=0 chan1_raw=0 chan2_raw=0 chan3_raw=0 chan4_raw=0 chan5_raw=0 chan6_raw=0 chan7_raw=0 chan8_raw=0 chan9_raw=0 chan10_raw=0 chan11_raw=0 chan12_raw=0 chan13_raw=0 chan14_raw=0 chan15_raw=0 chan16_raw=0 chan17_raw=0 chan18_raw=0 rssi=255
2026-09-17 19:45:41.041 | HEARTBEAT                src=1.1    type=2 autopilot=3 base_mode=1 custom_mode=5 system_status=4 mavlink_version=3
2026-09-17 19:45:41.041 | SUMMARY mode=LOITER disarmed alt=-3.62m ned=(12.00,-7.00,5.04) gps=(13.3458059,74.7940080) fix=3 sats=16 eph=100 batt=16.80V/10.0A/98% ch8=0 rssi=255 ekf=0x033f v=0.09 p=0.00 c=0.00 rx=14080 drop=0
2026-09-17 19:45:41.041 | SYS_STATUS               src=1.1    onboard_control_sensors_present=0 onboard_control_sensors_enabled=0 onboard_control_sensors_health=0 load=250 voltage_battery=16800 current_battery=1000 battery_remaining=98 drop_rate_comm=0 errors_comm=0 errors_count1=0 errors_count2=0 errors_count3=0 errors_count4=0
2026-09-17 19:45:41.041 | GPS_RAW_INT              src=1.1    time_usec=1789654541040318 fix_type=3 lat=133458059 lon=747940080 alt=74580 eph=100 epv=100 vel=0 cog=0 satellites_visible=16
2026-09-17 19:45:41.041 | EKF_STATUS_REPORT        src=1.1    flags=831 velocity_variance=0.09 pos_horiz_variance=0.001 pos_vert_variance=0.005 compass_variance=0.0004 terrain_alt_variance=0
2026-09-17 19:45:41.041 | FENCE_STATUS             src=1.1    breach_status=0 breach_count=0 breach_type=0 breach_time=0
2026-09-17 19:45:41.083 | GLOBAL_POSITION_INT      src=1.1    time_boot_ms=2948145946 lat=133458059 lon=747940080 alt=74580 relative_alt=-3619 vx=0 vy=0 vz=0 hdg=0
2026-09-17 19:45:41.084 | LOCAL_POSITION_NED       src=1.1    time_boot_ms=2948145946 x=12 y=-7 z=5.03918 vx=0 vy=0 vz=0
2026-09-17 19:45:41.084 | RC_CHANNELS              src=1.1    time_boot_ms=2948145946 chancount=0 chan1_raw=0 chan2_raw=0 chan3_raw=0 chan4_raw=0 chan5_raw=0 chan6_raw=0 chan7_raw=0 chan8_raw=0 chan9_raw=0 chan10_raw=0 chan11_raw=0 chan12_raw=0 chan13_raw=0 chan14_raw=0 chan15_raw=0 chan16_raw=0 chan17_raw=0 chan18_raw=0 rssi=255
2026-09-17 19:45:41.188 | GLOBAL_POSITION_INT      src=1.1    time_boot_ms=2948146050 lat=133458059 lon=747940080 alt=74580 relative_alt=-3619 vx=0 vy=0 vz=0 hdg=0
2026-09-17 19:45:41.189 | LOCAL_POSITION_NED       src=1.1    time_boot_ms=2948146050 x=12 y=-7 z=5.03918 vx=0 vy=0 vz=0
2026-09-17 19:45:41.189 | RC_CHANNELS              src=1.1    time_boot_ms=2948146050 chancount=0 chan1_raw=0 chan2_raw=0 chan3_raw=0 chan4_raw=0 chan5_raw=0 chan6_raw=0 chan7_raw=0 chan8_raw=0 chan9_raw=0 chan10_raw=0 chan11_raw=0 chan12_raw=0 chan13_raw=0 chan14_raw=0 chan15_raw=0 chan16_raw=0 chan17_raw=0 chan18_raw=0 rssi=255
2026-09-17 19:45:41.292 | GLOBAL_POSITION_INT      src=1.1    time_boot_ms=2948146156 lat=133458059 lon=747940080 alt=74580 relative_alt=-3619 vx=0 vy=0 vz=0 hdg=0
2026-09-17 19:45:41.293 | LOCAL_POSITION_NED       src=1.1    time_boot_ms=2948146156 x=12 y=-7 z=5.03918 vx=0 vy=0 vz=0
2026-09-17 19:45:41.293 | RC_CHANNELS              src=1.1    time_boot_ms=2948146156 chancount=0 chan1_raw=0 chan2_raw=0 chan3_raw=0 chan4_raw=0 chan5_raw=0 chan6_raw=0 chan7_raw=0 chan8_raw=0 chan9_raw=0 chan10_raw=0 chan11_raw=0 chan12_raw=0 chan13_raw=0 chan14_raw=0 chan15_raw=0 chan16_raw=0 chan17_raw=0 chan18_raw=0 rssi=255
2026-09-17 19:45:41.396 | GLOBAL_POSITION_INT      src=1.1    time_boot_ms=2948146260 lat=133458059 lon=747940080 alt=74580 relative_alt=-3619 vx=0 vy=0 vz=0 hdg=0
2026-09-17 19:45:41.397 | LOCAL_POSITION_NED       src=1.1    time_boot_ms=2948146260 x=12 y=-7 z=5.03918 vx=0 vy=0 vz=0
2026-09-17 19:45:41.397 | RC_CHANNELS              src=1.1    time_boot_ms=2948146260 chancount=0 chan1_raw=0 chan2_raw=0 chan3_raw=0 chan4_raw=0 chan5_raw=0 chan6_raw=0 chan7_raw=0 chan8_raw=0 chan9_raw=0 chan10_raw=0 chan11_raw=0 chan12_raw=0 chan13_raw=0 chan14_raw=0 chan15_raw=0 chan16_raw=0 chan17_raw=0 chan18_raw=0 rssi=255
2026-09-17 19:45:41.499 | GLOBAL_POSITION_INT      src=1.1    time_boot_ms=2948146363 lat=133458059 lon=747940080 alt=74580 relative_alt=-3619 vx=0 vy=0 vz=0 hdg=0
2026-09-17 19:45:41.499 | LOCAL_POSITION_NED       src=1.1    time_boot_ms=2948146363 x=12 y=-7 z=5.03918 vx=0 vy=0 vz=0
2026-09-17 19:45:41.500 | RC_CHANNELS              src=1.1    time_boot_ms=2948146363 chancount=0 chan1_raw=0 chan2_raw=0 chan3_raw=0 chan4_raw=0 chan5_raw=0 chan6_raw=0 chan7_raw=0 chan8_raw=0 chan9_raw=0 chan10_raw=0 chan11_raw=0 chan12_raw=0 chan13_raw=0 chan14_raw=0 chan15_raw=0 chan16_raw=0 chan17_raw=0 chan18_raw=0 rssi=255
2026-09-17 19:45:41.561 | HEARTBEAT                src=1.1    type=2 autopilot=3 base_mode=1 custom_mode=5 system_status=4 mavlink_version=3
2026-09-17 19:45:41.561 | SYS_STATUS               src=1.1    onboard_control_sensors_present=0 onboard_control_sensors_enabled=0 onboard_control_sensors_health=0 load=250 voltage_battery=16800 current_battery=1000 battery_remaining=98 drop_rate_comm=0 errors_comm=0 errors_count1=0 errors_count2=0 errors_count3=0 errors_count4=0
2026-09-17 19:45:41.561 | GPS_RAW_INT              src=1.1    time_usec=1789654541560632 fix_type=3 lat=133458059 lon=747940080 alt=74580 eph=100 epv=100 vel=0 cog=0 satellites_visible=16
2026-09-17 19:45:41.562 | EKF_STATUS_REPORT        src=1.1    flags=831 velocity_variance=0.09 pos_horiz_variance=0.001 pos_vert_variance=0.005 compass_variance=0.0004 terrain_alt_variance=0
2026-09-17 19:45:41.562 | FENCE_STATUS             src=1.1    breach_status=0 breach_count=0 breach_type=0 breach_time=0
2026-09-17 19:45:41.603 | GLOBAL_POSITION_INT      src=1.1    time_boot_ms=2948146467 lat=133458059 lon=747940080 alt=74580 relative_alt=-3619 vx=0 vy=0 vz=0 hdg=0
2026-09-17 19:45:41.604 | LOCAL_POSITION_NED       src=1.1    time_boot_ms=2948146467 x=12 y=-7 z=5.03918 vx=0 vy=0 vz=0
2026-09-17 19:45:41.604 | RC_CHANNELS              src=1.1    time_boot_ms=2948146467 chancount=0 chan1_raw=0 chan2_raw=0 chan3_raw=0 chan4_raw=0 chan5_raw=0 chan6_raw=0 chan7_raw=0 chan8_raw=0 chan9_raw=0 chan10_raw=0 chan11_raw=0 chan12_raw=0 chan13_raw=0 chan14_raw=0 chan15_raw=0 chan16_raw=0 chan17_raw=0 chan18_raw=0 rssi=255
2026-09-17 19:45:41.712 | GLOBAL_POSITION_INT      src=1.1    time_boot_ms=2948146573 lat=133458059 lon=747940080 alt=74580 relative_alt=-3619 vx=0 vy=0 vz=0 hdg=0
2026-09-17 19:45:41.712 | LOCAL_POSITION_NED       src=1.1    time_boot_ms=2948146573 x=12 y=-7 z=5.03918 vx=0 vy=0 vz=0
2026-09-17 19:45:41.712 | RC_CHANNELS              src=1.1    time_boot_ms=2948146573 chancount=0 chan1_raw=0 chan2_raw=0 chan3_raw=0 chan4_raw=0 chan5_raw=0 chan6_raw=0 chan7_raw=0 chan8_raw=0 chan9_raw=0 chan10_raw=0 chan11_raw=0 chan12_raw=0 chan13_raw=0 chan14_raw=0 chan15_raw=0 chan16_raw=0 chan17_raw=0 chan18_raw=0 rssi=255
2026-09-17 19:45:41.813 | GLOBAL_POSITION_INT      src=1.1    time_boot_ms=2948146677 lat=133458059 lon=747940080 alt=74580 relative_alt=-3619 vx=0 vy=0 vz=0 hdg=0
2026-09-17 19:45:41.814 | LOCAL_POSITION_NED       src=1.1    time_boot_ms=2948146677 x=12 y=-7 z=5.03918 vx=0 vy=0 vz=0
2026-09-17 19:45:41.814 | RC_CHANNELS              src=1.1    time_boot_ms=2948146677 chancount=0 chan1_raw=0 chan2_raw=0 chan3_raw=0 chan4_raw=0 chan5_raw=0 chan6_raw=0 chan7_raw=0 chan8_raw=0 chan9_raw=0 chan10_raw=0 chan11_raw=0 chan12_raw=0 chan13_raw=0 chan14_raw=0 chan15_raw=0 chan16_raw=0 chan17_raw=0 chan18_raw=0 rssi=255
2026-09-17 19:45:41.916 | GLOBAL_POSITION_INT      src=1.1    time_boot_ms=2948146779 lat=133458059 lon=747940080 alt=74580 relative_alt=-3619 vx=0 vy=0 vz=0 hdg=0
2026-09-17 19:45:41.916 | LOCAL_POSITION_NED       src=1.1    time_boot_ms=2948146779 x=12 y=-7 z=5.03918 vx=0 vy=0 vz=0
2026-09-17 19:45:41.916 | RC_CHANNELS              src=1.1    time_boot_ms=2948146779 chancount=0 chan1_raw=0 chan2_raw=0 chan3_raw=0 chan4_raw=0 chan5_raw=0 chan6_raw=0 chan7_raw=0 chan8_raw=0 chan9_raw=0 chan10_raw=0 chan11_raw=0 chan12_raw=0 chan13_raw=0 chan14_raw=0 chan15_raw=0 chan16_raw=0 chan17_raw=0 chan18_raw=0 rssi=255
2026-09-17 19:45:42.025 | GLOBAL_POSITION_INT      src=1.1    time_boot_ms=2948146882 lat=133458059 lon=747940080 alt=74580 relative_alt=-3619 vx=0 vy=0 vz=0 hdg=0
2026-09-17 19:45:42.026 | LOCAL_POSITION_NED       src=1.1    time_boot_ms=2948146882 x=12 y=-7 z=5.03918 vx=0 vy=0 vz=0
2026-09-17 19:45:42.026 | RC_CHANNELS              src=1.1    time_boot_ms=2948146882 chancount=0 chan1_raw=0 chan2_raw=0 chan3_raw=0 chan4_raw=0 chan5_raw=0 chan6_raw=0 chan7_raw=0 chan8_raw=0 chan9_raw=0 chan10_raw=0 chan11_raw=0 chan12_raw=0 chan13_raw=0 chan14_raw=0 chan15_raw=0 chan16_raw=0 chan17_raw=0 chan18_raw=0 rssi=255
2026-09-17 19:45:42.064 | HEARTBEAT                src=1.1    type=2 autopilot=3 base_mode=1 custom_mode=5 system_status=4 mavlink_version=3
2026-09-17 19:45:42.065 | SUMMARY mode=LOITER disarmed alt=-3.62m ned=(12.00,-7.00,5.04) gps=(13.3458059,74.7940080) fix=3 sats=16 eph=100 batt=16.80V/10.0A/98% ch8=0 rssi=255 ekf=0x033f v=0.09 p=0.00 c=0.00 rx=14120 drop=0
2026-09-17 19:45:42.065 | SYS_STATUS               src=1.1    onboard_control_sensors_present=0 onboard_control_sensors_enabled=0 onboard_control_sensors_health=0 load=250 voltage_battery=16800 current_battery=1000 battery_remaining=98 drop_rate_comm=0 errors_comm=0 errors_count1=0 errors_count2=0 errors_count3=0 errors_count4=0
2026-09-17 19:45:42.065 | GPS_RAW_INT              src=1.1    time_usec=1789654542063819 fix_type=3 lat=133458059 lon=747940080 alt=74580 eph=100 epv=100 vel=0 cog=0 satellites_visible=16
2026-09-17 19:45:42.065 | EKF_STATUS_REPORT        src=1.1    flags=831 velocity_variance=0.09 pos_horiz_variance=0.001 pos_vert_variance=0.005 compass_variance=0.0004 terrain_alt_variance=0
2026-09-17 19:45:42.065 | FENCE_STATUS             src=1.1    breach_status=0 breach_count=0 breach_type=0 breach_time=0
2026-09-17 19:45:42.130 | GLOBAL_POSITION_INT      src=1.1    time_boot_ms=2948146990 lat=133458059 lon=747940080 alt=74580 relative_alt=-3619 vx=0 vy=0 vz=0 hdg=0
2026-09-17 19:45:42.131 | LOCAL_POSITION_NED       src=1.1    time_boot_ms=2948146990 x=12 y=-7 z=5.03918 vx=0 vy=0 vz=0
2026-09-17 19:45:42.133 | RC_CHANNELS              src=1.1    time_boot_ms=2948146990 chancount=0 chan1_raw=0 chan2_raw=0 chan3_raw=0 chan4_raw=0 chan5_raw=0 chan6_raw=0 chan7_raw=0 chan8_raw=0 chan9_raw=0 chan10_raw=0 chan11_raw=0 chan12_raw=0 chan13_raw=0 chan14_raw=0 chan15_raw=0 chan16_raw=0 chan17_raw=0 chan18_raw=0 rssi=255
2026-09-17 19:45:42.233 | GLOBAL_POSITION_INT      src=1.1    time_boot_ms=2948147096 lat=133458059 lon=747940080 alt=74580 relative_alt=-3619 vx=0 vy=0 vz=0 hdg=0
2026-09-17 19:45:42.234 | LOCAL_POSITION_NED       src=1.1    time_boot_ms=2948147096 x=12 y=-7 z=5.03918 vx=0 vy=0 vz=0
2026-09-17 19:45:42.234 | RC_CHANNELS              src=1.1    time_boot_ms=2948147096 chancount=0 chan1_raw=0 chan2_raw=0 chan3_raw=0 chan4_raw=0 chan5_raw=0 chan6_raw=0 chan7_raw=0 chan8_raw=0 chan9_raw=0 chan10_raw=0 chan11_raw=0 chan12_raw=0 chan13_raw=0 chan14_raw=0 chan15_raw=0 chan16_raw=0 chan17_raw=0 chan18_raw=0 rssi=255
2026-09-17 19:45:42.336 | GLOBAL_POSITION_INT      src=1.1    time_boot_ms=2948147199 lat=133458059 lon=747940080 alt=74580 relative_alt=-3619 vx=0 vy=0 vz=0 hdg=0
2026-09-17 19:45:42.337 | LOCAL_POSITION_NED       src=1.1    time_boot_ms=2948147199 x=12 y=-7 z=5.03918 vx=0 vy=0 vz=0
2026-09-17 19:45:42.337 | RC_CHANNELS              src=1.1    time_boot_ms=2948147199 chancount=0 chan1_raw=0 chan2_raw=0 chan3_raw=0 chan4_raw=0 chan5_raw=0 chan6_raw=0 chan7_raw=0 chan8_raw=0 chan9_raw=0 chan10_raw=0 chan11_raw=0 chan12_raw=0 chan13_raw=0 chan14_raw=0 chan15_raw=0 chan16_raw=0 chan17_raw=0 chan18_raw=0 rssi=255
2026-09-17 19:45:42.442 | GLOBAL_POSITION_INT      src=1.1    time_boot_ms=2948147304 lat=133458059 lon=747940080 alt=74580 relative_alt=-3619 vx=0 vy=0 vz=0 hdg=0
2026-09-17 19:45:42.442 | LOCAL_POSITION_NED       src=1.1    time_boot_ms=2948147304 x=12 y=-7 z=5.03918 vx=0 vy=0 vz=0
2026-09-17 19:45:42.442 | RC_CHANNELS              src=1.1    time_boot_ms=2948147304 chancount=0 chan1_raw=0 chan2_raw=0 chan3_raw=0 chan4_raw=0 chan5_raw=0 chan6_raw=0 chan7_raw=0 chan8_raw=0 chan9_raw=0 chan10_raw=0 chan11_raw=0 chan12_raw=0 chan13_raw=0 chan14_raw=0 chan15_raw=0 chan16_raw=0 chan17_raw=0 chan18_raw=0 rssi=255
2026-09-17 19:45:42.543 | GLOBAL_POSITION_INT      src=1.1    time_boot_ms=2948147406 lat=133458059 lon=747940080 alt=74580 relative_alt=-3619 vx=0 vy=0 vz=0 hdg=0
2026-09-17 19:45:42.543 | LOCAL_POSITION_NED       src=1.1    time_boot_ms=2948147406 x=12 y=-7 z=5.03918 vx=0 vy=0 vz=0
2026-09-17 19:45:42.544 | RC_CHANNELS              src=1.1    time_boot_ms=2948147406 chancount=0 chan1_raw=0 chan2_raw=0 chan3_raw=0 chan4_raw=0 chan5_raw=0 chan6_raw=0 chan7_raw=0 chan8_raw=0 chan9_raw=0 chan10_raw=0 chan11_raw=0 chan12_raw=0 chan13_raw=0 chan14_raw=0 chan15_raw=0 chan16_raw=0 chan17_raw=0 chan18_raw=0 rssi=255
2026-09-17 19:45:42.585 | HEARTBEAT                src=1.1    type=2 autopilot=3 base_mode=1 custom_mode=5 system_status=4 mavlink_version=3
2026-09-17 19:45:42.585 | SYS_STATUS               src=1.1    onboard_control_sensors_present=0 onboard_control_sensors_enabled=0 onboard_control_sensors_health=0 load=250 voltage_battery=16800 current_battery=1000 battery_remaining=98 drop_rate_comm=0 errors_comm=0 errors_count1=0 errors_count2=0 errors_count3=0 errors_count4=0
2026-09-17 19:45:42.585 | GPS_RAW_INT              src=1.1    time_usec=1789654542584619 fix_type=3 lat=133458059 lon=747940080 alt=74580 eph=100 epv=100 vel=0 cog=0 satellites_visible=16
2026-09-17 19:45:42.585 | EKF_STATUS_REPORT        src=1.1    flags=831 velocity_variance=0.09 pos_horiz_variance=0.001 pos_vert_variance=0.005 compass_variance=0.0004 terrain_alt_variance=0
2026-09-17 19:45:42.585 | FENCE_STATUS             src=1.1    breach_status=0 breach_count=0 breach_type=0 breach_time=0
2026-09-17 19:45:42.648 | GLOBAL_POSITION_INT      src=1.1    time_boot_ms=2948147512 lat=133458059 lon=747940080 alt=74580 relative_alt=-3619 vx=0 vy=0 vz=0 hdg=0
2026-09-17 19:45:42.649 | LOCAL_POSITION_NED       src=1.1    time_boot_ms=2948147512 x=12 y=-7 z=5.03918 vx=0 vy=0 vz=0
2026-09-17 19:45:42.649 | RC_CHANNELS              src=1.1    time_boot_ms=2948147512 chancount=0 chan1_raw=0 chan2_raw=0 chan3_raw=0 chan4_raw=0 chan5_raw=0 chan6_raw=0 chan7_raw=0 chan8_raw=0 chan9_raw=0 chan10_raw=0 chan11_raw=0 chan12_raw=0 chan13_raw=0 chan14_raw=0 chan15_raw=0 chan16_raw=0 chan17_raw=0 chan18_raw=0 rssi=255
2026-09-17 19:45:42.752 | GLOBAL_POSITION_INT      src=1.1    time_boot_ms=2948147614 lat=133458059 lon=747940080 alt=74580 relative_alt=-3619 vx=0 vy=0 vz=0 hdg=0
2026-09-17 19:45:42.752 | LOCAL_POSITION_NED       src=1.1    time_boot_ms=2948147614 x=12 y=-7 z=5.03918 vx=0 vy=0 vz=0
2026-09-17 19:45:42.752 | RC_CHANNELS              src=1.1    time_boot_ms=2948147614 chancount=0 chan1_raw=0 chan2_raw=0 chan3_raw=0 chan4_raw=0 chan5_raw=0 chan6_raw=0 chan7_raw=0 chan8_raw=0 chan9_raw=0 chan10_raw=0 chan11_raw=0 chan12_raw=0 chan13_raw=0 chan14_raw=0 chan15_raw=0 chan16_raw=0 chan17_raw=0 chan18_raw=0 rssi=255
2026-09-17 19:45:42.854 | GLOBAL_POSITION_INT      src=1.1    time_boot_ms=2948147717 lat=133458059 lon=747940080 alt=74580 relative_alt=-3619 vx=0 vy=0 vz=0 hdg=0
2026-09-17 19:45:42.854 | LOCAL_POSITION_NED       src=1.1    time_boot_ms=2948147717 x=12 y=-7 z=5.03918 vx=0 vy=0 vz=0
2026-09-17 19:45:42.854 | RC_CHANNELS              src=1.1    time_boot_ms=2948147717 chancount=0 chan1_raw=0 chan2_raw=0 chan3_raw=0 chan4_raw=0 chan5_raw=0 chan6_raw=0 chan7_raw=0 chan8_raw=0 chan9_raw=0 chan10_raw=0 chan11_raw=0 chan12_raw=0 chan13_raw=0 chan14_raw=0 chan15_raw=0 chan16_raw=0 chan17_raw=0 chan18_raw=0 rssi=255
2026-09-17 19:45:42.957 | GLOBAL_POSITION_INT      src=1.1    time_boot_ms=2948147820 lat=133458059 lon=747940080 alt=74580 relative_alt=-3619 vx=0 vy=0 vz=0 hdg=0
2026-09-17 19:45:42.957 | LOCAL_POSITION_NED       src=1.1    time_boot_ms=2948147820 x=12 y=-7 z=5.03918 vx=0 vy=0 vz=0
2026-09-17 19:45:42.957 | RC_CHANNELS              src=1.1    time_boot_ms=2948147820 chancount=0 chan1_raw=0 chan2_raw=0 chan3_raw=0 chan4_raw=0 chan5_raw=0 chan6_raw=0 chan7_raw=0 chan8_raw=0 chan9_raw=0 chan10_raw=0 chan11_raw=0 chan12_raw=0 chan13_raw=0 chan14_raw=0 chan15_raw=0 chan16_raw=0 chan17_raw=0 chan18_raw=0 rssi=255
2026-09-17 19:45:43.062 | GLOBAL_POSITION_INT      src=1.1    time_boot_ms=2948147925 lat=133458059 lon=747940080 alt=74580 relative_alt=-3619 vx=0 vy=0 vz=0 hdg=0
2026-09-17 19:45:43.063 | LOCAL_POSITION_NED       src=1.1    time_boot_ms=2948147925 x=12 y=-7 z=5.03918 vx=0 vy=0 vz=0
2026-09-17 19:45:43.063 | RC_CHANNELS              src=1.1    time_boot_ms=2948147925 chancount=0 chan1_raw=0 chan2_raw=0 chan3_raw=0 chan4_raw=0 chan5_raw=0 chan6_raw=0 chan7_raw=0 chan8_raw=0 chan9_raw=0 chan10_raw=0 chan11_raw=0 chan12_raw=0 chan13_raw=0 chan14_raw=0 chan15_raw=0 chan16_raw=0 chan17_raw=0 chan18_raw=0 rssi=255
2026-09-17 19:45:43.104 | HEARTBEAT                src=1.1    type=2 autopilot=3 base_mode=1 custom_mode=5 system_status=4 mavlink_version=3
2026-09-17 19:45:43.105 | SUMMARY mode=LOITER disarmed alt=-3.62m ned=(12.00,-7.00,5.04) gps=(13.3458059,74.7940080) fix=3 sats=16 eph=100 batt=16.80V/10.0A/98% ch8=0 rssi=255 ekf=0x033f v=0.09 p=0.00 c=0.00 rx=14160 drop=0
2026-09-17 19:45:43.105 | SYS_STATUS               src=1.1    onboard_control_sensors_present=0 onboard_control_sensors_enabled=0 onboard_control_sensors_health=0 load=250 voltage_battery=16800 current_battery=1000 battery_remaining=98 drop_rate_comm=0 errors_comm=0 errors_count1=0 errors_count2=0 errors_count3=0 errors_count4=0
2026-09-17 19:45:43.105 | GPS_RAW_INT              src=1.1    time_usec=1789654543103500 fix_type=3 lat=133458059 lon=747940080 alt=74580 eph=100 epv=100 vel=0 cog=0 satellites_visible=16
2026-09-17 19:45:43.105 | EKF_STATUS_REPORT        src=1.1    flags=831 velocity_variance=0.09 pos_horiz_variance=0.001 pos_vert_variance=0.005 compass_variance=0.0004 terrain_alt_variance=0
2026-09-17 19:45:43.105 | FENCE_STATUS             src=1.1    breach_status=0 breach_count=0 breach_type=0 breach_time=0
2026-09-17 19:45:43.167 | GLOBAL_POSITION_INT      src=1.1    time_boot_ms=2948148030 lat=133458059 lon=747940080 alt=74580 relative_alt=-3619 vx=0 vy=0 vz=0 hdg=0
2026-09-17 19:45:43.167 | LOCAL_POSITION_NED       src=1.1    time_boot_ms=2948148030 x=12 y=-7 z=5.03918 vx=0 vy=0 vz=0
2026-09-17 19:45:43.167 | RC_CHANNELS              src=1.1    time_boot_ms=2948148030 chancount=0 chan1_raw=0 chan2_raw=0 chan3_raw=0 chan4_raw=0 chan5_raw=0 chan6_raw=0 chan7_raw=0 chan8_raw=0 chan9_raw=0 chan10_raw=0 chan11_raw=0 chan12_raw=0 chan13_raw=0 chan14_raw=0 chan15_raw=0 chan16_raw=0 chan17_raw=0 chan18_raw=0 rssi=255
2026-09-17 19:45:43.271 | GLOBAL_POSITION_INT      src=1.1    time_boot_ms=2948148134 lat=133458059 lon=747940080 alt=74580 relative_alt=-3619 vx=0 vy=0 vz=0 hdg=0
2026-09-17 19:45:43.271 | LOCAL_POSITION_NED       src=1.1    time_boot_ms=2948148134 x=12 y=-7 z=5.03918 vx=0 vy=0 vz=0
2026-09-17 19:45:43.271 | RC_CHANNELS              src=1.1    time_boot_ms=2948148134 chancount=0 chan1_raw=0 chan2_raw=0 chan3_raw=0 chan4_raw=0 chan5_raw=0 chan6_raw=0 chan7_raw=0 chan8_raw=0 chan9_raw=0 chan10_raw=0 chan11_raw=0 chan12_raw=0 chan13_raw=0 chan14_raw=0 chan15_raw=0 chan16_raw=0 chan17_raw=0 chan18_raw=0 rssi=255
2026-09-17 19:45:43.374 | GLOBAL_POSITION_INT      src=1.1    time_boot_ms=2948148238 lat=133458059 lon=747940080 alt=74580 relative_alt=-3619 vx=0 vy=0 vz=0 hdg=0
2026-09-17 19:45:43.375 | LOCAL_POSITION_NED       src=1.1    time_boot_ms=2948148238 x=12 y=-7 z=5.03918 vx=0 vy=0 vz=0
2026-09-17 19:45:43.375 | RC_CHANNELS              src=1.1    time_boot_ms=2948148238 chancount=0 chan1_raw=0 chan2_raw=0 chan3_raw=0 chan4_raw=0 chan5_raw=0 chan6_raw=0 chan7_raw=0 chan8_raw=0 chan9_raw=0 chan10_raw=0 chan11_raw=0 chan12_raw=0 chan13_raw=0 chan14_raw=0 chan15_raw=0 chan16_raw=0 chan17_raw=0 chan18_raw=0 rssi=255
2026-09-17 19:45:43.482 | GLOBAL_POSITION_INT      src=1.1    time_boot_ms=2948148342 lat=133458059 lon=747940080 alt=74580 relative_alt=-3619 vx=0 vy=0 vz=0 hdg=0
2026-09-17 19:45:43.482 | LOCAL_POSITION_NED       src=1.1    time_boot_ms=2948148342 x=12 y=-7 z=5.03918 vx=0 vy=0 vz=0
2026-09-17 19:45:43.483 | RC_CHANNELS              src=1.1    time_boot_ms=2948148342 chancount=0 chan1_raw=0 chan2_raw=0 chan3_raw=0 chan4_raw=0 chan5_raw=0 chan6_raw=0 chan7_raw=0 chan8_raw=0 chan9_raw=0 chan10_raw=0 chan11_raw=0 chan12_raw=0 chan13_raw=0 chan14_raw=0 chan15_raw=0 chan16_raw=0 chan17_raw=0 chan18_raw=0 rssi=255
2026-09-17 19:45:43.588 | GLOBAL_POSITION_INT      src=1.1    time_boot_ms=2948148448 lat=133458059 lon=747940080 alt=74580 relative_alt=-3619 vx=0 vy=0 vz=0 hdg=0
2026-09-17 19:45:43.588 | LOCAL_POSITION_NED       src=1.1    time_boot_ms=2948148448 x=12 y=-7 z=5.03918 vx=0 vy=0 vz=0
2026-09-17 19:45:43.589 | RC_CHANNELS              src=1.1    time_boot_ms=2948148448 chancount=0 chan1_raw=0 chan2_raw=0 chan3_raw=0 chan4_raw=0 chan5_raw=0 chan6_raw=0 chan7_raw=0 chan8_raw=0 chan9_raw=0 chan10_raw=0 chan11_raw=0 chan12_raw=0 chan13_raw=0 chan14_raw=0 chan15_raw=0 chan16_raw=0 chan17_raw=0 chan18_raw=0 rssi=255
2026-09-17 19:45:43.609 | HEARTBEAT                src=1.1    type=2 autopilot=3 base_mode=1 custom_mode=5 system_status=4 mavlink_version=3
2026-09-17 19:45:43.609 | SYS_STATUS               src=1.1    onboard_control_sensors_present=0 onboard_control_sensors_enabled=0 onboard_control_sensors_health=0 load=250 voltage_battery=16800 current_battery=1000 battery_remaining=98 drop_rate_comm=0 errors_comm=0 errors_count1=0 errors_count2=0 errors_count3=0 errors_count4=0
2026-09-17 19:45:43.609 | GPS_RAW_INT              src=1.1    time_usec=1789654543608116 fix_type=3 lat=133458059 lon=747940080 alt=74580 eph=100 epv=100 vel=0 cog=0 satellites_visible=16
2026-09-17 19:45:43.609 | EKF_STATUS_REPORT        src=1.1    flags=831 velocity_variance=0.09 pos_horiz_variance=0.001 pos_vert_variance=0.005 compass_variance=0.0004 terrain_alt_variance=0
2026-09-17 19:45:43.609 | FENCE_STATUS             src=1.1    breach_status=0 breach_count=0 breach_type=0 breach_time=0
2026-09-17 19:45:43.690 | GLOBAL_POSITION_INT      src=1.1    time_boot_ms=2948148553 lat=133458059 lon=747940080 alt=74580 relative_alt=-3619 vx=0 vy=0 vz=0 hdg=0
2026-09-17 19:45:43.691 | LOCAL_POSITION_NED       src=1.1    time_boot_ms=2948148553 x=12 y=-7 z=5.03918 vx=0 vy=0 vz=0
2026-09-17 19:45:43.691 | RC_CHANNELS              src=1.1    time_boot_ms=2948148553 chancount=0 chan1_raw=0 chan2_raw=0 chan3_raw=0 chan4_raw=0 chan5_raw=0 chan6_raw=0 chan7_raw=0 chan8_raw=0 chan9_raw=0 chan10_raw=0 chan11_raw=0 chan12_raw=0 chan13_raw=0 chan14_raw=0 chan15_raw=0 chan16_raw=0 chan17_raw=0 chan18_raw=0 rssi=255
2026-09-17 19:45:43.793 | GLOBAL_POSITION_INT      src=1.1    time_boot_ms=2948148656 lat=133458059 lon=747940080 alt=74580 relative_alt=-3619 vx=0 vy=0 vz=0 hdg=0
2026-09-17 19:45:43.793 | LOCAL_POSITION_NED       src=1.1    time_boot_ms=2948148656 x=12 y=-7 z=5.03918 vx=0 vy=0 vz=0
2026-09-17 19:45:43.793 | RC_CHANNELS              src=1.1    time_boot_ms=2948148656 chancount=0 chan1_raw=0 chan2_raw=0 chan3_raw=0 chan4_raw=0 chan5_raw=0 chan6_raw=0 chan7_raw=0 chan8_raw=0 chan9_raw=0 chan10_raw=0 chan11_raw=0 chan12_raw=0 chan13_raw=0 chan14_raw=0 chan15_raw=0 chan16_raw=0 chan17_raw=0 chan18_raw=0 rssi=255
2026-09-17 19:45:43.896 | GLOBAL_POSITION_INT      src=1.1    time_boot_ms=2948148759 lat=133458059 lon=747940080 alt=74580 relative_alt=-3619 vx=0 vy=0 vz=0 hdg=0
2026-09-17 19:45:43.896 | LOCAL_POSITION_NED       src=1.1    time_boot_ms=2948148759 x=12 y=-7 z=5.03918 vx=0 vy=0 vz=0
2026-09-17 19:45:43.896 | RC_CHANNELS              src=1.1    time_boot_ms=2948148759 chancount=0 chan1_raw=0 chan2_raw=0 chan3_raw=0 chan4_raw=0 chan5_raw=0 chan6_raw=0 chan7_raw=0 chan8_raw=0 chan9_raw=0 chan10_raw=0 chan11_raw=0 chan12_raw=0 chan13_raw=0 chan14_raw=0 chan15_raw=0 chan16_raw=0 chan17_raw=0 chan18_raw=0 rssi=255
2026-09-17 19:45:44.001 | GLOBAL_POSITION_INT      src=1.1    time_boot_ms=2948148864 lat=133458059 lon=747940080 alt=74580 relative_alt=-3619 vx=0 vy=0 vz=0 hdg=0
2026-09-17 19:45:44.001 | LOCAL_POSITION_NED       src=1.1    time_boot_ms=2948148864 x=12 y=-7 z=5.03918 vx=0 vy=0 vz=0
2026-09-17 19:45:44.001 | RC_CHANNELS              src=1.1    time_boot_ms=2948148864 chancount=0 chan1_raw=0 chan2_raw=0 chan3_raw=0 chan4_raw=0 chan5_raw=0 chan6_raw=0 chan7_raw=0 chan8_raw=0 chan9_raw=0 chan10_raw=0 chan11_raw=0 chan12_raw=0 chan13_raw=0 chan14_raw=0 chan15_raw=0 chan16_raw=0 chan17_raw=0 chan18_raw=0 rssi=255
2026-09-17 19:45:44.104 | GLOBAL_POSITION_INT      src=1.1    time_boot_ms=2948148967 lat=133458059 lon=747940080 alt=74580 relative_alt=-3619 vx=0 vy=0 vz=0 hdg=0
2026-09-17 19:45:44.105 | LOCAL_POSITION_NED       src=1.1    time_boot_ms=2948148967 x=12 y=-7 z=5.03918 vx=0 vy=0 vz=0
2026-09-17 19:45:44.105 | SUMMARY mode=LOITER disarmed alt=-3.62m ned=(12.00,-7.00,5.04) gps=(13.3458059,74.7940080) fix=3 sats=16 eph=100 batt=16.80V/10.0A/98% ch8=0 rssi=255 ekf=0x033f v=0.09 p=0.00 c=0.00 rx=14198 drop=0
2026-09-17 19:45:44.105 | RC_CHANNELS              src=1.1    time_boot_ms=2948148967 chancount=0 chan1_raw=0 chan2_raw=0 chan3_raw=0 chan4_raw=0 chan5_raw=0 chan6_raw=0 chan7_raw=0 chan8_raw=0 chan9_raw=0 chan10_raw=0 chan11_raw=0 chan12_raw=0 chan13_raw=0 chan14_raw=0 chan15_raw=0 chan16_raw=0 chan17_raw=0 chan18_raw=0 rssi=255
2026-09-17 19:45:44.125 | HEARTBEAT                src=1.1    type=2 autopilot=3 base_mode=1 custom_mode=5 system_status=4 mavlink_version=3
2026-09-17 19:45:44.126 | SYS_STATUS               src=1.1    onboard_control_sensors_present=0 onboard_control_sensors_enabled=0 onboard_control_sensors_health=0 load=250 voltage_battery=16800 current_battery=1000 battery_remaining=98 drop_rate_comm=0 errors_comm=0 errors_count1=0 errors_count2=0 errors_count3=0 errors_count4=0
2026-09-17 19:45:44.126 | GPS_RAW_INT              src=1.1    time_usec=1789654544124791 fix_type=3 lat=133458059 lon=747940080 alt=74580 eph=100 epv=100 vel=0 cog=0 satellites_visible=16
2026-09-17 19:45:44.126 | EKF_STATUS_REPORT        src=1.1    flags=831 velocity_variance=0.09 pos_horiz_variance=0.001 pos_vert_variance=0.005 compass_variance=0.0004 terrain_alt_variance=0
2026-09-17 19:45:44.126 | FENCE_STATUS             src=1.1    breach_status=0 breach_count=0 breach_type=0 breach_time=0
2026-09-17 19:45:44.210 | GLOBAL_POSITION_INT      src=1.1    time_boot_ms=2948149072 lat=133458059 lon=747940080 alt=74580 relative_alt=-3619 vx=0 vy=0 vz=0 hdg=0
2026-09-17 19:45:44.210 | LOCAL_POSITION_NED       src=1.1    time_boot_ms=2948149072 x=12 y=-7 z=5.03918 vx=0 vy=0 vz=0
2026-09-17 19:45:44.210 | RC_CHANNELS              src=1.1    time_boot_ms=2948149072 chancount=0 chan1_raw=0 chan2_raw=0 chan3_raw=0 chan4_raw=0 chan5_raw=0 chan6_raw=0 chan7_raw=0 chan8_raw=0 chan9_raw=0 chan10_raw=0 chan11_raw=0 chan12_raw=0 chan13_raw=0 chan14_raw=0 chan15_raw=0 chan16_raw=0 chan17_raw=0 chan18_raw=0 rssi=255
2026-09-17 19:45:44.313 | GLOBAL_POSITION_INT      src=1.1    time_boot_ms=2948149176 lat=133458059 lon=747940080 alt=74580 relative_alt=-3619 vx=0 vy=0 vz=0 hdg=0
2026-09-17 19:45:44.314 | LOCAL_POSITION_NED       src=1.1    time_boot_ms=2948149176 x=12 y=-7 z=5.03918 vx=0 vy=0 vz=0
2026-09-17 19:45:44.314 | RC_CHANNELS              src=1.1    time_boot_ms=2948149176 chancount=0 chan1_raw=0 chan2_raw=0 chan3_raw=0 chan4_raw=0 chan5_raw=0 chan6_raw=0 chan7_raw=0 chan8_raw=0 chan9_raw=0 chan10_raw=0 chan11_raw=0 chan12_raw=0 chan13_raw=0 chan14_raw=0 chan15_raw=0 chan16_raw=0 chan17_raw=0 chan18_raw=0 rssi=255
2026-09-17 19:45:44.419 | GLOBAL_POSITION_INT      src=1.1    time_boot_ms=2948149282 lat=133458059 lon=747940080 alt=74580 relative_alt=-3619 vx=0 vy=0 vz=0 hdg=0
2026-09-17 19:45:44.419 | LOCAL_POSITION_NED       src=1.1    time_boot_ms=2948149282 x=12 y=-7 z=5.03918 vx=0 vy=0 vz=0
2026-09-17 19:45:44.419 | RC_CHANNELS              src=1.1    time_boot_ms=2948149282 chancount=0 chan1_raw=0 chan2_raw=0 chan3_raw=0 chan4_raw=0 chan5_raw=0 chan6_raw=0 chan7_raw=0 chan8_raw=0 chan9_raw=0 chan10_raw=0 chan11_raw=0 chan12_raw=0 chan13_raw=0 chan14_raw=0 chan15_raw=0 chan16_raw=0 chan17_raw=0 chan18_raw=0 rssi=255
2026-09-17 19:45:44.521 | GLOBAL_POSITION_INT      src=1.1    time_boot_ms=2948149384 lat=133458059 lon=747940080 alt=74580 relative_alt=-3619 vx=0 vy=0 vz=0 hdg=0
2026-09-17 19:45:44.521 | LOCAL_POSITION_NED       src=1.1    time_boot_ms=2948149384 x=12 y=-7 z=5.03918 vx=0 vy=0 vz=0
2026-09-17 19:45:44.521 | RC_CHANNELS              src=1.1    time_boot_ms=2948149384 chancount=0 chan1_raw=0 chan2_raw=0 chan3_raw=0 chan4_raw=0 chan5_raw=0 chan6_raw=0 chan7_raw=0 chan8_raw=0 chan9_raw=0 chan10_raw=0 chan11_raw=0 chan12_raw=0 chan13_raw=0 chan14_raw=0 chan15_raw=0 chan16_raw=0 chan17_raw=0 chan18_raw=0 rssi=255
2026-09-17 19:45:44.628 | HEARTBEAT                src=1.1    type=2 autopilot=3 base_mode=1 custom_mode=5 system_status=4 mavlink_version=3
2026-09-17 19:45:44.629 | GLOBAL_POSITION_INT      src=1.1    time_boot_ms=2948149491 lat=133458059 lon=747940080 alt=74580 relative_alt=-3619 vx=0 vy=0 vz=0 hdg=0
2026-09-17 19:45:44.629 | LOCAL_POSITION_NED       src=1.1    time_boot_ms=2948149491 x=12 y=-7 z=5.03918 vx=0 vy=0 vz=0
2026-09-17 19:45:44.629 | RC_CHANNELS              src=1.1    time_boot_ms=2948149491 chancount=0 chan1_raw=0 chan2_raw=0 chan3_raw=0 chan4_raw=0 chan5_raw=0 chan6_raw=0 chan7_raw=0 chan8_raw=0 chan9_raw=0 chan10_raw=0 chan11_raw=0 chan12_raw=0 chan13_raw=0 chan14_raw=0 chan15_raw=0 chan16_raw=0 chan17_raw=0 chan18_raw=0 rssi=255
2026-09-17 19:45:44.629 | SYS_STATUS               src=1.1    onboard_control_sensors_present=0 onboard_control_sensors_enabled=0 onboard_control_sensors_health=0 load=250 voltage_battery=16800 current_battery=1000 battery_remaining=98 drop_rate_comm=0 errors_comm=0 errors_count1=0 errors_count2=0 errors_count3=0 errors_count4=0
2026-09-17 19:45:44.629 | GPS_RAW_INT              src=1.1    time_usec=1789654544627703 fix_type=3 lat=133458059 lon=747940080 alt=74580 eph=100 epv=100 vel=0 cog=0 satellites_visible=16
2026-09-17 19:45:44.629 | EKF_STATUS_REPORT        src=1.1    flags=831 velocity_variance=0.09 pos_horiz_variance=0.001 pos_vert_variance=0.005 compass_variance=0.0004 terrain_alt_variance=0
2026-09-17 19:45:44.629 | FENCE_STATUS             src=1.1    breach_status=0 breach_count=0 breach_type=0 breach_time=0
2026-09-17 19:45:44.732 | GLOBAL_POSITION_INT      src=1.1    time_boot_ms=2948149595 lat=133458059 lon=747940080 alt=74580 relative_alt=-3619 vx=0 vy=0 vz=0 hdg=0
2026-09-17 19:45:44.732 | LOCAL_POSITION_NED       src=1.1    time_boot_ms=2948149595 x=12 y=-7 z=5.03918 vx=0 vy=0 vz=0
2026-09-17 19:45:44.732 | RC_CHANNELS              src=1.1    time_boot_ms=2948149595 chancount=0 chan1_raw=0 chan2_raw=0 chan3_raw=0 chan4_raw=0 chan5_raw=0 chan6_raw=0 chan7_raw=0 chan8_raw=0 chan9_raw=0 chan10_raw=0 chan11_raw=0 chan12_raw=0 chan13_raw=0 chan14_raw=0 chan15_raw=0 chan16_raw=0 chan17_raw=0 chan18_raw=0 rssi=255
2026-09-17 19:45:44.839 | GLOBAL_POSITION_INT      src=1.1    time_boot_ms=2948149700 lat=133458059 lon=747940080 alt=74580 relative_alt=-3619 vx=0 vy=0 vz=0 hdg=0
2026-09-17 19:45:44.842 | LOCAL_POSITION_NED       src=1.1    time_boot_ms=2948149700 x=12 y=-7 z=5.03918 vx=0 vy=0 vz=0
2026-09-17 19:45:44.843 | RC_CHANNELS              src=1.1    time_boot_ms=2948149700 chancount=0 chan1_raw=0 chan2_raw=0 chan3_raw=0 chan4_raw=0 chan5_raw=0 chan6_raw=0 chan7_raw=0 chan8_raw=0 chan9_raw=0 chan10_raw=0 chan11_raw=0 chan12_raw=0 chan13_raw=0 chan14_raw=0 chan15_raw=0 chan16_raw=0 chan17_raw=0 chan18_raw=0 rssi=255
2026-09-17 19:45:44.944 | GLOBAL_POSITION_INT      src=1.1    time_boot_ms=2948149807 lat=133458059 lon=747940080 alt=74580 relative_alt=-3619 vx=0 vy=0 vz=0 hdg=0
2026-09-17 19:45:44.945 | LOCAL_POSITION_NED       src=1.1    time_boot_ms=2948149807 x=12 y=-7 z=5.03918 vx=0 vy=0 vz=0
2026-09-17 19:45:44.945 | RC_CHANNELS              src=1.1    time_boot_ms=2948149807 chancount=0 chan1_raw=0 chan2_raw=0 chan3_raw=0 chan4_raw=0 chan5_raw=0 chan6_raw=0 chan7_raw=0 chan8_raw=0 chan9_raw=0 chan10_raw=0 chan11_raw=0 chan12_raw=0 chan13_raw=0 chan14_raw=0 chan15_raw=0 chan16_raw=0 chan17_raw=0 chan18_raw=0 rssi=255
2026-09-17 19:45:45.047 | GLOBAL_POSITION_INT      src=1.1    time_boot_ms=2948149910 lat=133458059 lon=747940080 alt=74580 relative_alt=-3619 vx=0 vy=0 vz=0 hdg=0
2026-09-17 19:45:45.047 | LOCAL_POSITION_NED       src=1.1    time_boot_ms=2948149910 x=12 y=-7 z=5.03918 vx=0 vy=0 vz=0
2026-09-17 19:45:45.047 | RC_CHANNELS              src=1.1    time_boot_ms=2948149910 chancount=0 chan1_raw=0 chan2_raw=0 chan3_raw=0 chan4_raw=0 chan5_raw=0 chan6_raw=0 chan7_raw=0 chan8_raw=0 chan9_raw=0 chan10_raw=0 chan11_raw=0 chan12_raw=0 chan13_raw=0 chan14_raw=0 chan15_raw=0 chan16_raw=0 chan17_raw=0 chan18_raw=0 rssi=255
2026-09-17 19:45:45.130 | HEARTBEAT                src=1.1    type=2 autopilot=3 base_mode=1 custom_mode=5 system_status=4 mavlink_version=3
2026-09-17 19:45:45.130 | SUMMARY mode=LOITER disarmed alt=-3.62m ned=(12.00,-7.00,5.04) gps=(13.3458059,74.7940080) fix=3 sats=16 eph=100 batt=16.80V/10.0A/98% ch8=0 rssi=255 ekf=0x033f v=0.09 p=0.00 c=0.00 rx=14237 drop=0
2026-09-17 19:45:45.130 | SYS_STATUS               src=1.1    onboard_control_sensors_present=0 onboard_control_sensors_enabled=0 onboard_control_sensors_health=0 load=250 voltage_battery=16800 current_battery=1000 battery_remaining=98 drop_rate_comm=0 errors_comm=0 errors_count1=0 errors_count2=0 errors_count3=0 errors_count4=0
2026-09-17 19:45:45.131 | GPS_RAW_INT              src=1.1    time_usec=1789654545129398 fix_type=3 lat=133458059 lon=747940080 alt=74580 eph=100 epv=100 vel=0 cog=0 satellites_visible=16
2026-09-17 19:45:45.131 | EKF_STATUS_REPORT        src=1.1    flags=831 velocity_variance=0.09 pos_horiz_variance=0.001 pos_vert_variance=0.005 compass_variance=0.0004 terrain_alt_variance=0
2026-09-17 19:45:45.131 | FENCE_STATUS             src=1.1    breach_status=0 breach_count=0 breach_type=0 breach_time=0
2026-09-17 19:45:45.154 | GLOBAL_POSITION_INT      src=1.1    time_boot_ms=2948150014 lat=133458059 lon=747940080 alt=74580 relative_alt=-3619 vx=0 vy=0 vz=0 hdg=0
2026-09-17 19:45:45.155 | LOCAL_POSITION_NED       src=1.1    time_boot_ms=2948150014 x=12 y=-7 z=5.03918 vx=0 vy=0 vz=0
2026-09-17 19:45:45.156 | RC_CHANNELS              src=1.1    time_boot_ms=2948150014 chancount=0 chan1_raw=0 chan2_raw=0 chan3_raw=0 chan4_raw=0 chan5_raw=0 chan6_raw=0 chan7_raw=0 chan8_raw=0 chan9_raw=0 chan10_raw=0 chan11_raw=0 chan12_raw=0 chan13_raw=0 chan14_raw=0 chan15_raw=0 chan16_raw=0 chan17_raw=0 chan18_raw=0 rssi=255
2026-09-17 19:45:45.257 | GLOBAL_POSITION_INT      src=1.1    time_boot_ms=2948150119 lat=133458059 lon=747940080 alt=74580 relative_alt=-3619 vx=0 vy=0 vz=0 hdg=0
2026-09-17 19:45:45.258 | LOCAL_POSITION_NED       src=1.1    time_boot_ms=2948150119 x=12 y=-7 z=5.03918 vx=0 vy=0 vz=0
2026-09-17 19:45:45.258 | RC_CHANNELS              src=1.1    time_boot_ms=2948150119 chancount=0 chan1_raw=0 chan2_raw=0 chan3_raw=0 chan4_raw=0 chan5_raw=0 chan6_raw=0 chan7_raw=0 chan8_raw=0 chan9_raw=0 chan10_raw=0 chan11_raw=0 chan12_raw=0 chan13_raw=0 chan14_raw=0 chan15_raw=0 chan16_raw=0 chan17_raw=0 chan18_raw=0 rssi=255
2026-09-17 19:45:45.360 | GLOBAL_POSITION_INT      src=1.1    time_boot_ms=2948150223 lat=133458059 lon=747940080 alt=74580 relative_alt=-3619 vx=0 vy=0 vz=0 hdg=0
2026-09-17 19:45:45.360 | LOCAL_POSITION_NED       src=1.1    time_boot_ms=2948150223 x=12 y=-7 z=5.03918 vx=0 vy=0 vz=0
2026-09-17 19:45:45.360 | RC_CHANNELS              src=1.1    time_boot_ms=2948150223 chancount=0 chan1_raw=0 chan2_raw=0 chan3_raw=0 chan4_raw=0 chan5_raw=0 chan6_raw=0 chan7_raw=0 chan8_raw=0 chan9_raw=0 chan10_raw=0 chan11_raw=0 chan12_raw=0 chan13_raw=0 chan14_raw=0 chan15_raw=0 chan16_raw=0 chan17_raw=0 chan18_raw=0 rssi=255
2026-09-17 19:45:45.464 | GLOBAL_POSITION_INT      src=1.1    time_boot_ms=2948150327 lat=133458059 lon=747940080 alt=74580 relative_alt=-3619 vx=0 vy=0 vz=0 hdg=0
2026-09-17 19:45:45.464 | LOCAL_POSITION_NED       src=1.1    time_boot_ms=2948150327 x=12 y=-7 z=5.03918 vx=0 vy=0 vz=0
2026-09-17 19:45:45.464 | RC_CHANNELS              src=1.1    time_boot_ms=2948150327 chancount=0 chan1_raw=0 chan2_raw=0 chan3_raw=0 chan4_raw=0 chan5_raw=0 chan6_raw=0 chan7_raw=0 chan8_raw=0 chan9_raw=0 chan10_raw=0 chan11_raw=0 chan12_raw=0 chan13_raw=0 chan14_raw=0 chan15_raw=0 chan16_raw=0 chan17_raw=0 chan18_raw=0 rssi=255
2026-09-17 19:45:45.568 | GLOBAL_POSITION_INT      src=1.1    time_boot_ms=2948150430 lat=133458059 lon=747940080 alt=74580 relative_alt=-3619 vx=0 vy=0 vz=0 hdg=0
2026-09-17 19:45:45.568 | LOCAL_POSITION_NED       src=1.1    time_boot_ms=2948150430 x=12 y=-7 z=5.03918 vx=0 vy=0 vz=0
2026-09-17 19:45:45.569 | RC_CHANNELS              src=1.1    time_boot_ms=2948150430 chancount=0 chan1_raw=0 chan2_raw=0 chan3_raw=0 chan4_raw=0 chan5_raw=0 chan6_raw=0 chan7_raw=0 chan8_raw=0 chan9_raw=0 chan10_raw=0 chan11_raw=0 chan12_raw=0 chan13_raw=0 chan14_raw=0 chan15_raw=0 chan16_raw=0 chan17_raw=0 chan18_raw=0 rssi=255
2026-09-17 19:45:45.630 | HEARTBEAT                src=1.1    type=2 autopilot=3 base_mode=1 custom_mode=5 system_status=4 mavlink_version=3
2026-09-17 19:45:45.630 | SYS_STATUS               src=1.1    onboard_control_sensors_present=0 onboard_control_sensors_enabled=0 onboard_control_sensors_health=0 load=250 voltage_battery=16800 current_battery=1000 battery_remaining=98 drop_rate_comm=0 errors_comm=0 errors_count1=0 errors_count2=0 errors_count3=0 errors_count4=0
2026-09-17 19:45:45.631 | GPS_RAW_INT              src=1.1    time_usec=1789654545629662 fix_type=3 lat=133458059 lon=747940080 alt=74580 eph=100 epv=100 vel=0 cog=0 satellites_visible=16
2026-09-17 19:45:45.631 | EKF_STATUS_REPORT        src=1.1    flags=831 velocity_variance=0.09 pos_horiz_variance=0.001 pos_vert_variance=0.005 compass_variance=0.0004 terrain_alt_variance=0
2026-09-17 19:45:45.631 | FENCE_STATUS             src=1.1    breach_status=0 breach_count=0 breach_type=0 breach_time=0
2026-09-17 19:45:45.672 | GLOBAL_POSITION_INT      src=1.1    time_boot_ms=2948150535 lat=133458059 lon=747940080 alt=74580 relative_alt=-3619 vx=0 vy=0 vz=0 hdg=0
2026-09-17 19:45:45.672 | LOCAL_POSITION_NED       src=1.1    time_boot_ms=2948150535 x=12 y=-7 z=5.03918 vx=0 vy=0 vz=0
2026-09-17 19:45:45.672 | RC_CHANNELS              src=1.1    time_boot_ms=2948150535 chancount=0 chan1_raw=0 chan2_raw=0 chan3_raw=0 chan4_raw=0 chan5_raw=0 chan6_raw=0 chan7_raw=0 chan8_raw=0 chan9_raw=0 chan10_raw=0 chan11_raw=0 chan12_raw=0 chan13_raw=0 chan14_raw=0 chan15_raw=0 chan16_raw=0 chan17_raw=0 chan18_raw=0 rssi=255
2026-09-17 19:45:45.776 | GLOBAL_POSITION_INT      src=1.1    time_boot_ms=2948150639 lat=133458059 lon=747940080 alt=74580 relative_alt=-3619 vx=0 vy=0 vz=0 hdg=0
2026-09-17 19:45:45.777 | LOCAL_POSITION_NED       src=1.1    time_boot_ms=2948150639 x=12 y=-7 z=5.03918 vx=0 vy=0 vz=0
2026-09-17 19:45:45.777 | RC_CHANNELS              src=1.1    time_boot_ms=2948150639 chancount=0 chan1_raw=0 chan2_raw=0 chan3_raw=0 chan4_raw=0 chan5_raw=0 chan6_raw=0 chan7_raw=0 chan8_raw=0 chan9_raw=0 chan10_raw=0 chan11_raw=0 chan12_raw=0 chan13_raw=0 chan14_raw=0 chan15_raw=0 chan16_raw=0 chan17_raw=0 chan18_raw=0 rssi=255
2026-09-17 19:45:45.880 | GLOBAL_POSITION_INT      src=1.1    time_boot_ms=2948150743 lat=133458059 lon=747940080 alt=74580 relative_alt=-3619 vx=0 vy=0 vz=0 hdg=0
2026-09-17 19:45:45.880 | LOCAL_POSITION_NED       src=1.1    time_boot_ms=2948150743 x=12 y=-7 z=5.03918 vx=0 vy=0 vz=0
2026-09-17 19:45:45.880 | RC_CHANNELS              src=1.1    time_boot_ms=2948150743 chancount=0 chan1_raw=0 chan2_raw=0 chan3_raw=0 chan4_raw=0 chan5_raw=0 chan6_raw=0 chan7_raw=0 chan8_raw=0 chan9_raw=0 chan10_raw=0 chan11_raw=0 chan12_raw=0 chan13_raw=0 chan14_raw=0 chan15_raw=0 chan16_raw=0 chan17_raw=0 chan18_raw=0 rssi=255
2026-09-17 19:45:45.984 | GLOBAL_POSITION_INT      src=1.1    time_boot_ms=2948150847 lat=133458059 lon=747940080 alt=74580 relative_alt=-3619 vx=0 vy=0 vz=0 hdg=0
2026-09-17 19:45:45.985 | LOCAL_POSITION_NED       src=1.1    time_boot_ms=2948150847 x=12 y=-7 z=5.03918 vx=0 vy=0 vz=0
2026-09-17 19:45:45.985 | RC_CHANNELS              src=1.1    time_boot_ms=2948150847 chancount=0 chan1_raw=0 chan2_raw=0 chan3_raw=0 chan4_raw=0 chan5_raw=0 chan6_raw=0 chan7_raw=0 chan8_raw=0 chan9_raw=0 chan10_raw=0 chan11_raw=0 chan12_raw=0 chan13_raw=0 chan14_raw=0 chan15_raw=0 chan16_raw=0 chan17_raw=0 chan18_raw=0 rssi=255
2026-09-17 19:45:46.091 | GLOBAL_POSITION_INT      src=1.1    time_boot_ms=2948150953 lat=133458059 lon=747940080 alt=74580 relative_alt=-3619 vx=0 vy=0 vz=0 hdg=0
2026-09-17 19:45:46.092 | LOCAL_POSITION_NED       src=1.1    time_boot_ms=2948150953 x=12 y=-7 z=5.03918 vx=0 vy=0 vz=0
2026-09-17 19:45:46.092 | RC_CHANNELS              src=1.1    time_boot_ms=2948150953 chancount=0 chan1_raw=0 chan2_raw=0 chan3_raw=0 chan4_raw=0 chan5_raw=0 chan6_raw=0 chan7_raw=0 chan8_raw=0 chan9_raw=0 chan10_raw=0 chan11_raw=0 chan12_raw=0 chan13_raw=0 chan14_raw=0 chan15_raw=0 chan16_raw=0 chan17_raw=0 chan18_raw=0 rssi=255
2026-09-17 19:45:46.136 | HEARTBEAT                src=1.1    type=2 autopilot=3 base_mode=1 custom_mode=5 system_status=4 mavlink_version=3
2026-09-17 19:45:46.136 | SUMMARY mode=LOITER disarmed alt=-3.62m ned=(12.00,-7.00,5.04) gps=(13.3458059,74.7940080) fix=3 sats=16 eph=100 batt=16.80V/10.0A/98% ch8=0 rssi=255 ekf=0x033f v=0.09 p=0.00 c=0.00 rx=14277 drop=0
2026-09-17 19:45:46.137 | SYS_STATUS               src=1.1    onboard_control_sensors_present=0 onboard_control_sensors_enabled=0 onboard_control_sensors_health=0 load=250 voltage_battery=16800 current_battery=1000 battery_remaining=98 drop_rate_comm=0 errors_comm=0 errors_count1=0 errors_count2=0 errors_count3=0 errors_count4=0
2026-09-17 19:45:46.137 | GPS_RAW_INT              src=1.1    time_usec=1789654546134988 fix_type=3 lat=133458059 lon=747940080 alt=74580 eph=100 epv=100 vel=0 cog=0 satellites_visible=16
2026-09-17 19:45:46.137 | EKF_STATUS_REPORT        src=1.1    flags=831 velocity_variance=0.09 pos_horiz_variance=0.001 pos_vert_variance=0.005 compass_variance=0.0004 terrain_alt_variance=0
2026-09-17 19:45:46.137 | FENCE_STATUS             src=1.1    breach_status=0 breach_count=0 breach_type=0 breach_time=0
2026-09-17 19:45:46.200 | GLOBAL_POSITION_INT      src=1.1    time_boot_ms=2948151063 lat=133458059 lon=747940080 alt=74580 relative_alt=-3619 vx=0 vy=0 vz=0 hdg=0
2026-09-17 19:45:46.201 | LOCAL_POSITION_NED       src=1.1    time_boot_ms=2948151063 x=12 y=-7 z=5.03918 vx=0 vy=0 vz=0
2026-09-17 19:45:46.201 | RC_CHANNELS              src=1.1    time_boot_ms=2948151063 chancount=0 chan1_raw=0 chan2_raw=0 chan3_raw=0 chan4_raw=0 chan5_raw=0 chan6_raw=0 chan7_raw=0 chan8_raw=0 chan9_raw=0 chan10_raw=0 chan11_raw=0 chan12_raw=0 chan13_raw=0 chan14_raw=0 chan15_raw=0 chan16_raw=0 chan17_raw=0 chan18_raw=0 rssi=255
2026-09-17 19:45:46.308 | GLOBAL_POSITION_INT      src=1.1    time_boot_ms=2948151171 lat=133458059 lon=747940080 alt=74580 relative_alt=-3619 vx=0 vy=0 vz=0 hdg=0
2026-09-17 19:45:46.309 | LOCAL_POSITION_NED       src=1.1    time_boot_ms=2948151171 x=12 y=-7 z=5.03918 vx=0 vy=0 vz=0
2026-09-17 19:45:46.309 | RC_CHANNELS              src=1.1    time_boot_ms=2948151171 chancount=0 chan1_raw=0 chan2_raw=0 chan3_raw=0 chan4_raw=0 chan5_raw=0 chan6_raw=0 chan7_raw=0 chan8_raw=0 chan9_raw=0 chan10_raw=0 chan11_raw=0 chan12_raw=0 chan13_raw=0 chan14_raw=0 chan15_raw=0 chan16_raw=0 chan17_raw=0 chan18_raw=0 rssi=255
2026-09-17 19:45:46.412 | GLOBAL_POSITION_INT      src=1.1    time_boot_ms=2948151276 lat=133458059 lon=747940080 alt=74580 relative_alt=-3619 vx=0 vy=0 vz=0 hdg=0
2026-09-17 19:45:46.413 | LOCAL_POSITION_NED       src=1.1    time_boot_ms=2948151276 x=12 y=-7 z=5.03918 vx=0 vy=0 vz=0
2026-09-17 19:45:46.413 | RC_CHANNELS              src=1.1    time_boot_ms=2948151276 chancount=0 chan1_raw=0 chan2_raw=0 chan3_raw=0 chan4_raw=0 chan5_raw=0 chan6_raw=0 chan7_raw=0 chan8_raw=0 chan9_raw=0 chan10_raw=0 chan11_raw=0 chan12_raw=0 chan13_raw=0 chan14_raw=0 chan15_raw=0 chan16_raw=0 chan17_raw=0 chan18_raw=0 rssi=255
2026-09-17 19:45:46.515 | GLOBAL_POSITION_INT      src=1.1    time_boot_ms=2948151378 lat=133458059 lon=747940080 alt=74580 relative_alt=-3619 vx=0 vy=0 vz=0 hdg=0
2026-09-17 19:45:46.515 | LOCAL_POSITION_NED       src=1.1    time_boot_ms=2948151378 x=12 y=-7 z=5.03918 vx=0 vy=0 vz=0
2026-09-17 19:45:46.515 | RC_CHANNELS              src=1.1    time_boot_ms=2948151378 chancount=0 chan1_raw=0 chan2_raw=0 chan3_raw=0 chan4_raw=0 chan5_raw=0 chan6_raw=0 chan7_raw=0 chan8_raw=0 chan9_raw=0 chan10_raw=0 chan11_raw=0 chan12_raw=0 chan13_raw=0 chan14_raw=0 chan15_raw=0 chan16_raw=0 chan17_raw=0 chan18_raw=0 rssi=255
2026-09-17 19:45:46.619 | GLOBAL_POSITION_INT      src=1.1    time_boot_ms=2948151481 lat=133458059 lon=747940080 alt=74580 relative_alt=-3619 vx=0 vy=0 vz=0 hdg=0
2026-09-17 19:45:46.619 | LOCAL_POSITION_NED       src=1.1    time_boot_ms=2948151481 x=12 y=-7 z=5.03918 vx=0 vy=0 vz=0
2026-09-17 19:45:46.620 | RC_CHANNELS              src=1.1    time_boot_ms=2948151481 chancount=0 chan1_raw=0 chan2_raw=0 chan3_raw=0 chan4_raw=0 chan5_raw=0 chan6_raw=0 chan7_raw=0 chan8_raw=0 chan9_raw=0 chan10_raw=0 chan11_raw=0 chan12_raw=0 chan13_raw=0 chan14_raw=0 chan15_raw=0 chan16_raw=0 chan17_raw=0 chan18_raw=0 rssi=255
2026-09-17 19:45:46.651 | HEARTBEAT                src=1.1    type=2 autopilot=3 base_mode=1 custom_mode=5 system_status=4 mavlink_version=3
2026-09-17 19:45:46.651 | SYS_STATUS               src=1.1    onboard_control_sensors_present=0 onboard_control_sensors_enabled=0 onboard_control_sensors_health=0 load=250 voltage_battery=16800 current_battery=1000 battery_remaining=98 drop_rate_comm=0 errors_comm=0 errors_count1=0 errors_count2=0 errors_count3=0 errors_count4=0
2026-09-17 19:45:46.652 | GPS_RAW_INT              src=1.1    time_usec=1789654546650497 fix_type=3 lat=133458059 lon=747940080 alt=74580 eph=100 epv=100 vel=0 cog=0 satellites_visible=16
2026-09-17 19:45:46.652 | EKF_STATUS_REPORT        src=1.1    flags=831 velocity_variance=0.09 pos_horiz_variance=0.001 pos_vert_variance=0.005 compass_variance=0.0004 terrain_alt_variance=0
2026-09-17 19:45:46.652 | FENCE_STATUS             src=1.1    breach_status=0 breach_count=0 breach_type=0 breach_time=0
2026-09-17 19:45:46.735 | GLOBAL_POSITION_INT      src=1.1    time_boot_ms=2948151597 lat=133458059 lon=747940080 alt=74580 relative_alt=-3619 vx=0 vy=0 vz=0 hdg=0
2026-09-17 19:45:46.735 | LOCAL_POSITION_NED       src=1.1    time_boot_ms=2948151597 x=12 y=-7 z=5.03918 vx=0 vy=0 vz=0
2026-09-17 19:45:46.735 | RC_CHANNELS              src=1.1    time_boot_ms=2948151597 chancount=0 chan1_raw=0 chan2_raw=0 chan3_raw=0 chan4_raw=0 chan5_raw=0 chan6_raw=0 chan7_raw=0 chan8_raw=0 chan9_raw=0 chan10_raw=0 chan11_raw=0 chan12_raw=0 chan13_raw=0 chan14_raw=0 chan15_raw=0 chan16_raw=0 chan17_raw=0 chan18_raw=0 rssi=255
2026-09-17 19:45:46.840 | GLOBAL_POSITION_INT      src=1.1    time_boot_ms=2948151700 lat=133458059 lon=747940080 alt=74580 relative_alt=-3619 vx=0 vy=0 vz=0 hdg=0
2026-09-17 19:45:46.844 | LOCAL_POSITION_NED       src=1.1    time_boot_ms=2948151700 x=12 y=-7 z=5.03918 vx=0 vy=0 vz=0
2026-09-17 19:45:46.844 | RC_CHANNELS              src=1.1    time_boot_ms=2948151700 chancount=0 chan1_raw=0 chan2_raw=0 chan3_raw=0 chan4_raw=0 chan5_raw=0 chan6_raw=0 chan7_raw=0 chan8_raw=0 chan9_raw=0 chan10_raw=0 chan11_raw=0 chan12_raw=0 chan13_raw=0 chan14_raw=0 chan15_raw=0 chan16_raw=0 chan17_raw=0 chan18_raw=0 rssi=255
2026-09-17 19:45:46.945 | GLOBAL_POSITION_INT      src=1.1    time_boot_ms=2948151806 lat=133458059 lon=747940080 alt=74580 relative_alt=-3619 vx=0 vy=0 vz=0 hdg=0
2026-09-17 19:45:46.946 | LOCAL_POSITION_NED       src=1.1    time_boot_ms=2948151806 x=12 y=-7 z=5.03918 vx=0 vy=0 vz=0
2026-09-17 19:45:46.946 | RC_CHANNELS              src=1.1    time_boot_ms=2948151806 chancount=0 chan1_raw=0 chan2_raw=0 chan3_raw=0 chan4_raw=0 chan5_raw=0 chan6_raw=0 chan7_raw=0 chan8_raw=0 chan9_raw=0 chan10_raw=0 chan11_raw=0 chan12_raw=0 chan13_raw=0 chan14_raw=0 chan15_raw=0 chan16_raw=0 chan17_raw=0 chan18_raw=0 rssi=255
2026-09-17 19:45:47.047 | GLOBAL_POSITION_INT      src=1.1    time_boot_ms=2948151910 lat=133458059 lon=747940080 alt=74580 relative_alt=-3619 vx=0 vy=0 vz=0 hdg=0
2026-09-17 19:45:47.047 | LOCAL_POSITION_NED       src=1.1    time_boot_ms=2948151910 x=12 y=-7 z=5.03918 vx=0 vy=0 vz=0
2026-09-17 19:45:47.047 | RC_CHANNELS              src=1.1    time_boot_ms=2948151910 chancount=0 chan1_raw=0 chan2_raw=0 chan3_raw=0 chan4_raw=0 chan5_raw=0 chan6_raw=0 chan7_raw=0 chan8_raw=0 chan9_raw=0 chan10_raw=0 chan11_raw=0 chan12_raw=0 chan13_raw=0 chan14_raw=0 chan15_raw=0 chan16_raw=0 chan17_raw=0 chan18_raw=0 rssi=255
2026-09-17 19:45:47.151 | GLOBAL_POSITION_INT      src=1.1    time_boot_ms=2948152014 lat=133458059 lon=747940080 alt=74580 relative_alt=-3619 vx=0 vy=0 vz=0 hdg=0
2026-09-17 19:45:47.151 | SUMMARY mode=LOITER disarmed alt=-3.62m ned=(12.00,-7.00,5.04) gps=(13.3458059,74.7940080) fix=3 sats=16 eph=100 batt=16.80V/10.0A/98% ch8=0 rssi=255 ekf=0x033f v=0.09 p=0.00 c=0.00 rx=14314 drop=0
2026-09-17 19:45:47.151 | LOCAL_POSITION_NED       src=1.1    time_boot_ms=2948152014 x=12 y=-7 z=5.03918 vx=0 vy=0 vz=0
2026-09-17 19:45:47.151 | RC_CHANNELS              src=1.1    time_boot_ms=2948152014 chancount=0 chan1_raw=0 chan2_raw=0 chan3_raw=0 chan4_raw=0 chan5_raw=0 chan6_raw=0 chan7_raw=0 chan8_raw=0 chan9_raw=0 chan10_raw=0 chan11_raw=0 chan12_raw=0 chan13_raw=0 chan14_raw=0 chan15_raw=0 chan16_raw=0 chan17_raw=0 chan18_raw=0 rssi=255
2026-09-17 19:45:47.173 | HEARTBEAT                src=1.1    type=2 autopilot=3 base_mode=1 custom_mode=5 system_status=4 mavlink_version=3
2026-09-17 19:45:47.173 | SYS_STATUS               src=1.1    onboard_control_sensors_present=0 onboard_control_sensors_enabled=0 onboard_control_sensors_health=0 load=250 voltage_battery=16800 current_battery=1000 battery_remaining=98 drop_rate_comm=0 errors_comm=0 errors_count1=0 errors_count2=0 errors_count3=0 errors_count4=0
2026-09-17 19:45:47.173 | GPS_RAW_INT              src=1.1    time_usec=1789654547171579 fix_type=3 lat=133458059 lon=747940080 alt=74580 eph=100 epv=100 vel=0 cog=0 satellites_visible=16
2026-09-17 19:45:47.173 | EKF_STATUS_REPORT        src=1.1    flags=831 velocity_variance=0.09 pos_horiz_variance=0.001 pos_vert_variance=0.005 compass_variance=0.0004 terrain_alt_variance=0
2026-09-17 19:45:47.174 | FENCE_STATUS             src=1.1    breach_status=0 breach_count=0 breach_type=0 breach_time=0
2026-09-17 19:45:47.256 | GLOBAL_POSITION_INT      src=1.1    time_boot_ms=2948152120 lat=133458059 lon=747940080 alt=74580 relative_alt=-3619 vx=0 vy=0 vz=0 hdg=0
2026-09-17 19:45:47.257 | LOCAL_POSITION_NED       src=1.1    time_boot_ms=2948152120 x=12 y=-7 z=5.03918 vx=0 vy=0 vz=0
2026-09-17 19:45:47.257 | RC_CHANNELS              src=1.1    time_boot_ms=2948152120 chancount=0 chan1_raw=0 chan2_raw=0 chan3_raw=0 chan4_raw=0 chan5_raw=0 chan6_raw=0 chan7_raw=0 chan8_raw=0 chan9_raw=0 chan10_raw=0 chan11_raw=0 chan12_raw=0 chan13_raw=0 chan14_raw=0 chan15_raw=0 chan16_raw=0 chan17_raw=0 chan18_raw=0 rssi=255
2026-09-17 19:45:47.361 | GLOBAL_POSITION_INT      src=1.1    time_boot_ms=2948152224 lat=133458059 lon=747940080 alt=74580 relative_alt=-3619 vx=0 vy=0 vz=0 hdg=0
2026-09-17 19:45:47.362 | LOCAL_POSITION_NED       src=1.1    time_boot_ms=2948152224 x=12 y=-7 z=5.03918 vx=0 vy=0 vz=0
2026-09-17 19:45:47.362 | RC_CHANNELS              src=1.1    time_boot_ms=2948152224 chancount=0 chan1_raw=0 chan2_raw=0 chan3_raw=0 chan4_raw=0 chan5_raw=0 chan6_raw=0 chan7_raw=0 chan8_raw=0 chan9_raw=0 chan10_raw=0 chan11_raw=0 chan12_raw=0 chan13_raw=0 chan14_raw=0 chan15_raw=0 chan16_raw=0 chan17_raw=0 chan18_raw=0 rssi=255
2026-09-17 19:45:47.465 | GLOBAL_POSITION_INT      src=1.1    time_boot_ms=2948152328 lat=133458059 lon=747940080 alt=74580 relative_alt=-3619 vx=0 vy=0 vz=0 hdg=0
2026-09-17 19:45:47.466 | LOCAL_POSITION_NED       src=1.1    time_boot_ms=2948152328 x=12 y=-7 z=5.03918 vx=0 vy=0 vz=0
2026-09-17 19:45:47.466 | RC_CHANNELS              src=1.1    time_boot_ms=2948152328 chancount=0 chan1_raw=0 chan2_raw=0 chan3_raw=0 chan4_raw=0 chan5_raw=0 chan6_raw=0 chan7_raw=0 chan8_raw=0 chan9_raw=0 chan10_raw=0 chan11_raw=0 chan12_raw=0 chan13_raw=0 chan14_raw=0 chan15_raw=0 chan16_raw=0 chan17_raw=0 chan18_raw=0 rssi=255
2026-09-17 19:45:47.572 | GLOBAL_POSITION_INT      src=1.1    time_boot_ms=2948152435 lat=133458059 lon=747940080 alt=74580 relative_alt=-3619 vx=0 vy=0 vz=0 hdg=0
2026-09-17 19:45:47.572 | LOCAL_POSITION_NED       src=1.1    time_boot_ms=2948152435 x=12 y=-7 z=5.03918 vx=0 vy=0 vz=0
2026-09-17 19:45:47.572 | RC_CHANNELS              src=1.1    time_boot_ms=2948152435 chancount=0 chan1_raw=0 chan2_raw=0 chan3_raw=0 chan4_raw=0 chan5_raw=0 chan6_raw=0 chan7_raw=0 chan8_raw=0 chan9_raw=0 chan10_raw=0 chan11_raw=0 chan12_raw=0 chan13_raw=0 chan14_raw=0 chan15_raw=0 chan16_raw=0 chan17_raw=0 chan18_raw=0 rssi=255
2026-09-17 19:45:47.673 | HEARTBEAT                src=1.1    type=2 autopilot=3 base_mode=1 custom_mode=5 system_status=4 mavlink_version=3
2026-09-17 19:45:47.673 | GLOBAL_POSITION_INT      src=1.1    time_boot_ms=2948152536 lat=133458059 lon=747940080 alt=74580 relative_alt=-3619 vx=0 vy=0 vz=0 hdg=0
2026-09-17 19:45:47.673 | LOCAL_POSITION_NED       src=1.1    time_boot_ms=2948152536 x=12 y=-7 z=5.03918 vx=0 vy=0 vz=0
2026-09-17 19:45:47.673 | RC_CHANNELS              src=1.1    time_boot_ms=2948152536 chancount=0 chan1_raw=0 chan2_raw=0 chan3_raw=0 chan4_raw=0 chan5_raw=0 chan6_raw=0 chan7_raw=0 chan8_raw=0 chan9_raw=0 chan10_raw=0 chan11_raw=0 chan12_raw=0 chan13_raw=0 chan14_raw=0 chan15_raw=0 chan16_raw=0 chan17_raw=0 chan18_raw=0 rssi=255
2026-09-17 19:45:47.674 | SYS_STATUS               src=1.1    onboard_control_sensors_present=0 onboard_control_sensors_enabled=0 onboard_control_sensors_health=0 load=250 voltage_battery=16800 current_battery=1000 battery_remaining=98 drop_rate_comm=0 errors_comm=0 errors_count1=0 errors_count2=0 errors_count3=0 errors_count4=0
2026-09-17 19:45:47.674 | GPS_RAW_INT              src=1.1    time_usec=1789654547672221 fix_type=3 lat=133458059 lon=747940080 alt=74580 eph=100 epv=100 vel=0 cog=0 satellites_visible=16
2026-09-17 19:45:47.674 | EKF_STATUS_REPORT        src=1.1    flags=831 velocity_variance=0.09 pos_horiz_variance=0.001 pos_vert_variance=0.005 compass_variance=0.0004 terrain_alt_variance=0
2026-09-17 19:45:47.674 | FENCE_STATUS             src=1.1    breach_status=0 breach_count=0 breach_type=0 breach_time=0
2026-09-17 19:45:47.777 | GLOBAL_POSITION_INT      src=1.1    time_boot_ms=2948152640 lat=133458059 lon=747940080 alt=74580 relative_alt=-3619 vx=0 vy=0 vz=0 hdg=0
2026-09-17 19:45:47.778 | LOCAL_POSITION_NED       src=1.1    time_boot_ms=2948152640 x=12 y=-7 z=5.03918 vx=0 vy=0 vz=0
2026-09-17 19:45:47.778 | RC_CHANNELS              src=1.1    time_boot_ms=2948152640 chancount=0 chan1_raw=0 chan2_raw=0 chan3_raw=0 chan4_raw=0 chan5_raw=0 chan6_raw=0 chan7_raw=0 chan8_raw=0 chan9_raw=0 chan10_raw=0 chan11_raw=0 chan12_raw=0 chan13_raw=0 chan14_raw=0 chan15_raw=0 chan16_raw=0 chan17_raw=0 chan18_raw=0 rssi=255
2026-09-17 19:45:47.886 | GLOBAL_POSITION_INT      src=1.1    time_boot_ms=2948152747 lat=133458059 lon=747940080 alt=74580 relative_alt=-3619 vx=0 vy=0 vz=0 hdg=0
2026-09-17 19:45:47.886 | LOCAL_POSITION_NED       src=1.1    time_boot_ms=2948152747 x=12 y=-7 z=5.03918 vx=0 vy=0 vz=0
2026-09-17 19:45:47.886 | RC_CHANNELS              src=1.1    time_boot_ms=2948152747 chancount=0 chan1_raw=0 chan2_raw=0 chan3_raw=0 chan4_raw=0 chan5_raw=0 chan6_raw=0 chan7_raw=0 chan8_raw=0 chan9_raw=0 chan10_raw=0 chan11_raw=0 chan12_raw=0 chan13_raw=0 chan14_raw=0 chan15_raw=0 chan16_raw=0 chan17_raw=0 chan18_raw=0 rssi=255
2026-09-17 19:45:47.990 | GLOBAL_POSITION_INT      src=1.1    time_boot_ms=2948152853 lat=133458059 lon=747940080 alt=74580 relative_alt=-3619 vx=0 vy=0 vz=0 hdg=0
2026-09-17 19:45:47.990 | LOCAL_POSITION_NED       src=1.1    time_boot_ms=2948152853 x=12 y=-7 z=5.03918 vx=0 vy=0 vz=0
2026-09-17 19:45:47.990 | RC_CHANNELS              src=1.1    time_boot_ms=2948152853 chancount=0 chan1_raw=0 chan2_raw=0 chan3_raw=0 chan4_raw=0 chan5_raw=0 chan6_raw=0 chan7_raw=0 chan8_raw=0 chan9_raw=0 chan10_raw=0 chan11_raw=0 chan12_raw=0 chan13_raw=0 chan14_raw=0 chan15_raw=0 chan16_raw=0 chan17_raw=0 chan18_raw=0 rssi=255
2026-09-17 19:45:48.094 | GLOBAL_POSITION_INT      src=1.1    time_boot_ms=2948152957 lat=133458059 lon=747940080 alt=74580 relative_alt=-3619 vx=0 vy=0 vz=0 hdg=0
2026-09-17 19:45:48.094 | LOCAL_POSITION_NED       src=1.1    time_boot_ms=2948152957 x=12 y=-7 z=5.03918 vx=0 vy=0 vz=0
2026-09-17 19:45:48.094 | RC_CHANNELS              src=1.1    time_boot_ms=2948152957 chancount=0 chan1_raw=0 chan2_raw=0 chan3_raw=0 chan4_raw=0 chan5_raw=0 chan6_raw=0 chan7_raw=0 chan8_raw=0 chan9_raw=0 chan10_raw=0 chan11_raw=0 chan12_raw=0 chan13_raw=0 chan14_raw=0 chan15_raw=0 chan16_raw=0 chan17_raw=0 chan18_raw=0 rssi=255
2026-09-17 19:45:48.176 | HEARTBEAT                src=1.1    type=2 autopilot=3 base_mode=1 custom_mode=5 system_status=4 mavlink_version=3
2026-09-17 19:45:48.176 | SUMMARY mode=LOITER disarmed alt=-3.62m ned=(12.00,-7.00,5.04) gps=(13.3458059,74.7940080) fix=3 sats=16 eph=100 batt=16.80V/10.0A/98% ch8=0 rssi=255 ekf=0x033f v=0.09 p=0.00 c=0.00 rx=14354 drop=0
2026-09-17 19:45:48.176 | SYS_STATUS               src=1.1    onboard_control_sensors_present=0 onboard_control_sensors_enabled=0 onboard_control_sensors_health=0 load=250 voltage_battery=16800 current_battery=1000 battery_remaining=98 drop_rate_comm=0 errors_comm=0 errors_count1=0 errors_count2=0 errors_count3=0 errors_count4=0
2026-09-17 19:45:48.176 | GPS_RAW_INT              src=1.1    time_usec=1789654548175341 fix_type=3 lat=133458059 lon=747940080 alt=74580 eph=100 epv=100 vel=0 cog=0 satellites_visible=16
2026-09-17 19:45:48.176 | EKF_STATUS_REPORT        src=1.1    flags=831 velocity_variance=0.09 pos_horiz_variance=0.001 pos_vert_variance=0.005 compass_variance=0.0004 terrain_alt_variance=0
2026-09-17 19:45:48.176 | FENCE_STATUS             src=1.1    breach_status=0 breach_count=0 breach_type=0 breach_time=0
2026-09-17 19:45:48.199 | GLOBAL_POSITION_INT      src=1.1    time_boot_ms=2948153061 lat=133458059 lon=747940080 alt=74580 relative_alt=-3619 vx=0 vy=0 vz=0 hdg=0
2026-09-17 19:45:48.200 | LOCAL_POSITION_NED       src=1.1    time_boot_ms=2948153061 x=12 y=-7 z=5.03918 vx=0 vy=0 vz=0
2026-09-17 19:45:48.200 | RC_CHANNELS              src=1.1    time_boot_ms=2948153061 chancount=0 chan1_raw=0 chan2_raw=0 chan3_raw=0 chan4_raw=0 chan5_raw=0 chan6_raw=0 chan7_raw=0 chan8_raw=0 chan9_raw=0 chan10_raw=0 chan11_raw=0 chan12_raw=0 chan13_raw=0 chan14_raw=0 chan15_raw=0 chan16_raw=0 chan17_raw=0 chan18_raw=0 rssi=255
2026-09-17 19:45:48.303 | GLOBAL_POSITION_INT      src=1.1    time_boot_ms=2948153166 lat=133458059 lon=747940080 alt=74580 relative_alt=-3619 vx=0 vy=0 vz=0 hdg=0
2026-09-17 19:45:48.303 | LOCAL_POSITION_NED       src=1.1    time_boot_ms=2948153166 x=12 y=-7 z=5.03918 vx=0 vy=0 vz=0
2026-09-17 19:45:48.303 | RC_CHANNELS              src=1.1    time_boot_ms=2948153166 chancount=0 chan1_raw=0 chan2_raw=0 chan3_raw=0 chan4_raw=0 chan5_raw=0 chan6_raw=0 chan7_raw=0 chan8_raw=0 chan9_raw=0 chan10_raw=0 chan11_raw=0 chan12_raw=0 chan13_raw=0 chan14_raw=0 chan15_raw=0 chan16_raw=0 chan17_raw=0 chan18_raw=0 rssi=255
2026-09-17 19:45:48.406 | GLOBAL_POSITION_INT      src=1.1    time_boot_ms=2948153269 lat=133458059 lon=747940080 alt=74580 relative_alt=-3619 vx=0 vy=0 vz=0 hdg=0
2026-09-17 19:45:48.406 | LOCAL_POSITION_NED       src=1.1    time_boot_ms=2948153269 x=12 y=-7 z=5.03918 vx=0 vy=0 vz=0
2026-09-17 19:45:48.406 | RC_CHANNELS              src=1.1    time_boot_ms=2948153269 chancount=0 chan1_raw=0 chan2_raw=0 chan3_raw=0 chan4_raw=0 chan5_raw=0 chan6_raw=0 chan7_raw=0 chan8_raw=0 chan9_raw=0 chan10_raw=0 chan11_raw=0 chan12_raw=0 chan13_raw=0 chan14_raw=0 chan15_raw=0 chan16_raw=0 chan17_raw=0 chan18_raw=0 rssi=255
2026-09-17 19:45:48.516 | GLOBAL_POSITION_INT      src=1.1    time_boot_ms=2948153372 lat=133458059 lon=747940080 alt=74580 relative_alt=-3619 vx=0 vy=0 vz=0 hdg=0
2026-09-17 19:45:48.518 | LOCAL_POSITION_NED       src=1.1    time_boot_ms=2948153372 x=12 y=-7 z=5.03918 vx=0 vy=0 vz=0
2026-09-17 19:45:48.520 | RC_CHANNELS              src=1.1    time_boot_ms=2948153372 chancount=0 chan1_raw=0 chan2_raw=0 chan3_raw=0 chan4_raw=0 chan5_raw=0 chan6_raw=0 chan7_raw=0 chan8_raw=0 chan9_raw=0 chan10_raw=0 chan11_raw=0 chan12_raw=0 chan13_raw=0 chan14_raw=0 chan15_raw=0 chan16_raw=0 chan17_raw=0 chan18_raw=0 rssi=255
2026-09-17 19:45:48.615 | GLOBAL_POSITION_INT      src=1.1    time_boot_ms=2948153478 lat=133458059 lon=747940080 alt=74580 relative_alt=-3619 vx=0 vy=0 vz=0 hdg=0
2026-09-17 19:45:48.616 | LOCAL_POSITION_NED       src=1.1    time_boot_ms=2948153478 x=12 y=-7 z=5.03918 vx=0 vy=0 vz=0
2026-09-17 19:45:48.617 | RC_CHANNELS              src=1.1    time_boot_ms=2948153478 chancount=0 chan1_raw=0 chan2_raw=0 chan3_raw=0 chan4_raw=0 chan5_raw=0 chan6_raw=0 chan7_raw=0 chan8_raw=0 chan9_raw=0 chan10_raw=0 chan11_raw=0 chan12_raw=0 chan13_raw=0 chan14_raw=0 chan15_raw=0 chan16_raw=0 chan17_raw=0 chan18_raw=0 rssi=255
2026-09-17 19:45:48.693 | HEARTBEAT                src=1.1    type=2 autopilot=3 base_mode=1 custom_mode=5 system_status=4 mavlink_version=3
2026-09-17 19:45:48.693 | SYS_STATUS               src=1.1    onboard_control_sensors_present=0 onboard_control_sensors_enabled=0 onboard_control_sensors_health=0 load=250 voltage_battery=16800 current_battery=1000 battery_remaining=98 drop_rate_comm=0 errors_comm=0 errors_count1=0 errors_count2=0 errors_count3=0 errors_count4=0
2026-09-17 19:45:48.693 | GPS_RAW_INT              src=1.1    time_usec=1789654548692205 fix_type=3 lat=133458059 lon=747940080 alt=74580 eph=100 epv=100 vel=0 cog=0 satellites_visible=16
2026-09-17 19:45:48.693 | EKF_STATUS_REPORT        src=1.1    flags=831 velocity_variance=0.09 pos_horiz_variance=0.001 pos_vert_variance=0.005 compass_variance=0.0004 terrain_alt_variance=0
2026-09-17 19:45:48.693 | FENCE_STATUS             src=1.1    breach_status=0 breach_count=0 breach_type=0 breach_time=0
2026-09-17 19:45:48.737 | GLOBAL_POSITION_INT      src=1.1    time_boot_ms=2948153598 lat=133458059 lon=747940080 alt=74580 relative_alt=-3619 vx=0 vy=0 vz=0 hdg=0
2026-09-17 19:45:48.740 | LOCAL_POSITION_NED       src=1.1    time_boot_ms=2948153598 x=12 y=-7 z=5.03918 vx=0 vy=0 vz=0
2026-09-17 19:45:48.740 | RC_CHANNELS              src=1.1    time_boot_ms=2948153598 chancount=0 chan1_raw=0 chan2_raw=0 chan3_raw=0 chan4_raw=0 chan5_raw=0 chan6_raw=0 chan7_raw=0 chan8_raw=0 chan9_raw=0 chan10_raw=0 chan11_raw=0 chan12_raw=0 chan13_raw=0 chan14_raw=0 chan15_raw=0 chan16_raw=0 chan17_raw=0 chan18_raw=0 rssi=255
2026-09-17 19:45:48.850 | GLOBAL_POSITION_INT      src=1.1    time_boot_ms=2948153711 lat=133458059 lon=747940080 alt=74580 relative_alt=-3619 vx=0 vy=0 vz=0 hdg=0
2026-09-17 19:45:48.853 | LOCAL_POSITION_NED       src=1.1    time_boot_ms=2948153711 x=12 y=-7 z=5.03918 vx=0 vy=0 vz=0
2026-09-17 19:45:48.855 | RC_CHANNELS              src=1.1    time_boot_ms=2948153711 chancount=0 chan1_raw=0 chan2_raw=0 chan3_raw=0 chan4_raw=0 chan5_raw=0 chan6_raw=0 chan7_raw=0 chan8_raw=0 chan9_raw=0 chan10_raw=0 chan11_raw=0 chan12_raw=0 chan13_raw=0 chan14_raw=0 chan15_raw=0 chan16_raw=0 chan17_raw=0 chan18_raw=0 rssi=255
2026-09-17 19:45:48.965 | GLOBAL_POSITION_INT      src=1.1    time_boot_ms=2948153823 lat=133458059 lon=747940080 alt=74580 relative_alt=-3619 vx=0 vy=0 vz=0 hdg=0
2026-09-17 19:45:48.966 | LOCAL_POSITION_NED       src=1.1    time_boot_ms=2948153823 x=12 y=-7 z=5.03918 vx=0 vy=0 vz=0
2026-09-17 19:45:48.966 | RC_CHANNELS              src=1.1    time_boot_ms=2948153823 chancount=0 chan1_raw=0 chan2_raw=0 chan3_raw=0 chan4_raw=0 chan5_raw=0 chan6_raw=0 chan7_raw=0 chan8_raw=0 chan9_raw=0 chan10_raw=0 chan11_raw=0 chan12_raw=0 chan13_raw=0 chan14_raw=0 chan15_raw=0 chan16_raw=0 chan17_raw=0 chan18_raw=0 rssi=255
2026-09-17 19:45:49.068 | GLOBAL_POSITION_INT      src=1.1    time_boot_ms=2948153931 lat=133458059 lon=747940080 alt=74580 relative_alt=-3619 vx=0 vy=0 vz=0 hdg=0
2026-09-17 19:45:49.068 | LOCAL_POSITION_NED       src=1.1    time_boot_ms=2948153931 x=12 y=-7 z=5.03918 vx=0 vy=0 vz=0
2026-09-17 19:45:49.069 | RC_CHANNELS              src=1.1    time_boot_ms=2948153931 chancount=0 chan1_raw=0 chan2_raw=0 chan3_raw=0 chan4_raw=0 chan5_raw=0 chan6_raw=0 chan7_raw=0 chan8_raw=0 chan9_raw=0 chan10_raw=0 chan11_raw=0 chan12_raw=0 chan13_raw=0 chan14_raw=0 chan15_raw=0 chan16_raw=0 chan17_raw=0 chan18_raw=0 rssi=255
2026-09-17 19:45:49.177 | GLOBAL_POSITION_INT      src=1.1    time_boot_ms=2948154038 lat=133458059 lon=747940080 alt=74580 relative_alt=-3619 vx=0 vy=0 vz=0 hdg=0
2026-09-17 19:45:49.178 | SUMMARY mode=LOITER disarmed alt=-3.62m ned=(12.00,-7.00,5.04) gps=(13.3458059,74.7940080) fix=3 sats=16 eph=100 batt=16.80V/10.0A/98% ch8=0 rssi=255 ekf=0x033f v=0.09 p=0.00 c=0.00 rx=14391 drop=0
2026-09-17 19:45:49.178 | LOCAL_POSITION_NED       src=1.1    time_boot_ms=2948154038 x=12 y=-7 z=5.03918 vx=0 vy=0 vz=0
2026-09-17 19:45:49.178 | RC_CHANNELS              src=1.1    time_boot_ms=2948154038 chancount=0 chan1_raw=0 chan2_raw=0 chan3_raw=0 chan4_raw=0 chan5_raw=0 chan6_raw=0 chan7_raw=0 chan8_raw=0 chan9_raw=0 chan10_raw=0 chan11_raw=0 chan12_raw=0 chan13_raw=0 chan14_raw=0 chan15_raw=0 chan16_raw=0 chan17_raw=0 chan18_raw=0 rssi=255
2026-09-17 19:45:49.198 | HEARTBEAT                src=1.1    type=2 autopilot=3 base_mode=1 custom_mode=5 system_status=4 mavlink_version=3
2026-09-17 19:45:49.198 | SYS_STATUS               src=1.1    onboard_control_sensors_present=0 onboard_control_sensors_enabled=0 onboard_control_sensors_health=0 load=250 voltage_battery=16800 current_battery=1000 battery_remaining=98 drop_rate_comm=0 errors_comm=0 errors_count1=0 errors_count2=0 errors_count3=0 errors_count4=0
2026-09-17 19:45:49.199 | GPS_RAW_INT              src=1.1    time_usec=1789654549197731 fix_type=3 lat=133458059 lon=747940080 alt=74580 eph=100 epv=100 vel=0 cog=0 satellites_visible=16
2026-09-17 19:45:49.199 | EKF_STATUS_REPORT        src=1.1    flags=831 velocity_variance=0.09 pos_horiz_variance=0.001 pos_vert_variance=0.005 compass_variance=0.0004 terrain_alt_variance=0
2026-09-17 19:45:49.199 | FENCE_STATUS             src=1.1    breach_status=0 breach_count=0 breach_type=0 breach_time=0
2026-09-17 19:45:49.281 | GLOBAL_POSITION_INT      src=1.1    time_boot_ms=2948154144 lat=133458059 lon=747940080 alt=74580 relative_alt=-3619 vx=0 vy=0 vz=0 hdg=0
2026-09-17 19:45:49.282 | LOCAL_POSITION_NED       src=1.1    time_boot_ms=2948154144 x=12 y=-7 z=5.03918 vx=0 vy=0 vz=0
2026-09-17 19:45:49.282 | RC_CHANNELS              src=1.1    time_boot_ms=2948154144 chancount=0 chan1_raw=0 chan2_raw=0 chan3_raw=0 chan4_raw=0 chan5_raw=0 chan6_raw=0 chan7_raw=0 chan8_raw=0 chan9_raw=0 chan10_raw=0 chan11_raw=0 chan12_raw=0 chan13_raw=0 chan14_raw=0 chan15_raw=0 chan16_raw=0 chan17_raw=0 chan18_raw=0 rssi=255
2026-09-17 19:45:49.386 | GLOBAL_POSITION_INT      src=1.1    time_boot_ms=2948154249 lat=133458059 lon=747940080 alt=74580 relative_alt=-3619 vx=0 vy=0 vz=0 hdg=0
2026-09-17 19:45:49.386 | LOCAL_POSITION_NED       src=1.1    time_boot_ms=2948154249 x=12 y=-7 z=5.03918 vx=0 vy=0 vz=0
2026-09-17 19:45:49.386 | RC_CHANNELS              src=1.1    time_boot_ms=2948154249 chancount=0 chan1_raw=0 chan2_raw=0 chan3_raw=0 chan4_raw=0 chan5_raw=0 chan6_raw=0 chan7_raw=0 chan8_raw=0 chan9_raw=0 chan10_raw=0 chan11_raw=0 chan12_raw=0 chan13_raw=0 chan14_raw=0 chan15_raw=0 chan16_raw=0 chan17_raw=0 chan18_raw=0 rssi=255
2026-09-17 19:45:49.490 | GLOBAL_POSITION_INT      src=1.1    time_boot_ms=2948154353 lat=133458059 lon=747940080 alt=74580 relative_alt=-3619 vx=0 vy=0 vz=0 hdg=0
2026-09-17 19:45:49.490 | LOCAL_POSITION_NED       src=1.1    time_boot_ms=2948154353 x=12 y=-7 z=5.03918 vx=0 vy=0 vz=0
2026-09-17 19:45:49.491 | RC_CHANNELS              src=1.1    time_boot_ms=2948154353 chancount=0 chan1_raw=0 chan2_raw=0 chan3_raw=0 chan4_raw=0 chan5_raw=0 chan6_raw=0 chan7_raw=0 chan8_raw=0 chan9_raw=0 chan10_raw=0 chan11_raw=0 chan12_raw=0 chan13_raw=0 chan14_raw=0 chan15_raw=0 chan16_raw=0 chan17_raw=0 chan18_raw=0 rssi=255
2026-09-17 19:45:49.596 | GLOBAL_POSITION_INT      src=1.1    time_boot_ms=2948154459 lat=133458059 lon=747940080 alt=74580 relative_alt=-3619 vx=0 vy=0 vz=0 hdg=0
2026-09-17 19:45:49.596 | LOCAL_POSITION_NED       src=1.1    time_boot_ms=2948154459 x=12 y=-7 z=5.03918 vx=0 vy=0 vz=0
2026-09-17 19:45:49.596 | RC_CHANNELS              src=1.1    time_boot_ms=2948154459 chancount=0 chan1_raw=0 chan2_raw=0 chan3_raw=0 chan4_raw=0 chan5_raw=0 chan6_raw=0 chan7_raw=0 chan8_raw=0 chan9_raw=0 chan10_raw=0 chan11_raw=0 chan12_raw=0 chan13_raw=0 chan14_raw=0 chan15_raw=0 chan16_raw=0 chan17_raw=0 chan18_raw=0 rssi=255
2026-09-17 19:45:49.714 | HEARTBEAT                src=1.1    type=2 autopilot=3 base_mode=1 custom_mode=5 system_status=4 mavlink_version=3
2026-09-17 19:45:49.715 | GLOBAL_POSITION_INT      src=1.1    time_boot_ms=2948154577 lat=133458059 lon=747940080 alt=74580 relative_alt=-3619 vx=0 vy=0 vz=0 hdg=0
2026-09-17 19:45:49.715 | LOCAL_POSITION_NED       src=1.1    time_boot_ms=2948154577 x=12 y=-7 z=5.03918 vx=0 vy=0 vz=0
2026-09-17 19:45:49.715 | RC_CHANNELS              src=1.1    time_boot_ms=2948154577 chancount=0 chan1_raw=0 chan2_raw=0 chan3_raw=0 chan4_raw=0 chan5_raw=0 chan6_raw=0 chan7_raw=0 chan8_raw=0 chan9_raw=0 chan10_raw=0 chan11_raw=0 chan12_raw=0 chan13_raw=0 chan14_raw=0 chan15_raw=0 chan16_raw=0 chan17_raw=0 chan18_raw=0 rssi=255
2026-09-17 19:45:49.715 | SYS_STATUS               src=1.1    onboard_control_sensors_present=0 onboard_control_sensors_enabled=0 onboard_control_sensors_health=0 load=250 voltage_battery=16800 current_battery=1000 battery_remaining=98 drop_rate_comm=0 errors_comm=0 errors_count1=0 errors_count2=0 errors_count3=0 errors_count4=0
2026-09-17 19:45:49.715 | GPS_RAW_INT              src=1.1    time_usec=1789654549713266 fix_type=3 lat=133458059 lon=747940080 alt=74580 eph=100 epv=100 vel=0 cog=0 satellites_visible=16
2026-09-17 19:45:49.715 | EKF_STATUS_REPORT        src=1.1    flags=831 velocity_variance=0.09 pos_horiz_variance=0.001 pos_vert_variance=0.005 compass_variance=0.0004 terrain_alt_variance=0
2026-09-17 19:45:49.715 | FENCE_STATUS             src=1.1    breach_status=0 breach_count=0 breach_type=0 breach_time=0
2026-09-17 19:45:49.820 | GLOBAL_POSITION_INT      src=1.1    time_boot_ms=2948154681 lat=133458059 lon=747940080 alt=74580 relative_alt=-3619 vx=0 vy=0 vz=0 hdg=0
2026-09-17 19:45:49.822 | LOCAL_POSITION_NED       src=1.1    time_boot_ms=2948154681 x=12 y=-7 z=5.03918 vx=0 vy=0 vz=0
2026-09-17 19:45:49.823 | RC_CHANNELS              src=1.1    time_boot_ms=2948154681 chancount=0 chan1_raw=0 chan2_raw=0 chan3_raw=0 chan4_raw=0 chan5_raw=0 chan6_raw=0 chan7_raw=0 chan8_raw=0 chan9_raw=0 chan10_raw=0 chan11_raw=0 chan12_raw=0 chan13_raw=0 chan14_raw=0 chan15_raw=0 chan16_raw=0 chan17_raw=0 chan18_raw=0 rssi=255
2026-09-17 19:45:49.920 | GLOBAL_POSITION_INT      src=1.1    time_boot_ms=2948154784 lat=133458059 lon=747940080 alt=74580 relative_alt=-3619 vx=0 vy=0 vz=0 hdg=0
2026-09-17 19:45:49.921 | LOCAL_POSITION_NED       src=1.1    time_boot_ms=2948154784 x=12 y=-7 z=5.03918 vx=0 vy=0 vz=0
2026-09-17 19:45:49.921 | RC_CHANNELS              src=1.1    time_boot_ms=2948154784 chancount=0 chan1_raw=0 chan2_raw=0 chan3_raw=0 chan4_raw=0 chan5_raw=0 chan6_raw=0 chan7_raw=0 chan8_raw=0 chan9_raw=0 chan10_raw=0 chan11_raw=0 chan12_raw=0 chan13_raw=0 chan14_raw=0 chan15_raw=0 chan16_raw=0 chan17_raw=0 chan18_raw=0 rssi=255
2026-09-17 19:45:50.025 | GLOBAL_POSITION_INT      src=1.1    time_boot_ms=2948154889 lat=133458059 lon=747940080 alt=74580 relative_alt=-3619 vx=0 vy=0 vz=0 hdg=0
2026-09-17 19:45:50.025 | LOCAL_POSITION_NED       src=1.1    time_boot_ms=2948154889 x=12 y=-7 z=5.03918 vx=0 vy=0 vz=0
2026-09-17 19:45:50.026 | RC_CHANNELS              src=1.1    time_boot_ms=2948154889 chancount=0 chan1_raw=0 chan2_raw=0 chan3_raw=0 chan4_raw=0 chan5_raw=0 chan6_raw=0 chan7_raw=0 chan8_raw=0 chan9_raw=0 chan10_raw=0 chan11_raw=0 chan12_raw=0 chan13_raw=0 chan14_raw=0 chan15_raw=0 chan16_raw=0 chan17_raw=0 chan18_raw=0 rssi=255
2026-09-17 19:45:50.130 | GLOBAL_POSITION_INT      src=1.1    time_boot_ms=2948154993 lat=133458059 lon=747940080 alt=74580 relative_alt=-3619 vx=0 vy=0 vz=0 hdg=0
2026-09-17 19:45:50.130 | LOCAL_POSITION_NED       src=1.1    time_boot_ms=2948154993 x=12 y=-7 z=5.03918 vx=0 vy=0 vz=0
2026-09-17 19:45:50.130 | RC_CHANNELS              src=1.1    time_boot_ms=2948154993 chancount=0 chan1_raw=0 chan2_raw=0 chan3_raw=0 chan4_raw=0 chan5_raw=0 chan6_raw=0 chan7_raw=0 chan8_raw=0 chan9_raw=0 chan10_raw=0 chan11_raw=0 chan12_raw=0 chan13_raw=0 chan14_raw=0 chan15_raw=0 chan16_raw=0 chan17_raw=0 chan18_raw=0 rssi=255
2026-09-17 19:45:50.233 | HEARTBEAT                src=1.1    type=2 autopilot=3 base_mode=1 custom_mode=5 system_status=4 mavlink_version=3
2026-09-17 19:45:50.233 | SUMMARY mode=LOITER disarmed alt=-3.62m ned=(12.00,-7.00,5.04) gps=(13.3458059,74.7940080) fix=3 sats=16 eph=100 batt=16.80V/10.0A/98% ch8=0 rssi=255 ekf=0x033f v=0.09 p=0.00 c=0.00 rx=14431 drop=0
2026-09-17 19:45:50.233 | GLOBAL_POSITION_INT      src=1.1    time_boot_ms=2948155096 lat=133458059 lon=747940080 alt=74580 relative_alt=-3619 vx=0 vy=0 vz=0 hdg=0
2026-09-17 19:45:50.233 | LOCAL_POSITION_NED       src=1.1    time_boot_ms=2948155096 x=12 y=-7 z=5.03918 vx=0 vy=0 vz=0
2026-09-17 19:45:50.233 | RC_CHANNELS              src=1.1    time_boot_ms=2948155096 chancount=0 chan1_raw=0 chan2_raw=0 chan3_raw=0 chan4_raw=0 chan5_raw=0 chan6_raw=0 chan7_raw=0 chan8_raw=0 chan9_raw=0 chan10_raw=0 chan11_raw=0 chan12_raw=0 chan13_raw=0 chan14_raw=0 chan15_raw=0 chan16_raw=0 chan17_raw=0 chan18_raw=0 rssi=255
2026-09-17 19:45:50.233 | SYS_STATUS               src=1.1    onboard_control_sensors_present=0 onboard_control_sensors_enabled=0 onboard_control_sensors_health=0 load=250 voltage_battery=16800 current_battery=1000 battery_remaining=98 drop_rate_comm=0 errors_comm=0 errors_count1=0 errors_count2=0 errors_count3=0 errors_count4=0
2026-09-17 19:45:50.233 | GPS_RAW_INT              src=1.1    time_usec=1789654550232120 fix_type=3 lat=133458059 lon=747940080 alt=74580 eph=100 epv=100 vel=0 cog=0 satellites_visible=16
2026-09-17 19:45:50.233 | EKF_STATUS_REPORT        src=1.1    flags=831 velocity_variance=0.09 pos_horiz_variance=0.001 pos_vert_variance=0.005 compass_variance=0.0004 terrain_alt_variance=0
2026-09-17 19:45:50.233 | FENCE_STATUS             src=1.1    breach_status=0 breach_count=0 breach_type=0 breach_time=0
2026-09-17 19:45:50.336 | GLOBAL_POSITION_INT      src=1.1    time_boot_ms=2948155199 lat=133458059 lon=747940080 alt=74580 relative_alt=-3619 vx=0 vy=0 vz=0 hdg=0
2026-09-17 19:45:50.336 | LOCAL_POSITION_NED       src=1.1    time_boot_ms=2948155199 x=12 y=-7 z=5.03918 vx=0 vy=0 vz=0
2026-09-17 19:45:50.336 | RC_CHANNELS              src=1.1    time_boot_ms=2948155199 chancount=0 chan1_raw=0 chan2_raw=0 chan3_raw=0 chan4_raw=0 chan5_raw=0 chan6_raw=0 chan7_raw=0 chan8_raw=0 chan9_raw=0 chan10_raw=0 chan11_raw=0 chan12_raw=0 chan13_raw=0 chan14_raw=0 chan15_raw=0 chan16_raw=0 chan17_raw=0 chan18_raw=0 rssi=255
2026-09-17 19:45:50.440 | GLOBAL_POSITION_INT      src=1.1    time_boot_ms=2948155303 lat=133458059 lon=747940080 alt=74580 relative_alt=-3619 vx=0 vy=0 vz=0 hdg=0
2026-09-17 19:45:50.440 | LOCAL_POSITION_NED       src=1.1    time_boot_ms=2948155303 x=12 y=-7 z=5.03918 vx=0 vy=0 vz=0
2026-09-17 19:45:50.440 | RC_CHANNELS              src=1.1    time_boot_ms=2948155303 chancount=0 chan1_raw=0 chan2_raw=0 chan3_raw=0 chan4_raw=0 chan5_raw=0 chan6_raw=0 chan7_raw=0 chan8_raw=0 chan9_raw=0 chan10_raw=0 chan11_raw=0 chan12_raw=0 chan13_raw=0 chan14_raw=0 chan15_raw=0 chan16_raw=0 chan17_raw=0 chan18_raw=0 rssi=255
2026-09-17 19:45:50.543 | GLOBAL_POSITION_INT      src=1.1    time_boot_ms=2948155406 lat=133458059 lon=747940080 alt=74580 relative_alt=-3619 vx=0 vy=0 vz=0 hdg=0
2026-09-17 19:45:50.543 | LOCAL_POSITION_NED       src=1.1    time_boot_ms=2948155406 x=12 y=-7 z=5.03918 vx=0 vy=0 vz=0
2026-09-17 19:45:50.543 | RC_CHANNELS              src=1.1    time_boot_ms=2948155406 chancount=0 chan1_raw=0 chan2_raw=0 chan3_raw=0 chan4_raw=0 chan5_raw=0 chan6_raw=0 chan7_raw=0 chan8_raw=0 chan9_raw=0 chan10_raw=0 chan11_raw=0 chan12_raw=0 chan13_raw=0 chan14_raw=0 chan15_raw=0 chan16_raw=0 chan17_raw=0 chan18_raw=0 rssi=255
2026-09-17 19:45:50.652 | GLOBAL_POSITION_INT      src=1.1    time_boot_ms=2948155515 lat=133458059 lon=747940080 alt=74580 relative_alt=-3619 vx=0 vy=0 vz=0 hdg=0
2026-09-17 19:45:50.652 | LOCAL_POSITION_NED       src=1.1    time_boot_ms=2948155515 x=12 y=-7 z=5.03918 vx=0 vy=0 vz=0
2026-09-17 19:45:50.652 | RC_CHANNELS              src=1.1    time_boot_ms=2948155515 chancount=0 chan1_raw=0 chan2_raw=0 chan3_raw=0 chan4_raw=0 chan5_raw=0 chan6_raw=0 chan7_raw=0 chan8_raw=0 chan9_raw=0 chan10_raw=0 chan11_raw=0 chan12_raw=0 chan13_raw=0 chan14_raw=0 chan15_raw=0 chan16_raw=0 chan17_raw=0 chan18_raw=0 rssi=255
2026-09-17 19:45:50.735 | HEARTBEAT                src=1.1    type=2 autopilot=3 base_mode=1 custom_mode=5 system_status=4 mavlink_version=3
2026-09-17 19:45:50.735 | SYS_STATUS               src=1.1    onboard_control_sensors_present=0 onboard_control_sensors_enabled=0 onboard_control_sensors_health=0 load=250 voltage_battery=16800 current_battery=1000 battery_remaining=98 drop_rate_comm=0 errors_comm=0 errors_count1=0 errors_count2=0 errors_count3=0 errors_count4=0
2026-09-17 19:45:50.735 | GPS_RAW_INT              src=1.1    time_usec=1789654550734221 fix_type=3 lat=133458059 lon=747940080 alt=74580 eph=100 epv=100 vel=0 cog=0 satellites_visible=16
2026-09-17 19:45:50.735 | EKF_STATUS_REPORT        src=1.1    flags=831 velocity_variance=0.09 pos_horiz_variance=0.001 pos_vert_variance=0.005 compass_variance=0.0004 terrain_alt_variance=0
2026-09-17 19:45:50.735 | FENCE_STATUS             src=1.1    breach_status=0 breach_count=0 breach_type=0 breach_time=0
2026-09-17 19:45:50.755 | GLOBAL_POSITION_INT      src=1.1    time_boot_ms=2948155618 lat=133458059 lon=747940080 alt=74580 relative_alt=-3619 vx=0 vy=0 vz=0 hdg=0
2026-09-17 19:45:50.755 | LOCAL_POSITION_NED       src=1.1    time_boot_ms=2948155618 x=12 y=-7 z=5.03918 vx=0 vy=0 vz=0
2026-09-17 19:45:50.756 | RC_CHANNELS              src=1.1    time_boot_ms=2948155618 chancount=0 chan1_raw=0 chan2_raw=0 chan3_raw=0 chan4_raw=0 chan5_raw=0 chan6_raw=0 chan7_raw=0 chan8_raw=0 chan9_raw=0 chan10_raw=0 chan11_raw=0 chan12_raw=0 chan13_raw=0 chan14_raw=0 chan15_raw=0 chan16_raw=0 chan17_raw=0 chan18_raw=0 rssi=255
2026-09-17 19:45:50.858 | GLOBAL_POSITION_INT      src=1.1    time_boot_ms=2948155721 lat=133458059 lon=747940080 alt=74580 relative_alt=-3619 vx=0 vy=0 vz=0 hdg=0
2026-09-17 19:45:50.858 | LOCAL_POSITION_NED       src=1.1    time_boot_ms=2948155721 x=12 y=-7 z=5.03918 vx=0 vy=0 vz=0
2026-09-17 19:45:50.858 | RC_CHANNELS              src=1.1    time_boot_ms=2948155721 chancount=0 chan1_raw=0 chan2_raw=0 chan3_raw=0 chan4_raw=0 chan5_raw=0 chan6_raw=0 chan7_raw=0 chan8_raw=0 chan9_raw=0 chan10_raw=0 chan11_raw=0 chan12_raw=0 chan13_raw=0 chan14_raw=0 chan15_raw=0 chan16_raw=0 chan17_raw=0 chan18_raw=0 rssi=255
2026-09-17 19:45:50.961 | GLOBAL_POSITION_INT      src=1.1    time_boot_ms=2948155824 lat=133458059 lon=747940080 alt=74580 relative_alt=-3619 vx=0 vy=0 vz=0 hdg=0
2026-09-17 19:45:50.961 | LOCAL_POSITION_NED       src=1.1    time_boot_ms=2948155824 x=12 y=-7 z=5.03918 vx=0 vy=0 vz=0
2026-09-17 19:45:50.961 | RC_CHANNELS              src=1.1    time_boot_ms=2948155824 chancount=0 chan1_raw=0 chan2_raw=0 chan3_raw=0 chan4_raw=0 chan5_raw=0 chan6_raw=0 chan7_raw=0 chan8_raw=0 chan9_raw=0 chan10_raw=0 chan11_raw=0 chan12_raw=0 chan13_raw=0 chan14_raw=0 chan15_raw=0 chan16_raw=0 chan17_raw=0 chan18_raw=0 rssi=255
2026-09-17 19:45:51.069 | GLOBAL_POSITION_INT      src=1.1    time_boot_ms=2948155929 lat=133458059 lon=747940080 alt=74580 relative_alt=-3619 vx=0 vy=0 vz=0 hdg=0
2026-09-17 19:45:51.069 | LOCAL_POSITION_NED       src=1.1    time_boot_ms=2948155929 x=12 y=-7 z=5.03918 vx=0 vy=0 vz=0
2026-09-17 19:45:51.069 | RC_CHANNELS              src=1.1    time_boot_ms=2948155929 chancount=0 chan1_raw=0 chan2_raw=0 chan3_raw=0 chan4_raw=0 chan5_raw=0 chan6_raw=0 chan7_raw=0 chan8_raw=0 chan9_raw=0 chan10_raw=0 chan11_raw=0 chan12_raw=0 chan13_raw=0 chan14_raw=0 chan15_raw=0 chan16_raw=0 chan17_raw=0 chan18_raw=0 rssi=255
2026-09-17 19:45:51.172 | GLOBAL_POSITION_INT      src=1.1    time_boot_ms=2948156035 lat=133458059 lon=747940080 alt=74580 relative_alt=-3619 vx=0 vy=0 vz=0 hdg=0
2026-09-17 19:45:51.172 | LOCAL_POSITION_NED       src=1.1    time_boot_ms=2948156035 x=12 y=-7 z=5.03918 vx=0 vy=0 vz=0
2026-09-17 19:45:51.172 | RC_CHANNELS              src=1.1    time_boot_ms=2948156035 chancount=0 chan1_raw=0 chan2_raw=0 chan3_raw=0 chan4_raw=0 chan5_raw=0 chan6_raw=0 chan7_raw=0 chan8_raw=0 chan9_raw=0 chan10_raw=0 chan11_raw=0 chan12_raw=0 chan13_raw=0 chan14_raw=0 chan15_raw=0 chan16_raw=0 chan17_raw=0 chan18_raw=0 rssi=255
2026-09-17 19:45:51.254 | HEARTBEAT                src=1.1    type=2 autopilot=3 base_mode=1 custom_mode=5 system_status=4 mavlink_version=3
2026-09-17 19:45:51.254 | SUMMARY mode=LOITER disarmed alt=-3.62m ned=(12.00,-7.00,5.04) gps=(13.3458059,74.7940080) fix=3 sats=16 eph=100 batt=16.80V/10.0A/98% ch8=0 rssi=255 ekf=0x033f v=0.09 p=0.00 c=0.00 rx=14471 drop=0
2026-09-17 19:45:51.254 | SYS_STATUS               src=1.1    onboard_control_sensors_present=0 onboard_control_sensors_enabled=0 onboard_control_sensors_health=0 load=250 voltage_battery=16800 current_battery=1000 battery_remaining=98 drop_rate_comm=0 errors_comm=0 errors_count1=0 errors_count2=0 errors_count3=0 errors_count4=0
2026-09-17 19:45:51.255 | GPS_RAW_INT              src=1.1    time_usec=1789654551253555 fix_type=3 lat=133458059 lon=747940080 alt=74580 eph=100 epv=100 vel=0 cog=0 satellites_visible=16
2026-09-17 19:45:51.255 | EKF_STATUS_REPORT        src=1.1    flags=831 velocity_variance=0.09 pos_horiz_variance=0.001 pos_vert_variance=0.005 compass_variance=0.0004 terrain_alt_variance=0
2026-09-17 19:45:51.255 | FENCE_STATUS             src=1.1    breach_status=0 breach_count=0 breach_type=0 breach_time=0
2026-09-17 19:45:51.275 | GLOBAL_POSITION_INT      src=1.1    time_boot_ms=2948156138 lat=133458059 lon=747940080 alt=74580 relative_alt=-3619 vx=0 vy=0 vz=0 hdg=0
2026-09-17 19:45:51.275 | LOCAL_POSITION_NED       src=1.1    time_boot_ms=2948156138 x=12 y=-7 z=5.03918 vx=0 vy=0 vz=0
2026-09-17 19:45:51.275 | RC_CHANNELS              src=1.1    time_boot_ms=2948156138 chancount=0 chan1_raw=0 chan2_raw=0 chan3_raw=0 chan4_raw=0 chan5_raw=0 chan6_raw=0 chan7_raw=0 chan8_raw=0 chan9_raw=0 chan10_raw=0 chan11_raw=0 chan12_raw=0 chan13_raw=0 chan14_raw=0 chan15_raw=0 chan16_raw=0 chan17_raw=0 chan18_raw=0 rssi=255
2026-09-17 19:45:51.382 | GLOBAL_POSITION_INT      src=1.1    time_boot_ms=2948156244 lat=133458059 lon=747940080 alt=74580 relative_alt=-3619 vx=0 vy=0 vz=0 hdg=0
2026-09-17 19:45:51.383 | LOCAL_POSITION_NED       src=1.1    time_boot_ms=2948156244 x=12 y=-7 z=5.03918 vx=0 vy=0 vz=0
2026-09-17 19:45:51.383 | RC_CHANNELS              src=1.1    time_boot_ms=2948156244 chancount=0 chan1_raw=0 chan2_raw=0 chan3_raw=0 chan4_raw=0 chan5_raw=0 chan6_raw=0 chan7_raw=0 chan8_raw=0 chan9_raw=0 chan10_raw=0 chan11_raw=0 chan12_raw=0 chan13_raw=0 chan14_raw=0 chan15_raw=0 chan16_raw=0 chan17_raw=0 chan18_raw=0 rssi=255
2026-09-17 19:45:51.484 | GLOBAL_POSITION_INT      src=1.1    time_boot_ms=2948156347 lat=133458059 lon=747940080 alt=74580 relative_alt=-3619 vx=0 vy=0 vz=0 hdg=0
2026-09-17 19:45:51.484 | LOCAL_POSITION_NED       src=1.1    time_boot_ms=2948156347 x=12 y=-7 z=5.03918 vx=0 vy=0 vz=0
2026-09-17 19:45:51.485 | RC_CHANNELS              src=1.1    time_boot_ms=2948156347 chancount=0 chan1_raw=0 chan2_raw=0 chan3_raw=0 chan4_raw=0 chan5_raw=0 chan6_raw=0 chan7_raw=0 chan8_raw=0 chan9_raw=0 chan10_raw=0 chan11_raw=0 chan12_raw=0 chan13_raw=0 chan14_raw=0 chan15_raw=0 chan16_raw=0 chan17_raw=0 chan18_raw=0 rssi=255
2026-09-17 19:45:51.586 | GLOBAL_POSITION_INT      src=1.1    time_boot_ms=2948156450 lat=133458059 lon=747940080 alt=74580 relative_alt=-3619 vx=0 vy=0 vz=0 hdg=0
2026-09-17 19:45:51.587 | LOCAL_POSITION_NED       src=1.1    time_boot_ms=2948156450 x=12 y=-7 z=5.03918 vx=0 vy=0 vz=0
2026-09-17 19:45:51.587 | RC_CHANNELS              src=1.1    time_boot_ms=2948156450 chancount=0 chan1_raw=0 chan2_raw=0 chan3_raw=0 chan4_raw=0 chan5_raw=0 chan6_raw=0 chan7_raw=0 chan8_raw=0 chan9_raw=0 chan10_raw=0 chan11_raw=0 chan12_raw=0 chan13_raw=0 chan14_raw=0 chan15_raw=0 chan16_raw=0 chan17_raw=0 chan18_raw=0 rssi=255
2026-09-17 19:45:51.694 | GLOBAL_POSITION_INT      src=1.1    time_boot_ms=2948156556 lat=133458059 lon=747940080 alt=74580 relative_alt=-3619 vx=0 vy=0 vz=0 hdg=0
2026-09-17 19:45:51.694 | LOCAL_POSITION_NED       src=1.1    time_boot_ms=2948156556 x=12 y=-7 z=5.03918 vx=0 vy=0 vz=0
2026-09-17 19:45:51.694 | RC_CHANNELS              src=1.1    time_boot_ms=2948156556 chancount=0 chan1_raw=0 chan2_raw=0 chan3_raw=0 chan4_raw=0 chan5_raw=0 chan6_raw=0 chan7_raw=0 chan8_raw=0 chan9_raw=0 chan10_raw=0 chan11_raw=0 chan12_raw=0 chan13_raw=0 chan14_raw=0 chan15_raw=0 chan16_raw=0 chan17_raw=0 chan18_raw=0 rssi=255
2026-09-17 19:45:51.755 | HEARTBEAT                src=1.1    type=2 autopilot=3 base_mode=1 custom_mode=5 system_status=4 mavlink_version=3
2026-09-17 19:45:51.755 | SYS_STATUS               src=1.1    onboard_control_sensors_present=0 onboard_control_sensors_enabled=0 onboard_control_sensors_health=0 load=250 voltage_battery=16800 current_battery=1000 battery_remaining=98 drop_rate_comm=0 errors_comm=0 errors_count1=0 errors_count2=0 errors_count3=0 errors_count4=0
2026-09-17 19:45:51.755 | GPS_RAW_INT              src=1.1    time_usec=1789654551754794 fix_type=3 lat=133458059 lon=747940080 alt=74580 eph=100 epv=100 vel=0 cog=0 satellites_visible=16
2026-09-17 19:45:51.756 | EKF_STATUS_REPORT        src=1.1    flags=831 velocity_variance=0.09 pos_horiz_variance=0.001 pos_vert_variance=0.005 compass_variance=0.0004 terrain_alt_variance=0
2026-09-17 19:45:51.756 | FENCE_STATUS             src=1.1    breach_status=0 breach_count=0 breach_type=0 breach_time=0
2026-09-17 19:45:51.796 | GLOBAL_POSITION_INT      src=1.1    time_boot_ms=2948156660 lat=133458059 lon=747940080 alt=74580 relative_alt=-3619 vx=0 vy=0 vz=0 hdg=0
2026-09-17 19:45:51.797 | LOCAL_POSITION_NED       src=1.1    time_boot_ms=2948156660 x=12 y=-7 z=5.03918 vx=0 vy=0 vz=0
2026-09-17 19:45:51.797 | RC_CHANNELS              src=1.1    time_boot_ms=2948156660 chancount=0 chan1_raw=0 chan2_raw=0 chan3_raw=0 chan4_raw=0 chan5_raw=0 chan6_raw=0 chan7_raw=0 chan8_raw=0 chan9_raw=0 chan10_raw=0 chan11_raw=0 chan12_raw=0 chan13_raw=0 chan14_raw=0 chan15_raw=0 chan16_raw=0 chan17_raw=0 chan18_raw=0 rssi=255
2026-09-17 19:45:51.900 | GLOBAL_POSITION_INT      src=1.1    time_boot_ms=2948156763 lat=133458059 lon=747940080 alt=74580 relative_alt=-3619 vx=0 vy=0 vz=0 hdg=0
2026-09-17 19:45:51.901 | LOCAL_POSITION_NED       src=1.1    time_boot_ms=2948156763 x=12 y=-7 z=5.03918 vx=0 vy=0 vz=0
2026-09-17 19:45:51.901 | RC_CHANNELS              src=1.1    time_boot_ms=2948156763 chancount=0 chan1_raw=0 chan2_raw=0 chan3_raw=0 chan4_raw=0 chan5_raw=0 chan6_raw=0 chan7_raw=0 chan8_raw=0 chan9_raw=0 chan10_raw=0 chan11_raw=0 chan12_raw=0 chan13_raw=0 chan14_raw=0 chan15_raw=0 chan16_raw=0 chan17_raw=0 chan18_raw=0 rssi=255
2026-09-17 19:45:52.002 | GLOBAL_POSITION_INT      src=1.1    time_boot_ms=2948156866 lat=133458059 lon=747940080 alt=74580 relative_alt=-3619 vx=0 vy=0 vz=0 hdg=0
2026-09-17 19:45:52.003 | LOCAL_POSITION_NED       src=1.1    time_boot_ms=2948156866 x=12 y=-7 z=5.03918 vx=0 vy=0 vz=0
2026-09-17 19:45:52.003 | RC_CHANNELS              src=1.1    time_boot_ms=2948156866 chancount=0 chan1_raw=0 chan2_raw=0 chan3_raw=0 chan4_raw=0 chan5_raw=0 chan6_raw=0 chan7_raw=0 chan8_raw=0 chan9_raw=0 chan10_raw=0 chan11_raw=0 chan12_raw=0 chan13_raw=0 chan14_raw=0 chan15_raw=0 chan16_raw=0 chan17_raw=0 chan18_raw=0 rssi=255
2026-09-17 19:45:52.105 | GLOBAL_POSITION_INT      src=1.1    time_boot_ms=2948156968 lat=133458059 lon=747940080 alt=74580 relative_alt=-3619 vx=0 vy=0 vz=0 hdg=0
2026-09-17 19:45:52.106 | LOCAL_POSITION_NED       src=1.1    time_boot_ms=2948156968 x=12 y=-7 z=5.03918 vx=0 vy=0 vz=0
2026-09-17 19:45:52.106 | RC_CHANNELS              src=1.1    time_boot_ms=2948156968 chancount=0 chan1_raw=0 chan2_raw=0 chan3_raw=0 chan4_raw=0 chan5_raw=0 chan6_raw=0 chan7_raw=0 chan8_raw=0 chan9_raw=0 chan10_raw=0 chan11_raw=0 chan12_raw=0 chan13_raw=0 chan14_raw=0 chan15_raw=0 chan16_raw=0 chan17_raw=0 chan18_raw=0 rssi=255
2026-09-17 19:45:52.209 | GLOBAL_POSITION_INT      src=1.1    time_boot_ms=2948157072 lat=133458059 lon=747940080 alt=74580 relative_alt=-3619 vx=0 vy=0 vz=0 hdg=0
2026-09-17 19:45:52.210 | LOCAL_POSITION_NED       src=1.1    time_boot_ms=2948157072 x=12 y=-7 z=5.03918 vx=0 vy=0 vz=0
2026-09-17 19:45:52.210 | RC_CHANNELS              src=1.1    time_boot_ms=2948157072 chancount=0 chan1_raw=0 chan2_raw=0 chan3_raw=0 chan4_raw=0 chan5_raw=0 chan6_raw=0 chan7_raw=0 chan8_raw=0 chan9_raw=0 chan10_raw=0 chan11_raw=0 chan12_raw=0 chan13_raw=0 chan14_raw=0 chan15_raw=0 chan16_raw=0 chan17_raw=0 chan18_raw=0 rssi=255
2026-09-17 19:45:52.271 | HEARTBEAT                src=1.1    type=2 autopilot=3 base_mode=1 custom_mode=5 system_status=4 mavlink_version=3
2026-09-17 19:45:52.271 | SUMMARY mode=LOITER disarmed alt=-3.62m ned=(12.00,-7.00,5.04) gps=(13.3458059,74.7940080) fix=3 sats=16 eph=100 batt=16.80V/10.0A/98% ch8=0 rssi=255 ekf=0x033f v=0.09 p=0.00 c=0.00 rx=14511 drop=0
2026-09-17 19:45:52.272 | SYS_STATUS               src=1.1    onboard_control_sensors_present=0 onboard_control_sensors_enabled=0 onboard_control_sensors_health=0 load=250 voltage_battery=16800 current_battery=1000 battery_remaining=98 drop_rate_comm=0 errors_comm=0 errors_count1=0 errors_count2=0 errors_count3=0 errors_count4=0
2026-09-17 19:45:52.272 | GPS_RAW_INT              src=1.1    time_usec=1789654552270674 fix_type=3 lat=133458059 lon=747940080 alt=74580 eph=100 epv=100 vel=0 cog=0 satellites_visible=16
2026-09-17 19:45:52.272 | EKF_STATUS_REPORT        src=1.1    flags=831 velocity_variance=0.09 pos_horiz_variance=0.001 pos_vert_variance=0.005 compass_variance=0.0004 terrain_alt_variance=0
2026-09-17 19:45:52.272 | FENCE_STATUS             src=1.1    breach_status=0 breach_count=0 breach_type=0 breach_time=0
2026-09-17 19:45:52.313 | GLOBAL_POSITION_INT      src=1.1    time_boot_ms=2948157176 lat=133458059 lon=747940080 alt=74580 relative_alt=-3619 vx=0 vy=0 vz=0 hdg=0
2026-09-17 19:45:52.313 | LOCAL_POSITION_NED       src=1.1    time_boot_ms=2948157176 x=12 y=-7 z=5.03918 vx=0 vy=0 vz=0
2026-09-17 19:45:52.313 | RC_CHANNELS              src=1.1    time_boot_ms=2948157176 chancount=0 chan1_raw=0 chan2_raw=0 chan3_raw=0 chan4_raw=0 chan5_raw=0 chan6_raw=0 chan7_raw=0 chan8_raw=0 chan9_raw=0 chan10_raw=0 chan11_raw=0 chan12_raw=0 chan13_raw=0 chan14_raw=0 chan15_raw=0 chan16_raw=0 chan17_raw=0 chan18_raw=0 rssi=255
2026-09-17 19:45:52.416 | GLOBAL_POSITION_INT      src=1.1    time_boot_ms=2948157279 lat=133458059 lon=747940080 alt=74580 relative_alt=-3619 vx=0 vy=0 vz=0 hdg=0
2026-09-17 19:45:52.417 | LOCAL_POSITION_NED       src=1.1    time_boot_ms=2948157279 x=12 y=-7 z=5.03918 vx=0 vy=0 vz=0
2026-09-17 19:45:52.417 | RC_CHANNELS              src=1.1    time_boot_ms=2948157279 chancount=0 chan1_raw=0 chan2_raw=0 chan3_raw=0 chan4_raw=0 chan5_raw=0 chan6_raw=0 chan7_raw=0 chan8_raw=0 chan9_raw=0 chan10_raw=0 chan11_raw=0 chan12_raw=0 chan13_raw=0 chan14_raw=0 chan15_raw=0 chan16_raw=0 chan17_raw=0 chan18_raw=0 rssi=255
2026-09-17 19:45:52.520 | GLOBAL_POSITION_INT      src=1.1    time_boot_ms=2948157383 lat=133458059 lon=747940080 alt=74580 relative_alt=-3619 vx=0 vy=0 vz=0 hdg=0
2026-09-17 19:45:52.520 | LOCAL_POSITION_NED       src=1.1    time_boot_ms=2948157383 x=12 y=-7 z=5.03918 vx=0 vy=0 vz=0
2026-09-17 19:45:52.521 | RC_CHANNELS              src=1.1    time_boot_ms=2948157383 chancount=0 chan1_raw=0 chan2_raw=0 chan3_raw=0 chan4_raw=0 chan5_raw=0 chan6_raw=0 chan7_raw=0 chan8_raw=0 chan9_raw=0 chan10_raw=0 chan11_raw=0 chan12_raw=0 chan13_raw=0 chan14_raw=0 chan15_raw=0 chan16_raw=0 chan17_raw=0 chan18_raw=0 rssi=255
2026-09-17 19:45:52.625 | GLOBAL_POSITION_INT      src=1.1    time_boot_ms=2948157488 lat=133458059 lon=747940080 alt=74580 relative_alt=-3619 vx=0 vy=0 vz=0 hdg=0
2026-09-17 19:45:52.625 | LOCAL_POSITION_NED       src=1.1    time_boot_ms=2948157488 x=12 y=-7 z=5.03918 vx=0 vy=0 vz=0
2026-09-17 19:45:52.626 | RC_CHANNELS              src=1.1    time_boot_ms=2948157488 chancount=0 chan1_raw=0 chan2_raw=0 chan3_raw=0 chan4_raw=0 chan5_raw=0 chan6_raw=0 chan7_raw=0 chan8_raw=0 chan9_raw=0 chan10_raw=0 chan11_raw=0 chan12_raw=0 chan13_raw=0 chan14_raw=0 chan15_raw=0 chan16_raw=0 chan17_raw=0 chan18_raw=0 rssi=255
2026-09-17 19:45:52.737 | GLOBAL_POSITION_INT      src=1.1    time_boot_ms=2948157600 lat=133458059 lon=747940080 alt=74580 relative_alt=-3619 vx=0 vy=0 vz=0 hdg=0
2026-09-17 19:45:52.737 | LOCAL_POSITION_NED       src=1.1    time_boot_ms=2948157600 x=12 y=-7 z=5.03918 vx=0 vy=0 vz=0
2026-09-17 19:45:52.738 | RC_CHANNELS              src=1.1    time_boot_ms=2948157600 chancount=0 chan1_raw=0 chan2_raw=0 chan3_raw=0 chan4_raw=0 chan5_raw=0 chan6_raw=0 chan7_raw=0 chan8_raw=0 chan9_raw=0 chan10_raw=0 chan11_raw=0 chan12_raw=0 chan13_raw=0 chan14_raw=0 chan15_raw=0 chan16_raw=0 chan17_raw=0 chan18_raw=0 rssi=255
2026-09-17 19:45:52.779 | HEARTBEAT                src=1.1    type=2 autopilot=3 base_mode=1 custom_mode=5 system_status=4 mavlink_version=3
2026-09-17 19:45:52.779 | SYS_STATUS               src=1.1    onboard_control_sensors_present=0 onboard_control_sensors_enabled=0 onboard_control_sensors_health=0 load=250 voltage_battery=16800 current_battery=1000 battery_remaining=98 drop_rate_comm=0 errors_comm=0 errors_count1=0 errors_count2=0 errors_count3=0 errors_count4=0
2026-09-17 19:45:52.779 | GPS_RAW_INT              src=1.1    time_usec=1789654552777994 fix_type=3 lat=133458059 lon=747940080 alt=74580 eph=100 epv=100 vel=0 cog=0 satellites_visible=16
2026-09-17 19:45:52.779 | EKF_STATUS_REPORT        src=1.1    flags=831 velocity_variance=0.09 pos_horiz_variance=0.001 pos_vert_variance=0.005 compass_variance=0.0004 terrain_alt_variance=0
2026-09-17 19:45:52.779 | FENCE_STATUS             src=1.1    breach_status=0 breach_count=0 breach_type=0 breach_time=0
2026-09-17 19:45:52.841 | GLOBAL_POSITION_INT      src=1.1    time_boot_ms=2948157704 lat=133458059 lon=747940080 alt=74580 relative_alt=-3619 vx=0 vy=0 vz=0 hdg=0
2026-09-17 19:45:52.841 | LOCAL_POSITION_NED       src=1.1    time_boot_ms=2948157704 x=12 y=-7 z=5.03918 vx=0 vy=0 vz=0
2026-09-17 19:45:52.841 | RC_CHANNELS              src=1.1    time_boot_ms=2948157704 chancount=0 chan1_raw=0 chan2_raw=0 chan3_raw=0 chan4_raw=0 chan5_raw=0 chan6_raw=0 chan7_raw=0 chan8_raw=0 chan9_raw=0 chan10_raw=0 chan11_raw=0 chan12_raw=0 chan13_raw=0 chan14_raw=0 chan15_raw=0 chan16_raw=0 chan17_raw=0 chan18_raw=0 rssi=255
2026-09-17 19:45:52.944 | GLOBAL_POSITION_INT      src=1.1    time_boot_ms=2948157806 lat=133458059 lon=747940080 alt=74580 relative_alt=-3619 vx=0 vy=0 vz=0 hdg=0
2026-09-17 19:45:52.944 | LOCAL_POSITION_NED       src=1.1    time_boot_ms=2948157806 x=12 y=-7 z=5.03918 vx=0 vy=0 vz=0
2026-09-17 19:45:52.945 | RC_CHANNELS              src=1.1    time_boot_ms=2948157806 chancount=0 chan1_raw=0 chan2_raw=0 chan3_raw=0 chan4_raw=0 chan5_raw=0 chan6_raw=0 chan7_raw=0 chan8_raw=0 chan9_raw=0 chan10_raw=0 chan11_raw=0 chan12_raw=0 chan13_raw=0 chan14_raw=0 chan15_raw=0 chan16_raw=0 chan17_raw=0 chan18_raw=0 rssi=255
2026-09-17 19:45:53.047 | GLOBAL_POSITION_INT      src=1.1    time_boot_ms=2948157909 lat=133458059 lon=747940080 alt=74580 relative_alt=-3619 vx=0 vy=0 vz=0 hdg=0
2026-09-17 19:45:53.047 | LOCAL_POSITION_NED       src=1.1    time_boot_ms=2948157909 x=12 y=-7 z=5.03918 vx=0 vy=0 vz=0
2026-09-17 19:45:53.047 | RC_CHANNELS              src=1.1    time_boot_ms=2948157909 chancount=0 chan1_raw=0 chan2_raw=0 chan3_raw=0 chan4_raw=0 chan5_raw=0 chan6_raw=0 chan7_raw=0 chan8_raw=0 chan9_raw=0 chan10_raw=0 chan11_raw=0 chan12_raw=0 chan13_raw=0 chan14_raw=0 chan15_raw=0 chan16_raw=0 chan17_raw=0 chan18_raw=0 rssi=255
2026-09-17 19:45:53.149 | GLOBAL_POSITION_INT      src=1.1    time_boot_ms=2948158012 lat=133458059 lon=747940080 alt=74580 relative_alt=-3619 vx=0 vy=0 vz=0 hdg=0
2026-09-17 19:45:53.149 | LOCAL_POSITION_NED       src=1.1    time_boot_ms=2948158012 x=12 y=-7 z=5.03918 vx=0 vy=0 vz=0
2026-09-17 19:45:53.150 | RC_CHANNELS              src=1.1    time_boot_ms=2948158012 chancount=0 chan1_raw=0 chan2_raw=0 chan3_raw=0 chan4_raw=0 chan5_raw=0 chan6_raw=0 chan7_raw=0 chan8_raw=0 chan9_raw=0 chan10_raw=0 chan11_raw=0 chan12_raw=0 chan13_raw=0 chan14_raw=0 chan15_raw=0 chan16_raw=0 chan17_raw=0 chan18_raw=0 rssi=255
2026-09-17 19:45:53.254 | GLOBAL_POSITION_INT      src=1.1    time_boot_ms=2948158117 lat=133458059 lon=747940080 alt=74580 relative_alt=-3619 vx=0 vy=0 vz=0 hdg=0
2026-09-17 19:45:53.254 | LOCAL_POSITION_NED       src=1.1    time_boot_ms=2948158117 x=12 y=-7 z=5.03918 vx=0 vy=0 vz=0
2026-09-17 19:45:53.254 | RC_CHANNELS              src=1.1    time_boot_ms=2948158117 chancount=0 chan1_raw=0 chan2_raw=0 chan3_raw=0 chan4_raw=0 chan5_raw=0 chan6_raw=0 chan7_raw=0 chan8_raw=0 chan9_raw=0 chan10_raw=0 chan11_raw=0 chan12_raw=0 chan13_raw=0 chan14_raw=0 chan15_raw=0 chan16_raw=0 chan17_raw=0 chan18_raw=0 rssi=255
2026-09-17 19:45:53.297 | HEARTBEAT                src=1.1    type=2 autopilot=3 base_mode=1 custom_mode=5 system_status=4 mavlink_version=3
2026-09-17 19:45:53.297 | SUMMARY mode=LOITER disarmed alt=-3.62m ned=(12.00,-7.00,5.04) gps=(13.3458059,74.7940080) fix=3 sats=16 eph=100 batt=16.80V/10.0A/98% ch8=0 rssi=255 ekf=0x033f v=0.09 p=0.00 c=0.00 rx=14551 drop=0
2026-09-17 19:45:53.298 | SYS_STATUS               src=1.1    onboard_control_sensors_present=0 onboard_control_sensors_enabled=0 onboard_control_sensors_health=0 load=250 voltage_battery=16800 current_battery=1000 battery_remaining=98 drop_rate_comm=0 errors_comm=0 errors_count1=0 errors_count2=0 errors_count3=0 errors_count4=0
2026-09-17 19:45:53.298 | GPS_RAW_INT              src=1.1    time_usec=1789654553295617 fix_type=3 lat=133458059 lon=747940080 alt=74580 eph=100 epv=100 vel=0 cog=0 satellites_visible=16
2026-09-17 19:45:53.298 | EKF_STATUS_REPORT        src=1.1    flags=831 velocity_variance=0.09 pos_horiz_variance=0.001 pos_vert_variance=0.005 compass_variance=0.0004 terrain_alt_variance=0
2026-09-17 19:45:53.298 | FENCE_STATUS             src=1.1    breach_status=0 breach_count=0 breach_type=0 breach_time=0
2026-09-17 19:45:53.362 | GLOBAL_POSITION_INT      src=1.1    time_boot_ms=2948158222 lat=133458059 lon=747940080 alt=74580 relative_alt=-3619 vx=0 vy=0 vz=0 hdg=0
2026-09-17 19:45:53.362 | LOCAL_POSITION_NED       src=1.1    time_boot_ms=2948158222 x=12 y=-7 z=5.03918 vx=0 vy=0 vz=0
2026-09-17 19:45:53.362 | RC_CHANNELS              src=1.1    time_boot_ms=2948158222 chancount=0 chan1_raw=0 chan2_raw=0 chan3_raw=0 chan4_raw=0 chan5_raw=0 chan6_raw=0 chan7_raw=0 chan8_raw=0 chan9_raw=0 chan10_raw=0 chan11_raw=0 chan12_raw=0 chan13_raw=0 chan14_raw=0 chan15_raw=0 chan16_raw=0 chan17_raw=0 chan18_raw=0 rssi=255
2026-09-17 19:45:53.467 | GLOBAL_POSITION_INT      src=1.1    time_boot_ms=2948158330 lat=133458059 lon=747940080 alt=74580 relative_alt=-3619 vx=0 vy=0 vz=0 hdg=0
2026-09-17 19:45:53.467 | LOCAL_POSITION_NED       src=1.1    time_boot_ms=2948158330 x=12 y=-7 z=5.03918 vx=0 vy=0 vz=0
2026-09-17 19:45:53.467 | RC_CHANNELS              src=1.1    time_boot_ms=2948158330 chancount=0 chan1_raw=0 chan2_raw=0 chan3_raw=0 chan4_raw=0 chan5_raw=0 chan6_raw=0 chan7_raw=0 chan8_raw=0 chan9_raw=0 chan10_raw=0 chan11_raw=0 chan12_raw=0 chan13_raw=0 chan14_raw=0 chan15_raw=0 chan16_raw=0 chan17_raw=0 chan18_raw=0 rssi=255
2026-09-17 19:45:53.569 | GLOBAL_POSITION_INT      src=1.1    time_boot_ms=2948158433 lat=133458059 lon=747940080 alt=74580 relative_alt=-3619 vx=0 vy=0 vz=0 hdg=0
2026-09-17 19:45:53.570 | LOCAL_POSITION_NED       src=1.1    time_boot_ms=2948158433 x=12 y=-7 z=5.03918 vx=0 vy=0 vz=0
2026-09-17 19:45:53.570 | RC_CHANNELS              src=1.1    time_boot_ms=2948158433 chancount=0 chan1_raw=0 chan2_raw=0 chan3_raw=0 chan4_raw=0 chan5_raw=0 chan6_raw=0 chan7_raw=0 chan8_raw=0 chan9_raw=0 chan10_raw=0 chan11_raw=0 chan12_raw=0 chan13_raw=0 chan14_raw=0 chan15_raw=0 chan16_raw=0 chan17_raw=0 chan18_raw=0 rssi=255
2026-09-17 19:45:53.673 | GLOBAL_POSITION_INT      src=1.1    time_boot_ms=2948158536 lat=133458059 lon=747940080 alt=74580 relative_alt=-3619 vx=0 vy=0 vz=0 hdg=0
2026-09-17 19:45:53.674 | LOCAL_POSITION_NED       src=1.1    time_boot_ms=2948158536 x=12 y=-7 z=5.03918 vx=0 vy=0 vz=0
2026-09-17 19:45:53.674 | RC_CHANNELS              src=1.1    time_boot_ms=2948158536 chancount=0 chan1_raw=0 chan2_raw=0 chan3_raw=0 chan4_raw=0 chan5_raw=0 chan6_raw=0 chan7_raw=0 chan8_raw=0 chan9_raw=0 chan10_raw=0 chan11_raw=0 chan12_raw=0 chan13_raw=0 chan14_raw=0 chan15_raw=0 chan16_raw=0 chan17_raw=0 chan18_raw=0 rssi=255
2026-09-17 19:45:53.780 | GLOBAL_POSITION_INT      src=1.1    time_boot_ms=2948158642 lat=133458059 lon=747940080 alt=74580 relative_alt=-3619 vx=0 vy=0 vz=0 hdg=0
2026-09-17 19:45:53.780 | LOCAL_POSITION_NED       src=1.1    time_boot_ms=2948158642 x=12 y=-7 z=5.03918 vx=0 vy=0 vz=0
2026-09-17 19:45:53.780 | RC_CHANNELS              src=1.1    time_boot_ms=2948158642 chancount=0 chan1_raw=0 chan2_raw=0 chan3_raw=0 chan4_raw=0 chan5_raw=0 chan6_raw=0 chan7_raw=0 chan8_raw=0 chan9_raw=0 chan10_raw=0 chan11_raw=0 chan12_raw=0 chan13_raw=0 chan14_raw=0 chan15_raw=0 chan16_raw=0 chan17_raw=0 chan18_raw=0 rssi=255
2026-09-17 19:45:53.805 | HEARTBEAT                src=1.1    type=2 autopilot=3 base_mode=1 custom_mode=5 system_status=4 mavlink_version=3
2026-09-17 19:45:53.806 | SYS_STATUS               src=1.1    onboard_control_sensors_present=0 onboard_control_sensors_enabled=0 onboard_control_sensors_health=0 load=250 voltage_battery=16800 current_battery=1000 battery_remaining=98 drop_rate_comm=0 errors_comm=0 errors_count1=0 errors_count2=0 errors_count3=0 errors_count4=0
2026-09-17 19:45:53.806 | GPS_RAW_INT              src=1.1    time_usec=1789654553800126 fix_type=3 lat=133458059 lon=747940080 alt=74580 eph=100 epv=100 vel=0 cog=0 satellites_visible=16
2026-09-17 19:45:53.807 | EKF_STATUS_REPORT        src=1.1    flags=831 velocity_variance=0.09 pos_horiz_variance=0.001 pos_vert_variance=0.005 compass_variance=0.0004 terrain_alt_variance=0
2026-09-17 19:45:53.807 | FENCE_STATUS             src=1.1    breach_status=0 breach_count=0 breach_type=0 breach_time=0
2026-09-17 19:45:53.890 | GLOBAL_POSITION_INT      src=1.1    time_boot_ms=2948158753 lat=133458059 lon=747940080 alt=74580 relative_alt=-3619 vx=0 vy=0 vz=0 hdg=0
2026-09-17 19:45:53.891 | LOCAL_POSITION_NED       src=1.1    time_boot_ms=2948158753 x=12 y=-7 z=5.03918 vx=0 vy=0 vz=0
2026-09-17 19:45:53.892 | RC_CHANNELS              src=1.1    time_boot_ms=2948158753 chancount=0 chan1_raw=0 chan2_raw=0 chan3_raw=0 chan4_raw=0 chan5_raw=0 chan6_raw=0 chan7_raw=0 chan8_raw=0 chan9_raw=0 chan10_raw=0 chan11_raw=0 chan12_raw=0 chan13_raw=0 chan14_raw=0 chan15_raw=0 chan16_raw=0 chan17_raw=0 chan18_raw=0 rssi=255
2026-09-17 19:45:53.993 | GLOBAL_POSITION_INT      src=1.1    time_boot_ms=2948158856 lat=133458059 lon=747940080 alt=74580 relative_alt=-3619 vx=0 vy=0 vz=0 hdg=0
2026-09-17 19:45:53.993 | LOCAL_POSITION_NED       src=1.1    time_boot_ms=2948158856 x=12 y=-7 z=5.03918 vx=0 vy=0 vz=0
2026-09-17 19:45:53.993 | RC_CHANNELS              src=1.1    time_boot_ms=2948158856 chancount=0 chan1_raw=0 chan2_raw=0 chan3_raw=0 chan4_raw=0 chan5_raw=0 chan6_raw=0 chan7_raw=0 chan8_raw=0 chan9_raw=0 chan10_raw=0 chan11_raw=0 chan12_raw=0 chan13_raw=0 chan14_raw=0 chan15_raw=0 chan16_raw=0 chan17_raw=0 chan18_raw=0 rssi=255
2026-09-17 19:45:54.096 | GLOBAL_POSITION_INT      src=1.1    time_boot_ms=2948158959 lat=133458059 lon=747940080 alt=74580 relative_alt=-3619 vx=0 vy=0 vz=0 hdg=0
2026-09-17 19:45:54.096 | LOCAL_POSITION_NED       src=1.1    time_boot_ms=2948158959 x=12 y=-7 z=5.03918 vx=0 vy=0 vz=0
2026-09-17 19:45:54.096 | RC_CHANNELS              src=1.1    time_boot_ms=2948158959 chancount=0 chan1_raw=0 chan2_raw=0 chan3_raw=0 chan4_raw=0 chan5_raw=0 chan6_raw=0 chan7_raw=0 chan8_raw=0 chan9_raw=0 chan10_raw=0 chan11_raw=0 chan12_raw=0 chan13_raw=0 chan14_raw=0 chan15_raw=0 chan16_raw=0 chan17_raw=0 chan18_raw=0 rssi=255
2026-09-17 19:45:54.199 | GLOBAL_POSITION_INT      src=1.1    time_boot_ms=2948159062 lat=133458059 lon=747940080 alt=74580 relative_alt=-3619 vx=0 vy=0 vz=0 hdg=0
2026-09-17 19:45:54.199 | LOCAL_POSITION_NED       src=1.1    time_boot_ms=2948159062 x=12 y=-7 z=5.03918 vx=0 vy=0 vz=0
2026-09-17 19:45:54.199 | RC_CHANNELS              src=1.1    time_boot_ms=2948159062 chancount=0 chan1_raw=0 chan2_raw=0 chan3_raw=0 chan4_raw=0 chan5_raw=0 chan6_raw=0 chan7_raw=0 chan8_raw=0 chan9_raw=0 chan10_raw=0 chan11_raw=0 chan12_raw=0 chan13_raw=0 chan14_raw=0 chan15_raw=0 chan16_raw=0 chan17_raw=0 chan18_raw=0 rssi=255
2026-09-17 19:45:54.303 | HEARTBEAT                src=1.1    type=2 autopilot=3 base_mode=1 custom_mode=5 system_status=4 mavlink_version=3
2026-09-17 19:45:54.303 | SUMMARY mode=LOITER disarmed alt=-3.62m ned=(12.00,-7.00,5.04) gps=(13.3458059,74.7940080) fix=3 sats=16 eph=100 batt=16.80V/10.0A/98% ch8=0 rssi=255 ekf=0x033f v=0.09 p=0.00 c=0.00 rx=14588 drop=0
2026-09-17 19:45:54.303 | GLOBAL_POSITION_INT      src=1.1    time_boot_ms=2948159165 lat=133458059 lon=747940080 alt=74580 relative_alt=-3619 vx=0 vy=0 vz=0 hdg=0
2026-09-17 19:45:54.303 | LOCAL_POSITION_NED       src=1.1    time_boot_ms=2948159165 x=12 y=-7 z=5.03918 vx=0 vy=0 vz=0
2026-09-17 19:45:54.303 | RC_CHANNELS              src=1.1    time_boot_ms=2948159165 chancount=0 chan1_raw=0 chan2_raw=0 chan3_raw=0 chan4_raw=0 chan5_raw=0 chan6_raw=0 chan7_raw=0 chan8_raw=0 chan9_raw=0 chan10_raw=0 chan11_raw=0 chan12_raw=0 chan13_raw=0 chan14_raw=0 chan15_raw=0 chan16_raw=0 chan17_raw=0 chan18_raw=0 rssi=255
2026-09-17 19:45:54.303 | SYS_STATUS               src=1.1    onboard_control_sensors_present=0 onboard_control_sensors_enabled=0 onboard_control_sensors_health=0 load=250 voltage_battery=16800 current_battery=1000 battery_remaining=98 drop_rate_comm=0 errors_comm=0 errors_count1=0 errors_count2=0 errors_count3=0 errors_count4=0
2026-09-17 19:45:54.303 | GPS_RAW_INT              src=1.1    time_usec=1789654554301906 fix_type=3 lat=133458059 lon=747940080 alt=74580 eph=100 epv=100 vel=0 cog=0 satellites_visible=16
2026-09-17 19:45:54.303 | EKF_STATUS_REPORT        src=1.1    flags=831 velocity_variance=0.09 pos_horiz_variance=0.001 pos_vert_variance=0.005 compass_variance=0.0004 terrain_alt_variance=0
2026-09-17 19:45:54.303 | FENCE_STATUS             src=1.1    breach_status=0 breach_count=0 breach_type=0 breach_time=0
2026-09-17 19:45:54.406 | GLOBAL_POSITION_INT      src=1.1    time_boot_ms=2948159268 lat=133458059 lon=747940080 alt=74580 relative_alt=-3619 vx=0 vy=0 vz=0 hdg=0
2026-09-17 19:45:54.406 | LOCAL_POSITION_NED       src=1.1    time_boot_ms=2948159268 x=12 y=-7 z=5.03918 vx=0 vy=0 vz=0
2026-09-17 19:45:54.406 | RC_CHANNELS              src=1.1    time_boot_ms=2948159268 chancount=0 chan1_raw=0 chan2_raw=0 chan3_raw=0 chan4_raw=0 chan5_raw=0 chan6_raw=0 chan7_raw=0 chan8_raw=0 chan9_raw=0 chan10_raw=0 chan11_raw=0 chan12_raw=0 chan13_raw=0 chan14_raw=0 chan15_raw=0 chan16_raw=0 chan17_raw=0 chan18_raw=0 rssi=255
2026-09-17 19:45:54.507 | GLOBAL_POSITION_INT      src=1.1    time_boot_ms=2948159371 lat=133458059 lon=747940080 alt=74580 relative_alt=-3619 vx=0 vy=0 vz=0 hdg=0
2026-09-17 19:45:54.508 | LOCAL_POSITION_NED       src=1.1    time_boot_ms=2948159371 x=12 y=-7 z=5.03918 vx=0 vy=0 vz=0
2026-09-17 19:45:54.508 | RC_CHANNELS              src=1.1    time_boot_ms=2948159371 chancount=0 chan1_raw=0 chan2_raw=0 chan3_raw=0 chan4_raw=0 chan5_raw=0 chan6_raw=0 chan7_raw=0 chan8_raw=0 chan9_raw=0 chan10_raw=0 chan11_raw=0 chan12_raw=0 chan13_raw=0 chan14_raw=0 chan15_raw=0 chan16_raw=0 chan17_raw=0 chan18_raw=0 rssi=255
2026-09-17 19:45:54.610 | GLOBAL_POSITION_INT      src=1.1    time_boot_ms=2948159473 lat=133458059 lon=747940080 alt=74580 relative_alt=-3619 vx=0 vy=0 vz=0 hdg=0
2026-09-17 19:45:54.610 | LOCAL_POSITION_NED       src=1.1    time_boot_ms=2948159473 x=12 y=-7 z=5.03918 vx=0 vy=0 vz=0
2026-09-17 19:45:54.610 | RC_CHANNELS              src=1.1    time_boot_ms=2948159473 chancount=0 chan1_raw=0 chan2_raw=0 chan3_raw=0 chan4_raw=0 chan5_raw=0 chan6_raw=0 chan7_raw=0 chan8_raw=0 chan9_raw=0 chan10_raw=0 chan11_raw=0 chan12_raw=0 chan13_raw=0 chan14_raw=0 chan15_raw=0 chan16_raw=0 chan17_raw=0 chan18_raw=0 rssi=255
2026-09-17 19:45:54.714 | GLOBAL_POSITION_INT      src=1.1    time_boot_ms=2948159577 lat=133458059 lon=747940080 alt=74580 relative_alt=-3619 vx=0 vy=0 vz=0 hdg=0
2026-09-17 19:45:54.714 | LOCAL_POSITION_NED       src=1.1    time_boot_ms=2948159577 x=12 y=-7 z=5.03918 vx=0 vy=0 vz=0
2026-09-17 19:45:54.715 | RC_CHANNELS              src=1.1    time_boot_ms=2948159577 chancount=0 chan1_raw=0 chan2_raw=0 chan3_raw=0 chan4_raw=0 chan5_raw=0 chan6_raw=0 chan7_raw=0 chan8_raw=0 chan9_raw=0 chan10_raw=0 chan11_raw=0 chan12_raw=0 chan13_raw=0 chan14_raw=0 chan15_raw=0 chan16_raw=0 chan17_raw=0 chan18_raw=0 rssi=255
2026-09-17 19:45:54.818 | HEARTBEAT                src=1.1    type=2 autopilot=3 base_mode=1 custom_mode=5 system_status=4 mavlink_version=3
2026-09-17 19:45:54.818 | GLOBAL_POSITION_INT      src=1.1    time_boot_ms=2948159680 lat=133458059 lon=747940080 alt=74580 relative_alt=-3619 vx=0 vy=0 vz=0 hdg=0
2026-09-17 19:45:54.818 | LOCAL_POSITION_NED       src=1.1    time_boot_ms=2948159680 x=12 y=-7 z=5.03918 vx=0 vy=0 vz=0
2026-09-17 19:45:54.818 | RC_CHANNELS              src=1.1    time_boot_ms=2948159680 chancount=0 chan1_raw=0 chan2_raw=0 chan3_raw=0 chan4_raw=0 chan5_raw=0 chan6_raw=0 chan7_raw=0 chan8_raw=0 chan9_raw=0 chan10_raw=0 chan11_raw=0 chan12_raw=0 chan13_raw=0 chan14_raw=0 chan15_raw=0 chan16_raw=0 chan17_raw=0 chan18_raw=0 rssi=255
2026-09-17 19:45:54.819 | SYS_STATUS               src=1.1    onboard_control_sensors_present=0 onboard_control_sensors_enabled=0 onboard_control_sensors_health=0 load=250 voltage_battery=16800 current_battery=1000 battery_remaining=98 drop_rate_comm=0 errors_comm=0 errors_count1=0 errors_count2=0 errors_count3=0 errors_count4=0
2026-09-17 19:45:54.819 | GPS_RAW_INT              src=1.1    time_usec=1789654554816948 fix_type=3 lat=133458059 lon=747940080 alt=74580 eph=100 epv=100 vel=0 cog=0 satellites_visible=16
2026-09-17 19:45:54.819 | EKF_STATUS_REPORT        src=1.1    flags=831 velocity_variance=0.09 pos_horiz_variance=0.001 pos_vert_variance=0.005 compass_variance=0.0004 terrain_alt_variance=0
2026-09-17 19:45:54.819 | FENCE_STATUS             src=1.1    breach_status=0 breach_count=0 breach_type=0 breach_time=0
2026-09-17 19:45:54.921 | GLOBAL_POSITION_INT      src=1.1    time_boot_ms=2948159784 lat=133458059 lon=747940080 alt=74580 relative_alt=-3619 vx=0 vy=0 vz=0 hdg=0
2026-09-17 19:45:54.921 | LOCAL_POSITION_NED       src=1.1    time_boot_ms=2948159784 x=12 y=-7 z=5.03918 vx=0 vy=0 vz=0
2026-09-17 19:45:54.922 | RC_CHANNELS              src=1.1    time_boot_ms=2948159784 chancount=0 chan1_raw=0 chan2_raw=0 chan3_raw=0 chan4_raw=0 chan5_raw=0 chan6_raw=0 chan7_raw=0 chan8_raw=0 chan9_raw=0 chan10_raw=0 chan11_raw=0 chan12_raw=0 chan13_raw=0 chan14_raw=0 chan15_raw=0 chan16_raw=0 chan17_raw=0 chan18_raw=0 rssi=255
2026-09-17 19:45:55.024 | GLOBAL_POSITION_INT      src=1.1    time_boot_ms=2948159887 lat=133458059 lon=747940080 alt=74580 relative_alt=-3619 vx=0 vy=0 vz=0 hdg=0
2026-09-17 19:45:55.024 | LOCAL_POSITION_NED       src=1.1    time_boot_ms=2948159887 x=12 y=-7 z=5.03918 vx=0 vy=0 vz=0
2026-09-17 19:45:55.024 | RC_CHANNELS              src=1.1    time_boot_ms=2948159887 chancount=0 chan1_raw=0 chan2_raw=0 chan3_raw=0 chan4_raw=0 chan5_raw=0 chan6_raw=0 chan7_raw=0 chan8_raw=0 chan9_raw=0 chan10_raw=0 chan11_raw=0 chan12_raw=0 chan13_raw=0 chan14_raw=0 chan15_raw=0 chan16_raw=0 chan17_raw=0 chan18_raw=0 rssi=255
2026-09-17 19:45:55.126 | GLOBAL_POSITION_INT      src=1.1    time_boot_ms=2948159990 lat=133458059 lon=747940080 alt=74580 relative_alt=-3619 vx=0 vy=0 vz=0 hdg=0
2026-09-17 19:45:55.127 | LOCAL_POSITION_NED       src=1.1    time_boot_ms=2948159990 x=12 y=-7 z=5.03918 vx=0 vy=0 vz=0
2026-09-17 19:45:55.127 | RC_CHANNELS              src=1.1    time_boot_ms=2948159990 chancount=0 chan1_raw=0 chan2_raw=0 chan3_raw=0 chan4_raw=0 chan5_raw=0 chan6_raw=0 chan7_raw=0 chan8_raw=0 chan9_raw=0 chan10_raw=0 chan11_raw=0 chan12_raw=0 chan13_raw=0 chan14_raw=0 chan15_raw=0 chan16_raw=0 chan17_raw=0 chan18_raw=0 rssi=255
2026-09-17 19:45:55.231 | GLOBAL_POSITION_INT      src=1.1    time_boot_ms=2948160094 lat=133458059 lon=747940080 alt=74580 relative_alt=-3619 vx=0 vy=0 vz=0 hdg=0
2026-09-17 19:45:55.231 | LOCAL_POSITION_NED       src=1.1    time_boot_ms=2948160094 x=12 y=-7 z=5.03918 vx=0 vy=0 vz=0
2026-09-17 19:45:55.231 | RC_CHANNELS              src=1.1    time_boot_ms=2948160094 chancount=0 chan1_raw=0 chan2_raw=0 chan3_raw=0 chan4_raw=0 chan5_raw=0 chan6_raw=0 chan7_raw=0 chan8_raw=0 chan9_raw=0 chan10_raw=0 chan11_raw=0 chan12_raw=0 chan13_raw=0 chan14_raw=0 chan15_raw=0 chan16_raw=0 chan17_raw=0 chan18_raw=0 rssi=255
2026-09-17 19:45:55.334 | HEARTBEAT                src=1.1    type=2 autopilot=3 base_mode=1 custom_mode=5 system_status=4 mavlink_version=3
2026-09-17 19:45:55.334 | SUMMARY mode=LOITER disarmed alt=-3.62m ned=(12.00,-7.00,5.04) gps=(13.3458059,74.7940080) fix=3 sats=16 eph=100 batt=16.80V/10.0A/98% ch8=0 rssi=255 ekf=0x033f v=0.09 p=0.00 c=0.00 rx=14628 drop=0
2026-09-17 19:45:55.334 | GLOBAL_POSITION_INT      src=1.1    time_boot_ms=2948160197 lat=133458059 lon=747940080 alt=74580 relative_alt=-3619 vx=0 vy=0 vz=0 hdg=0
2026-09-17 19:45:55.334 | LOCAL_POSITION_NED       src=1.1    time_boot_ms=2948160197 x=12 y=-7 z=5.03918 vx=0 vy=0 vz=0
2026-09-17 19:45:55.335 | RC_CHANNELS              src=1.1    time_boot_ms=2948160197 chancount=0 chan1_raw=0 chan2_raw=0 chan3_raw=0 chan4_raw=0 chan5_raw=0 chan6_raw=0 chan7_raw=0 chan8_raw=0 chan9_raw=0 chan10_raw=0 chan11_raw=0 chan12_raw=0 chan13_raw=0 chan14_raw=0 chan15_raw=0 chan16_raw=0 chan17_raw=0 chan18_raw=0 rssi=255
2026-09-17 19:45:55.335 | SYS_STATUS               src=1.1    onboard_control_sensors_present=0 onboard_control_sensors_enabled=0 onboard_control_sensors_health=0 load=250 voltage_battery=16800 current_battery=1000 battery_remaining=98 drop_rate_comm=0 errors_comm=0 errors_count1=0 errors_count2=0 errors_count3=0 errors_count4=0
2026-09-17 19:45:55.335 | GPS_RAW_INT              src=1.1    time_usec=1789654555333491 fix_type=3 lat=133458059 lon=747940080 alt=74580 eph=100 epv=100 vel=0 cog=0 satellites_visible=16
2026-09-17 19:45:55.335 | EKF_STATUS_REPORT        src=1.1    flags=831 velocity_variance=0.09 pos_horiz_variance=0.001 pos_vert_variance=0.005 compass_variance=0.0004 terrain_alt_variance=0
2026-09-17 19:45:55.335 | FENCE_STATUS             src=1.1    breach_status=0 breach_count=0 breach_type=0 breach_time=0
2026-09-17 19:45:55.437 | GLOBAL_POSITION_INT      src=1.1    time_boot_ms=2948160300 lat=133458059 lon=747940080 alt=74580 relative_alt=-3619 vx=0 vy=0 vz=0 hdg=0
2026-09-17 19:45:55.438 | LOCAL_POSITION_NED       src=1.1    time_boot_ms=2948160300 x=12 y=-7 z=5.03918 vx=0 vy=0 vz=0
2026-09-17 19:45:55.438 | RC_CHANNELS              src=1.1    time_boot_ms=2948160300 chancount=0 chan1_raw=0 chan2_raw=0 chan3_raw=0 chan4_raw=0 chan5_raw=0 chan6_raw=0 chan7_raw=0 chan8_raw=0 chan9_raw=0 chan10_raw=0 chan11_raw=0 chan12_raw=0 chan13_raw=0 chan14_raw=0 chan15_raw=0 chan16_raw=0 chan17_raw=0 chan18_raw=0 rssi=255
2026-09-17 19:45:55.539 | GLOBAL_POSITION_INT      src=1.1    time_boot_ms=2948160402 lat=133458059 lon=747940080 alt=74580 relative_alt=-3619 vx=0 vy=0 vz=0 hdg=0
2026-09-17 19:45:55.540 | LOCAL_POSITION_NED       src=1.1    time_boot_ms=2948160402 x=12 y=-7 z=5.03918 vx=0 vy=0 vz=0
2026-09-17 19:45:55.540 | RC_CHANNELS              src=1.1    time_boot_ms=2948160402 chancount=0 chan1_raw=0 chan2_raw=0 chan3_raw=0 chan4_raw=0 chan5_raw=0 chan6_raw=0 chan7_raw=0 chan8_raw=0 chan9_raw=0 chan10_raw=0 chan11_raw=0 chan12_raw=0 chan13_raw=0 chan14_raw=0 chan15_raw=0 chan16_raw=0 chan17_raw=0 chan18_raw=0 rssi=255
2026-09-17 19:45:55.654 | GLOBAL_POSITION_INT      src=1.1    time_boot_ms=2948160517 lat=133458059 lon=747940080 alt=74580 relative_alt=-3619 vx=0 vy=0 vz=0 hdg=0
2026-09-17 19:45:55.654 | LOCAL_POSITION_NED       src=1.1    time_boot_ms=2948160517 x=12 y=-7 z=5.03918 vx=0 vy=0 vz=0
2026-09-17 19:45:55.654 | RC_CHANNELS              src=1.1    time_boot_ms=2948160517 chancount=0 chan1_raw=0 chan2_raw=0 chan3_raw=0 chan4_raw=0 chan5_raw=0 chan6_raw=0 chan7_raw=0 chan8_raw=0 chan9_raw=0 chan10_raw=0 chan11_raw=0 chan12_raw=0 chan13_raw=0 chan14_raw=0 chan15_raw=0 chan16_raw=0 chan17_raw=0 chan18_raw=0 rssi=255
2026-09-17 19:45:55.757 | GLOBAL_POSITION_INT      src=1.1    time_boot_ms=2948160620 lat=133458059 lon=747940080 alt=74580 relative_alt=-3619 vx=0 vy=0 vz=0 hdg=0
2026-09-17 19:45:55.757 | LOCAL_POSITION_NED       src=1.1    time_boot_ms=2948160620 x=12 y=-7 z=5.03918 vx=0 vy=0 vz=0
2026-09-17 19:45:55.757 | RC_CHANNELS              src=1.1    time_boot_ms=2948160620 chancount=0 chan1_raw=0 chan2_raw=0 chan3_raw=0 chan4_raw=0 chan5_raw=0 chan6_raw=0 chan7_raw=0 chan8_raw=0 chan9_raw=0 chan10_raw=0 chan11_raw=0 chan12_raw=0 chan13_raw=0 chan14_raw=0 chan15_raw=0 chan16_raw=0 chan17_raw=0 chan18_raw=0 rssi=255
2026-09-17 19:45:55.839 | HEARTBEAT                src=1.1    type=2 autopilot=3 base_mode=1 custom_mode=5 system_status=4 mavlink_version=3
2026-09-17 19:45:55.839 | SYS_STATUS               src=1.1    onboard_control_sensors_present=0 onboard_control_sensors_enabled=0 onboard_control_sensors_health=0 load=250 voltage_battery=16800 current_battery=1000 battery_remaining=98 drop_rate_comm=0 errors_comm=0 errors_count1=0 errors_count2=0 errors_count3=0 errors_count4=0
2026-09-17 19:45:55.839 | GPS_RAW_INT              src=1.1    time_usec=1789654555838186 fix_type=3 lat=133458059 lon=747940080 alt=74580 eph=100 epv=100 vel=0 cog=0 satellites_visible=16
2026-09-17 19:45:55.839 | EKF_STATUS_REPORT        src=1.1    flags=831 velocity_variance=0.09 pos_horiz_variance=0.001 pos_vert_variance=0.005 compass_variance=0.0004 terrain_alt_variance=0
2026-09-17 19:45:55.840 | FENCE_STATUS             src=1.1    breach_status=0 breach_count=0 breach_type=0 breach_time=0
2026-09-17 19:45:55.860 | GLOBAL_POSITION_INT      src=1.1    time_boot_ms=2948160723 lat=133458059 lon=747940080 alt=74580 relative_alt=-3619 vx=0 vy=0 vz=0 hdg=0
2026-09-17 19:45:55.860 | LOCAL_POSITION_NED       src=1.1    time_boot_ms=2948160723 x=12 y=-7 z=5.03918 vx=0 vy=0 vz=0
2026-09-17 19:45:55.860 | RC_CHANNELS              src=1.1    time_boot_ms=2948160723 chancount=0 chan1_raw=0 chan2_raw=0 chan3_raw=0 chan4_raw=0 chan5_raw=0 chan6_raw=0 chan7_raw=0 chan8_raw=0 chan9_raw=0 chan10_raw=0 chan11_raw=0 chan12_raw=0 chan13_raw=0 chan14_raw=0 chan15_raw=0 chan16_raw=0 chan17_raw=0 chan18_raw=0 rssi=255
2026-09-17 19:45:55.963 | GLOBAL_POSITION_INT      src=1.1    time_boot_ms=2948160825 lat=133458059 lon=747940080 alt=74580 relative_alt=-3619 vx=0 vy=0 vz=0 hdg=0
2026-09-17 19:45:55.963 | LOCAL_POSITION_NED       src=1.1    time_boot_ms=2948160825 x=12 y=-7 z=5.03918 vx=0 vy=0 vz=0
2026-09-17 19:45:55.963 | RC_CHANNELS              src=1.1    time_boot_ms=2948160825 chancount=0 chan1_raw=0 chan2_raw=0 chan3_raw=0 chan4_raw=0 chan5_raw=0 chan6_raw=0 chan7_raw=0 chan8_raw=0 chan9_raw=0 chan10_raw=0 chan11_raw=0 chan12_raw=0 chan13_raw=0 chan14_raw=0 chan15_raw=0 chan16_raw=0 chan17_raw=0 chan18_raw=0 rssi=255
2026-09-17 19:45:56.066 | GLOBAL_POSITION_INT      src=1.1    time_boot_ms=2948160929 lat=133458059 lon=747940080 alt=74580 relative_alt=-3619 vx=0 vy=0 vz=0 hdg=0
2026-09-17 19:45:56.066 | LOCAL_POSITION_NED       src=1.1    time_boot_ms=2948160929 x=12 y=-7 z=5.03918 vx=0 vy=0 vz=0
2026-09-17 19:45:56.066 | RC_CHANNELS              src=1.1    time_boot_ms=2948160929 chancount=0 chan1_raw=0 chan2_raw=0 chan3_raw=0 chan4_raw=0 chan5_raw=0 chan6_raw=0 chan7_raw=0 chan8_raw=0 chan9_raw=0 chan10_raw=0 chan11_raw=0 chan12_raw=0 chan13_raw=0 chan14_raw=0 chan15_raw=0 chan16_raw=0 chan17_raw=0 chan18_raw=0 rssi=255
2026-09-17 19:45:56.169 | GLOBAL_POSITION_INT      src=1.1    time_boot_ms=2948161032 lat=133458059 lon=747940080 alt=74580 relative_alt=-3619 vx=0 vy=0 vz=0 hdg=0
2026-09-17 19:45:56.169 | LOCAL_POSITION_NED       src=1.1    time_boot_ms=2948161032 x=12 y=-7 z=5.03918 vx=0 vy=0 vz=0
2026-09-17 19:45:56.169 | RC_CHANNELS              src=1.1    time_boot_ms=2948161032 chancount=0 chan1_raw=0 chan2_raw=0 chan3_raw=0 chan4_raw=0 chan5_raw=0 chan6_raw=0 chan7_raw=0 chan8_raw=0 chan9_raw=0 chan10_raw=0 chan11_raw=0 chan12_raw=0 chan13_raw=0 chan14_raw=0 chan15_raw=0 chan16_raw=0 chan17_raw=0 chan18_raw=0 rssi=255
2026-09-17 19:45:56.273 | GLOBAL_POSITION_INT      src=1.1    time_boot_ms=2948161136 lat=133458059 lon=747940080 alt=74580 relative_alt=-3619 vx=0 vy=0 vz=0 hdg=0
2026-09-17 19:45:56.273 | LOCAL_POSITION_NED       src=1.1    time_boot_ms=2948161136 x=12 y=-7 z=5.03918 vx=0 vy=0 vz=0
2026-09-17 19:45:56.273 | RC_CHANNELS              src=1.1    time_boot_ms=2948161136 chancount=0 chan1_raw=0 chan2_raw=0 chan3_raw=0 chan4_raw=0 chan5_raw=0 chan6_raw=0 chan7_raw=0 chan8_raw=0 chan9_raw=0 chan10_raw=0 chan11_raw=0 chan12_raw=0 chan13_raw=0 chan14_raw=0 chan15_raw=0 chan16_raw=0 chan17_raw=0 chan18_raw=0 rssi=255
2026-09-17 19:45:56.355 | HEARTBEAT                src=1.1    type=2 autopilot=3 base_mode=1 custom_mode=5 system_status=4 mavlink_version=3
2026-09-17 19:45:56.355 | SUMMARY mode=LOITER disarmed alt=-3.62m ned=(12.00,-7.00,5.04) gps=(13.3458059,74.7940080) fix=3 sats=16 eph=100 batt=16.80V/10.0A/98% ch8=0 rssi=255 ekf=0x033f v=0.09 p=0.00 c=0.00 rx=14668 drop=0
2026-09-17 19:45:56.355 | SYS_STATUS               src=1.1    onboard_control_sensors_present=0 onboard_control_sensors_enabled=0 onboard_control_sensors_health=0 load=250 voltage_battery=16800 current_battery=1000 battery_remaining=98 drop_rate_comm=0 errors_comm=0 errors_count1=0 errors_count2=0 errors_count3=0 errors_count4=0
2026-09-17 19:45:56.355 | GPS_RAW_INT              src=1.1    time_usec=1789654556354687 fix_type=3 lat=133458059 lon=747940080 alt=74580 eph=100 epv=100 vel=0 cog=0 satellites_visible=16
2026-09-17 19:45:56.356 | EKF_STATUS_REPORT        src=1.1    flags=831 velocity_variance=0.09 pos_horiz_variance=0.001 pos_vert_variance=0.005 compass_variance=0.0004 terrain_alt_variance=0
2026-09-17 19:45:56.356 | FENCE_STATUS             src=1.1    breach_status=0 breach_count=0 breach_type=0 breach_time=0
2026-09-17 19:45:56.376 | GLOBAL_POSITION_INT      src=1.1    time_boot_ms=2948161239 lat=133458059 lon=747940080 alt=74580 relative_alt=-3619 vx=0 vy=0 vz=0 hdg=0
2026-09-17 19:45:56.377 | LOCAL_POSITION_NED       src=1.1    time_boot_ms=2948161239 x=12 y=-7 z=5.03918 vx=0 vy=0 vz=0
2026-09-17 19:45:56.377 | RC_CHANNELS              src=1.1    time_boot_ms=2948161239 chancount=0 chan1_raw=0 chan2_raw=0 chan3_raw=0 chan4_raw=0 chan5_raw=0 chan6_raw=0 chan7_raw=0 chan8_raw=0 chan9_raw=0 chan10_raw=0 chan11_raw=0 chan12_raw=0 chan13_raw=0 chan14_raw=0 chan15_raw=0 chan16_raw=0 chan17_raw=0 chan18_raw=0 rssi=255
2026-09-17 19:45:56.479 | GLOBAL_POSITION_INT      src=1.1    time_boot_ms=2948161342 lat=133458059 lon=747940080 alt=74580 relative_alt=-3619 vx=0 vy=0 vz=0 hdg=0
2026-09-17 19:45:56.479 | LOCAL_POSITION_NED       src=1.1    time_boot_ms=2948161342 x=12 y=-7 z=5.03918 vx=0 vy=0 vz=0
2026-09-17 19:45:56.479 | RC_CHANNELS              src=1.1    time_boot_ms=2948161342 chancount=0 chan1_raw=0 chan2_raw=0 chan3_raw=0 chan4_raw=0 chan5_raw=0 chan6_raw=0 chan7_raw=0 chan8_raw=0 chan9_raw=0 chan10_raw=0 chan11_raw=0 chan12_raw=0 chan13_raw=0 chan14_raw=0 chan15_raw=0 chan16_raw=0 chan17_raw=0 chan18_raw=0 rssi=255
2026-09-17 19:45:56.582 | GLOBAL_POSITION_INT      src=1.1    time_boot_ms=2948161445 lat=133458059 lon=747940080 alt=74580 relative_alt=-3619 vx=0 vy=0 vz=0 hdg=0
2026-09-17 19:45:56.582 | LOCAL_POSITION_NED       src=1.1    time_boot_ms=2948161445 x=12 y=-7 z=5.03918 vx=0 vy=0 vz=0
2026-09-17 19:45:56.582 | RC_CHANNELS              src=1.1    time_boot_ms=2948161445 chancount=0 chan1_raw=0 chan2_raw=0 chan3_raw=0 chan4_raw=0 chan5_raw=0 chan6_raw=0 chan7_raw=0 chan8_raw=0 chan9_raw=0 chan10_raw=0 chan11_raw=0 chan12_raw=0 chan13_raw=0 chan14_raw=0 chan15_raw=0 chan16_raw=0 chan17_raw=0 chan18_raw=0 rssi=255
2026-09-17 19:45:56.696 | GLOBAL_POSITION_INT      src=1.1    time_boot_ms=2948161559 lat=133458059 lon=747940080 alt=74580 relative_alt=-3619 vx=0 vy=0 vz=0 hdg=0
2026-09-17 19:45:56.696 | LOCAL_POSITION_NED       src=1.1    time_boot_ms=2948161559 x=12 y=-7 z=5.03918 vx=0 vy=0 vz=0
2026-09-17 19:45:56.696 | RC_CHANNELS              src=1.1    time_boot_ms=2948161559 chancount=0 chan1_raw=0 chan2_raw=0 chan3_raw=0 chan4_raw=0 chan5_raw=0 chan6_raw=0 chan7_raw=0 chan8_raw=0 chan9_raw=0 chan10_raw=0 chan11_raw=0 chan12_raw=0 chan13_raw=0 chan14_raw=0 chan15_raw=0 chan16_raw=0 chan17_raw=0 chan18_raw=0 rssi=255
2026-09-17 19:45:56.799 | GLOBAL_POSITION_INT      src=1.1    time_boot_ms=2948161662 lat=133458059 lon=747940080 alt=74580 relative_alt=-3619 vx=0 vy=0 vz=0 hdg=0
2026-09-17 19:45:56.799 | LOCAL_POSITION_NED       src=1.1    time_boot_ms=2948161662 x=12 y=-7 z=5.03918 vx=0 vy=0 vz=0
2026-09-17 19:45:56.812 | RC_CHANNELS              src=1.1    time_boot_ms=2948161662 chancount=0 chan1_raw=0 chan2_raw=0 chan3_raw=0 chan4_raw=0 chan5_raw=0 chan6_raw=0 chan7_raw=0 chan8_raw=0 chan9_raw=0 chan10_raw=0 chan11_raw=0 chan12_raw=0 chan13_raw=0 chan14_raw=0 chan15_raw=0 chan16_raw=0 chan17_raw=0 chan18_raw=0 rssi=255
2026-09-17 19:45:56.863 | HEARTBEAT                src=1.1    type=2 autopilot=3 base_mode=1 custom_mode=5 system_status=4 mavlink_version=3
2026-09-17 19:45:56.863 | SYS_STATUS               src=1.1    onboard_control_sensors_present=0 onboard_control_sensors_enabled=0 onboard_control_sensors_health=0 load=250 voltage_battery=16800 current_battery=1000 battery_remaining=98 drop_rate_comm=0 errors_comm=0 errors_count1=0 errors_count2=0 errors_count3=0 errors_count4=0
2026-09-17 19:45:56.863 | GPS_RAW_INT              src=1.1    time_usec=1789654556862082 fix_type=3 lat=133458059 lon=747940080 alt=74580 eph=100 epv=100 vel=0 cog=0 satellites_visible=16
2026-09-17 19:45:56.863 | EKF_STATUS_REPORT        src=1.1    flags=831 velocity_variance=0.09 pos_horiz_variance=0.001 pos_vert_variance=0.005 compass_variance=0.0004 terrain_alt_variance=0
2026-09-17 19:45:56.864 | FENCE_STATUS             src=1.1    breach_status=0 breach_count=0 breach_type=0 breach_time=0
2026-09-17 19:45:56.904 | GLOBAL_POSITION_INT      src=1.1    time_boot_ms=2948161767 lat=133458059 lon=747940080 alt=74580 relative_alt=-3619 vx=0 vy=0 vz=0 hdg=0
2026-09-17 19:45:56.905 | LOCAL_POSITION_NED       src=1.1    time_boot_ms=2948161767 x=12 y=-7 z=5.03918 vx=0 vy=0 vz=0
2026-09-17 19:45:56.905 | RC_CHANNELS              src=1.1    time_boot_ms=2948161767 chancount=0 chan1_raw=0 chan2_raw=0 chan3_raw=0 chan4_raw=0 chan5_raw=0 chan6_raw=0 chan7_raw=0 chan8_raw=0 chan9_raw=0 chan10_raw=0 chan11_raw=0 chan12_raw=0 chan13_raw=0 chan14_raw=0 chan15_raw=0 chan16_raw=0 chan17_raw=0 chan18_raw=0 rssi=255
2026-09-17 19:45:57.007 | GLOBAL_POSITION_INT      src=1.1    time_boot_ms=2948161870 lat=133458059 lon=747940080 alt=74580 relative_alt=-3619 vx=0 vy=0 vz=0 hdg=0
2026-09-17 19:45:57.007 | LOCAL_POSITION_NED       src=1.1    time_boot_ms=2948161870 x=12 y=-7 z=5.03918 vx=0 vy=0 vz=0
2026-09-17 19:45:57.007 | RC_CHANNELS              src=1.1    time_boot_ms=2948161870 chancount=0 chan1_raw=0 chan2_raw=0 chan3_raw=0 chan4_raw=0 chan5_raw=0 chan6_raw=0 chan7_raw=0 chan8_raw=0 chan9_raw=0 chan10_raw=0 chan11_raw=0 chan12_raw=0 chan13_raw=0 chan14_raw=0 chan15_raw=0 chan16_raw=0 chan17_raw=0 chan18_raw=0 rssi=255
2026-09-17 19:45:57.110 | GLOBAL_POSITION_INT      src=1.1    time_boot_ms=2948161973 lat=133458059 lon=747940080 alt=74580 relative_alt=-3619 vx=0 vy=0 vz=0 hdg=0
2026-09-17 19:45:57.110 | LOCAL_POSITION_NED       src=1.1    time_boot_ms=2948161973 x=12 y=-7 z=5.03918 vx=0 vy=0 vz=0
2026-09-17 19:45:57.110 | RC_CHANNELS              src=1.1    time_boot_ms=2948161973 chancount=0 chan1_raw=0 chan2_raw=0 chan3_raw=0 chan4_raw=0 chan5_raw=0 chan6_raw=0 chan7_raw=0 chan8_raw=0 chan9_raw=0 chan10_raw=0 chan11_raw=0 chan12_raw=0 chan13_raw=0 chan14_raw=0 chan15_raw=0 chan16_raw=0 chan17_raw=0 chan18_raw=0 rssi=255
2026-09-17 19:45:57.213 | GLOBAL_POSITION_INT      src=1.1    time_boot_ms=2948162076 lat=133458059 lon=747940080 alt=74580 relative_alt=-3619 vx=0 vy=0 vz=0 hdg=0
2026-09-17 19:45:57.213 | LOCAL_POSITION_NED       src=1.1    time_boot_ms=2948162076 x=12 y=-7 z=5.03918 vx=0 vy=0 vz=0
2026-09-17 19:45:57.213 | RC_CHANNELS              src=1.1    time_boot_ms=2948162076 chancount=0 chan1_raw=0 chan2_raw=0 chan3_raw=0 chan4_raw=0 chan5_raw=0 chan6_raw=0 chan7_raw=0 chan8_raw=0 chan9_raw=0 chan10_raw=0 chan11_raw=0 chan12_raw=0 chan13_raw=0 chan14_raw=0 chan15_raw=0 chan16_raw=0 chan17_raw=0 chan18_raw=0 rssi=255
2026-09-17 19:45:57.316 | GLOBAL_POSITION_INT      src=1.1    time_boot_ms=2948162178 lat=133458059 lon=747940080 alt=74580 relative_alt=-3619 vx=0 vy=0 vz=0 hdg=0
2026-09-17 19:45:57.316 | LOCAL_POSITION_NED       src=1.1    time_boot_ms=2948162178 x=12 y=-7 z=5.03918 vx=0 vy=0 vz=0
2026-09-17 19:45:57.317 | RC_CHANNELS              src=1.1    time_boot_ms=2948162178 chancount=0 chan1_raw=0 chan2_raw=0 chan3_raw=0 chan4_raw=0 chan5_raw=0 chan6_raw=0 chan7_raw=0 chan8_raw=0 chan9_raw=0 chan10_raw=0 chan11_raw=0 chan12_raw=0 chan13_raw=0 chan14_raw=0 chan15_raw=0 chan16_raw=0 chan17_raw=0 chan18_raw=0 rssi=255
2026-09-17 19:45:57.377 | HEARTBEAT                src=1.1    type=2 autopilot=3 base_mode=1 custom_mode=5 system_status=4 mavlink_version=3
2026-09-17 19:45:57.378 | SUMMARY mode=LOITER disarmed alt=-3.62m ned=(12.00,-7.00,5.04) gps=(13.3458059,74.7940080) fix=3 sats=16 eph=100 batt=16.80V/10.0A/98% ch8=0 rssi=255 ekf=0x033f v=0.09 p=0.00 c=0.00 rx=14708 drop=0
2026-09-17 19:45:57.378 | SYS_STATUS               src=1.1    onboard_control_sensors_present=0 onboard_control_sensors_enabled=0 onboard_control_sensors_health=0 load=250 voltage_battery=16800 current_battery=1000 battery_remaining=98 drop_rate_comm=0 errors_comm=0 errors_count1=0 errors_count2=0 errors_count3=0 errors_count4=0
2026-09-17 19:45:57.378 | GPS_RAW_INT              src=1.1    time_usec=1789654557376900 fix_type=3 lat=133458059 lon=747940080 alt=74580 eph=100 epv=100 vel=0 cog=0 satellites_visible=16
2026-09-17 19:45:57.378 | EKF_STATUS_REPORT        src=1.1    flags=831 velocity_variance=0.09 pos_horiz_variance=0.001 pos_vert_variance=0.005 compass_variance=0.0004 terrain_alt_variance=0
2026-09-17 19:45:57.378 | FENCE_STATUS             src=1.1    breach_status=0 breach_count=0 breach_type=0 breach_time=0
2026-09-17 19:45:57.419 | GLOBAL_POSITION_INT      src=1.1    time_boot_ms=2948162282 lat=133458059 lon=747940080 alt=74580 relative_alt=-3619 vx=0 vy=0 vz=0 hdg=0
2026-09-17 19:45:57.419 | LOCAL_POSITION_NED       src=1.1    time_boot_ms=2948162282 x=12 y=-7 z=5.03918 vx=0 vy=0 vz=0
2026-09-17 19:45:57.419 | RC_CHANNELS              src=1.1    time_boot_ms=2948162282 chancount=0 chan1_raw=0 chan2_raw=0 chan3_raw=0 chan4_raw=0 chan5_raw=0 chan6_raw=0 chan7_raw=0 chan8_raw=0 chan9_raw=0 chan10_raw=0 chan11_raw=0 chan12_raw=0 chan13_raw=0 chan14_raw=0 chan15_raw=0 chan16_raw=0 chan17_raw=0 chan18_raw=0 rssi=255
2026-09-17 19:45:57.521 | GLOBAL_POSITION_INT      src=1.1    time_boot_ms=2948162384 lat=133458059 lon=747940080 alt=74580 relative_alt=-3619 vx=0 vy=0 vz=0 hdg=0
2026-09-17 19:45:57.521 | LOCAL_POSITION_NED       src=1.1    time_boot_ms=2948162384 x=12 y=-7 z=5.03918 vx=0 vy=0 vz=0
2026-09-17 19:45:57.521 | RC_CHANNELS              src=1.1    time_boot_ms=2948162384 chancount=0 chan1_raw=0 chan2_raw=0 chan3_raw=0 chan4_raw=0 chan5_raw=0 chan6_raw=0 chan7_raw=0 chan8_raw=0 chan9_raw=0 chan10_raw=0 chan11_raw=0 chan12_raw=0 chan13_raw=0 chan14_raw=0 chan15_raw=0 chan16_raw=0 chan17_raw=0 chan18_raw=0 rssi=255
2026-09-17 19:45:57.624 | GLOBAL_POSITION_INT      src=1.1    time_boot_ms=2948162487 lat=133458059 lon=747940080 alt=74580 relative_alt=-3619 vx=0 vy=0 vz=0 hdg=0
2026-09-17 19:45:57.624 | LOCAL_POSITION_NED       src=1.1    time_boot_ms=2948162487 x=12 y=-7 z=5.03918 vx=0 vy=0 vz=0
2026-09-17 19:45:57.624 | RC_CHANNELS              src=1.1    time_boot_ms=2948162487 chancount=0 chan1_raw=0 chan2_raw=0 chan3_raw=0 chan4_raw=0 chan5_raw=0 chan6_raw=0 chan7_raw=0 chan8_raw=0 chan9_raw=0 chan10_raw=0 chan11_raw=0 chan12_raw=0 chan13_raw=0 chan14_raw=0 chan15_raw=0 chan16_raw=0 chan17_raw=0 chan18_raw=0 rssi=255
2026-09-17 19:45:57.737 | GLOBAL_POSITION_INT      src=1.1    time_boot_ms=2948162600 lat=133458059 lon=747940080 alt=74580 relative_alt=-3619 vx=0 vy=0 vz=0 hdg=0
2026-09-17 19:45:57.737 | LOCAL_POSITION_NED       src=1.1    time_boot_ms=2948162600 x=12 y=-7 z=5.03918 vx=0 vy=0 vz=0
2026-09-17 19:45:57.738 | RC_CHANNELS              src=1.1    time_boot_ms=2948162600 chancount=0 chan1_raw=0 chan2_raw=0 chan3_raw=0 chan4_raw=0 chan5_raw=0 chan6_raw=0 chan7_raw=0 chan8_raw=0 chan9_raw=0 chan10_raw=0 chan11_raw=0 chan12_raw=0 chan13_raw=0 chan14_raw=0 chan15_raw=0 chan16_raw=0 chan17_raw=0 chan18_raw=0 rssi=255
2026-09-17 19:45:57.840 | GLOBAL_POSITION_INT      src=1.1    time_boot_ms=2948162703 lat=133458059 lon=747940080 alt=74580 relative_alt=-3619 vx=0 vy=0 vz=0 hdg=0
2026-09-17 19:45:57.840 | LOCAL_POSITION_NED       src=1.1    time_boot_ms=2948162703 x=12 y=-7 z=5.03918 vx=0 vy=0 vz=0
2026-09-17 19:45:57.841 | RC_CHANNELS              src=1.1    time_boot_ms=2948162703 chancount=0 chan1_raw=0 chan2_raw=0 chan3_raw=0 chan4_raw=0 chan5_raw=0 chan6_raw=0 chan7_raw=0 chan8_raw=0 chan9_raw=0 chan10_raw=0 chan11_raw=0 chan12_raw=0 chan13_raw=0 chan14_raw=0 chan15_raw=0 chan16_raw=0 chan17_raw=0 chan18_raw=0 rssi=255
2026-09-17 19:45:57.882 | HEARTBEAT                src=1.1    type=2 autopilot=3 base_mode=1 custom_mode=5 system_status=4 mavlink_version=3
2026-09-17 19:45:57.882 | SYS_STATUS               src=1.1    onboard_control_sensors_present=0 onboard_control_sensors_enabled=0 onboard_control_sensors_health=0 load=250 voltage_battery=16800 current_battery=1000 battery_remaining=98 drop_rate_comm=0 errors_comm=0 errors_count1=0 errors_count2=0 errors_count3=0 errors_count4=0
2026-09-17 19:45:57.883 | GPS_RAW_INT              src=1.1    time_usec=1789654557881215 fix_type=3 lat=133458059 lon=747940080 alt=74580 eph=100 epv=100 vel=0 cog=0 satellites_visible=16
2026-09-17 19:45:57.883 | EKF_STATUS_REPORT        src=1.1    flags=831 velocity_variance=0.09 pos_horiz_variance=0.001 pos_vert_variance=0.005 compass_variance=0.0004 terrain_alt_variance=0
2026-09-17 19:45:57.883 | FENCE_STATUS             src=1.1    breach_status=0 breach_count=0 breach_type=0 breach_time=0
2026-09-17 19:45:57.944 | GLOBAL_POSITION_INT      src=1.1    time_boot_ms=2948162807 lat=133458059 lon=747940080 alt=74580 relative_alt=-3619 vx=0 vy=0 vz=0 hdg=0
2026-09-17 19:45:57.944 | LOCAL_POSITION_NED       src=1.1    time_boot_ms=2948162807 x=12 y=-7 z=5.03918 vx=0 vy=0 vz=0
2026-09-17 19:45:57.944 | RC_CHANNELS              src=1.1    time_boot_ms=2948162807 chancount=0 chan1_raw=0 chan2_raw=0 chan3_raw=0 chan4_raw=0 chan5_raw=0 chan6_raw=0 chan7_raw=0 chan8_raw=0 chan9_raw=0 chan10_raw=0 chan11_raw=0 chan12_raw=0 chan13_raw=0 chan14_raw=0 chan15_raw=0 chan16_raw=0 chan17_raw=0 chan18_raw=0 rssi=255
2026-09-17 19:45:58.046 | GLOBAL_POSITION_INT      src=1.1    time_boot_ms=2948162909 lat=133458059 lon=747940080 alt=74580 relative_alt=-3619 vx=0 vy=0 vz=0 hdg=0
2026-09-17 19:45:58.046 | LOCAL_POSITION_NED       src=1.1    time_boot_ms=2948162909 x=12 y=-7 z=5.03918 vx=0 vy=0 vz=0
2026-09-17 19:45:58.046 | RC_CHANNELS              src=1.1    time_boot_ms=2948162909 chancount=0 chan1_raw=0 chan2_raw=0 chan3_raw=0 chan4_raw=0 chan5_raw=0 chan6_raw=0 chan7_raw=0 chan8_raw=0 chan9_raw=0 chan10_raw=0 chan11_raw=0 chan12_raw=0 chan13_raw=0 chan14_raw=0 chan15_raw=0 chan16_raw=0 chan17_raw=0 chan18_raw=0 rssi=255
2026-09-17 19:45:58.148 | GLOBAL_POSITION_INT      src=1.1    time_boot_ms=2948163012 lat=133458059 lon=747940080 alt=74580 relative_alt=-3619 vx=0 vy=0 vz=0 hdg=0
2026-09-17 19:45:58.149 | LOCAL_POSITION_NED       src=1.1    time_boot_ms=2948163012 x=12 y=-7 z=5.03918 vx=0 vy=0 vz=0
2026-09-17 19:45:58.149 | RC_CHANNELS              src=1.1    time_boot_ms=2948163012 chancount=0 chan1_raw=0 chan2_raw=0 chan3_raw=0 chan4_raw=0 chan5_raw=0 chan6_raw=0 chan7_raw=0 chan8_raw=0 chan9_raw=0 chan10_raw=0 chan11_raw=0 chan12_raw=0 chan13_raw=0 chan14_raw=0 chan15_raw=0 chan16_raw=0 chan17_raw=0 chan18_raw=0 rssi=255
2026-09-17 19:45:58.252 | GLOBAL_POSITION_INT      src=1.1    time_boot_ms=2948163115 lat=133458059 lon=747940080 alt=74580 relative_alt=-3619 vx=0 vy=0 vz=0 hdg=0
2026-09-17 19:45:58.253 | LOCAL_POSITION_NED       src=1.1    time_boot_ms=2948163115 x=12 y=-7 z=5.03918 vx=0 vy=0 vz=0
2026-09-17 19:45:58.253 | RC_CHANNELS              src=1.1    time_boot_ms=2948163115 chancount=0 chan1_raw=0 chan2_raw=0 chan3_raw=0 chan4_raw=0 chan5_raw=0 chan6_raw=0 chan7_raw=0 chan8_raw=0 chan9_raw=0 chan10_raw=0 chan11_raw=0 chan12_raw=0 chan13_raw=0 chan14_raw=0 chan15_raw=0 chan16_raw=0 chan17_raw=0 chan18_raw=0 rssi=255
2026-09-17 19:45:58.357 | GLOBAL_POSITION_INT      src=1.1    time_boot_ms=2948163219 lat=133458059 lon=747940080 alt=74580 relative_alt=-3619 vx=0 vy=0 vz=0 hdg=0
2026-09-17 19:45:58.358 | LOCAL_POSITION_NED       src=1.1    time_boot_ms=2948163219 x=12 y=-7 z=5.03918 vx=0 vy=0 vz=0
2026-09-17 19:45:58.358 | RC_CHANNELS              src=1.1    time_boot_ms=2948163219 chancount=0 chan1_raw=0 chan2_raw=0 chan3_raw=0 chan4_raw=0 chan5_raw=0 chan6_raw=0 chan7_raw=0 chan8_raw=0 chan9_raw=0 chan10_raw=0 chan11_raw=0 chan12_raw=0 chan13_raw=0 chan14_raw=0 chan15_raw=0 chan16_raw=0 chan17_raw=0 chan18_raw=0 rssi=255
2026-09-17 19:45:58.400 | HEARTBEAT                src=1.1    type=2 autopilot=3 base_mode=1 custom_mode=5 system_status=4 mavlink_version=3
2026-09-17 19:45:58.400 | SUMMARY mode=LOITER disarmed alt=-3.62m ned=(12.00,-7.00,5.04) gps=(13.3458059,74.7940080) fix=3 sats=16 eph=100 batt=16.80V/10.0A/98% ch8=0 rssi=255 ekf=0x033f v=0.09 p=0.00 c=0.00 rx=14748 drop=0
2026-09-17 19:45:58.400 | SYS_STATUS               src=1.1    onboard_control_sensors_present=0 onboard_control_sensors_enabled=0 onboard_control_sensors_health=0 load=250 voltage_battery=16800 current_battery=1000 battery_remaining=98 drop_rate_comm=0 errors_comm=0 errors_count1=0 errors_count2=0 errors_count3=0 errors_count4=0
2026-09-17 19:45:58.400 | GPS_RAW_INT              src=1.1    time_usec=1789654558399109 fix_type=3 lat=133458059 lon=747940080 alt=74580 eph=100 epv=100 vel=0 cog=0 satellites_visible=16
2026-09-17 19:45:58.400 | EKF_STATUS_REPORT        src=1.1    flags=831 velocity_variance=0.09 pos_horiz_variance=0.001 pos_vert_variance=0.005 compass_variance=0.0004 terrain_alt_variance=0
2026-09-17 19:45:58.400 | FENCE_STATUS             src=1.1    breach_status=0 breach_count=0 breach_type=0 breach_time=0
2026-09-17 19:45:58.462 | GLOBAL_POSITION_INT      src=1.1    time_boot_ms=2948163325 lat=133458059 lon=747940080 alt=74580 relative_alt=-3619 vx=0 vy=0 vz=0 hdg=0
2026-09-17 19:45:58.462 | LOCAL_POSITION_NED       src=1.1    time_boot_ms=2948163325 x=12 y=-7 z=5.03918 vx=0 vy=0 vz=0
2026-09-17 19:45:58.462 | RC_CHANNELS              src=1.1    time_boot_ms=2948163325 chancount=0 chan1_raw=0 chan2_raw=0 chan3_raw=0 chan4_raw=0 chan5_raw=0 chan6_raw=0 chan7_raw=0 chan8_raw=0 chan9_raw=0 chan10_raw=0 chan11_raw=0 chan12_raw=0 chan13_raw=0 chan14_raw=0 chan15_raw=0 chan16_raw=0 chan17_raw=0 chan18_raw=0 rssi=255
2026-09-17 19:45:58.564 | GLOBAL_POSITION_INT      src=1.1    time_boot_ms=2948163427 lat=133458059 lon=747940080 alt=74580 relative_alt=-3619 vx=0 vy=0 vz=0 hdg=0
2026-09-17 19:45:58.564 | LOCAL_POSITION_NED       src=1.1    time_boot_ms=2948163427 x=12 y=-7 z=5.03918 vx=0 vy=0 vz=0
2026-09-17 19:45:58.564 | RC_CHANNELS              src=1.1    time_boot_ms=2948163427 chancount=0 chan1_raw=0 chan2_raw=0 chan3_raw=0 chan4_raw=0 chan5_raw=0 chan6_raw=0 chan7_raw=0 chan8_raw=0 chan9_raw=0 chan10_raw=0 chan11_raw=0 chan12_raw=0 chan13_raw=0 chan14_raw=0 chan15_raw=0 chan16_raw=0 chan17_raw=0 chan18_raw=0 rssi=255
2026-09-17 19:45:58.676 | GLOBAL_POSITION_INT      src=1.1    time_boot_ms=2948163539 lat=133458059 lon=747940080 alt=74580 relative_alt=-3619 vx=0 vy=0 vz=0 hdg=0
2026-09-17 19:45:58.676 | LOCAL_POSITION_NED       src=1.1    time_boot_ms=2948163539 x=12 y=-7 z=5.03918 vx=0 vy=0 vz=0
2026-09-17 19:45:58.677 | RC_CHANNELS              src=1.1    time_boot_ms=2948163539 chancount=0 chan1_raw=0 chan2_raw=0 chan3_raw=0 chan4_raw=0 chan5_raw=0 chan6_raw=0 chan7_raw=0 chan8_raw=0 chan9_raw=0 chan10_raw=0 chan11_raw=0 chan12_raw=0 chan13_raw=0 chan14_raw=0 chan15_raw=0 chan16_raw=0 chan17_raw=0 chan18_raw=0 rssi=255
2026-09-17 19:45:58.778 | GLOBAL_POSITION_INT      src=1.1    time_boot_ms=2948163642 lat=133458059 lon=747940080 alt=74580 relative_alt=-3619 vx=0 vy=0 vz=0 hdg=0
2026-09-17 19:45:58.779 | LOCAL_POSITION_NED       src=1.1    time_boot_ms=2948163642 x=12 y=-7 z=5.03918 vx=0 vy=0 vz=0
2026-09-17 19:45:58.779 | RC_CHANNELS              src=1.1    time_boot_ms=2948163642 chancount=0 chan1_raw=0 chan2_raw=0 chan3_raw=0 chan4_raw=0 chan5_raw=0 chan6_raw=0 chan7_raw=0 chan8_raw=0 chan9_raw=0 chan10_raw=0 chan11_raw=0 chan12_raw=0 chan13_raw=0 chan14_raw=0 chan15_raw=0 chan16_raw=0 chan17_raw=0 chan18_raw=0 rssi=255
2026-09-17 19:45:58.881 | GLOBAL_POSITION_INT      src=1.1    time_boot_ms=2948163745 lat=133458059 lon=747940080 alt=74580 relative_alt=-3619 vx=0 vy=0 vz=0 hdg=0
2026-09-17 19:45:58.882 | LOCAL_POSITION_NED       src=1.1    time_boot_ms=2948163745 x=12 y=-7 z=5.03918 vx=0 vy=0 vz=0
2026-09-17 19:45:58.882 | RC_CHANNELS              src=1.1    time_boot_ms=2948163745 chancount=0 chan1_raw=0 chan2_raw=0 chan3_raw=0 chan4_raw=0 chan5_raw=0 chan6_raw=0 chan7_raw=0 chan8_raw=0 chan9_raw=0 chan10_raw=0 chan11_raw=0 chan12_raw=0 chan13_raw=0 chan14_raw=0 chan15_raw=0 chan16_raw=0 chan17_raw=0 chan18_raw=0 rssi=255
2026-09-17 19:45:58.903 | HEARTBEAT                src=1.1    type=2 autopilot=3 base_mode=1 custom_mode=5 system_status=4 mavlink_version=3
2026-09-17 19:45:58.903 | SYS_STATUS               src=1.1    onboard_control_sensors_present=0 onboard_control_sensors_enabled=0 onboard_control_sensors_health=0 load=250 voltage_battery=16800 current_battery=1000 battery_remaining=98 drop_rate_comm=0 errors_comm=0 errors_count1=0 errors_count2=0 errors_count3=0 errors_count4=0
2026-09-17 19:45:58.903 | GPS_RAW_INT              src=1.1    time_usec=1789654558901954 fix_type=3 lat=133458059 lon=747940080 alt=74580 eph=100 epv=100 vel=0 cog=0 satellites_visible=16
2026-09-17 19:45:58.903 | EKF_STATUS_REPORT        src=1.1    flags=831 velocity_variance=0.09 pos_horiz_variance=0.001 pos_vert_variance=0.005 compass_variance=0.0004 terrain_alt_variance=0
2026-09-17 19:45:58.903 | FENCE_STATUS             src=1.1    breach_status=0 breach_count=0 breach_type=0 breach_time=0
2026-09-17 19:45:58.987 | GLOBAL_POSITION_INT      src=1.1    time_boot_ms=2948163848 lat=133458059 lon=747940080 alt=74580 relative_alt=-3619 vx=0 vy=0 vz=0 hdg=0
2026-09-17 19:45:58.987 | LOCAL_POSITION_NED       src=1.1    time_boot_ms=2948163848 x=12 y=-7 z=5.03918 vx=0 vy=0 vz=0
2026-09-17 19:45:58.987 | RC_CHANNELS              src=1.1    time_boot_ms=2948163848 chancount=0 chan1_raw=0 chan2_raw=0 chan3_raw=0 chan4_raw=0 chan5_raw=0 chan6_raw=0 chan7_raw=0 chan8_raw=0 chan9_raw=0 chan10_raw=0 chan11_raw=0 chan12_raw=0 chan13_raw=0 chan14_raw=0 chan15_raw=0 chan16_raw=0 chan17_raw=0 chan18_raw=0 rssi=255
2026-09-17 19:45:59.091 | GLOBAL_POSITION_INT      src=1.1    time_boot_ms=2948163953 lat=133458059 lon=747940080 alt=74580 relative_alt=-3619 vx=0 vy=0 vz=0 hdg=0
2026-09-17 19:45:59.091 | LOCAL_POSITION_NED       src=1.1    time_boot_ms=2948163953 x=12 y=-7 z=5.03918 vx=0 vy=0 vz=0
2026-09-17 19:45:59.091 | RC_CHANNELS              src=1.1    time_boot_ms=2948163953 chancount=0 chan1_raw=0 chan2_raw=0 chan3_raw=0 chan4_raw=0 chan5_raw=0 chan6_raw=0 chan7_raw=0 chan8_raw=0 chan9_raw=0 chan10_raw=0 chan11_raw=0 chan12_raw=0 chan13_raw=0 chan14_raw=0 chan15_raw=0 chan16_raw=0 chan17_raw=0 chan18_raw=0 rssi=255
2026-09-17 19:45:59.199 | GLOBAL_POSITION_INT      src=1.1    time_boot_ms=2948164062 lat=133458059 lon=747940080 alt=74580 relative_alt=-3619 vx=0 vy=0 vz=0 hdg=0
2026-09-17 19:45:59.199 | LOCAL_POSITION_NED       src=1.1    time_boot_ms=2948164062 x=12 y=-7 z=5.03918 vx=0 vy=0 vz=0
2026-09-17 19:45:59.199 | RC_CHANNELS              src=1.1    time_boot_ms=2948164062 chancount=0 chan1_raw=0 chan2_raw=0 chan3_raw=0 chan4_raw=0 chan5_raw=0 chan6_raw=0 chan7_raw=0 chan8_raw=0 chan9_raw=0 chan10_raw=0 chan11_raw=0 chan12_raw=0 chan13_raw=0 chan14_raw=0 chan15_raw=0 chan16_raw=0 chan17_raw=0 chan18_raw=0 rssi=255
2026-09-17 19:45:59.301 | GLOBAL_POSITION_INT      src=1.1    time_boot_ms=2948164165 lat=133458059 lon=747940080 alt=74580 relative_alt=-3619 vx=0 vy=0 vz=0 hdg=0
2026-09-17 19:45:59.302 | LOCAL_POSITION_NED       src=1.1    time_boot_ms=2948164165 x=12 y=-7 z=5.03918 vx=0 vy=0 vz=0
2026-09-17 19:45:59.302 | RC_CHANNELS              src=1.1    time_boot_ms=2948164165 chancount=0 chan1_raw=0 chan2_raw=0 chan3_raw=0 chan4_raw=0 chan5_raw=0 chan6_raw=0 chan7_raw=0 chan8_raw=0 chan9_raw=0 chan10_raw=0 chan11_raw=0 chan12_raw=0 chan13_raw=0 chan14_raw=0 chan15_raw=0 chan16_raw=0 chan17_raw=0 chan18_raw=0 rssi=255
2026-09-17 19:45:59.405 | HEARTBEAT                src=1.1    type=2 autopilot=3 base_mode=1 custom_mode=5 system_status=4 mavlink_version=3
2026-09-17 19:45:59.405 | SUMMARY mode=LOITER disarmed alt=-3.62m ned=(12.00,-7.00,5.04) gps=(13.3458059,74.7940080) fix=3 sats=16 eph=100 batt=16.80V/10.0A/98% ch8=0 rssi=255 ekf=0x033f v=0.09 p=0.00 c=0.00 rx=14785 drop=0
2026-09-17 19:45:59.405 | GLOBAL_POSITION_INT      src=1.1    time_boot_ms=2948164268 lat=133458059 lon=747940080 alt=74580 relative_alt=-3619 vx=0 vy=0 vz=0 hdg=0
2026-09-17 19:45:59.406 | LOCAL_POSITION_NED       src=1.1    time_boot_ms=2948164268 x=12 y=-7 z=5.03918 vx=0 vy=0 vz=0
2026-09-17 19:45:59.406 | RC_CHANNELS              src=1.1    time_boot_ms=2948164268 chancount=0 chan1_raw=0 chan2_raw=0 chan3_raw=0 chan4_raw=0 chan5_raw=0 chan6_raw=0 chan7_raw=0 chan8_raw=0 chan9_raw=0 chan10_raw=0 chan11_raw=0 chan12_raw=0 chan13_raw=0 chan14_raw=0 chan15_raw=0 chan16_raw=0 chan17_raw=0 chan18_raw=0 rssi=255
2026-09-17 19:45:59.406 | SYS_STATUS               src=1.1    onboard_control_sensors_present=0 onboard_control_sensors_enabled=0 onboard_control_sensors_health=0 load=250 voltage_battery=16800 current_battery=1000 battery_remaining=98 drop_rate_comm=0 errors_comm=0 errors_count1=0 errors_count2=0 errors_count3=0 errors_count4=0
2026-09-17 19:45:59.406 | GPS_RAW_INT              src=1.1    time_usec=1789654559404518 fix_type=3 lat=133458059 lon=747940080 alt=74580 eph=100 epv=100 vel=0 cog=0 satellites_visible=16
2026-09-17 19:45:59.406 | EKF_STATUS_REPORT        src=1.1    flags=831 velocity_variance=0.09 pos_horiz_variance=0.001 pos_vert_variance=0.005 compass_variance=0.0004 terrain_alt_variance=0
2026-09-17 19:45:59.406 | FENCE_STATUS             src=1.1    breach_status=0 breach_count=0 breach_type=0 breach_time=0
2026-09-17 19:45:59.508 | GLOBAL_POSITION_INT      src=1.1    time_boot_ms=2948164372 lat=133458059 lon=747940080 alt=74580 relative_alt=-3619 vx=0 vy=0 vz=0 hdg=0
2026-09-17 19:45:59.509 | LOCAL_POSITION_NED       src=1.1    time_boot_ms=2948164372 x=12 y=-7 z=5.03918 vx=0 vy=0 vz=0
2026-09-17 19:45:59.509 | RC_CHANNELS              src=1.1    time_boot_ms=2948164372 chancount=0 chan1_raw=0 chan2_raw=0 chan3_raw=0 chan4_raw=0 chan5_raw=0 chan6_raw=0 chan7_raw=0 chan8_raw=0 chan9_raw=0 chan10_raw=0 chan11_raw=0 chan12_raw=0 chan13_raw=0 chan14_raw=0 chan15_raw=0 chan16_raw=0 chan17_raw=0 chan18_raw=0 rssi=255
2026-09-17 19:45:59.611 | GLOBAL_POSITION_INT      src=1.1    time_boot_ms=2948164474 lat=133458059 lon=747940080 alt=74580 relative_alt=-3619 vx=0 vy=0 vz=0 hdg=0
2026-09-17 19:45:59.611 | LOCAL_POSITION_NED       src=1.1    time_boot_ms=2948164474 x=12 y=-7 z=5.03918 vx=0 vy=0 vz=0
2026-09-17 19:45:59.611 | RC_CHANNELS              src=1.1    time_boot_ms=2948164474 chancount=0 chan1_raw=0 chan2_raw=0 chan3_raw=0 chan4_raw=0 chan5_raw=0 chan6_raw=0 chan7_raw=0 chan8_raw=0 chan9_raw=0 chan10_raw=0 chan11_raw=0 chan12_raw=0 chan13_raw=0 chan14_raw=0 chan15_raw=0 chan16_raw=0 chan17_raw=0 chan18_raw=0 rssi=255
2026-09-17 19:45:59.717 | GLOBAL_POSITION_INT      src=1.1    time_boot_ms=2948164580 lat=133458059 lon=747940080 alt=74580 relative_alt=-3619 vx=0 vy=0 vz=0 hdg=0
2026-09-17 19:45:59.717 | LOCAL_POSITION_NED       src=1.1    time_boot_ms=2948164580 x=12 y=-7 z=5.03918 vx=0 vy=0 vz=0
2026-09-17 19:45:59.717 | RC_CHANNELS              src=1.1    time_boot_ms=2948164580 chancount=0 chan1_raw=0 chan2_raw=0 chan3_raw=0 chan4_raw=0 chan5_raw=0 chan6_raw=0 chan7_raw=0 chan8_raw=0 chan9_raw=0 chan10_raw=0 chan11_raw=0 chan12_raw=0 chan13_raw=0 chan14_raw=0 chan15_raw=0 chan16_raw=0 chan17_raw=0 chan18_raw=0 rssi=255
2026-09-17 19:45:59.819 | GLOBAL_POSITION_INT      src=1.1    time_boot_ms=2948164682 lat=133458059 lon=747940080 alt=74580 relative_alt=-3619 vx=0 vy=0 vz=0 hdg=0
2026-09-17 19:45:59.819 | LOCAL_POSITION_NED       src=1.1    time_boot_ms=2948164682 x=12 y=-7 z=5.03918 vx=0 vy=0 vz=0
2026-09-17 19:45:59.819 | RC_CHANNELS              src=1.1    time_boot_ms=2948164682 chancount=0 chan1_raw=0 chan2_raw=0 chan3_raw=0 chan4_raw=0 chan5_raw=0 chan6_raw=0 chan7_raw=0 chan8_raw=0 chan9_raw=0 chan10_raw=0 chan11_raw=0 chan12_raw=0 chan13_raw=0 chan14_raw=0 chan15_raw=0 chan16_raw=0 chan17_raw=0 chan18_raw=0 rssi=255
2026-09-17 19:45:59.927 | HEARTBEAT                src=1.1    type=2 autopilot=3 base_mode=1 custom_mode=5 system_status=4 mavlink_version=3
2026-09-17 19:45:59.927 | GLOBAL_POSITION_INT      src=1.1    time_boot_ms=2948164790 lat=133458059 lon=747940080 alt=74580 relative_alt=-3619 vx=0 vy=0 vz=0 hdg=0
2026-09-17 19:45:59.927 | LOCAL_POSITION_NED       src=1.1    time_boot_ms=2948164790 x=12 y=-7 z=5.03918 vx=0 vy=0 vz=0
2026-09-17 19:45:59.928 | RC_CHANNELS              src=1.1    time_boot_ms=2948164790 chancount=0 chan1_raw=0 chan2_raw=0 chan3_raw=0 chan4_raw=0 chan5_raw=0 chan6_raw=0 chan7_raw=0 chan8_raw=0 chan9_raw=0 chan10_raw=0 chan11_raw=0 chan12_raw=0 chan13_raw=0 chan14_raw=0 chan15_raw=0 chan16_raw=0 chan17_raw=0 chan18_raw=0 rssi=255
2026-09-17 19:45:59.928 | SYS_STATUS               src=1.1    onboard_control_sensors_present=0 onboard_control_sensors_enabled=0 onboard_control_sensors_health=0 load=250 voltage_battery=16800 current_battery=1000 battery_remaining=98 drop_rate_comm=0 errors_comm=0 errors_count1=0 errors_count2=0 errors_count3=0 errors_count4=0
2026-09-17 19:45:59.928 | GPS_RAW_INT              src=1.1    time_usec=1789654559926568 fix_type=3 lat=133458059 lon=747940080 alt=74580 eph=100 epv=100 vel=0 cog=0 satellites_visible=16
2026-09-17 19:45:59.928 | EKF_STATUS_REPORT        src=1.1    flags=831 velocity_variance=0.09 pos_horiz_variance=0.001 pos_vert_variance=0.005 compass_variance=0.0004 terrain_alt_variance=0
2026-09-17 19:45:59.928 | FENCE_STATUS             src=1.1    breach_status=0 breach_count=0 breach_type=0 breach_time=0
2026-09-17 19:46:00.031 | GLOBAL_POSITION_INT      src=1.1    time_boot_ms=2948164894 lat=133458059 lon=747940080 alt=74580 relative_alt=-3619 vx=0 vy=0 vz=0 hdg=0
2026-09-17 19:46:00.032 | LOCAL_POSITION_NED       src=1.1    time_boot_ms=2948164894 x=12 y=-7 z=5.03918 vx=0 vy=0 vz=0
2026-09-17 19:46:00.032 | RC_CHANNELS              src=1.1    time_boot_ms=2948164894 chancount=0 chan1_raw=0 chan2_raw=0 chan3_raw=0 chan4_raw=0 chan5_raw=0 chan6_raw=0 chan7_raw=0 chan8_raw=0 chan9_raw=0 chan10_raw=0 chan11_raw=0 chan12_raw=0 chan13_raw=0 chan14_raw=0 chan15_raw=0 chan16_raw=0 chan17_raw=0 chan18_raw=0 rssi=255
2026-09-17 19:46:00.133 | GLOBAL_POSITION_INT      src=1.1    time_boot_ms=2948164997 lat=133458059 lon=747940080 alt=74580 relative_alt=-3619 vx=0 vy=0 vz=0 hdg=0
2026-09-17 19:46:00.134 | LOCAL_POSITION_NED       src=1.1    time_boot_ms=2948164997 x=12 y=-7 z=5.03918 vx=0 vy=0 vz=0
2026-09-17 19:46:00.134 | RC_CHANNELS              src=1.1    time_boot_ms=2948164997 chancount=0 chan1_raw=0 chan2_raw=0 chan3_raw=0 chan4_raw=0 chan5_raw=0 chan6_raw=0 chan7_raw=0 chan8_raw=0 chan9_raw=0 chan10_raw=0 chan11_raw=0 chan12_raw=0 chan13_raw=0 chan14_raw=0 chan15_raw=0 chan16_raw=0 chan17_raw=0 chan18_raw=0 rssi=255
2026-09-17 19:46:00.236 | GLOBAL_POSITION_INT      src=1.1    time_boot_ms=2948165099 lat=133458059 lon=747940080 alt=74580 relative_alt=-3619 vx=0 vy=0 vz=0 hdg=0
2026-09-17 19:46:00.236 | LOCAL_POSITION_NED       src=1.1    time_boot_ms=2948165099 x=12 y=-7 z=5.03918 vx=0 vy=0 vz=0
2026-09-17 19:46:00.236 | RC_CHANNELS              src=1.1    time_boot_ms=2948165099 chancount=0 chan1_raw=0 chan2_raw=0 chan3_raw=0 chan4_raw=0 chan5_raw=0 chan6_raw=0 chan7_raw=0 chan8_raw=0 chan9_raw=0 chan10_raw=0 chan11_raw=0 chan12_raw=0 chan13_raw=0 chan14_raw=0 chan15_raw=0 chan16_raw=0 chan17_raw=0 chan18_raw=0 rssi=255
2026-09-17 19:46:00.339 | GLOBAL_POSITION_INT      src=1.1    time_boot_ms=2948165201 lat=133458059 lon=747940080 alt=74580 relative_alt=-3619 vx=0 vy=0 vz=0 hdg=0
2026-09-17 19:46:00.339 | LOCAL_POSITION_NED       src=1.1    time_boot_ms=2948165201 x=12 y=-7 z=5.03918 vx=0 vy=0 vz=0
2026-09-17 19:46:00.339 | RC_CHANNELS              src=1.1    time_boot_ms=2948165201 chancount=0 chan1_raw=0 chan2_raw=0 chan3_raw=0 chan4_raw=0 chan5_raw=0 chan6_raw=0 chan7_raw=0 chan8_raw=0 chan9_raw=0 chan10_raw=0 chan11_raw=0 chan12_raw=0 chan13_raw=0 chan14_raw=0 chan15_raw=0 chan16_raw=0 chan17_raw=0 chan18_raw=0 rssi=255
2026-09-17 19:46:00.441 | HEARTBEAT                src=1.1    type=2 autopilot=3 base_mode=1 custom_mode=5 system_status=4 mavlink_version=3
2026-09-17 19:46:00.441 | SUMMARY mode=LOITER disarmed alt=-3.62m ned=(12.00,-7.00,5.04) gps=(13.3458059,74.7940080) fix=3 sats=16 eph=100 batt=16.80V/10.0A/98% ch8=0 rssi=255 ekf=0x033f v=0.09 p=0.00 c=0.00 rx=14825 drop=0
2026-09-17 19:46:00.441 | GLOBAL_POSITION_INT      src=1.1    time_boot_ms=2948165304 lat=133458059 lon=747940080 alt=74580 relative_alt=-3619 vx=0 vy=0 vz=0 hdg=0
2026-09-17 19:46:00.441 | LOCAL_POSITION_NED       src=1.1    time_boot_ms=2948165304 x=12 y=-7 z=5.03918 vx=0 vy=0 vz=0
2026-09-17 19:46:00.441 | RC_CHANNELS              src=1.1    time_boot_ms=2948165304 chancount=0 chan1_raw=0 chan2_raw=0 chan3_raw=0 chan4_raw=0 chan5_raw=0 chan6_raw=0 chan7_raw=0 chan8_raw=0 chan9_raw=0 chan10_raw=0 chan11_raw=0 chan12_raw=0 chan13_raw=0 chan14_raw=0 chan15_raw=0 chan16_raw=0 chan17_raw=0 chan18_raw=0 rssi=255
2026-09-17 19:46:00.442 | SYS_STATUS               src=1.1    onboard_control_sensors_present=0 onboard_control_sensors_enabled=0 onboard_control_sensors_health=0 load=250 voltage_battery=16800 current_battery=1000 battery_remaining=98 drop_rate_comm=0 errors_comm=0 errors_count1=0 errors_count2=0 errors_count3=0 errors_count4=0
2026-09-17 19:46:00.442 | GPS_RAW_INT              src=1.1    time_usec=1789654560440346 fix_type=3 lat=133458059 lon=747940080 alt=74580 eph=100 epv=100 vel=0 cog=0 satellites_visible=16
2026-09-17 19:46:00.442 | EKF_STATUS_REPORT        src=1.1    flags=831 velocity_variance=0.09 pos_horiz_variance=0.001 pos_vert_variance=0.005 compass_variance=0.0004 terrain_alt_variance=0
2026-09-17 19:46:00.442 | FENCE_STATUS             src=1.1    breach_status=0 breach_count=0 breach_type=0 breach_time=0
2026-09-17 19:46:00.543 | GLOBAL_POSITION_INT      src=1.1    time_boot_ms=2948165406 lat=133458059 lon=747940080 alt=74580 relative_alt=-3619 vx=0 vy=0 vz=0 hdg=0
2026-09-17 19:46:00.544 | LOCAL_POSITION_NED       src=1.1    time_boot_ms=2948165406 x=12 y=-7 z=5.03918 vx=0 vy=0 vz=0
2026-09-17 19:46:00.544 | RC_CHANNELS              src=1.1    time_boot_ms=2948165406 chancount=0 chan1_raw=0 chan2_raw=0 chan3_raw=0 chan4_raw=0 chan5_raw=0 chan6_raw=0 chan7_raw=0 chan8_raw=0 chan9_raw=0 chan10_raw=0 chan11_raw=0 chan12_raw=0 chan13_raw=0 chan14_raw=0 chan15_raw=0 chan16_raw=0 chan17_raw=0 chan18_raw=0 rssi=255
2026-09-17 19:46:00.656 | GLOBAL_POSITION_INT      src=1.1    time_boot_ms=2948165519 lat=133458059 lon=747940080 alt=74580 relative_alt=-3619 vx=0 vy=0 vz=0 hdg=0
2026-09-17 19:46:00.656 | LOCAL_POSITION_NED       src=1.1    time_boot_ms=2948165519 x=12 y=-7 z=5.03918 vx=0 vy=0 vz=0
2026-09-17 19:46:00.656 | RC_CHANNELS              src=1.1    time_boot_ms=2948165519 chancount=0 chan1_raw=0 chan2_raw=0 chan3_raw=0 chan4_raw=0 chan5_raw=0 chan6_raw=0 chan7_raw=0 chan8_raw=0 chan9_raw=0 chan10_raw=0 chan11_raw=0 chan12_raw=0 chan13_raw=0 chan14_raw=0 chan15_raw=0 chan16_raw=0 chan17_raw=0 chan18_raw=0 rssi=255
2026-09-17 19:46:00.758 | GLOBAL_POSITION_INT      src=1.1    time_boot_ms=2948165621 lat=133458059 lon=747940080 alt=74580 relative_alt=-3619 vx=0 vy=0 vz=0 hdg=0
2026-09-17 19:46:00.758 | LOCAL_POSITION_NED       src=1.1    time_boot_ms=2948165621 x=12 y=-7 z=5.03918 vx=0 vy=0 vz=0
2026-09-17 19:46:00.758 | RC_CHANNELS              src=1.1    time_boot_ms=2948165621 chancount=0 chan1_raw=0 chan2_raw=0 chan3_raw=0 chan4_raw=0 chan5_raw=0 chan6_raw=0 chan7_raw=0 chan8_raw=0 chan9_raw=0 chan10_raw=0 chan11_raw=0 chan12_raw=0 chan13_raw=0 chan14_raw=0 chan15_raw=0 chan16_raw=0 chan17_raw=0 chan18_raw=0 rssi=255
2026-09-17 19:46:00.860 | GLOBAL_POSITION_INT      src=1.1    time_boot_ms=2948165724 lat=133458059 lon=747940080 alt=74580 relative_alt=-3619 vx=0 vy=0 vz=0 hdg=0
2026-09-17 19:46:00.860 | LOCAL_POSITION_NED       src=1.1    time_boot_ms=2948165724 x=12 y=-7 z=5.03918 vx=0 vy=0 vz=0
2026-09-17 19:46:00.861 | RC_CHANNELS              src=1.1    time_boot_ms=2948165724 chancount=0 chan1_raw=0 chan2_raw=0 chan3_raw=0 chan4_raw=0 chan5_raw=0 chan6_raw=0 chan7_raw=0 chan8_raw=0 chan9_raw=0 chan10_raw=0 chan11_raw=0 chan12_raw=0 chan13_raw=0 chan14_raw=0 chan15_raw=0 chan16_raw=0 chan17_raw=0 chan18_raw=0 rssi=255
2026-09-17 19:46:00.944 | HEARTBEAT                src=1.1    type=2 autopilot=3 base_mode=1 custom_mode=5 system_status=4 mavlink_version=3
2026-09-17 19:46:00.944 | SYS_STATUS               src=1.1    onboard_control_sensors_present=0 onboard_control_sensors_enabled=0 onboard_control_sensors_health=0 load=250 voltage_battery=16800 current_battery=1000 battery_remaining=98 drop_rate_comm=0 errors_comm=0 errors_count1=0 errors_count2=0 errors_count3=0 errors_count4=0
2026-09-17 19:46:00.944 | GPS_RAW_INT              src=1.1    time_usec=1789654560942974 fix_type=3 lat=133458059 lon=747940080 alt=74580 eph=100 epv=100 vel=0 cog=0 satellites_visible=16
2026-09-17 19:46:00.944 | EKF_STATUS_REPORT        src=1.1    flags=831 velocity_variance=0.09 pos_horiz_variance=0.001 pos_vert_variance=0.005 compass_variance=0.0004 terrain_alt_variance=0
2026-09-17 19:46:00.944 | FENCE_STATUS             src=1.1    breach_status=0 breach_count=0 breach_type=0 breach_time=0
2026-09-17 19:46:00.964 | GLOBAL_POSITION_INT      src=1.1    time_boot_ms=2948165827 lat=133458059 lon=747940080 alt=74580 relative_alt=-3619 vx=0 vy=0 vz=0 hdg=0
2026-09-17 19:46:00.964 | LOCAL_POSITION_NED       src=1.1    time_boot_ms=2948165827 x=12 y=-7 z=5.03918 vx=0 vy=0 vz=0
2026-09-17 19:46:00.964 | RC_CHANNELS              src=1.1    time_boot_ms=2948165827 chancount=0 chan1_raw=0 chan2_raw=0 chan3_raw=0 chan4_raw=0 chan5_raw=0 chan6_raw=0 chan7_raw=0 chan8_raw=0 chan9_raw=0 chan10_raw=0 chan11_raw=0 chan12_raw=0 chan13_raw=0 chan14_raw=0 chan15_raw=0 chan16_raw=0 chan17_raw=0 chan18_raw=0 rssi=255
2026-09-17 19:46:01.067 | GLOBAL_POSITION_INT      src=1.1    time_boot_ms=2948165930 lat=133458059 lon=747940080 alt=74580 relative_alt=-3619 vx=0 vy=0 vz=0 hdg=0
2026-09-17 19:46:01.067 | LOCAL_POSITION_NED       src=1.1    time_boot_ms=2948165930 x=12 y=-7 z=5.03918 vx=0 vy=0 vz=0
2026-09-17 19:46:01.067 | RC_CHANNELS              src=1.1    time_boot_ms=2948165930 chancount=0 chan1_raw=0 chan2_raw=0 chan3_raw=0 chan4_raw=0 chan5_raw=0 chan6_raw=0 chan7_raw=0 chan8_raw=0 chan9_raw=0 chan10_raw=0 chan11_raw=0 chan12_raw=0 chan13_raw=0 chan14_raw=0 chan15_raw=0 chan16_raw=0 chan17_raw=0 chan18_raw=0 rssi=255
2026-09-17 19:46:01.169 | GLOBAL_POSITION_INT      src=1.1    time_boot_ms=2948166032 lat=133458059 lon=747940080 alt=74580 relative_alt=-3619 vx=0 vy=0 vz=0 hdg=0
2026-09-17 19:46:01.169 | LOCAL_POSITION_NED       src=1.1    time_boot_ms=2948166032 x=12 y=-7 z=5.03918 vx=0 vy=0 vz=0
2026-09-17 19:46:01.169 | RC_CHANNELS              src=1.1    time_boot_ms=2948166032 chancount=0 chan1_raw=0 chan2_raw=0 chan3_raw=0 chan4_raw=0 chan5_raw=0 chan6_raw=0 chan7_raw=0 chan8_raw=0 chan9_raw=0 chan10_raw=0 chan11_raw=0 chan12_raw=0 chan13_raw=0 chan14_raw=0 chan15_raw=0 chan16_raw=0 chan17_raw=0 chan18_raw=0 rssi=255
2026-09-17 19:46:01.271 | GLOBAL_POSITION_INT      src=1.1    time_boot_ms=2948166135 lat=133458059 lon=747940080 alt=74580 relative_alt=-3619 vx=0 vy=0 vz=0 hdg=0
2026-09-17 19:46:01.272 | LOCAL_POSITION_NED       src=1.1    time_boot_ms=2948166135 x=12 y=-7 z=5.03918 vx=0 vy=0 vz=0
2026-09-17 19:46:01.272 | RC_CHANNELS              src=1.1    time_boot_ms=2948166135 chancount=0 chan1_raw=0 chan2_raw=0 chan3_raw=0 chan4_raw=0 chan5_raw=0 chan6_raw=0 chan7_raw=0 chan8_raw=0 chan9_raw=0 chan10_raw=0 chan11_raw=0 chan12_raw=0 chan13_raw=0 chan14_raw=0 chan15_raw=0 chan16_raw=0 chan17_raw=0 chan18_raw=0 rssi=255
2026-09-17 19:46:01.374 | GLOBAL_POSITION_INT      src=1.1    time_boot_ms=2948166237 lat=133458059 lon=747940080 alt=74580 relative_alt=-3619 vx=0 vy=0 vz=0 hdg=0
2026-09-17 19:46:01.374 | LOCAL_POSITION_NED       src=1.1    time_boot_ms=2948166237 x=12 y=-7 z=5.03918 vx=0 vy=0 vz=0
2026-09-17 19:46:01.374 | RC_CHANNELS              src=1.1    time_boot_ms=2948166237 chancount=0 chan1_raw=0 chan2_raw=0 chan3_raw=0 chan4_raw=0 chan5_raw=0 chan6_raw=0 chan7_raw=0 chan8_raw=0 chan9_raw=0 chan10_raw=0 chan11_raw=0 chan12_raw=0 chan13_raw=0 chan14_raw=0 chan15_raw=0 chan16_raw=0 chan17_raw=0 chan18_raw=0 rssi=255
2026-09-17 19:46:01.456 | HEARTBEAT                src=1.1    type=2 autopilot=3 base_mode=1 custom_mode=5 system_status=4 mavlink_version=3
2026-09-17 19:46:01.456 | SUMMARY mode=LOITER disarmed alt=-3.62m ned=(12.00,-7.00,5.04) gps=(13.3458059,74.7940080) fix=3 sats=16 eph=100 batt=16.80V/10.0A/98% ch8=0 rssi=255 ekf=0x033f v=0.09 p=0.00 c=0.00 rx=14865 drop=0
2026-09-17 19:46:01.456 | SYS_STATUS               src=1.1    onboard_control_sensors_present=0 onboard_control_sensors_enabled=0 onboard_control_sensors_health=0 load=250 voltage_battery=16800 current_battery=1000 battery_remaining=98 drop_rate_comm=0 errors_comm=0 errors_count1=0 errors_count2=0 errors_count3=0 errors_count4=0
2026-09-17 19:46:01.456 | GPS_RAW_INT              src=1.1    time_usec=1789654561455396 fix_type=3 lat=133458059 lon=747940080 alt=74580 eph=100 epv=100 vel=0 cog=0 satellites_visible=16
2026-09-17 19:46:01.456 | EKF_STATUS_REPORT        src=1.1    flags=831 velocity_variance=0.09 pos_horiz_variance=0.001 pos_vert_variance=0.005 compass_variance=0.0004 terrain_alt_variance=0
2026-09-17 19:46:01.456 | FENCE_STATUS             src=1.1    breach_status=0 breach_count=0 breach_type=0 breach_time=0
2026-09-17 19:46:01.476 | GLOBAL_POSITION_INT      src=1.1    time_boot_ms=2948166340 lat=133458059 lon=747940080 alt=74580 relative_alt=-3619 vx=0 vy=0 vz=0 hdg=0
2026-09-17 19:46:01.477 | LOCAL_POSITION_NED       src=1.1    time_boot_ms=2948166340 x=12 y=-7 z=5.03918 vx=0 vy=0 vz=0
2026-09-17 19:46:01.477 | RC_CHANNELS              src=1.1    time_boot_ms=2948166340 chancount=0 chan1_raw=0 chan2_raw=0 chan3_raw=0 chan4_raw=0 chan5_raw=0 chan6_raw=0 chan7_raw=0 chan8_raw=0 chan9_raw=0 chan10_raw=0 chan11_raw=0 chan12_raw=0 chan13_raw=0 chan14_raw=0 chan15_raw=0 chan16_raw=0 chan17_raw=0 chan18_raw=0 rssi=255
2026-09-17 19:46:01.579 | GLOBAL_POSITION_INT      src=1.1    time_boot_ms=2948166442 lat=133458059 lon=747940080 alt=74580 relative_alt=-3619 vx=0 vy=0 vz=0 hdg=0
2026-09-17 19:46:01.579 | LOCAL_POSITION_NED       src=1.1    time_boot_ms=2948166442 x=12 y=-7 z=5.03918 vx=0 vy=0 vz=0
2026-09-17 19:46:01.579 | RC_CHANNELS              src=1.1    time_boot_ms=2948166442 chancount=0 chan1_raw=0 chan2_raw=0 chan3_raw=0 chan4_raw=0 chan5_raw=0 chan6_raw=0 chan7_raw=0 chan8_raw=0 chan9_raw=0 chan10_raw=0 chan11_raw=0 chan12_raw=0 chan13_raw=0 chan14_raw=0 chan15_raw=0 chan16_raw=0 chan17_raw=0 chan18_raw=0 rssi=255
2026-09-17 19:46:01.697 | GLOBAL_POSITION_INT      src=1.1    time_boot_ms=2948166560 lat=133458059 lon=747940080 alt=74580 relative_alt=-3619 vx=0 vy=0 vz=0 hdg=0
2026-09-17 19:46:01.697 | LOCAL_POSITION_NED       src=1.1    time_boot_ms=2948166560 x=12 y=-7 z=5.03918 vx=0 vy=0 vz=0
2026-09-17 19:46:01.697 | RC_CHANNELS              src=1.1    time_boot_ms=2948166560 chancount=0 chan1_raw=0 chan2_raw=0 chan3_raw=0 chan4_raw=0 chan5_raw=0 chan6_raw=0 chan7_raw=0 chan8_raw=0 chan9_raw=0 chan10_raw=0 chan11_raw=0 chan12_raw=0 chan13_raw=0 chan14_raw=0 chan15_raw=0 chan16_raw=0 chan17_raw=0 chan18_raw=0 rssi=255
2026-09-17 19:46:01.799 | GLOBAL_POSITION_INT      src=1.1    time_boot_ms=2948166663 lat=133458059 lon=747940080 alt=74580 relative_alt=-3619 vx=0 vy=0 vz=0 hdg=0
2026-09-17 19:46:01.799 | LOCAL_POSITION_NED       src=1.1    time_boot_ms=2948166663 x=12 y=-7 z=5.03918 vx=0 vy=0 vz=0
2026-09-17 19:46:01.800 | RC_CHANNELS              src=1.1    time_boot_ms=2948166663 chancount=0 chan1_raw=0 chan2_raw=0 chan3_raw=0 chan4_raw=0 chan5_raw=0 chan6_raw=0 chan7_raw=0 chan8_raw=0 chan9_raw=0 chan10_raw=0 chan11_raw=0 chan12_raw=0 chan13_raw=0 chan14_raw=0 chan15_raw=0 chan16_raw=0 chan17_raw=0 chan18_raw=0 rssi=255
2026-09-17 19:46:01.903 | GLOBAL_POSITION_INT      src=1.1    time_boot_ms=2948166765 lat=133458059 lon=747940080 alt=74580 relative_alt=-3619 vx=0 vy=0 vz=0 hdg=0
2026-09-17 19:46:01.903 | LOCAL_POSITION_NED       src=1.1    time_boot_ms=2948166765 x=12 y=-7 z=5.03918 vx=0 vy=0 vz=0
2026-09-17 19:46:01.903 | RC_CHANNELS              src=1.1    time_boot_ms=2948166765 chancount=0 chan1_raw=0 chan2_raw=0 chan3_raw=0 chan4_raw=0 chan5_raw=0 chan6_raw=0 chan7_raw=0 chan8_raw=0 chan9_raw=0 chan10_raw=0 chan11_raw=0 chan12_raw=0 chan13_raw=0 chan14_raw=0 chan15_raw=0 chan16_raw=0 chan17_raw=0 chan18_raw=0 rssi=255
2026-09-17 19:46:01.964 | HEARTBEAT                src=1.1    type=2 autopilot=3 base_mode=1 custom_mode=5 system_status=4 mavlink_version=3
2026-09-17 19:46:01.964 | SYS_STATUS               src=1.1    onboard_control_sensors_present=0 onboard_control_sensors_enabled=0 onboard_control_sensors_health=0 load=250 voltage_battery=16800 current_battery=1000 battery_remaining=98 drop_rate_comm=0 errors_comm=0 errors_count1=0 errors_count2=0 errors_count3=0 errors_count4=0
2026-09-17 19:46:01.964 | GPS_RAW_INT              src=1.1    time_usec=1789654561963811 fix_type=3 lat=133458059 lon=747940080 alt=74580 eph=100 epv=100 vel=0 cog=0 satellites_visible=16
2026-09-17 19:46:01.965 | EKF_STATUS_REPORT        src=1.1    flags=831 velocity_variance=0.09 pos_horiz_variance=0.001 pos_vert_variance=0.005 compass_variance=0.0004 terrain_alt_variance=0
2026-09-17 19:46:01.965 | FENCE_STATUS             src=1.1    breach_status=0 breach_count=0 breach_type=0 breach_time=0
2026-09-17 19:46:02.005 | GLOBAL_POSITION_INT      src=1.1    time_boot_ms=2948166868 lat=133458059 lon=747940080 alt=74580 relative_alt=-3619 vx=0 vy=0 vz=0 hdg=0
2026-09-17 19:46:02.005 | LOCAL_POSITION_NED       src=1.1    time_boot_ms=2948166868 x=12 y=-7 z=5.03918 vx=0 vy=0 vz=0
2026-09-17 19:46:02.005 | RC_CHANNELS              src=1.1    time_boot_ms=2948166868 chancount=0 chan1_raw=0 chan2_raw=0 chan3_raw=0 chan4_raw=0 chan5_raw=0 chan6_raw=0 chan7_raw=0 chan8_raw=0 chan9_raw=0 chan10_raw=0 chan11_raw=0 chan12_raw=0 chan13_raw=0 chan14_raw=0 chan15_raw=0 chan16_raw=0 chan17_raw=0 chan18_raw=0 rssi=255
2026-09-17 19:46:02.108 | GLOBAL_POSITION_INT      src=1.1    time_boot_ms=2948166971 lat=133458059 lon=747940080 alt=74580 relative_alt=-3619 vx=0 vy=0 vz=0 hdg=0
2026-09-17 19:46:02.108 | LOCAL_POSITION_NED       src=1.1    time_boot_ms=2948166971 x=12 y=-7 z=5.03918 vx=0 vy=0 vz=0
2026-09-17 19:46:02.108 | RC_CHANNELS              src=1.1    time_boot_ms=2948166971 chancount=0 chan1_raw=0 chan2_raw=0 chan3_raw=0 chan4_raw=0 chan5_raw=0 chan6_raw=0 chan7_raw=0 chan8_raw=0 chan9_raw=0 chan10_raw=0 chan11_raw=0 chan12_raw=0 chan13_raw=0 chan14_raw=0 chan15_raw=0 chan16_raw=0 chan17_raw=0 chan18_raw=0 rssi=255
2026-09-17 19:46:02.210 | GLOBAL_POSITION_INT      src=1.1    time_boot_ms=2948167073 lat=133458059 lon=747940080 alt=74580 relative_alt=-3619 vx=0 vy=0 vz=0 hdg=0
2026-09-17 19:46:02.210 | LOCAL_POSITION_NED       src=1.1    time_boot_ms=2948167073 x=12 y=-7 z=5.03918 vx=0 vy=0 vz=0
2026-09-17 19:46:02.210 | RC_CHANNELS              src=1.1    time_boot_ms=2948167073 chancount=0 chan1_raw=0 chan2_raw=0 chan3_raw=0 chan4_raw=0 chan5_raw=0 chan6_raw=0 chan7_raw=0 chan8_raw=0 chan9_raw=0 chan10_raw=0 chan11_raw=0 chan12_raw=0 chan13_raw=0 chan14_raw=0 chan15_raw=0 chan16_raw=0 chan17_raw=0 chan18_raw=0 rssi=255
2026-09-17 19:46:02.312 | GLOBAL_POSITION_INT      src=1.1    time_boot_ms=2948167176 lat=133458059 lon=747940080 alt=74580 relative_alt=-3619 vx=0 vy=0 vz=0 hdg=0
2026-09-17 19:46:02.312 | LOCAL_POSITION_NED       src=1.1    time_boot_ms=2948167176 x=12 y=-7 z=5.03918 vx=0 vy=0 vz=0
2026-09-17 19:46:02.313 | RC_CHANNELS              src=1.1    time_boot_ms=2948167176 chancount=0 chan1_raw=0 chan2_raw=0 chan3_raw=0 chan4_raw=0 chan5_raw=0 chan6_raw=0 chan7_raw=0 chan8_raw=0 chan9_raw=0 chan10_raw=0 chan11_raw=0 chan12_raw=0 chan13_raw=0 chan14_raw=0 chan15_raw=0 chan16_raw=0 chan17_raw=0 chan18_raw=0 rssi=255
2026-09-17 19:46:02.415 | GLOBAL_POSITION_INT      src=1.1    time_boot_ms=2948167278 lat=133458059 lon=747940080 alt=74580 relative_alt=-3619 vx=0 vy=0 vz=0 hdg=0
2026-09-17 19:46:02.415 | LOCAL_POSITION_NED       src=1.1    time_boot_ms=2948167278 x=12 y=-7 z=5.03918 vx=0 vy=0 vz=0
2026-09-17 19:46:02.415 | RC_CHANNELS              src=1.1    time_boot_ms=2948167278 chancount=0 chan1_raw=0 chan2_raw=0 chan3_raw=0 chan4_raw=0 chan5_raw=0 chan6_raw=0 chan7_raw=0 chan8_raw=0 chan9_raw=0 chan10_raw=0 chan11_raw=0 chan12_raw=0 chan13_raw=0 chan14_raw=0 chan15_raw=0 chan16_raw=0 chan17_raw=0 chan18_raw=0 rssi=255
2026-09-17 19:46:02.476 | HEARTBEAT                src=1.1    type=2 autopilot=3 base_mode=1 custom_mode=5 system_status=4 mavlink_version=3
2026-09-17 19:46:02.477 | SUMMARY mode=LOITER disarmed alt=-3.62m ned=(12.00,-7.00,5.04) gps=(13.3458059,74.7940080) fix=3 sats=16 eph=100 batt=16.80V/10.0A/98% ch8=0 rssi=255 ekf=0x033f v=0.09 p=0.00 c=0.00 rx=14905 drop=0
2026-09-17 19:46:02.477 | SYS_STATUS               src=1.1    onboard_control_sensors_present=0 onboard_control_sensors_enabled=0 onboard_control_sensors_health=0 load=250 voltage_battery=16800 current_battery=1000 battery_remaining=98 drop_rate_comm=0 errors_comm=0 errors_count1=0 errors_count2=0 errors_count3=0 errors_count4=0
2026-09-17 19:46:02.477 | GPS_RAW_INT              src=1.1    time_usec=1789654562475885 fix_type=3 lat=133458059 lon=747940080 alt=74580 eph=100 epv=100 vel=0 cog=0 satellites_visible=16
2026-09-17 19:46:02.477 | EKF_STATUS_REPORT        src=1.1    flags=831 velocity_variance=0.09 pos_horiz_variance=0.001 pos_vert_variance=0.005 compass_variance=0.0004 terrain_alt_variance=0
2026-09-17 19:46:02.477 | FENCE_STATUS             src=1.1    breach_status=0 breach_count=0 breach_type=0 breach_time=0
2026-09-17 19:46:02.517 | GLOBAL_POSITION_INT      src=1.1    time_boot_ms=2948167381 lat=133458059 lon=747940080 alt=74580 relative_alt=-3619 vx=0 vy=0 vz=0 hdg=0
2026-09-17 19:46:02.518 | LOCAL_POSITION_NED       src=1.1    time_boot_ms=2948167381 x=12 y=-7 z=5.03918 vx=0 vy=0 vz=0
2026-09-17 19:46:02.518 | RC_CHANNELS              src=1.1    time_boot_ms=2948167381 chancount=0 chan1_raw=0 chan2_raw=0 chan3_raw=0 chan4_raw=0 chan5_raw=0 chan6_raw=0 chan7_raw=0 chan8_raw=0 chan9_raw=0 chan10_raw=0 chan11_raw=0 chan12_raw=0 chan13_raw=0 chan14_raw=0 chan15_raw=0 chan16_raw=0 chan17_raw=0 chan18_raw=0 rssi=255
2026-09-17 19:46:02.620 | GLOBAL_POSITION_INT      src=1.1    time_boot_ms=2948167483 lat=133458059 lon=747940080 alt=74580 relative_alt=-3619 vx=0 vy=0 vz=0 hdg=0
2026-09-17 19:46:02.620 | LOCAL_POSITION_NED       src=1.1    time_boot_ms=2948167483 x=12 y=-7 z=5.03918 vx=0 vy=0 vz=0
2026-09-17 19:46:02.620 | RC_CHANNELS              src=1.1    time_boot_ms=2948167483 chancount=0 chan1_raw=0 chan2_raw=0 chan3_raw=0 chan4_raw=0 chan5_raw=0 chan6_raw=0 chan7_raw=0 chan8_raw=0 chan9_raw=0 chan10_raw=0 chan11_raw=0 chan12_raw=0 chan13_raw=0 chan14_raw=0 chan15_raw=0 chan16_raw=0 chan17_raw=0 chan18_raw=0 rssi=255
2026-09-17 19:46:02.739 | GLOBAL_POSITION_INT      src=1.1    time_boot_ms=2948167601 lat=133458059 lon=747940080 alt=74580 relative_alt=-3619 vx=0 vy=0 vz=0 hdg=0
2026-09-17 19:46:02.740 | LOCAL_POSITION_NED       src=1.1    time_boot_ms=2948167601 x=12 y=-7 z=5.03918 vx=0 vy=0 vz=0
2026-09-17 19:46:02.741 | RC_CHANNELS              src=1.1    time_boot_ms=2948167601 chancount=0 chan1_raw=0 chan2_raw=0 chan3_raw=0 chan4_raw=0 chan5_raw=0 chan6_raw=0 chan7_raw=0 chan8_raw=0 chan9_raw=0 chan10_raw=0 chan11_raw=0 chan12_raw=0 chan13_raw=0 chan14_raw=0 chan15_raw=0 chan16_raw=0 chan17_raw=0 chan18_raw=0 rssi=255
2026-09-17 19:46:02.841 | GLOBAL_POSITION_INT      src=1.1    time_boot_ms=2948167704 lat=133458059 lon=747940080 alt=74580 relative_alt=-3619 vx=0 vy=0 vz=0 hdg=0
2026-09-17 19:46:02.841 | LOCAL_POSITION_NED       src=1.1    time_boot_ms=2948167704 x=12 y=-7 z=5.03918 vx=0 vy=0 vz=0
2026-09-17 19:46:02.841 | RC_CHANNELS              src=1.1    time_boot_ms=2948167704 chancount=0 chan1_raw=0 chan2_raw=0 chan3_raw=0 chan4_raw=0 chan5_raw=0 chan6_raw=0 chan7_raw=0 chan8_raw=0 chan9_raw=0 chan10_raw=0 chan11_raw=0 chan12_raw=0 chan13_raw=0 chan14_raw=0 chan15_raw=0 chan16_raw=0 chan17_raw=0 chan18_raw=0 rssi=255
2026-09-17 19:46:02.944 | GLOBAL_POSITION_INT      src=1.1    time_boot_ms=2948167807 lat=133458059 lon=747940080 alt=74580 relative_alt=-3619 vx=0 vy=0 vz=0 hdg=0
2026-09-17 19:46:02.944 | LOCAL_POSITION_NED       src=1.1    time_boot_ms=2948167807 x=12 y=-7 z=5.03918 vx=0 vy=0 vz=0
2026-09-17 19:46:02.944 | RC_CHANNELS              src=1.1    time_boot_ms=2948167807 chancount=0 chan1_raw=0 chan2_raw=0 chan3_raw=0 chan4_raw=0 chan5_raw=0 chan6_raw=0 chan7_raw=0 chan8_raw=0 chan9_raw=0 chan10_raw=0 chan11_raw=0 chan12_raw=0 chan13_raw=0 chan14_raw=0 chan15_raw=0 chan16_raw=0 chan17_raw=0 chan18_raw=0 rssi=255
2026-09-17 19:46:02.985 | HEARTBEAT                src=1.1    type=2 autopilot=3 base_mode=1 custom_mode=5 system_status=4 mavlink_version=3
2026-09-17 19:46:02.985 | SYS_STATUS               src=1.1    onboard_control_sensors_present=0 onboard_control_sensors_enabled=0 onboard_control_sensors_health=0 load=250 voltage_battery=16800 current_battery=1000 battery_remaining=98 drop_rate_comm=0 errors_comm=0 errors_count1=0 errors_count2=0 errors_count3=0 errors_count4=0
2026-09-17 19:46:02.986 | GPS_RAW_INT              src=1.1    time_usec=1789654562985004 fix_type=3 lat=133458059 lon=747940080 alt=74580 eph=100 epv=100 vel=0 cog=0 satellites_visible=16
2026-09-17 19:46:02.986 | EKF_STATUS_REPORT        src=1.1    flags=831 velocity_variance=0.09 pos_horiz_variance=0.001 pos_vert_variance=0.005 compass_variance=0.0004 terrain_alt_variance=0
2026-09-17 19:46:02.986 | FENCE_STATUS             src=1.1    breach_status=0 breach_count=0 breach_type=0 breach_time=0
2026-09-17 19:46:03.047 | GLOBAL_POSITION_INT      src=1.1    time_boot_ms=2948167910 lat=133458059 lon=747940080 alt=74580 relative_alt=-3619 vx=0 vy=0 vz=0 hdg=0
2026-09-17 19:46:03.047 | LOCAL_POSITION_NED       src=1.1    time_boot_ms=2948167910 x=12 y=-7 z=5.03918 vx=0 vy=0 vz=0
2026-09-17 19:46:03.047 | RC_CHANNELS              src=1.1    time_boot_ms=2948167910 chancount=0 chan1_raw=0 chan2_raw=0 chan3_raw=0 chan4_raw=0 chan5_raw=0 chan6_raw=0 chan7_raw=0 chan8_raw=0 chan9_raw=0 chan10_raw=0 chan11_raw=0 chan12_raw=0 chan13_raw=0 chan14_raw=0 chan15_raw=0 chan16_raw=0 chan17_raw=0 chan18_raw=0 rssi=255
2026-09-17 19:46:03.155 | GLOBAL_POSITION_INT      src=1.1    time_boot_ms=2948168017 lat=133458059 lon=747940080 alt=74580 relative_alt=-3619 vx=0 vy=0 vz=0 hdg=0
2026-09-17 19:46:03.156 | LOCAL_POSITION_NED       src=1.1    time_boot_ms=2948168017 x=12 y=-7 z=5.03918 vx=0 vy=0 vz=0
2026-09-17 19:46:03.156 | RC_CHANNELS              src=1.1    time_boot_ms=2948168017 chancount=0 chan1_raw=0 chan2_raw=0 chan3_raw=0 chan4_raw=0 chan5_raw=0 chan6_raw=0 chan7_raw=0 chan8_raw=0 chan9_raw=0 chan10_raw=0 chan11_raw=0 chan12_raw=0 chan13_raw=0 chan14_raw=0 chan15_raw=0 chan16_raw=0 chan17_raw=0 chan18_raw=0 rssi=255
2026-09-17 19:46:03.271 | GLOBAL_POSITION_INT      src=1.1    time_boot_ms=2948168131 lat=133458059 lon=747940080 alt=74580 relative_alt=-3619 vx=0 vy=0 vz=0 hdg=0
2026-09-17 19:46:03.271 | LOCAL_POSITION_NED       src=1.1    time_boot_ms=2948168131 x=12 y=-7 z=5.03918 vx=0 vy=0 vz=0
2026-09-17 19:46:03.271 | RC_CHANNELS              src=1.1    time_boot_ms=2948168131 chancount=0 chan1_raw=0 chan2_raw=0 chan3_raw=0 chan4_raw=0 chan5_raw=0 chan6_raw=0 chan7_raw=0 chan8_raw=0 chan9_raw=0 chan10_raw=0 chan11_raw=0 chan12_raw=0 chan13_raw=0 chan14_raw=0 chan15_raw=0 chan16_raw=0 chan17_raw=0 chan18_raw=0 rssi=255
2026-09-17 19:46:03.383 | GLOBAL_POSITION_INT      src=1.1    time_boot_ms=2948168240 lat=133458059 lon=747940080 alt=74580 relative_alt=-3619 vx=0 vy=0 vz=0 hdg=0
2026-09-17 19:46:03.383 | LOCAL_POSITION_NED       src=1.1    time_boot_ms=2948168240 x=12 y=-7 z=5.03918 vx=0 vy=0 vz=0
2026-09-17 19:46:03.384 | RC_CHANNELS              src=1.1    time_boot_ms=2948168240 chancount=0 chan1_raw=0 chan2_raw=0 chan3_raw=0 chan4_raw=0 chan5_raw=0 chan6_raw=0 chan7_raw=0 chan8_raw=0 chan9_raw=0 chan10_raw=0 chan11_raw=0 chan12_raw=0 chan13_raw=0 chan14_raw=0 chan15_raw=0 chan16_raw=0 chan17_raw=0 chan18_raw=0 rssi=255
2026-09-17 19:46:03.495 | HEARTBEAT                src=1.1    type=2 autopilot=3 base_mode=1 custom_mode=5 system_status=4 mavlink_version=3
2026-09-17 19:46:03.495 | SUMMARY mode=LOITER disarmed alt=-3.62m ned=(12.00,-7.00,5.04) gps=(13.3458059,74.7940080) fix=3 sats=16 eph=100 batt=16.80V/10.0A/98% ch8=0 rssi=255 ekf=0x033f v=0.09 p=0.00 c=0.00 rx=14942 drop=0
2026-09-17 19:46:03.495 | GLOBAL_POSITION_INT      src=1.1    time_boot_ms=2948168358 lat=133458059 lon=747940080 alt=74580 relative_alt=-3619 vx=0 vy=0 vz=0 hdg=0
2026-09-17 19:46:03.495 | LOCAL_POSITION_NED       src=1.1    time_boot_ms=2948168358 x=12 y=-7 z=5.03918 vx=0 vy=0 vz=0
2026-09-17 19:46:03.496 | RC_CHANNELS              src=1.1    time_boot_ms=2948168358 chancount=0 chan1_raw=0 chan2_raw=0 chan3_raw=0 chan4_raw=0 chan5_raw=0 chan6_raw=0 chan7_raw=0 chan8_raw=0 chan9_raw=0 chan10_raw=0 chan11_raw=0 chan12_raw=0 chan13_raw=0 chan14_raw=0 chan15_raw=0 chan16_raw=0 chan17_raw=0 chan18_raw=0 rssi=255
2026-09-17 19:46:03.496 | SYS_STATUS               src=1.1    onboard_control_sensors_present=0 onboard_control_sensors_enabled=0 onboard_control_sensors_health=0 load=250 voltage_battery=16800 current_battery=1000 battery_remaining=98 drop_rate_comm=0 errors_comm=0 errors_count1=0 errors_count2=0 errors_count3=0 errors_count4=0
2026-09-17 19:46:03.496 | GPS_RAW_INT              src=1.1    time_usec=1789654563494176 fix_type=3 lat=133458059 lon=747940080 alt=74580 eph=100 epv=100 vel=0 cog=0 satellites_visible=16
2026-09-17 19:46:03.496 | EKF_STATUS_REPORT        src=1.1    flags=831 velocity_variance=0.09 pos_horiz_variance=0.001 pos_vert_variance=0.005 compass_variance=0.0004 terrain_alt_variance=0
2026-09-17 19:46:03.496 | FENCE_STATUS             src=1.1    breach_status=0 breach_count=0 breach_type=0 breach_time=0
2026-09-17 19:46:03.598 | GLOBAL_POSITION_INT      src=1.1    time_boot_ms=2948168461 lat=133458059 lon=747940080 alt=74580 relative_alt=-3619 vx=0 vy=0 vz=0 hdg=0
2026-09-17 19:46:03.598 | LOCAL_POSITION_NED       src=1.1    time_boot_ms=2948168461 x=12 y=-7 z=5.03918 vx=0 vy=0 vz=0
2026-09-17 19:46:03.598 | RC_CHANNELS              src=1.1    time_boot_ms=2948168461 chancount=0 chan1_raw=0 chan2_raw=0 chan3_raw=0 chan4_raw=0 chan5_raw=0 chan6_raw=0 chan7_raw=0 chan8_raw=0 chan9_raw=0 chan10_raw=0 chan11_raw=0 chan12_raw=0 chan13_raw=0 chan14_raw=0 chan15_raw=0 chan16_raw=0 chan17_raw=0 chan18_raw=0 rssi=255
2026-09-17 19:46:03.718 | GLOBAL_POSITION_INT      src=1.1    time_boot_ms=2948168581 lat=133458059 lon=747940080 alt=74580 relative_alt=-3619 vx=0 vy=0 vz=0 hdg=0
2026-09-17 19:46:03.718 | LOCAL_POSITION_NED       src=1.1    time_boot_ms=2948168581 x=12 y=-7 z=5.03918 vx=0 vy=0 vz=0
2026-09-17 19:46:03.718 | RC_CHANNELS              src=1.1    time_boot_ms=2948168581 chancount=0 chan1_raw=0 chan2_raw=0 chan3_raw=0 chan4_raw=0 chan5_raw=0 chan6_raw=0 chan7_raw=0 chan8_raw=0 chan9_raw=0 chan10_raw=0 chan11_raw=0 chan12_raw=0 chan13_raw=0 chan14_raw=0 chan15_raw=0 chan16_raw=0 chan17_raw=0 chan18_raw=0 rssi=255
2026-09-17 19:46:03.821 | GLOBAL_POSITION_INT      src=1.1    time_boot_ms=2948168684 lat=133458059 lon=747940080 alt=74580 relative_alt=-3619 vx=0 vy=0 vz=0 hdg=0
2026-09-17 19:46:03.821 | LOCAL_POSITION_NED       src=1.1    time_boot_ms=2948168684 x=12 y=-7 z=5.03918 vx=0 vy=0 vz=0
2026-09-17 19:46:03.821 | RC_CHANNELS              src=1.1    time_boot_ms=2948168684 chancount=0 chan1_raw=0 chan2_raw=0 chan3_raw=0 chan4_raw=0 chan5_raw=0 chan6_raw=0 chan7_raw=0 chan8_raw=0 chan9_raw=0 chan10_raw=0 chan11_raw=0 chan12_raw=0 chan13_raw=0 chan14_raw=0 chan15_raw=0 chan16_raw=0 chan17_raw=0 chan18_raw=0 rssi=255
2026-09-17 19:46:03.926 | GLOBAL_POSITION_INT      src=1.1    time_boot_ms=2948168788 lat=133458059 lon=747940080 alt=74580 relative_alt=-3619 vx=0 vy=0 vz=0 hdg=0
2026-09-17 19:46:03.926 | LOCAL_POSITION_NED       src=1.1    time_boot_ms=2948168788 x=12 y=-7 z=5.03918 vx=0 vy=0 vz=0
2026-09-17 19:46:03.926 | RC_CHANNELS              src=1.1    time_boot_ms=2948168788 chancount=0 chan1_raw=0 chan2_raw=0 chan3_raw=0 chan4_raw=0 chan5_raw=0 chan6_raw=0 chan7_raw=0 chan8_raw=0 chan9_raw=0 chan10_raw=0 chan11_raw=0 chan12_raw=0 chan13_raw=0 chan14_raw=0 chan15_raw=0 chan16_raw=0 chan17_raw=0 chan18_raw=0 rssi=255
2026-09-17 19:46:04.007 | HEARTBEAT                src=1.1    type=2 autopilot=3 base_mode=1 custom_mode=5 system_status=4 mavlink_version=3
2026-09-17 19:46:04.008 | SYS_STATUS               src=1.1    onboard_control_sensors_present=0 onboard_control_sensors_enabled=0 onboard_control_sensors_health=0 load=250 voltage_battery=16800 current_battery=1000 battery_remaining=98 drop_rate_comm=0 errors_comm=0 errors_count1=0 errors_count2=0 errors_count3=0 errors_count4=0
2026-09-17 19:46:04.008 | GPS_RAW_INT              src=1.1    time_usec=1789654564007099 fix_type=3 lat=133458059 lon=747940080 alt=74580 eph=100 epv=100 vel=0 cog=0 satellites_visible=16
2026-09-17 19:46:04.008 | EKF_STATUS_REPORT        src=1.1    flags=831 velocity_variance=0.09 pos_horiz_variance=0.001 pos_vert_variance=0.005 compass_variance=0.0004 terrain_alt_variance=0
2026-09-17 19:46:04.008 | FENCE_STATUS             src=1.1    breach_status=0 breach_count=0 breach_type=0 breach_time=0
2026-09-17 19:46:04.028 | GLOBAL_POSITION_INT      src=1.1    time_boot_ms=2948168891 lat=133458059 lon=747940080 alt=74580 relative_alt=-3619 vx=0 vy=0 vz=0 hdg=0
2026-09-17 19:46:04.028 | LOCAL_POSITION_NED       src=1.1    time_boot_ms=2948168891 x=12 y=-7 z=5.03918 vx=0 vy=0 vz=0
2026-09-17 19:46:04.028 | RC_CHANNELS              src=1.1    time_boot_ms=2948168891 chancount=0 chan1_raw=0 chan2_raw=0 chan3_raw=0 chan4_raw=0 chan5_raw=0 chan6_raw=0 chan7_raw=0 chan8_raw=0 chan9_raw=0 chan10_raw=0 chan11_raw=0 chan12_raw=0 chan13_raw=0 chan14_raw=0 chan15_raw=0 chan16_raw=0 chan17_raw=0 chan18_raw=0 rssi=255
2026-09-17 19:46:04.134 | GLOBAL_POSITION_INT      src=1.1    time_boot_ms=2948168997 lat=133458059 lon=747940080 alt=74580 relative_alt=-3619 vx=0 vy=0 vz=0 hdg=0
2026-09-17 19:46:04.134 | LOCAL_POSITION_NED       src=1.1    time_boot_ms=2948168997 x=12 y=-7 z=5.03918 vx=0 vy=0 vz=0
2026-09-17 19:46:04.134 | RC_CHANNELS              src=1.1    time_boot_ms=2948168997 chancount=0 chan1_raw=0 chan2_raw=0 chan3_raw=0 chan4_raw=0 chan5_raw=0 chan6_raw=0 chan7_raw=0 chan8_raw=0 chan9_raw=0 chan10_raw=0 chan11_raw=0 chan12_raw=0 chan13_raw=0 chan14_raw=0 chan15_raw=0 chan16_raw=0 chan17_raw=0 chan18_raw=0 rssi=255
2026-09-17 19:46:04.239 | GLOBAL_POSITION_INT      src=1.1    time_boot_ms=2948169102 lat=133458059 lon=747940080 alt=74580 relative_alt=-3619 vx=0 vy=0 vz=0 hdg=0
2026-09-17 19:46:04.240 | LOCAL_POSITION_NED       src=1.1    time_boot_ms=2948169102 x=12 y=-7 z=5.03918 vx=0 vy=0 vz=0
2026-09-17 19:46:04.240 | RC_CHANNELS              src=1.1    time_boot_ms=2948169102 chancount=0 chan1_raw=0 chan2_raw=0 chan3_raw=0 chan4_raw=0 chan5_raw=0 chan6_raw=0 chan7_raw=0 chan8_raw=0 chan9_raw=0 chan10_raw=0 chan11_raw=0 chan12_raw=0 chan13_raw=0 chan14_raw=0 chan15_raw=0 chan16_raw=0 chan17_raw=0 chan18_raw=0 rssi=255
2026-09-17 19:46:04.349 | GLOBAL_POSITION_INT      src=1.1    time_boot_ms=2948169212 lat=133458059 lon=747940080 alt=74580 relative_alt=-3619 vx=0 vy=0 vz=0 hdg=0
2026-09-17 19:46:04.350 | LOCAL_POSITION_NED       src=1.1    time_boot_ms=2948169212 x=12 y=-7 z=5.03918 vx=0 vy=0 vz=0
2026-09-17 19:46:04.350 | RC_CHANNELS              src=1.1    time_boot_ms=2948169212 chancount=0 chan1_raw=0 chan2_raw=0 chan3_raw=0 chan4_raw=0 chan5_raw=0 chan6_raw=0 chan7_raw=0 chan8_raw=0 chan9_raw=0 chan10_raw=0 chan11_raw=0 chan12_raw=0 chan13_raw=0 chan14_raw=0 chan15_raw=0 chan16_raw=0 chan17_raw=0 chan18_raw=0 rssi=255
2026-09-17 19:46:04.457 | GLOBAL_POSITION_INT      src=1.1    time_boot_ms=2948169320 lat=133458059 lon=747940080 alt=74580 relative_alt=-3619 vx=0 vy=0 vz=0 hdg=0
2026-09-17 19:46:04.457 | LOCAL_POSITION_NED       src=1.1    time_boot_ms=2948169320 x=12 y=-7 z=5.03918 vx=0 vy=0 vz=0
2026-09-17 19:46:04.457 | RC_CHANNELS              src=1.1    time_boot_ms=2948169320 chancount=0 chan1_raw=0 chan2_raw=0 chan3_raw=0 chan4_raw=0 chan5_raw=0 chan6_raw=0 chan7_raw=0 chan8_raw=0 chan9_raw=0 chan10_raw=0 chan11_raw=0 chan12_raw=0 chan13_raw=0 chan14_raw=0 chan15_raw=0 chan16_raw=0 chan17_raw=0 chan18_raw=0 rssi=255
2026-09-17 19:46:04.520 | HEARTBEAT                src=1.1    type=2 autopilot=3 base_mode=1 custom_mode=5 system_status=4 mavlink_version=3
2026-09-17 19:46:04.521 | SUMMARY mode=LOITER disarmed alt=-3.62m ned=(12.00,-7.00,5.04) gps=(13.3458059,74.7940080) fix=3 sats=16 eph=100 batt=16.80V/10.0A/98% ch8=0 rssi=255 ekf=0x033f v=0.09 p=0.00 c=0.00 rx=14982 drop=0
2026-09-17 19:46:04.521 | SYS_STATUS               src=1.1    onboard_control_sensors_present=0 onboard_control_sensors_enabled=0 onboard_control_sensors_health=0 load=250 voltage_battery=16800 current_battery=1000 battery_remaining=98 drop_rate_comm=0 errors_comm=0 errors_count1=0 errors_count2=0 errors_count3=0 errors_count4=0
2026-09-17 19:46:04.521 | GPS_RAW_INT              src=1.1    time_usec=1789654564519512 fix_type=3 lat=133458059 lon=747940080 alt=74580 eph=100 epv=100 vel=0 cog=0 satellites_visible=16
2026-09-17 19:46:04.521 | EKF_STATUS_REPORT        src=1.1    flags=831 velocity_variance=0.09 pos_horiz_variance=0.001 pos_vert_variance=0.005 compass_variance=0.0004 terrain_alt_variance=0
2026-09-17 19:46:04.521 | FENCE_STATUS             src=1.1    breach_status=0 breach_count=0 breach_type=0 breach_time=0
2026-09-17 19:46:04.564 | GLOBAL_POSITION_INT      src=1.1    time_boot_ms=2948169426 lat=133458059 lon=747940080 alt=74580 relative_alt=-3619 vx=0 vy=0 vz=0 hdg=0
2026-09-17 19:46:04.564 | LOCAL_POSITION_NED       src=1.1    time_boot_ms=2948169426 x=12 y=-7 z=5.03918 vx=0 vy=0 vz=0
2026-09-17 19:46:04.564 | RC_CHANNELS              src=1.1    time_boot_ms=2948169426 chancount=0 chan1_raw=0 chan2_raw=0 chan3_raw=0 chan4_raw=0 chan5_raw=0 chan6_raw=0 chan7_raw=0 chan8_raw=0 chan9_raw=0 chan10_raw=0 chan11_raw=0 chan12_raw=0 chan13_raw=0 chan14_raw=0 chan15_raw=0 chan16_raw=0 chan17_raw=0 chan18_raw=0 rssi=255
2026-09-17 19:46:04.680 | GLOBAL_POSITION_INT      src=1.1    time_boot_ms=2948169543 lat=133458059 lon=747940080 alt=74580 relative_alt=-3619 vx=0 vy=0 vz=0 hdg=0
2026-09-17 19:46:04.680 | LOCAL_POSITION_NED       src=1.1    time_boot_ms=2948169543 x=12 y=-7 z=5.03918 vx=0 vy=0 vz=0
2026-09-17 19:46:04.681 | RC_CHANNELS              src=1.1    time_boot_ms=2948169543 chancount=0 chan1_raw=0 chan2_raw=0 chan3_raw=0 chan4_raw=0 chan5_raw=0 chan6_raw=0 chan7_raw=0 chan8_raw=0 chan9_raw=0 chan10_raw=0 chan11_raw=0 chan12_raw=0 chan13_raw=0 chan14_raw=0 chan15_raw=0 chan16_raw=0 chan17_raw=0 chan18_raw=0 rssi=255
2026-09-17 19:46:04.787 | GLOBAL_POSITION_INT      src=1.1    time_boot_ms=2948169648 lat=133458059 lon=747940080 alt=74580 relative_alt=-3619 vx=0 vy=0 vz=0 hdg=0
2026-09-17 19:46:04.787 | LOCAL_POSITION_NED       src=1.1    time_boot_ms=2948169648 x=12 y=-7 z=5.03918 vx=0 vy=0 vz=0
2026-09-17 19:46:04.787 | RC_CHANNELS              src=1.1    time_boot_ms=2948169648 chancount=0 chan1_raw=0 chan2_raw=0 chan3_raw=0 chan4_raw=0 chan5_raw=0 chan6_raw=0 chan7_raw=0 chan8_raw=0 chan9_raw=0 chan10_raw=0 chan11_raw=0 chan12_raw=0 chan13_raw=0 chan14_raw=0 chan15_raw=0 chan16_raw=0 chan17_raw=0 chan18_raw=0 rssi=255
2026-09-17 19:46:04.891 | GLOBAL_POSITION_INT      src=1.1    time_boot_ms=2948169754 lat=133458059 lon=747940080 alt=74580 relative_alt=-3619 vx=0 vy=0 vz=0 hdg=0
2026-09-17 19:46:04.892 | LOCAL_POSITION_NED       src=1.1    time_boot_ms=2948169754 x=12 y=-7 z=5.03918 vx=0 vy=0 vz=0
2026-09-17 19:46:04.892 | RC_CHANNELS              src=1.1    time_boot_ms=2948169754 chancount=0 chan1_raw=0 chan2_raw=0 chan3_raw=0 chan4_raw=0 chan5_raw=0 chan6_raw=0 chan7_raw=0 chan8_raw=0 chan9_raw=0 chan10_raw=0 chan11_raw=0 chan12_raw=0 chan13_raw=0 chan14_raw=0 chan15_raw=0 chan16_raw=0 chan17_raw=0 chan18_raw=0 rssi=255
2026-09-17 19:46:04.997 | GLOBAL_POSITION_INT      src=1.1    time_boot_ms=2948169860 lat=133458059 lon=747940080 alt=74580 relative_alt=-3619 vx=0 vy=0 vz=0 hdg=0
2026-09-17 19:46:04.997 | LOCAL_POSITION_NED       src=1.1    time_boot_ms=2948169860 x=12 y=-7 z=5.03918 vx=0 vy=0 vz=0
2026-09-17 19:46:04.998 | RC_CHANNELS              src=1.1    time_boot_ms=2948169860 chancount=0 chan1_raw=0 chan2_raw=0 chan3_raw=0 chan4_raw=0 chan5_raw=0 chan6_raw=0 chan7_raw=0 chan8_raw=0 chan9_raw=0 chan10_raw=0 chan11_raw=0 chan12_raw=0 chan13_raw=0 chan14_raw=0 chan15_raw=0 chan16_raw=0 chan17_raw=0 chan18_raw=0 rssi=255
2026-09-17 19:46:05.038 | HEARTBEAT                src=1.1    type=2 autopilot=3 base_mode=1 custom_mode=5 system_status=4 mavlink_version=3
2026-09-17 19:46:05.038 | SYS_STATUS               src=1.1    onboard_control_sensors_present=0 onboard_control_sensors_enabled=0 onboard_control_sensors_health=0 load=250 voltage_battery=16800 current_battery=1000 battery_remaining=98 drop_rate_comm=0 errors_comm=0 errors_count1=0 errors_count2=0 errors_count3=0 errors_count4=0
2026-09-17 19:46:05.038 | GPS_RAW_INT              src=1.1    time_usec=1789654565037805 fix_type=3 lat=133458059 lon=747940080 alt=74580 eph=100 epv=100 vel=0 cog=0 satellites_visible=16
2026-09-17 19:46:05.038 | EKF_STATUS_REPORT        src=1.1    flags=831 velocity_variance=0.09 pos_horiz_variance=0.001 pos_vert_variance=0.005 compass_variance=0.0004 terrain_alt_variance=0
2026-09-17 19:46:05.038 | FENCE_STATUS             src=1.1    breach_status=0 breach_count=0 breach_type=0 breach_time=0
2026-09-17 19:46:05.100 | GLOBAL_POSITION_INT      src=1.1    time_boot_ms=2948169963 lat=133458059 lon=747940080 alt=74580 relative_alt=-3619 vx=0 vy=0 vz=0 hdg=0
2026-09-17 19:46:05.100 | LOCAL_POSITION_NED       src=1.1    time_boot_ms=2948169963 x=12 y=-7 z=5.03918 vx=0 vy=0 vz=0
2026-09-17 19:46:05.100 | RC_CHANNELS              src=1.1    time_boot_ms=2948169963 chancount=0 chan1_raw=0 chan2_raw=0 chan3_raw=0 chan4_raw=0 chan5_raw=0 chan6_raw=0 chan7_raw=0 chan8_raw=0 chan9_raw=0 chan10_raw=0 chan11_raw=0 chan12_raw=0 chan13_raw=0 chan14_raw=0 chan15_raw=0 chan16_raw=0 chan17_raw=0 chan18_raw=0 rssi=255
2026-09-17 19:46:05.202 | GLOBAL_POSITION_INT      src=1.1    time_boot_ms=2948170066 lat=133458059 lon=747940080 alt=74580 relative_alt=-3619 vx=0 vy=0 vz=0 hdg=0
2026-09-17 19:46:05.203 | LOCAL_POSITION_NED       src=1.1    time_boot_ms=2948170066 x=12 y=-7 z=5.03918 vx=0 vy=0 vz=0
2026-09-17 19:46:05.203 | RC_CHANNELS              src=1.1    time_boot_ms=2948170066 chancount=0 chan1_raw=0 chan2_raw=0 chan3_raw=0 chan4_raw=0 chan5_raw=0 chan6_raw=0 chan7_raw=0 chan8_raw=0 chan9_raw=0 chan10_raw=0 chan11_raw=0 chan12_raw=0 chan13_raw=0 chan14_raw=0 chan15_raw=0 chan16_raw=0 chan17_raw=0 chan18_raw=0 rssi=255
2026-09-17 19:46:05.305 | GLOBAL_POSITION_INT      src=1.1    time_boot_ms=2948170168 lat=133458059 lon=747940080 alt=74580 relative_alt=-3619 vx=0 vy=0 vz=0 hdg=0
2026-09-17 19:46:05.305 | LOCAL_POSITION_NED       src=1.1    time_boot_ms=2948170168 x=12 y=-7 z=5.03918 vx=0 vy=0 vz=0
2026-09-17 19:46:05.305 | RC_CHANNELS              src=1.1    time_boot_ms=2948170168 chancount=0 chan1_raw=0 chan2_raw=0 chan3_raw=0 chan4_raw=0 chan5_raw=0 chan6_raw=0 chan7_raw=0 chan8_raw=0 chan9_raw=0 chan10_raw=0 chan11_raw=0 chan12_raw=0 chan13_raw=0 chan14_raw=0 chan15_raw=0 chan16_raw=0 chan17_raw=0 chan18_raw=0 rssi=255
2026-09-17 19:46:05.412 | GLOBAL_POSITION_INT      src=1.1    time_boot_ms=2948170275 lat=133458059 lon=747940080 alt=74580 relative_alt=-3619 vx=0 vy=0 vz=0 hdg=0
2026-09-17 19:46:05.412 | LOCAL_POSITION_NED       src=1.1    time_boot_ms=2948170275 x=12 y=-7 z=5.03918 vx=0 vy=0 vz=0
2026-09-17 19:46:05.412 | RC_CHANNELS              src=1.1    time_boot_ms=2948170275 chancount=0 chan1_raw=0 chan2_raw=0 chan3_raw=0 chan4_raw=0 chan5_raw=0 chan6_raw=0 chan7_raw=0 chan8_raw=0 chan9_raw=0 chan10_raw=0 chan11_raw=0 chan12_raw=0 chan13_raw=0 chan14_raw=0 chan15_raw=0 chan16_raw=0 chan17_raw=0 chan18_raw=0 rssi=255
2026-09-17 19:46:05.522 | GLOBAL_POSITION_INT      src=1.1    time_boot_ms=2948170383 lat=133458059 lon=747940080 alt=74580 relative_alt=-3619 vx=0 vy=0 vz=0 hdg=0
2026-09-17 19:46:05.522 | SUMMARY mode=LOITER disarmed alt=-3.62m ned=(12.00,-7.00,5.04) gps=(13.3458059,74.7940080) fix=3 sats=16 eph=100 batt=16.80V/10.0A/98% ch8=0 rssi=255 ekf=0x033f v=0.09 p=0.00 c=0.00 rx=15019 drop=0
2026-09-17 19:46:05.523 | LOCAL_POSITION_NED       src=1.1    time_boot_ms=2948170383 x=12 y=-7 z=5.03918 vx=0 vy=0 vz=0
2026-09-17 19:46:05.523 | RC_CHANNELS              src=1.1    time_boot_ms=2948170383 chancount=0 chan1_raw=0 chan2_raw=0 chan3_raw=0 chan4_raw=0 chan5_raw=0 chan6_raw=0 chan7_raw=0 chan8_raw=0 chan9_raw=0 chan10_raw=0 chan11_raw=0 chan12_raw=0 chan13_raw=0 chan14_raw=0 chan15_raw=0 chan16_raw=0 chan17_raw=0 chan18_raw=0 rssi=255
2026-09-17 19:46:05.543 | HEARTBEAT                src=1.1    type=2 autopilot=3 base_mode=1 custom_mode=5 system_status=4 mavlink_version=3
2026-09-17 19:46:05.544 | SYS_STATUS               src=1.1    onboard_control_sensors_present=0 onboard_control_sensors_enabled=0 onboard_control_sensors_health=0 load=250 voltage_battery=16800 current_battery=1000 battery_remaining=98 drop_rate_comm=0 errors_comm=0 errors_count1=0 errors_count2=0 errors_count3=0 errors_count4=0
2026-09-17 19:46:05.544 | GPS_RAW_INT              src=1.1    time_usec=1789654565541799 fix_type=3 lat=133458059 lon=747940080 alt=74580 eph=100 epv=100 vel=0 cog=0 satellites_visible=16
2026-09-17 19:46:05.544 | EKF_STATUS_REPORT        src=1.1    flags=831 velocity_variance=0.09 pos_horiz_variance=0.001 pos_vert_variance=0.005 compass_variance=0.0004 terrain_alt_variance=0
2026-09-17 19:46:05.544 | FENCE_STATUS             src=1.1    breach_status=0 breach_count=0 breach_type=0 breach_time=0
2026-09-17 19:46:05.624 | GLOBAL_POSITION_INT      src=1.1    time_boot_ms=2948170487 lat=133458059 lon=747940080 alt=74580 relative_alt=-3619 vx=0 vy=0 vz=0 hdg=0
2026-09-17 19:46:05.624 | LOCAL_POSITION_NED       src=1.1    time_boot_ms=2948170487 x=12 y=-7 z=5.03918 vx=0 vy=0 vz=0
2026-09-17 19:46:05.625 | RC_CHANNELS              src=1.1    time_boot_ms=2948170487 chancount=0 chan1_raw=0 chan2_raw=0 chan3_raw=0 chan4_raw=0 chan5_raw=0 chan6_raw=0 chan7_raw=0 chan8_raw=0 chan9_raw=0 chan10_raw=0 chan11_raw=0 chan12_raw=0 chan13_raw=0 chan14_raw=0 chan15_raw=0 chan16_raw=0 chan17_raw=0 chan18_raw=0 rssi=255
2026-09-17 19:46:05.739 | GLOBAL_POSITION_INT      src=1.1    time_boot_ms=2948170603 lat=133458059 lon=747940080 alt=74580 relative_alt=-3619 vx=0 vy=0 vz=0 hdg=0
2026-09-17 19:46:05.740 | LOCAL_POSITION_NED       src=1.1    time_boot_ms=2948170603 x=12 y=-7 z=5.03918 vx=0 vy=0 vz=0
2026-09-17 19:46:05.740 | RC_CHANNELS              src=1.1    time_boot_ms=2948170603 chancount=0 chan1_raw=0 chan2_raw=0 chan3_raw=0 chan4_raw=0 chan5_raw=0 chan6_raw=0 chan7_raw=0 chan8_raw=0 chan9_raw=0 chan10_raw=0 chan11_raw=0 chan12_raw=0 chan13_raw=0 chan14_raw=0 chan15_raw=0 chan16_raw=0 chan17_raw=0 chan18_raw=0 rssi=255
2026-09-17 19:46:05.844 | GLOBAL_POSITION_INT      src=1.1    time_boot_ms=2948170707 lat=133458059 lon=747940080 alt=74580 relative_alt=-3619 vx=0 vy=0 vz=0 hdg=0
2026-09-17 19:46:05.845 | LOCAL_POSITION_NED       src=1.1    time_boot_ms=2948170707 x=12 y=-7 z=5.03918 vx=0 vy=0 vz=0
2026-09-17 19:46:05.845 | RC_CHANNELS              src=1.1    time_boot_ms=2948170707 chancount=0 chan1_raw=0 chan2_raw=0 chan3_raw=0 chan4_raw=0 chan5_raw=0 chan6_raw=0 chan7_raw=0 chan8_raw=0 chan9_raw=0 chan10_raw=0 chan11_raw=0 chan12_raw=0 chan13_raw=0 chan14_raw=0 chan15_raw=0 chan16_raw=0 chan17_raw=0 chan18_raw=0 rssi=255
2026-09-17 19:46:05.950 | GLOBAL_POSITION_INT      src=1.1    time_boot_ms=2948170812 lat=133458059 lon=747940080 alt=74580 relative_alt=-3619 vx=0 vy=0 vz=0 hdg=0
2026-09-17 19:46:05.950 | LOCAL_POSITION_NED       src=1.1    time_boot_ms=2948170812 x=12 y=-7 z=5.03918 vx=0 vy=0 vz=0
2026-09-17 19:46:05.951 | RC_CHANNELS              src=1.1    time_boot_ms=2948170812 chancount=0 chan1_raw=0 chan2_raw=0 chan3_raw=0 chan4_raw=0 chan5_raw=0 chan6_raw=0 chan7_raw=0 chan8_raw=0 chan9_raw=0 chan10_raw=0 chan11_raw=0 chan12_raw=0 chan13_raw=0 chan14_raw=0 chan15_raw=0 chan16_raw=0 chan17_raw=0 chan18_raw=0 rssi=255
2026-09-17 19:46:06.052 | HEARTBEAT                src=1.1    type=2 autopilot=3 base_mode=1 custom_mode=5 system_status=4 mavlink_version=3
2026-09-17 19:46:06.053 | GLOBAL_POSITION_INT      src=1.1    time_boot_ms=2948170915 lat=133458059 lon=747940080 alt=74580 relative_alt=-3619 vx=0 vy=0 vz=0 hdg=0
2026-09-17 19:46:06.053 | LOCAL_POSITION_NED       src=1.1    time_boot_ms=2948170915 x=12 y=-7 z=5.03918 vx=0 vy=0 vz=0
2026-09-17 19:46:06.053 | RC_CHANNELS              src=1.1    time_boot_ms=2948170915 chancount=0 chan1_raw=0 chan2_raw=0 chan3_raw=0 chan4_raw=0 chan5_raw=0 chan6_raw=0 chan7_raw=0 chan8_raw=0 chan9_raw=0 chan10_raw=0 chan11_raw=0 chan12_raw=0 chan13_raw=0 chan14_raw=0 chan15_raw=0 chan16_raw=0 chan17_raw=0 chan18_raw=0 rssi=255
2026-09-17 19:46:06.053 | SYS_STATUS               src=1.1    onboard_control_sensors_present=0 onboard_control_sensors_enabled=0 onboard_control_sensors_health=0 load=250 voltage_battery=16800 current_battery=1000 battery_remaining=98 drop_rate_comm=0 errors_comm=0 errors_count1=0 errors_count2=0 errors_count3=0 errors_count4=0
2026-09-17 19:46:06.053 | GPS_RAW_INT              src=1.1    time_usec=1789654566051597 fix_type=3 lat=133458059 lon=747940080 alt=74580 eph=100 epv=100 vel=0 cog=0 satellites_visible=16
2026-09-17 19:46:06.053 | EKF_STATUS_REPORT        src=1.1    flags=831 velocity_variance=0.09 pos_horiz_variance=0.001 pos_vert_variance=0.005 compass_variance=0.0004 terrain_alt_variance=0
2026-09-17 19:46:06.053 | FENCE_STATUS             src=1.1    breach_status=0 breach_count=0 breach_type=0 breach_time=0
2026-09-17 19:46:06.155 | GLOBAL_POSITION_INT      src=1.1    time_boot_ms=2948171018 lat=133458059 lon=747940080 alt=74580 relative_alt=-3619 vx=0 vy=0 vz=0 hdg=0
2026-09-17 19:46:06.155 | LOCAL_POSITION_NED       src=1.1    time_boot_ms=2948171018 x=12 y=-7 z=5.03918 vx=0 vy=0 vz=0
2026-09-17 19:46:06.155 | RC_CHANNELS              src=1.1    time_boot_ms=2948171018 chancount=0 chan1_raw=0 chan2_raw=0 chan3_raw=0 chan4_raw=0 chan5_raw=0 chan6_raw=0 chan7_raw=0 chan8_raw=0 chan9_raw=0 chan10_raw=0 chan11_raw=0 chan12_raw=0 chan13_raw=0 chan14_raw=0 chan15_raw=0 chan16_raw=0 chan17_raw=0 chan18_raw=0 rssi=255
2026-09-17 19:46:06.257 | GLOBAL_POSITION_INT      src=1.1    time_boot_ms=2948171121 lat=133458059 lon=747940080 alt=74580 relative_alt=-3619 vx=0 vy=0 vz=0 hdg=0
2026-09-17 19:46:06.258 | LOCAL_POSITION_NED       src=1.1    time_boot_ms=2948171121 x=12 y=-7 z=5.03918 vx=0 vy=0 vz=0
2026-09-17 19:46:06.258 | RC_CHANNELS              src=1.1    time_boot_ms=2948171121 chancount=0 chan1_raw=0 chan2_raw=0 chan3_raw=0 chan4_raw=0 chan5_raw=0 chan6_raw=0 chan7_raw=0 chan8_raw=0 chan9_raw=0 chan10_raw=0 chan11_raw=0 chan12_raw=0 chan13_raw=0 chan14_raw=0 chan15_raw=0 chan16_raw=0 chan17_raw=0 chan18_raw=0 rssi=255
2026-09-17 19:46:06.361 | GLOBAL_POSITION_INT      src=1.1    time_boot_ms=2948171224 lat=133458059 lon=747940080 alt=74580 relative_alt=-3619 vx=0 vy=0 vz=0 hdg=0
2026-09-17 19:46:06.361 | LOCAL_POSITION_NED       src=1.1    time_boot_ms=2948171224 x=12 y=-7 z=5.03918 vx=0 vy=0 vz=0
2026-09-17 19:46:06.361 | RC_CHANNELS              src=1.1    time_boot_ms=2948171224 chancount=0 chan1_raw=0 chan2_raw=0 chan3_raw=0 chan4_raw=0 chan5_raw=0 chan6_raw=0 chan7_raw=0 chan8_raw=0 chan9_raw=0 chan10_raw=0 chan11_raw=0 chan12_raw=0 chan13_raw=0 chan14_raw=0 chan15_raw=0 chan16_raw=0 chan17_raw=0 chan18_raw=0 rssi=255
2026-09-17 19:46:06.463 | GLOBAL_POSITION_INT      src=1.1    time_boot_ms=2948171326 lat=133458059 lon=747940080 alt=74580 relative_alt=-3619 vx=0 vy=0 vz=0 hdg=0
2026-09-17 19:46:06.463 | LOCAL_POSITION_NED       src=1.1    time_boot_ms=2948171326 x=12 y=-7 z=5.03918 vx=0 vy=0 vz=0
2026-09-17 19:46:06.463 | RC_CHANNELS              src=1.1    time_boot_ms=2948171326 chancount=0 chan1_raw=0 chan2_raw=0 chan3_raw=0 chan4_raw=0 chan5_raw=0 chan6_raw=0 chan7_raw=0 chan8_raw=0 chan9_raw=0 chan10_raw=0 chan11_raw=0 chan12_raw=0 chan13_raw=0 chan14_raw=0 chan15_raw=0 chan16_raw=0 chan17_raw=0 chan18_raw=0 rssi=255
2026-09-17 19:46:06.565 | HEARTBEAT                src=1.1    type=2 autopilot=3 base_mode=1 custom_mode=5 system_status=4 mavlink_version=3
2026-09-17 19:46:06.565 | SUMMARY mode=LOITER disarmed alt=-3.62m ned=(12.00,-7.00,5.04) gps=(13.3458059,74.7940080) fix=3 sats=16 eph=100 batt=16.80V/10.0A/98% ch8=0 rssi=255 ekf=0x033f v=0.09 p=0.00 c=0.00 rx=15059 drop=0
2026-09-17 19:46:06.565 | GLOBAL_POSITION_INT      src=1.1    time_boot_ms=2948171428 lat=133458059 lon=747940080 alt=74580 relative_alt=-3619 vx=0 vy=0 vz=0 hdg=0
2026-09-17 19:46:06.565 | LOCAL_POSITION_NED       src=1.1    time_boot_ms=2948171428 x=12 y=-7 z=5.03918 vx=0 vy=0 vz=0
2026-09-17 19:46:06.566 | RC_CHANNELS              src=1.1    time_boot_ms=2948171428 chancount=0 chan1_raw=0 chan2_raw=0 chan3_raw=0 chan4_raw=0 chan5_raw=0 chan6_raw=0 chan7_raw=0 chan8_raw=0 chan9_raw=0 chan10_raw=0 chan11_raw=0 chan12_raw=0 chan13_raw=0 chan14_raw=0 chan15_raw=0 chan16_raw=0 chan17_raw=0 chan18_raw=0 rssi=255
2026-09-17 19:46:06.566 | SYS_STATUS               src=1.1    onboard_control_sensors_present=0 onboard_control_sensors_enabled=0 onboard_control_sensors_health=0 load=250 voltage_battery=16800 current_battery=1000 battery_remaining=98 drop_rate_comm=0 errors_comm=0 errors_count1=0 errors_count2=0 errors_count3=0 errors_count4=0
2026-09-17 19:46:06.566 | GPS_RAW_INT              src=1.1    time_usec=1789654566564548 fix_type=3 lat=133458059 lon=747940080 alt=74580 eph=100 epv=100 vel=0 cog=0 satellites_visible=16
2026-09-17 19:46:06.566 | EKF_STATUS_REPORT        src=1.1    flags=831 velocity_variance=0.09 pos_horiz_variance=0.001 pos_vert_variance=0.005 compass_variance=0.0004 terrain_alt_variance=0
2026-09-17 19:46:06.566 | FENCE_STATUS             src=1.1    breach_status=0 breach_count=0 breach_type=0 breach_time=0
2026-09-17 19:46:06.678 | GLOBAL_POSITION_INT      src=1.1    time_boot_ms=2948171541 lat=133458059 lon=747940080 alt=74580 relative_alt=-3619 vx=0 vy=0 vz=0 hdg=0
2026-09-17 19:46:06.678 | LOCAL_POSITION_NED       src=1.1    time_boot_ms=2948171541 x=12 y=-7 z=5.03918 vx=0 vy=0 vz=0
2026-09-17 19:46:06.679 | RC_CHANNELS              src=1.1    time_boot_ms=2948171541 chancount=0 chan1_raw=0 chan2_raw=0 chan3_raw=0 chan4_raw=0 chan5_raw=0 chan6_raw=0 chan7_raw=0 chan8_raw=0 chan9_raw=0 chan10_raw=0 chan11_raw=0 chan12_raw=0 chan13_raw=0 chan14_raw=0 chan15_raw=0 chan16_raw=0 chan17_raw=0 chan18_raw=0 rssi=255
2026-09-17 19:46:06.780 | GLOBAL_POSITION_INT      src=1.1    time_boot_ms=2948171644 lat=133458059 lon=747940080 alt=74580 relative_alt=-3619 vx=0 vy=0 vz=0 hdg=0
2026-09-17 19:46:06.781 | LOCAL_POSITION_NED       src=1.1    time_boot_ms=2948171644 x=12 y=-7 z=5.03918 vx=0 vy=0 vz=0
2026-09-17 19:46:06.781 | RC_CHANNELS              src=1.1    time_boot_ms=2948171644 chancount=0 chan1_raw=0 chan2_raw=0 chan3_raw=0 chan4_raw=0 chan5_raw=0 chan6_raw=0 chan7_raw=0 chan8_raw=0 chan9_raw=0 chan10_raw=0 chan11_raw=0 chan12_raw=0 chan13_raw=0 chan14_raw=0 chan15_raw=0 chan16_raw=0 chan17_raw=0 chan18_raw=0 rssi=255
2026-09-17 19:46:06.887 | GLOBAL_POSITION_INT      src=1.1    time_boot_ms=2948171748 lat=133458059 lon=747940080 alt=74580 relative_alt=-3619 vx=0 vy=0 vz=0 hdg=0
2026-09-17 19:46:06.888 | LOCAL_POSITION_NED       src=1.1    time_boot_ms=2948171748 x=12 y=-7 z=5.03918 vx=0 vy=0 vz=0
2026-09-17 19:46:06.888 | RC_CHANNELS              src=1.1    time_boot_ms=2948171748 chancount=0 chan1_raw=0 chan2_raw=0 chan3_raw=0 chan4_raw=0 chan5_raw=0 chan6_raw=0 chan7_raw=0 chan8_raw=0 chan9_raw=0 chan10_raw=0 chan11_raw=0 chan12_raw=0 chan13_raw=0 chan14_raw=0 chan15_raw=0 chan16_raw=0 chan17_raw=0 chan18_raw=0 rssi=255
2026-09-17 19:46:06.987 | GLOBAL_POSITION_INT      src=1.1    time_boot_ms=2948171850 lat=133458059 lon=747940080 alt=74580 relative_alt=-3619 vx=0 vy=0 vz=0 hdg=0
2026-09-17 19:46:06.987 | LOCAL_POSITION_NED       src=1.1    time_boot_ms=2948171850 x=12 y=-7 z=5.03918 vx=0 vy=0 vz=0
2026-09-17 19:46:06.987 | RC_CHANNELS              src=1.1    time_boot_ms=2948171850 chancount=0 chan1_raw=0 chan2_raw=0 chan3_raw=0 chan4_raw=0 chan5_raw=0 chan6_raw=0 chan7_raw=0 chan8_raw=0 chan9_raw=0 chan10_raw=0 chan11_raw=0 chan12_raw=0 chan13_raw=0 chan14_raw=0 chan15_raw=0 chan16_raw=0 chan17_raw=0 chan18_raw=0 rssi=255
2026-09-17 19:46:07.069 | HEARTBEAT                src=1.1    type=2 autopilot=3 base_mode=1 custom_mode=5 system_status=4 mavlink_version=3
2026-09-17 19:46:07.069 | SYS_STATUS               src=1.1    onboard_control_sensors_present=0 onboard_control_sensors_enabled=0 onboard_control_sensors_health=0 load=250 voltage_battery=16800 current_battery=1000 battery_remaining=98 drop_rate_comm=0 errors_comm=0 errors_count1=0 errors_count2=0 errors_count3=0 errors_count4=0
2026-09-17 19:46:07.069 | GPS_RAW_INT              src=1.1    time_usec=1789654567068540 fix_type=3 lat=133458059 lon=747940080 alt=74580 eph=100 epv=100 vel=0 cog=0 satellites_visible=16
2026-09-17 19:46:07.069 | EKF_STATUS_REPORT        src=1.1    flags=831 velocity_variance=0.09 pos_horiz_variance=0.001 pos_vert_variance=0.005 compass_variance=0.0004 terrain_alt_variance=0
2026-09-17 19:46:07.069 | FENCE_STATUS             src=1.1    breach_status=0 breach_count=0 breach_type=0 breach_time=0
2026-09-17 19:46:07.090 | GLOBAL_POSITION_INT      src=1.1    time_boot_ms=2948171953 lat=133458059 lon=747940080 alt=74580 relative_alt=-3619 vx=0 vy=0 vz=0 hdg=0
2026-09-17 19:46:07.090 | LOCAL_POSITION_NED       src=1.1    time_boot_ms=2948171953 x=12 y=-7 z=5.03918 vx=0 vy=0 vz=0
2026-09-17 19:46:07.090 | RC_CHANNELS              src=1.1    time_boot_ms=2948171953 chancount=0 chan1_raw=0 chan2_raw=0 chan3_raw=0 chan4_raw=0 chan5_raw=0 chan6_raw=0 chan7_raw=0 chan8_raw=0 chan9_raw=0 chan10_raw=0 chan11_raw=0 chan12_raw=0 chan13_raw=0 chan14_raw=0 chan15_raw=0 chan16_raw=0 chan17_raw=0 chan18_raw=0 rssi=255
2026-09-17 19:46:07.192 | GLOBAL_POSITION_INT      src=1.1    time_boot_ms=2948172055 lat=133458059 lon=747940080 alt=74580 relative_alt=-3619 vx=0 vy=0 vz=0 hdg=0
2026-09-17 19:46:07.192 | LOCAL_POSITION_NED       src=1.1    time_boot_ms=2948172055 x=12 y=-7 z=5.03918 vx=0 vy=0 vz=0
2026-09-17 19:46:07.192 | RC_CHANNELS              src=1.1    time_boot_ms=2948172055 chancount=0 chan1_raw=0 chan2_raw=0 chan3_raw=0 chan4_raw=0 chan5_raw=0 chan6_raw=0 chan7_raw=0 chan8_raw=0 chan9_raw=0 chan10_raw=0 chan11_raw=0 chan12_raw=0 chan13_raw=0 chan14_raw=0 chan15_raw=0 chan16_raw=0 chan17_raw=0 chan18_raw=0 rssi=255
2026-09-17 19:46:07.294 | GLOBAL_POSITION_INT      src=1.1    time_boot_ms=2948172157 lat=133458059 lon=747940080 alt=74580 relative_alt=-3619 vx=0 vy=0 vz=0 hdg=0
2026-09-17 19:46:07.294 | LOCAL_POSITION_NED       src=1.1    time_boot_ms=2948172157 x=12 y=-7 z=5.03918 vx=0 vy=0 vz=0
2026-09-17 19:46:07.294 | RC_CHANNELS              src=1.1    time_boot_ms=2948172157 chancount=0 chan1_raw=0 chan2_raw=0 chan3_raw=0 chan4_raw=0 chan5_raw=0 chan6_raw=0 chan7_raw=0 chan8_raw=0 chan9_raw=0 chan10_raw=0 chan11_raw=0 chan12_raw=0 chan13_raw=0 chan14_raw=0 chan15_raw=0 chan16_raw=0 chan17_raw=0 chan18_raw=0 rssi=255
2026-09-17 19:46:07.397 | GLOBAL_POSITION_INT      src=1.1    time_boot_ms=2948172260 lat=133458059 lon=747940080 alt=74580 relative_alt=-3619 vx=0 vy=0 vz=0 hdg=0
2026-09-17 19:46:07.397 | LOCAL_POSITION_NED       src=1.1    time_boot_ms=2948172260 x=12 y=-7 z=5.03918 vx=0 vy=0 vz=0
2026-09-17 19:46:07.397 | RC_CHANNELS              src=1.1    time_boot_ms=2948172260 chancount=0 chan1_raw=0 chan2_raw=0 chan3_raw=0 chan4_raw=0 chan5_raw=0 chan6_raw=0 chan7_raw=0 chan8_raw=0 chan9_raw=0 chan10_raw=0 chan11_raw=0 chan12_raw=0 chan13_raw=0 chan14_raw=0 chan15_raw=0 chan16_raw=0 chan17_raw=0 chan18_raw=0 rssi=255
2026-09-17 19:46:07.500 | GLOBAL_POSITION_INT      src=1.1    time_boot_ms=2948172363 lat=133458059 lon=747940080 alt=74580 relative_alt=-3619 vx=0 vy=0 vz=0 hdg=0
2026-09-17 19:46:07.500 | LOCAL_POSITION_NED       src=1.1    time_boot_ms=2948172363 x=12 y=-7 z=5.03918 vx=0 vy=0 vz=0
2026-09-17 19:46:07.500 | RC_CHANNELS              src=1.1    time_boot_ms=2948172363 chancount=0 chan1_raw=0 chan2_raw=0 chan3_raw=0 chan4_raw=0 chan5_raw=0 chan6_raw=0 chan7_raw=0 chan8_raw=0 chan9_raw=0 chan10_raw=0 chan11_raw=0 chan12_raw=0 chan13_raw=0 chan14_raw=0 chan15_raw=0 chan16_raw=0 chan17_raw=0 chan18_raw=0 rssi=255
2026-09-17 19:46:07.586 | HEARTBEAT                src=1.1    type=2 autopilot=3 base_mode=1 custom_mode=5 system_status=4 mavlink_version=3
2026-09-17 19:46:07.586 | SUMMARY mode=LOITER disarmed alt=-3.62m ned=(12.00,-7.00,5.04) gps=(13.3458059,74.7940080) fix=3 sats=16 eph=100 batt=16.80V/10.0A/98% ch8=0 rssi=255 ekf=0x033f v=0.09 p=0.00 c=0.00 rx=15099 drop=0
2026-09-17 19:46:07.586 | SYS_STATUS               src=1.1    onboard_control_sensors_present=0 onboard_control_sensors_enabled=0 onboard_control_sensors_health=0 load=250 voltage_battery=16800 current_battery=1000 battery_remaining=98 drop_rate_comm=0 errors_comm=0 errors_count1=0 errors_count2=0 errors_count3=0 errors_count4=0
2026-09-17 19:46:07.586 | GPS_RAW_INT              src=1.1    time_usec=1789654567585816 fix_type=3 lat=133458059 lon=747940080 alt=74580 eph=100 epv=100 vel=0 cog=0 satellites_visible=16
2026-09-17 19:46:07.586 | EKF_STATUS_REPORT        src=1.1    flags=831 velocity_variance=0.09 pos_horiz_variance=0.001 pos_vert_variance=0.005 compass_variance=0.0004 terrain_alt_variance=0
2026-09-17 19:46:07.587 | FENCE_STATUS             src=1.1    breach_status=0 breach_count=0 breach_type=0 breach_time=0
2026-09-17 19:46:07.608 | GLOBAL_POSITION_INT      src=1.1    time_boot_ms=2948172470 lat=133458059 lon=747940080 alt=74580 relative_alt=-3619 vx=0 vy=0 vz=0 hdg=0
2026-09-17 19:46:07.608 | LOCAL_POSITION_NED       src=1.1    time_boot_ms=2948172470 x=12 y=-7 z=5.03918 vx=0 vy=0 vz=0
2026-09-17 19:46:07.608 | RC_CHANNELS              src=1.1    time_boot_ms=2948172470 chancount=0 chan1_raw=0 chan2_raw=0 chan3_raw=0 chan4_raw=0 chan5_raw=0 chan6_raw=0 chan7_raw=0 chan8_raw=0 chan9_raw=0 chan10_raw=0 chan11_raw=0 chan12_raw=0 chan13_raw=0 chan14_raw=0 chan15_raw=0 chan16_raw=0 chan17_raw=0 chan18_raw=0 rssi=255
2026-09-17 19:46:07.721 | GLOBAL_POSITION_INT      src=1.1    time_boot_ms=2948172585 lat=133458059 lon=747940080 alt=74580 relative_alt=-3619 vx=0 vy=0 vz=0 hdg=0
2026-09-17 19:46:07.722 | LOCAL_POSITION_NED       src=1.1    time_boot_ms=2948172585 x=12 y=-7 z=5.03918 vx=0 vy=0 vz=0
2026-09-17 19:46:07.722 | RC_CHANNELS              src=1.1    time_boot_ms=2948172585 chancount=0 chan1_raw=0 chan2_raw=0 chan3_raw=0 chan4_raw=0 chan5_raw=0 chan6_raw=0 chan7_raw=0 chan8_raw=0 chan9_raw=0 chan10_raw=0 chan11_raw=0 chan12_raw=0 chan13_raw=0 chan14_raw=0 chan15_raw=0 chan16_raw=0 chan17_raw=0 chan18_raw=0 rssi=255
2026-09-17 19:46:07.824 | GLOBAL_POSITION_INT      src=1.1    time_boot_ms=2948172687 lat=133458059 lon=747940080 alt=74580 relative_alt=-3619 vx=0 vy=0 vz=0 hdg=0
2026-09-17 19:46:07.824 | LOCAL_POSITION_NED       src=1.1    time_boot_ms=2948172687 x=12 y=-7 z=5.03918 vx=0 vy=0 vz=0
2026-09-17 19:46:07.824 | RC_CHANNELS              src=1.1    time_boot_ms=2948172687 chancount=0 chan1_raw=0 chan2_raw=0 chan3_raw=0 chan4_raw=0 chan5_raw=0 chan6_raw=0 chan7_raw=0 chan8_raw=0 chan9_raw=0 chan10_raw=0 chan11_raw=0 chan12_raw=0 chan13_raw=0 chan14_raw=0 chan15_raw=0 chan16_raw=0 chan17_raw=0 chan18_raw=0 rssi=255
2026-09-17 19:46:07.928 | GLOBAL_POSITION_INT      src=1.1    time_boot_ms=2948172791 lat=133458059 lon=747940080 alt=74580 relative_alt=-3619 vx=0 vy=0 vz=0 hdg=0
2026-09-17 19:46:07.928 | LOCAL_POSITION_NED       src=1.1    time_boot_ms=2948172791 x=12 y=-7 z=5.03918 vx=0 vy=0 vz=0
2026-09-17 19:46:07.928 | RC_CHANNELS              src=1.1    time_boot_ms=2948172791 chancount=0 chan1_raw=0 chan2_raw=0 chan3_raw=0 chan4_raw=0 chan5_raw=0 chan6_raw=0 chan7_raw=0 chan8_raw=0 chan9_raw=0 chan10_raw=0 chan11_raw=0 chan12_raw=0 chan13_raw=0 chan14_raw=0 chan15_raw=0 chan16_raw=0 chan17_raw=0 chan18_raw=0 rssi=255
2026-09-17 19:46:08.030 | GLOBAL_POSITION_INT      src=1.1    time_boot_ms=2948172894 lat=133458059 lon=747940080 alt=74580 relative_alt=-3619 vx=0 vy=0 vz=0 hdg=0
2026-09-17 19:46:08.031 | LOCAL_POSITION_NED       src=1.1    time_boot_ms=2948172894 x=12 y=-7 z=5.03918 vx=0 vy=0 vz=0
2026-09-17 19:46:08.031 | RC_CHANNELS              src=1.1    time_boot_ms=2948172894 chancount=0 chan1_raw=0 chan2_raw=0 chan3_raw=0 chan4_raw=0 chan5_raw=0 chan6_raw=0 chan7_raw=0 chan8_raw=0 chan9_raw=0 chan10_raw=0 chan11_raw=0 chan12_raw=0 chan13_raw=0 chan14_raw=0 chan15_raw=0 chan16_raw=0 chan17_raw=0 chan18_raw=0 rssi=255
2026-09-17 19:46:08.093 | HEARTBEAT                src=1.1    type=2 autopilot=3 base_mode=1 custom_mode=5 system_status=4 mavlink_version=3
2026-09-17 19:46:08.093 | SYS_STATUS               src=1.1    onboard_control_sensors_present=0 onboard_control_sensors_enabled=0 onboard_control_sensors_health=0 load=250 voltage_battery=16800 current_battery=1000 battery_remaining=98 drop_rate_comm=0 errors_comm=0 errors_count1=0 errors_count2=0 errors_count3=0 errors_count4=0
2026-09-17 19:46:08.093 | GPS_RAW_INT              src=1.1    time_usec=1789654568092247 fix_type=3 lat=133458059 lon=747940080 alt=74580 eph=100 epv=100 vel=0 cog=0 satellites_visible=16
2026-09-17 19:46:08.093 | EKF_STATUS_REPORT        src=1.1    flags=831 velocity_variance=0.09 pos_horiz_variance=0.001 pos_vert_variance=0.005 compass_variance=0.0004 terrain_alt_variance=0
2026-09-17 19:46:08.093 | FENCE_STATUS             src=1.1    breach_status=0 breach_count=0 breach_type=0 breach_time=0
2026-09-17 19:46:08.134 | GLOBAL_POSITION_INT      src=1.1    time_boot_ms=2948172997 lat=133458059 lon=747940080 alt=74580 relative_alt=-3619 vx=0 vy=0 vz=0 hdg=0
2026-09-17 19:46:08.134 | LOCAL_POSITION_NED       src=1.1    time_boot_ms=2948172997 x=12 y=-7 z=5.03918 vx=0 vy=0 vz=0
2026-09-17 19:46:08.134 | RC_CHANNELS              src=1.1    time_boot_ms=2948172997 chancount=0 chan1_raw=0 chan2_raw=0 chan3_raw=0 chan4_raw=0 chan5_raw=0 chan6_raw=0 chan7_raw=0 chan8_raw=0 chan9_raw=0 chan10_raw=0 chan11_raw=0 chan12_raw=0 chan13_raw=0 chan14_raw=0 chan15_raw=0 chan16_raw=0 chan17_raw=0 chan18_raw=0 rssi=255
2026-09-17 19:46:08.237 | GLOBAL_POSITION_INT      src=1.1    time_boot_ms=2948173100 lat=133458059 lon=747940080 alt=74580 relative_alt=-3619 vx=0 vy=0 vz=0 hdg=0
2026-09-17 19:46:08.237 | LOCAL_POSITION_NED       src=1.1    time_boot_ms=2948173100 x=12 y=-7 z=5.03918 vx=0 vy=0 vz=0
2026-09-17 19:46:08.237 | RC_CHANNELS              src=1.1    time_boot_ms=2948173100 chancount=0 chan1_raw=0 chan2_raw=0 chan3_raw=0 chan4_raw=0 chan5_raw=0 chan6_raw=0 chan7_raw=0 chan8_raw=0 chan9_raw=0 chan10_raw=0 chan11_raw=0 chan12_raw=0 chan13_raw=0 chan14_raw=0 chan15_raw=0 chan16_raw=0 chan17_raw=0 chan18_raw=0 rssi=255
2026-09-17 19:46:08.339 | GLOBAL_POSITION_INT      src=1.1    time_boot_ms=2948173203 lat=133458059 lon=747940080 alt=74580 relative_alt=-3619 vx=0 vy=0 vz=0 hdg=0
2026-09-17 19:46:08.340 | LOCAL_POSITION_NED       src=1.1    time_boot_ms=2948173203 x=12 y=-7 z=5.03918 vx=0 vy=0 vz=0
2026-09-17 19:46:08.340 | RC_CHANNELS              src=1.1    time_boot_ms=2948173203 chancount=0 chan1_raw=0 chan2_raw=0 chan3_raw=0 chan4_raw=0 chan5_raw=0 chan6_raw=0 chan7_raw=0 chan8_raw=0 chan9_raw=0 chan10_raw=0 chan11_raw=0 chan12_raw=0 chan13_raw=0 chan14_raw=0 chan15_raw=0 chan16_raw=0 chan17_raw=0 chan18_raw=0 rssi=255
2026-09-17 19:46:08.442 | GLOBAL_POSITION_INT      src=1.1    time_boot_ms=2948173305 lat=133458059 lon=747940080 alt=74580 relative_alt=-3619 vx=0 vy=0 vz=0 hdg=0
2026-09-17 19:46:08.442 | LOCAL_POSITION_NED       src=1.1    time_boot_ms=2948173305 x=12 y=-7 z=5.03918 vx=0 vy=0 vz=0
2026-09-17 19:46:08.442 | RC_CHANNELS              src=1.1    time_boot_ms=2948173305 chancount=0 chan1_raw=0 chan2_raw=0 chan3_raw=0 chan4_raw=0 chan5_raw=0 chan6_raw=0 chan7_raw=0 chan8_raw=0 chan9_raw=0 chan10_raw=0 chan11_raw=0 chan12_raw=0 chan13_raw=0 chan14_raw=0 chan15_raw=0 chan16_raw=0 chan17_raw=0 chan18_raw=0 rssi=255
2026-09-17 19:46:08.544 | GLOBAL_POSITION_INT      src=1.1    time_boot_ms=2948173407 lat=133458059 lon=747940080 alt=74580 relative_alt=-3619 vx=0 vy=0 vz=0 hdg=0
2026-09-17 19:46:08.544 | LOCAL_POSITION_NED       src=1.1    time_boot_ms=2948173407 x=12 y=-7 z=5.03918 vx=0 vy=0 vz=0
2026-09-17 19:46:08.544 | RC_CHANNELS              src=1.1    time_boot_ms=2948173407 chancount=0 chan1_raw=0 chan2_raw=0 chan3_raw=0 chan4_raw=0 chan5_raw=0 chan6_raw=0 chan7_raw=0 chan8_raw=0 chan9_raw=0 chan10_raw=0 chan11_raw=0 chan12_raw=0 chan13_raw=0 chan14_raw=0 chan15_raw=0 chan16_raw=0 chan17_raw=0 chan18_raw=0 rssi=255
2026-09-17 19:46:08.609 | HEARTBEAT                src=1.1    type=2 autopilot=3 base_mode=1 custom_mode=5 system_status=4 mavlink_version=3
2026-09-17 19:46:08.609 | SUMMARY mode=LOITER disarmed alt=-3.62m ned=(12.00,-7.00,5.04) gps=(13.3458059,74.7940080) fix=3 sats=16 eph=100 batt=16.80V/10.0A/98% ch8=0 rssi=255 ekf=0x033f v=0.09 p=0.00 c=0.00 rx=15139 drop=0
2026-09-17 19:46:08.609 | SYS_STATUS               src=1.1    onboard_control_sensors_present=0 onboard_control_sensors_enabled=0 onboard_control_sensors_health=0 load=250 voltage_battery=16800 current_battery=1000 battery_remaining=98 drop_rate_comm=0 errors_comm=0 errors_count1=0 errors_count2=0 errors_count3=0 errors_count4=0
2026-09-17 19:46:08.609 | GPS_RAW_INT              src=1.1    time_usec=1789654568607826 fix_type=3 lat=133458059 lon=747940080 alt=74580 eph=100 epv=100 vel=0 cog=0 satellites_visible=16
2026-09-17 19:46:08.609 | EKF_STATUS_REPORT        src=1.1    flags=831 velocity_variance=0.09 pos_horiz_variance=0.001 pos_vert_variance=0.005 compass_variance=0.0004 terrain_alt_variance=0
2026-09-17 19:46:08.609 | FENCE_STATUS             src=1.1    breach_status=0 breach_count=0 breach_type=0 breach_time=0
2026-09-17 19:46:08.659 | GLOBAL_POSITION_INT      src=1.1    time_boot_ms=2948173523 lat=133458059 lon=747940080 alt=74580 relative_alt=-3619 vx=0 vy=0 vz=0 hdg=0
2026-09-17 19:46:08.659 | LOCAL_POSITION_NED       src=1.1    time_boot_ms=2948173523 x=12 y=-7 z=5.03918 vx=0 vy=0 vz=0
2026-09-17 19:46:08.660 | RC_CHANNELS              src=1.1    time_boot_ms=2948173523 chancount=0 chan1_raw=0 chan2_raw=0 chan3_raw=0 chan4_raw=0 chan5_raw=0 chan6_raw=0 chan7_raw=0 chan8_raw=0 chan9_raw=0 chan10_raw=0 chan11_raw=0 chan12_raw=0 chan13_raw=0 chan14_raw=0 chan15_raw=0 chan16_raw=0 chan17_raw=0 chan18_raw=0 rssi=255
2026-09-17 19:46:08.762 | GLOBAL_POSITION_INT      src=1.1    time_boot_ms=2948173625 lat=133458059 lon=747940080 alt=74580 relative_alt=-3619 vx=0 vy=0 vz=0 hdg=0
2026-09-17 19:46:08.762 | LOCAL_POSITION_NED       src=1.1    time_boot_ms=2948173625 x=12 y=-7 z=5.03918 vx=0 vy=0 vz=0
2026-09-17 19:46:08.762 | RC_CHANNELS              src=1.1    time_boot_ms=2948173625 chancount=0 chan1_raw=0 chan2_raw=0 chan3_raw=0 chan4_raw=0 chan5_raw=0 chan6_raw=0 chan7_raw=0 chan8_raw=0 chan9_raw=0 chan10_raw=0 chan11_raw=0 chan12_raw=0 chan13_raw=0 chan14_raw=0 chan15_raw=0 chan16_raw=0 chan17_raw=0 chan18_raw=0 rssi=255
2026-09-17 19:46:08.864 | GLOBAL_POSITION_INT      src=1.1    time_boot_ms=2948173728 lat=133458059 lon=747940080 alt=74580 relative_alt=-3619 vx=0 vy=0 vz=0 hdg=0
2026-09-17 19:46:08.864 | LOCAL_POSITION_NED       src=1.1    time_boot_ms=2948173728 x=12 y=-7 z=5.03918 vx=0 vy=0 vz=0
2026-09-17 19:46:08.865 | RC_CHANNELS              src=1.1    time_boot_ms=2948173728 chancount=0 chan1_raw=0 chan2_raw=0 chan3_raw=0 chan4_raw=0 chan5_raw=0 chan6_raw=0 chan7_raw=0 chan8_raw=0 chan9_raw=0 chan10_raw=0 chan11_raw=0 chan12_raw=0 chan13_raw=0 chan14_raw=0 chan15_raw=0 chan16_raw=0 chan17_raw=0 chan18_raw=0 rssi=255
2026-09-17 19:46:08.966 | GLOBAL_POSITION_INT      src=1.1    time_boot_ms=2948173830 lat=133458059 lon=747940080 alt=74580 relative_alt=-3619 vx=0 vy=0 vz=0 hdg=0
2026-09-17 19:46:08.967 | LOCAL_POSITION_NED       src=1.1    time_boot_ms=2948173830 x=12 y=-7 z=5.03918 vx=0 vy=0 vz=0
2026-09-17 19:46:08.967 | RC_CHANNELS              src=1.1    time_boot_ms=2948173830 chancount=0 chan1_raw=0 chan2_raw=0 chan3_raw=0 chan4_raw=0 chan5_raw=0 chan6_raw=0 chan7_raw=0 chan8_raw=0 chan9_raw=0 chan10_raw=0 chan11_raw=0 chan12_raw=0 chan13_raw=0 chan14_raw=0 chan15_raw=0 chan16_raw=0 chan17_raw=0 chan18_raw=0 rssi=255
2026-09-17 19:46:09.068 | GLOBAL_POSITION_INT      src=1.1    time_boot_ms=2948173932 lat=133458059 lon=747940080 alt=74580 relative_alt=-3619 vx=0 vy=0 vz=0 hdg=0
2026-09-17 19:46:09.069 | LOCAL_POSITION_NED       src=1.1    time_boot_ms=2948173932 x=12 y=-7 z=5.03918 vx=0 vy=0 vz=0
2026-09-17 19:46:09.069 | RC_CHANNELS              src=1.1    time_boot_ms=2948173932 chancount=0 chan1_raw=0 chan2_raw=0 chan3_raw=0 chan4_raw=0 chan5_raw=0 chan6_raw=0 chan7_raw=0 chan8_raw=0 chan9_raw=0 chan10_raw=0 chan11_raw=0 chan12_raw=0 chan13_raw=0 chan14_raw=0 chan15_raw=0 chan16_raw=0 chan17_raw=0 chan18_raw=0 rssi=255
2026-09-17 19:46:09.110 | HEARTBEAT                src=1.1    type=2 autopilot=3 base_mode=1 custom_mode=5 system_status=4 mavlink_version=3
2026-09-17 19:46:09.110 | SYS_STATUS               src=1.1    onboard_control_sensors_present=0 onboard_control_sensors_enabled=0 onboard_control_sensors_health=0 load=250 voltage_battery=16800 current_battery=1000 battery_remaining=98 drop_rate_comm=0 errors_comm=0 errors_count1=0 errors_count2=0 errors_count3=0 errors_count4=0
2026-09-17 19:46:09.110 | GPS_RAW_INT              src=1.1    time_usec=1789654569109278 fix_type=3 lat=133458059 lon=747940080 alt=74580 eph=100 epv=100 vel=0 cog=0 satellites_visible=16
2026-09-17 19:46:09.110 | EKF_STATUS_REPORT        src=1.1    flags=831 velocity_variance=0.09 pos_horiz_variance=0.001 pos_vert_variance=0.005 compass_variance=0.0004 terrain_alt_variance=0
2026-09-17 19:46:09.110 | FENCE_STATUS             src=1.1    breach_status=0 breach_count=0 breach_type=0 breach_time=0
2026-09-17 19:46:09.171 | GLOBAL_POSITION_INT      src=1.1    time_boot_ms=2948174034 lat=133458059 lon=747940080 alt=74580 relative_alt=-3619 vx=0 vy=0 vz=0 hdg=0
2026-09-17 19:46:09.171 | LOCAL_POSITION_NED       src=1.1    time_boot_ms=2948174034 x=12 y=-7 z=5.03918 vx=0 vy=0 vz=0
2026-09-17 19:46:09.171 | RC_CHANNELS              src=1.1    time_boot_ms=2948174034 chancount=0 chan1_raw=0 chan2_raw=0 chan3_raw=0 chan4_raw=0 chan5_raw=0 chan6_raw=0 chan7_raw=0 chan8_raw=0 chan9_raw=0 chan10_raw=0 chan11_raw=0 chan12_raw=0 chan13_raw=0 chan14_raw=0 chan15_raw=0 chan16_raw=0 chan17_raw=0 chan18_raw=0 rssi=255
2026-09-17 19:46:09.273 | GLOBAL_POSITION_INT      src=1.1    time_boot_ms=2948174136 lat=133458059 lon=747940080 alt=74580 relative_alt=-3619 vx=0 vy=0 vz=0 hdg=0
2026-09-17 19:46:09.273 | LOCAL_POSITION_NED       src=1.1    time_boot_ms=2948174136 x=12 y=-7 z=5.03918 vx=0 vy=0 vz=0
2026-09-17 19:46:09.273 | RC_CHANNELS              src=1.1    time_boot_ms=2948174136 chancount=0 chan1_raw=0 chan2_raw=0 chan3_raw=0 chan4_raw=0 chan5_raw=0 chan6_raw=0 chan7_raw=0 chan8_raw=0 chan9_raw=0 chan10_raw=0 chan11_raw=0 chan12_raw=0 chan13_raw=0 chan14_raw=0 chan15_raw=0 chan16_raw=0 chan17_raw=0 chan18_raw=0 rssi=255
2026-09-17 19:46:09.376 | GLOBAL_POSITION_INT      src=1.1    time_boot_ms=2948174239 lat=133458059 lon=747940080 alt=74580 relative_alt=-3619 vx=0 vy=0 vz=0 hdg=0
2026-09-17 19:46:09.376 | LOCAL_POSITION_NED       src=1.1    time_boot_ms=2948174239 x=12 y=-7 z=5.03918 vx=0 vy=0 vz=0
2026-09-17 19:46:09.376 | RC_CHANNELS              src=1.1    time_boot_ms=2948174239 chancount=0 chan1_raw=0 chan2_raw=0 chan3_raw=0 chan4_raw=0 chan5_raw=0 chan6_raw=0 chan7_raw=0 chan8_raw=0 chan9_raw=0 chan10_raw=0 chan11_raw=0 chan12_raw=0 chan13_raw=0 chan14_raw=0 chan15_raw=0 chan16_raw=0 chan17_raw=0 chan18_raw=0 rssi=255
2026-09-17 19:46:09.477 | GLOBAL_POSITION_INT      src=1.1    time_boot_ms=2948174341 lat=133458059 lon=747940080 alt=74580 relative_alt=-3619 vx=0 vy=0 vz=0 hdg=0
2026-09-17 19:46:09.478 | LOCAL_POSITION_NED       src=1.1    time_boot_ms=2948174341 x=12 y=-7 z=5.03918 vx=0 vy=0 vz=0
2026-09-17 19:46:09.478 | RC_CHANNELS              src=1.1    time_boot_ms=2948174341 chancount=0 chan1_raw=0 chan2_raw=0 chan3_raw=0 chan4_raw=0 chan5_raw=0 chan6_raw=0 chan7_raw=0 chan8_raw=0 chan9_raw=0 chan10_raw=0 chan11_raw=0 chan12_raw=0 chan13_raw=0 chan14_raw=0 chan15_raw=0 chan16_raw=0 chan17_raw=0 chan18_raw=0 rssi=255
2026-09-17 19:46:09.580 | GLOBAL_POSITION_INT      src=1.1    time_boot_ms=2948174443 lat=133458059 lon=747940080 alt=74580 relative_alt=-3619 vx=0 vy=0 vz=0 hdg=0
2026-09-17 19:46:09.580 | LOCAL_POSITION_NED       src=1.1    time_boot_ms=2948174443 x=12 y=-7 z=5.03918 vx=0 vy=0 vz=0
2026-09-17 19:46:09.581 | RC_CHANNELS              src=1.1    time_boot_ms=2948174443 chancount=0 chan1_raw=0 chan2_raw=0 chan3_raw=0 chan4_raw=0 chan5_raw=0 chan6_raw=0 chan7_raw=0 chan8_raw=0 chan9_raw=0 chan10_raw=0 chan11_raw=0 chan12_raw=0 chan13_raw=0 chan14_raw=0 chan15_raw=0 chan16_raw=0 chan17_raw=0 chan18_raw=0 rssi=255
2026-09-17 19:46:09.621 | HEARTBEAT                src=1.1    type=2 autopilot=3 base_mode=1 custom_mode=5 system_status=4 mavlink_version=3
2026-09-17 19:46:09.622 | SUMMARY mode=LOITER disarmed alt=-3.62m ned=(12.00,-7.00,5.04) gps=(13.3458059,74.7940080) fix=3 sats=16 eph=100 batt=16.80V/10.0A/98% ch8=0 rssi=255 ekf=0x033f v=0.09 p=0.00 c=0.00 rx=15179 drop=0
2026-09-17 19:46:09.622 | SYS_STATUS               src=1.1    onboard_control_sensors_present=0 onboard_control_sensors_enabled=0 onboard_control_sensors_health=0 load=250 voltage_battery=16800 current_battery=1000 battery_remaining=98 drop_rate_comm=0 errors_comm=0 errors_count1=0 errors_count2=0 errors_count3=0 errors_count4=0
2026-09-17 19:46:09.622 | GPS_RAW_INT              src=1.1    time_usec=1789654569621130 fix_type=3 lat=133458059 lon=747940080 alt=74580 eph=100 epv=100 vel=0 cog=0 satellites_visible=16
2026-09-17 19:46:09.622 | EKF_STATUS_REPORT        src=1.1    flags=831 velocity_variance=0.09 pos_horiz_variance=0.001 pos_vert_variance=0.005 compass_variance=0.0004 terrain_alt_variance=0
2026-09-17 19:46:09.622 | FENCE_STATUS             src=1.1    breach_status=0 breach_count=0 breach_type=0 breach_time=0
2026-09-17 19:46:09.706 | GLOBAL_POSITION_INT      src=1.1    time_boot_ms=2948174566 lat=133458059 lon=747940080 alt=74580 relative_alt=-3619 vx=0 vy=0 vz=0 hdg=0
2026-09-17 19:46:09.706 | LOCAL_POSITION_NED       src=1.1    time_boot_ms=2948174566 x=12 y=-7 z=5.03918 vx=0 vy=0 vz=0
2026-09-17 19:46:09.706 | RC_CHANNELS              src=1.1    time_boot_ms=2948174566 chancount=0 chan1_raw=0 chan2_raw=0 chan3_raw=0 chan4_raw=0 chan5_raw=0 chan6_raw=0 chan7_raw=0 chan8_raw=0 chan9_raw=0 chan10_raw=0 chan11_raw=0 chan12_raw=0 chan13_raw=0 chan14_raw=0 chan15_raw=0 chan16_raw=0 chan17_raw=0 chan18_raw=0 rssi=255
2026-09-17 19:46:09.810 | GLOBAL_POSITION_INT      src=1.1    time_boot_ms=2948174673 lat=133458059 lon=747940080 alt=74580 relative_alt=-3619 vx=0 vy=0 vz=0 hdg=0
2026-09-17 19:46:09.810 | LOCAL_POSITION_NED       src=1.1    time_boot_ms=2948174673 x=12 y=-7 z=5.03918 vx=0 vy=0 vz=0
2026-09-17 19:46:09.810 | RC_CHANNELS              src=1.1    time_boot_ms=2948174673 chancount=0 chan1_raw=0 chan2_raw=0 chan3_raw=0 chan4_raw=0 chan5_raw=0 chan6_raw=0 chan7_raw=0 chan8_raw=0 chan9_raw=0 chan10_raw=0 chan11_raw=0 chan12_raw=0 chan13_raw=0 chan14_raw=0 chan15_raw=0 chan16_raw=0 chan17_raw=0 chan18_raw=0 rssi=255
2026-09-17 19:46:09.914 | GLOBAL_POSITION_INT      src=1.1    time_boot_ms=2948174777 lat=133458059 lon=747940080 alt=74580 relative_alt=-3619 vx=0 vy=0 vz=0 hdg=0
2026-09-17 19:46:09.915 | LOCAL_POSITION_NED       src=1.1    time_boot_ms=2948174777 x=12 y=-7 z=5.03918 vx=0 vy=0 vz=0
2026-09-17 19:46:09.915 | RC_CHANNELS              src=1.1    time_boot_ms=2948174777 chancount=0 chan1_raw=0 chan2_raw=0 chan3_raw=0 chan4_raw=0 chan5_raw=0 chan6_raw=0 chan7_raw=0 chan8_raw=0 chan9_raw=0 chan10_raw=0 chan11_raw=0 chan12_raw=0 chan13_raw=0 chan14_raw=0 chan15_raw=0 chan16_raw=0 chan17_raw=0 chan18_raw=0 rssi=255
2026-09-17 19:46:10.017 | GLOBAL_POSITION_INT      src=1.1    time_boot_ms=2948174880 lat=133458059 lon=747940080 alt=74580 relative_alt=-3619 vx=0 vy=0 vz=0 hdg=0
2026-09-17 19:46:10.017 | LOCAL_POSITION_NED       src=1.1    time_boot_ms=2948174880 x=12 y=-7 z=5.03918 vx=0 vy=0 vz=0
2026-09-17 19:46:10.017 | RC_CHANNELS              src=1.1    time_boot_ms=2948174880 chancount=0 chan1_raw=0 chan2_raw=0 chan3_raw=0 chan4_raw=0 chan5_raw=0 chan6_raw=0 chan7_raw=0 chan8_raw=0 chan9_raw=0 chan10_raw=0 chan11_raw=0 chan12_raw=0 chan13_raw=0 chan14_raw=0 chan15_raw=0 chan16_raw=0 chan17_raw=0 chan18_raw=0 rssi=255
2026-09-17 19:46:10.120 | GLOBAL_POSITION_INT      src=1.1    time_boot_ms=2948174983 lat=133458059 lon=747940080 alt=74580 relative_alt=-3619 vx=0 vy=0 vz=0 hdg=0
2026-09-17 19:46:10.120 | LOCAL_POSITION_NED       src=1.1    time_boot_ms=2948174983 x=12 y=-7 z=5.03918 vx=0 vy=0 vz=0
2026-09-17 19:46:10.120 | RC_CHANNELS              src=1.1    time_boot_ms=2948174983 chancount=0 chan1_raw=0 chan2_raw=0 chan3_raw=0 chan4_raw=0 chan5_raw=0 chan6_raw=0 chan7_raw=0 chan8_raw=0 chan9_raw=0 chan10_raw=0 chan11_raw=0 chan12_raw=0 chan13_raw=0 chan14_raw=0 chan15_raw=0 chan16_raw=0 chan17_raw=0 chan18_raw=0 rssi=255
2026-09-17 19:46:10.141 | HEARTBEAT                src=1.1    type=2 autopilot=3 base_mode=1 custom_mode=5 system_status=4 mavlink_version=3
2026-09-17 19:46:10.141 | SYS_STATUS               src=1.1    onboard_control_sensors_present=0 onboard_control_sensors_enabled=0 onboard_control_sensors_health=0 load=250 voltage_battery=16800 current_battery=1000 battery_remaining=98 drop_rate_comm=0 errors_comm=0 errors_count1=0 errors_count2=0 errors_count3=0 errors_count4=0
2026-09-17 19:46:10.141 | GPS_RAW_INT              src=1.1    time_usec=1789654570140311 fix_type=3 lat=133458059 lon=747940080 alt=74580 eph=100 epv=100 vel=0 cog=0 satellites_visible=16
2026-09-17 19:46:10.141 | EKF_STATUS_REPORT        src=1.1    flags=831 velocity_variance=0.09 pos_horiz_variance=0.001 pos_vert_variance=0.005 compass_variance=0.0004 terrain_alt_variance=0
2026-09-17 19:46:10.141 | FENCE_STATUS             src=1.1    breach_status=0 breach_count=0 breach_type=0 breach_time=0
2026-09-17 19:46:10.223 | GLOBAL_POSITION_INT      src=1.1    time_boot_ms=2948175086 lat=133458059 lon=747940080 alt=74580 relative_alt=-3619 vx=0 vy=0 vz=0 hdg=0
2026-09-17 19:46:10.223 | LOCAL_POSITION_NED       src=1.1    time_boot_ms=2948175086 x=12 y=-7 z=5.03918 vx=0 vy=0 vz=0
2026-09-17 19:46:10.223 | RC_CHANNELS              src=1.1    time_boot_ms=2948175086 chancount=0 chan1_raw=0 chan2_raw=0 chan3_raw=0 chan4_raw=0 chan5_raw=0 chan6_raw=0 chan7_raw=0 chan8_raw=0 chan9_raw=0 chan10_raw=0 chan11_raw=0 chan12_raw=0 chan13_raw=0 chan14_raw=0 chan15_raw=0 chan16_raw=0 chan17_raw=0 chan18_raw=0 rssi=255
2026-09-17 19:46:10.325 | GLOBAL_POSITION_INT      src=1.1    time_boot_ms=2948175188 lat=133458059 lon=747940080 alt=74580 relative_alt=-3619 vx=0 vy=0 vz=0 hdg=0
2026-09-17 19:46:10.325 | LOCAL_POSITION_NED       src=1.1    time_boot_ms=2948175188 x=12 y=-7 z=5.03918 vx=0 vy=0 vz=0
2026-09-17 19:46:10.326 | RC_CHANNELS              src=1.1    time_boot_ms=2948175188 chancount=0 chan1_raw=0 chan2_raw=0 chan3_raw=0 chan4_raw=0 chan5_raw=0 chan6_raw=0 chan7_raw=0 chan8_raw=0 chan9_raw=0 chan10_raw=0 chan11_raw=0 chan12_raw=0 chan13_raw=0 chan14_raw=0 chan15_raw=0 chan16_raw=0 chan17_raw=0 chan18_raw=0 rssi=255
2026-09-17 19:46:10.427 | GLOBAL_POSITION_INT      src=1.1    time_boot_ms=2948175291 lat=133458059 lon=747940080 alt=74580 relative_alt=-3619 vx=0 vy=0 vz=0 hdg=0
2026-09-17 19:46:10.428 | LOCAL_POSITION_NED       src=1.1    time_boot_ms=2948175291 x=12 y=-7 z=5.03918 vx=0 vy=0 vz=0
2026-09-17 19:46:10.428 | RC_CHANNELS              src=1.1    time_boot_ms=2948175291 chancount=0 chan1_raw=0 chan2_raw=0 chan3_raw=0 chan4_raw=0 chan5_raw=0 chan6_raw=0 chan7_raw=0 chan8_raw=0 chan9_raw=0 chan10_raw=0 chan11_raw=0 chan12_raw=0 chan13_raw=0 chan14_raw=0 chan15_raw=0 chan16_raw=0 chan17_raw=0 chan18_raw=0 rssi=255
2026-09-17 19:46:10.531 | GLOBAL_POSITION_INT      src=1.1    time_boot_ms=2948175394 lat=133458059 lon=747940080 alt=74580 relative_alt=-3619 vx=0 vy=0 vz=0 hdg=0
2026-09-17 19:46:10.531 | LOCAL_POSITION_NED       src=1.1    time_boot_ms=2948175394 x=12 y=-7 z=5.03918 vx=0 vy=0 vz=0
2026-09-17 19:46:10.532 | RC_CHANNELS              src=1.1    time_boot_ms=2948175394 chancount=0 chan1_raw=0 chan2_raw=0 chan3_raw=0 chan4_raw=0 chan5_raw=0 chan6_raw=0 chan7_raw=0 chan8_raw=0 chan9_raw=0 chan10_raw=0 chan11_raw=0 chan12_raw=0 chan13_raw=0 chan14_raw=0 chan15_raw=0 chan16_raw=0 chan17_raw=0 chan18_raw=0 rssi=255
2026-09-17 19:46:10.635 | GLOBAL_POSITION_INT      src=1.1    time_boot_ms=2948175498 lat=133458059 lon=747940080 alt=74580 relative_alt=-3619 vx=0 vy=0 vz=0 hdg=0
2026-09-17 19:46:10.635 | SUMMARY mode=LOITER disarmed alt=-3.62m ned=(12.00,-7.00,5.04) gps=(13.3458059,74.7940080) fix=3 sats=16 eph=100 batt=16.80V/10.0A/98% ch8=0 rssi=255 ekf=0x033f v=0.09 p=0.00 c=0.00 rx=15216 drop=0
2026-09-17 19:46:10.635 | LOCAL_POSITION_NED       src=1.1    time_boot_ms=2948175498 x=12 y=-7 z=5.03918 vx=0 vy=0 vz=0
2026-09-17 19:46:10.635 | RC_CHANNELS              src=1.1    time_boot_ms=2948175498 chancount=0 chan1_raw=0 chan2_raw=0 chan3_raw=0 chan4_raw=0 chan5_raw=0 chan6_raw=0 chan7_raw=0 chan8_raw=0 chan9_raw=0 chan10_raw=0 chan11_raw=0 chan12_raw=0 chan13_raw=0 chan14_raw=0 chan15_raw=0 chan16_raw=0 chan17_raw=0 chan18_raw=0 rssi=255
2026-09-17 19:46:10.660 | HEARTBEAT                src=1.1    type=2 autopilot=3 base_mode=1 custom_mode=5 system_status=4 mavlink_version=3
2026-09-17 19:46:10.660 | SYS_STATUS               src=1.1    onboard_control_sensors_present=0 onboard_control_sensors_enabled=0 onboard_control_sensors_health=0 load=250 voltage_battery=16800 current_battery=1000 battery_remaining=98 drop_rate_comm=0 errors_comm=0 errors_count1=0 errors_count2=0 errors_count3=0 errors_count4=0
2026-09-17 19:46:10.660 | GPS_RAW_INT              src=1.1    time_usec=1789654570659290 fix_type=3 lat=133458059 lon=747940080 alt=74580 eph=100 epv=100 vel=0 cog=0 satellites_visible=16
2026-09-17 19:46:10.660 | EKF_STATUS_REPORT        src=1.1    flags=831 velocity_variance=0.09 pos_horiz_variance=0.001 pos_vert_variance=0.005 compass_variance=0.0004 terrain_alt_variance=0
2026-09-17 19:46:10.660 | FENCE_STATUS             src=1.1    breach_status=0 breach_count=0 breach_type=0 breach_time=0
2026-09-17 19:46:10.743 | GLOBAL_POSITION_INT      src=1.1    time_boot_ms=2948175606 lat=133458059 lon=747940080 alt=74580 relative_alt=-3619 vx=0 vy=0 vz=0 hdg=0
2026-09-17 19:46:10.743 | LOCAL_POSITION_NED       src=1.1    time_boot_ms=2948175606 x=12 y=-7 z=5.03918 vx=0 vy=0 vz=0
2026-09-17 19:46:10.743 | RC_CHANNELS              src=1.1    time_boot_ms=2948175606 chancount=0 chan1_raw=0 chan2_raw=0 chan3_raw=0 chan4_raw=0 chan5_raw=0 chan6_raw=0 chan7_raw=0 chan8_raw=0 chan9_raw=0 chan10_raw=0 chan11_raw=0 chan12_raw=0 chan13_raw=0 chan14_raw=0 chan15_raw=0 chan16_raw=0 chan17_raw=0 chan18_raw=0 rssi=255
2026-09-17 19:46:10.846 | GLOBAL_POSITION_INT      src=1.1    time_boot_ms=2948175708 lat=133458059 lon=747940080 alt=74580 relative_alt=-3619 vx=0 vy=0 vz=0 hdg=0
2026-09-17 19:46:10.846 | LOCAL_POSITION_NED       src=1.1    time_boot_ms=2948175708 x=12 y=-7 z=5.03918 vx=0 vy=0 vz=0
2026-09-17 19:46:10.846 | RC_CHANNELS              src=1.1    time_boot_ms=2948175708 chancount=0 chan1_raw=0 chan2_raw=0 chan3_raw=0 chan4_raw=0 chan5_raw=0 chan6_raw=0 chan7_raw=0 chan8_raw=0 chan9_raw=0 chan10_raw=0 chan11_raw=0 chan12_raw=0 chan13_raw=0 chan14_raw=0 chan15_raw=0 chan16_raw=0 chan17_raw=0 chan18_raw=0 rssi=255
2026-09-17 19:46:10.948 | GLOBAL_POSITION_INT      src=1.1    time_boot_ms=2948175811 lat=133458059 lon=747940080 alt=74580 relative_alt=-3619 vx=0 vy=0 vz=0 hdg=0
2026-09-17 19:46:10.948 | LOCAL_POSITION_NED       src=1.1    time_boot_ms=2948175811 x=12 y=-7 z=5.03918 vx=0 vy=0 vz=0
2026-09-17 19:46:10.948 | RC_CHANNELS              src=1.1    time_boot_ms=2948175811 chancount=0 chan1_raw=0 chan2_raw=0 chan3_raw=0 chan4_raw=0 chan5_raw=0 chan6_raw=0 chan7_raw=0 chan8_raw=0 chan9_raw=0 chan10_raw=0 chan11_raw=0 chan12_raw=0 chan13_raw=0 chan14_raw=0 chan15_raw=0 chan16_raw=0 chan17_raw=0 chan18_raw=0 rssi=255
2026-09-17 19:46:11.050 | GLOBAL_POSITION_INT      src=1.1    time_boot_ms=2948175913 lat=133458059 lon=747940080 alt=74580 relative_alt=-3619 vx=0 vy=0 vz=0 hdg=0
2026-09-17 19:46:11.050 | LOCAL_POSITION_NED       src=1.1    time_boot_ms=2948175913 x=12 y=-7 z=5.03918 vx=0 vy=0 vz=0
2026-09-17 19:46:11.050 | RC_CHANNELS              src=1.1    time_boot_ms=2948175913 chancount=0 chan1_raw=0 chan2_raw=0 chan3_raw=0 chan4_raw=0 chan5_raw=0 chan6_raw=0 chan7_raw=0 chan8_raw=0 chan9_raw=0 chan10_raw=0 chan11_raw=0 chan12_raw=0 chan13_raw=0 chan14_raw=0 chan15_raw=0 chan16_raw=0 chan17_raw=0 chan18_raw=0 rssi=255
2026-09-17 19:46:11.152 | GLOBAL_POSITION_INT      src=1.1    time_boot_ms=2948176015 lat=133458059 lon=747940080 alt=74580 relative_alt=-3619 vx=0 vy=0 vz=0 hdg=0
2026-09-17 19:46:11.152 | LOCAL_POSITION_NED       src=1.1    time_boot_ms=2948176015 x=12 y=-7 z=5.03918 vx=0 vy=0 vz=0
2026-09-17 19:46:11.152 | RC_CHANNELS              src=1.1    time_boot_ms=2948176015 chancount=0 chan1_raw=0 chan2_raw=0 chan3_raw=0 chan4_raw=0 chan5_raw=0 chan6_raw=0 chan7_raw=0 chan8_raw=0 chan9_raw=0 chan10_raw=0 chan11_raw=0 chan12_raw=0 chan13_raw=0 chan14_raw=0 chan15_raw=0 chan16_raw=0 chan17_raw=0 chan18_raw=0 rssi=255
2026-09-17 19:46:11.173 | HEARTBEAT                src=1.1    type=2 autopilot=3 base_mode=1 custom_mode=5 system_status=4 mavlink_version=3
2026-09-17 19:46:11.173 | SYS_STATUS               src=1.1    onboard_control_sensors_present=0 onboard_control_sensors_enabled=0 onboard_control_sensors_health=0 load=250 voltage_battery=16800 current_battery=1000 battery_remaining=98 drop_rate_comm=0 errors_comm=0 errors_count1=0 errors_count2=0 errors_count3=0 errors_count4=0
2026-09-17 19:46:11.173 | GPS_RAW_INT              src=1.1    time_usec=1789654571172342 fix_type=3 lat=133458059 lon=747940080 alt=74580 eph=100 epv=100 vel=0 cog=0 satellites_visible=16
2026-09-17 19:46:11.173 | EKF_STATUS_REPORT        src=1.1    flags=831 velocity_variance=0.09 pos_horiz_variance=0.001 pos_vert_variance=0.005 compass_variance=0.0004 terrain_alt_variance=0
2026-09-17 19:46:11.173 | FENCE_STATUS             src=1.1    breach_status=0 breach_count=0 breach_type=0 breach_time=0
2026-09-17 19:46:11.254 | GLOBAL_POSITION_INT      src=1.1    time_boot_ms=2948176118 lat=133458059 lon=747940080 alt=74580 relative_alt=-3619 vx=0 vy=0 vz=0 hdg=0
2026-09-17 19:46:11.255 | LOCAL_POSITION_NED       src=1.1    time_boot_ms=2948176118 x=12 y=-7 z=5.03918 vx=0 vy=0 vz=0
2026-09-17 19:46:11.255 | RC_CHANNELS              src=1.1    time_boot_ms=2948176118 chancount=0 chan1_raw=0 chan2_raw=0 chan3_raw=0 chan4_raw=0 chan5_raw=0 chan6_raw=0 chan7_raw=0 chan8_raw=0 chan9_raw=0 chan10_raw=0 chan11_raw=0 chan12_raw=0 chan13_raw=0 chan14_raw=0 chan15_raw=0 chan16_raw=0 chan17_raw=0 chan18_raw=0 rssi=255
2026-09-17 19:46:11.357 | GLOBAL_POSITION_INT      src=1.1    time_boot_ms=2948176220 lat=133458059 lon=747940080 alt=74580 relative_alt=-3619 vx=0 vy=0 vz=0 hdg=0
2026-09-17 19:46:11.357 | LOCAL_POSITION_NED       src=1.1    time_boot_ms=2948176220 x=12 y=-7 z=5.03918 vx=0 vy=0 vz=0
2026-09-17 19:46:11.357 | RC_CHANNELS              src=1.1    time_boot_ms=2948176220 chancount=0 chan1_raw=0 chan2_raw=0 chan3_raw=0 chan4_raw=0 chan5_raw=0 chan6_raw=0 chan7_raw=0 chan8_raw=0 chan9_raw=0 chan10_raw=0 chan11_raw=0 chan12_raw=0 chan13_raw=0 chan14_raw=0 chan15_raw=0 chan16_raw=0 chan17_raw=0 chan18_raw=0 rssi=255
2026-09-17 19:46:11.461 | GLOBAL_POSITION_INT      src=1.1    time_boot_ms=2948176323 lat=133458059 lon=747940080 alt=74580 relative_alt=-3619 vx=0 vy=0 vz=0 hdg=0
2026-09-17 19:46:11.461 | LOCAL_POSITION_NED       src=1.1    time_boot_ms=2948176323 x=12 y=-7 z=5.03918 vx=0 vy=0 vz=0
2026-09-17 19:46:11.461 | RC_CHANNELS              src=1.1    time_boot_ms=2948176323 chancount=0 chan1_raw=0 chan2_raw=0 chan3_raw=0 chan4_raw=0 chan5_raw=0 chan6_raw=0 chan7_raw=0 chan8_raw=0 chan9_raw=0 chan10_raw=0 chan11_raw=0 chan12_raw=0 chan13_raw=0 chan14_raw=0 chan15_raw=0 chan16_raw=0 chan17_raw=0 chan18_raw=0 rssi=255
2026-09-17 19:46:11.567 | GLOBAL_POSITION_INT      src=1.1    time_boot_ms=2948176430 lat=133458059 lon=747940080 alt=74580 relative_alt=-3619 vx=0 vy=0 vz=0 hdg=0
2026-09-17 19:46:11.567 | LOCAL_POSITION_NED       src=1.1    time_boot_ms=2948176430 x=12 y=-7 z=5.03918 vx=0 vy=0 vz=0
2026-09-17 19:46:11.567 | RC_CHANNELS              src=1.1    time_boot_ms=2948176430 chancount=0 chan1_raw=0 chan2_raw=0 chan3_raw=0 chan4_raw=0 chan5_raw=0 chan6_raw=0 chan7_raw=0 chan8_raw=0 chan9_raw=0 chan10_raw=0 chan11_raw=0 chan12_raw=0 chan13_raw=0 chan14_raw=0 chan15_raw=0 chan16_raw=0 chan17_raw=0 chan18_raw=0 rssi=255
2026-09-17 19:46:11.684 | HEARTBEAT                src=1.1    type=2 autopilot=3 base_mode=1 custom_mode=5 system_status=4 mavlink_version=3
2026-09-17 19:46:11.684 | SUMMARY mode=LOITER disarmed alt=-3.62m ned=(12.00,-7.00,5.04) gps=(13.3458059,74.7940080) fix=3 sats=16 eph=100 batt=16.80V/10.0A/98% ch8=0 rssi=255 ekf=0x033f v=0.09 p=0.00 c=0.00 rx=15256 drop=0
2026-09-17 19:46:11.684 | GLOBAL_POSITION_INT      src=1.1    time_boot_ms=2948176547 lat=133458059 lon=747940080 alt=74580 relative_alt=-3619 vx=0 vy=0 vz=0 hdg=0
2026-09-17 19:46:11.684 | LOCAL_POSITION_NED       src=1.1    time_boot_ms=2948176547 x=12 y=-7 z=5.03918 vx=0 vy=0 vz=0
2026-09-17 19:46:11.684 | RC_CHANNELS              src=1.1    time_boot_ms=2948176547 chancount=0 chan1_raw=0 chan2_raw=0 chan3_raw=0 chan4_raw=0 chan5_raw=0 chan6_raw=0 chan7_raw=0 chan8_raw=0 chan9_raw=0 chan10_raw=0 chan11_raw=0 chan12_raw=0 chan13_raw=0 chan14_raw=0 chan15_raw=0 chan16_raw=0 chan17_raw=0 chan18_raw=0 rssi=255
2026-09-17 19:46:11.684 | SYS_STATUS               src=1.1    onboard_control_sensors_present=0 onboard_control_sensors_enabled=0 onboard_control_sensors_health=0 load=250 voltage_battery=16800 current_battery=1000 battery_remaining=98 drop_rate_comm=0 errors_comm=0 errors_count1=0 errors_count2=0 errors_count3=0 errors_count4=0
2026-09-17 19:46:11.685 | GPS_RAW_INT              src=1.1    time_usec=1789654571683301 fix_type=3 lat=133458059 lon=747940080 alt=74580 eph=100 epv=100 vel=0 cog=0 satellites_visible=16
2026-09-17 19:46:11.685 | EKF_STATUS_REPORT        src=1.1    flags=831 velocity_variance=0.09 pos_horiz_variance=0.001 pos_vert_variance=0.005 compass_variance=0.0004 terrain_alt_variance=0
2026-09-17 19:46:11.685 | FENCE_STATUS             src=1.1    breach_status=0 breach_count=0 breach_type=0 breach_time=0
2026-09-17 19:46:11.786 | GLOBAL_POSITION_INT      src=1.1    time_boot_ms=2948176649 lat=133458059 lon=747940080 alt=74580 relative_alt=-3619 vx=0 vy=0 vz=0 hdg=0
2026-09-17 19:46:11.786 | LOCAL_POSITION_NED       src=1.1    time_boot_ms=2948176649 x=12 y=-7 z=5.03918 vx=0 vy=0 vz=0
2026-09-17 19:46:11.786 | RC_CHANNELS              src=1.1    time_boot_ms=2948176649 chancount=0 chan1_raw=0 chan2_raw=0 chan3_raw=0 chan4_raw=0 chan5_raw=0 chan6_raw=0 chan7_raw=0 chan8_raw=0 chan9_raw=0 chan10_raw=0 chan11_raw=0 chan12_raw=0 chan13_raw=0 chan14_raw=0 chan15_raw=0 chan16_raw=0 chan17_raw=0 chan18_raw=0 rssi=255
2026-09-17 19:46:11.889 | GLOBAL_POSITION_INT      src=1.1    time_boot_ms=2948176752 lat=133458059 lon=747940080 alt=74580 relative_alt=-3619 vx=0 vy=0 vz=0 hdg=0
2026-09-17 19:46:11.889 | LOCAL_POSITION_NED       src=1.1    time_boot_ms=2948176752 x=12 y=-7 z=5.03918 vx=0 vy=0 vz=0
2026-09-17 19:46:11.889 | RC_CHANNELS              src=1.1    time_boot_ms=2948176752 chancount=0 chan1_raw=0 chan2_raw=0 chan3_raw=0 chan4_raw=0 chan5_raw=0 chan6_raw=0 chan7_raw=0 chan8_raw=0 chan9_raw=0 chan10_raw=0 chan11_raw=0 chan12_raw=0 chan13_raw=0 chan14_raw=0 chan15_raw=0 chan16_raw=0 chan17_raw=0 chan18_raw=0 rssi=255
2026-09-17 19:46:11.991 | GLOBAL_POSITION_INT      src=1.1    time_boot_ms=2948176854 lat=133458059 lon=747940080 alt=74580 relative_alt=-3619 vx=0 vy=0 vz=0 hdg=0
2026-09-17 19:46:11.991 | LOCAL_POSITION_NED       src=1.1    time_boot_ms=2948176854 x=12 y=-7 z=5.03918 vx=0 vy=0 vz=0
2026-09-17 19:46:11.991 | RC_CHANNELS              src=1.1    time_boot_ms=2948176854 chancount=0 chan1_raw=0 chan2_raw=0 chan3_raw=0 chan4_raw=0 chan5_raw=0 chan6_raw=0 chan7_raw=0 chan8_raw=0 chan9_raw=0 chan10_raw=0 chan11_raw=0 chan12_raw=0 chan13_raw=0 chan14_raw=0 chan15_raw=0 chan16_raw=0 chan17_raw=0 chan18_raw=0 rssi=255
2026-09-17 19:46:12.093 | GLOBAL_POSITION_INT      src=1.1    time_boot_ms=2948176956 lat=133458059 lon=747940080 alt=74580 relative_alt=-3619 vx=0 vy=0 vz=0 hdg=0
2026-09-17 19:46:12.093 | LOCAL_POSITION_NED       src=1.1    time_boot_ms=2948176956 x=12 y=-7 z=5.03918 vx=0 vy=0 vz=0
2026-09-17 19:46:12.093 | RC_CHANNELS              src=1.1    time_boot_ms=2948176956 chancount=0 chan1_raw=0 chan2_raw=0 chan3_raw=0 chan4_raw=0 chan5_raw=0 chan6_raw=0 chan7_raw=0 chan8_raw=0 chan9_raw=0 chan10_raw=0 chan11_raw=0 chan12_raw=0 chan13_raw=0 chan14_raw=0 chan15_raw=0 chan16_raw=0 chan17_raw=0 chan18_raw=0 rssi=255
2026-09-17 19:46:12.196 | HEARTBEAT                src=1.1    type=2 autopilot=3 base_mode=1 custom_mode=5 system_status=4 mavlink_version=3
2026-09-17 19:46:12.196 | GLOBAL_POSITION_INT      src=1.1    time_boot_ms=2948177059 lat=133458059 lon=747940080 alt=74580 relative_alt=-3619 vx=0 vy=0 vz=0 hdg=0
2026-09-17 19:46:12.196 | LOCAL_POSITION_NED       src=1.1    time_boot_ms=2948177059 x=12 y=-7 z=5.03918 vx=0 vy=0 vz=0
2026-09-17 19:46:12.196 | RC_CHANNELS              src=1.1    time_boot_ms=2948177059 chancount=0 chan1_raw=0 chan2_raw=0 chan3_raw=0 chan4_raw=0 chan5_raw=0 chan6_raw=0 chan7_raw=0 chan8_raw=0 chan9_raw=0 chan10_raw=0 chan11_raw=0 chan12_raw=0 chan13_raw=0 chan14_raw=0 chan15_raw=0 chan16_raw=0 chan17_raw=0 chan18_raw=0 rssi=255
2026-09-17 19:46:12.196 | SYS_STATUS               src=1.1    onboard_control_sensors_present=0 onboard_control_sensors_enabled=0 onboard_control_sensors_health=0 load=250 voltage_battery=16800 current_battery=1000 battery_remaining=98 drop_rate_comm=0 errors_comm=0 errors_count1=0 errors_count2=0 errors_count3=0 errors_count4=0
2026-09-17 19:46:12.196 | GPS_RAW_INT              src=1.1    time_usec=1789654572195113 fix_type=3 lat=133458059 lon=747940080 alt=74580 eph=100 epv=100 vel=0 cog=0 satellites_visible=16
2026-09-17 19:46:12.196 | EKF_STATUS_REPORT        src=1.1    flags=831 velocity_variance=0.09 pos_horiz_variance=0.001 pos_vert_variance=0.005 compass_variance=0.0004 terrain_alt_variance=0
2026-09-17 19:46:12.196 | FENCE_STATUS             src=1.1    breach_status=0 breach_count=0 breach_type=0 breach_time=0
2026-09-17 19:46:12.298 | GLOBAL_POSITION_INT      src=1.1    time_boot_ms=2948177161 lat=133458059 lon=747940080 alt=74580 relative_alt=-3619 vx=0 vy=0 vz=0 hdg=0
2026-09-17 19:46:12.298 | LOCAL_POSITION_NED       src=1.1    time_boot_ms=2948177161 x=12 y=-7 z=5.03918 vx=0 vy=0 vz=0
2026-09-17 19:46:12.298 | RC_CHANNELS              src=1.1    time_boot_ms=2948177161 chancount=0 chan1_raw=0 chan2_raw=0 chan3_raw=0 chan4_raw=0 chan5_raw=0 chan6_raw=0 chan7_raw=0 chan8_raw=0 chan9_raw=0 chan10_raw=0 chan11_raw=0 chan12_raw=0 chan13_raw=0 chan14_raw=0 chan15_raw=0 chan16_raw=0 chan17_raw=0 chan18_raw=0 rssi=255
2026-09-17 19:46:12.400 | GLOBAL_POSITION_INT      src=1.1    time_boot_ms=2948177263 lat=133458059 lon=747940080 alt=74580 relative_alt=-3619 vx=0 vy=0 vz=0 hdg=0
2026-09-17 19:46:12.400 | LOCAL_POSITION_NED       src=1.1    time_boot_ms=2948177263 x=12 y=-7 z=5.03918 vx=0 vy=0 vz=0
2026-09-17 19:46:12.400 | RC_CHANNELS              src=1.1    time_boot_ms=2948177263 chancount=0 chan1_raw=0 chan2_raw=0 chan3_raw=0 chan4_raw=0 chan5_raw=0 chan6_raw=0 chan7_raw=0 chan8_raw=0 chan9_raw=0 chan10_raw=0 chan11_raw=0 chan12_raw=0 chan13_raw=0 chan14_raw=0 chan15_raw=0 chan16_raw=0 chan17_raw=0 chan18_raw=0 rssi=255
2026-09-17 19:46:12.502 | GLOBAL_POSITION_INT      src=1.1    time_boot_ms=2948177365 lat=133458059 lon=747940080 alt=74580 relative_alt=-3619 vx=0 vy=0 vz=0 hdg=0
2026-09-17 19:46:12.502 | LOCAL_POSITION_NED       src=1.1    time_boot_ms=2948177365 x=12 y=-7 z=5.03918 vx=0 vy=0 vz=0
2026-09-17 19:46:12.502 | RC_CHANNELS              src=1.1    time_boot_ms=2948177365 chancount=0 chan1_raw=0 chan2_raw=0 chan3_raw=0 chan4_raw=0 chan5_raw=0 chan6_raw=0 chan7_raw=0 chan8_raw=0 chan9_raw=0 chan10_raw=0 chan11_raw=0 chan12_raw=0 chan13_raw=0 chan14_raw=0 chan15_raw=0 chan16_raw=0 chan17_raw=0 chan18_raw=0 rssi=255
2026-09-17 19:46:12.604 | GLOBAL_POSITION_INT      src=1.1    time_boot_ms=2948177467 lat=133458059 lon=747940080 alt=74580 relative_alt=-3619 vx=0 vy=0 vz=0 hdg=0
2026-09-17 19:46:12.604 | LOCAL_POSITION_NED       src=1.1    time_boot_ms=2948177467 x=12 y=-7 z=5.03918 vx=0 vy=0 vz=0
2026-09-17 19:46:12.604 | RC_CHANNELS              src=1.1    time_boot_ms=2948177467 chancount=0 chan1_raw=0 chan2_raw=0 chan3_raw=0 chan4_raw=0 chan5_raw=0 chan6_raw=0 chan7_raw=0 chan8_raw=0 chan9_raw=0 chan10_raw=0 chan11_raw=0 chan12_raw=0 chan13_raw=0 chan14_raw=0 chan15_raw=0 chan16_raw=0 chan17_raw=0 chan18_raw=0 rssi=255
2026-09-17 19:46:12.702 | HEARTBEAT                src=1.1    type=2 autopilot=3 base_mode=1 custom_mode=5 system_status=4 mavlink_version=3
2026-09-17 19:46:12.702 | SUMMARY mode=LOITER disarmed alt=-3.62m ned=(12.00,-7.00,5.04) gps=(13.3458059,74.7940080) fix=3 sats=16 eph=100 batt=16.80V/10.0A/98% ch8=0 rssi=255 ekf=0x033f v=0.09 p=0.00 c=0.00 rx=15296 drop=0
2026-09-17 19:46:12.702 | SYS_STATUS               src=1.1    onboard_control_sensors_present=0 onboard_control_sensors_enabled=0 onboard_control_sensors_health=0 load=250 voltage_battery=16800 current_battery=1000 battery_remaining=98 drop_rate_comm=0 errors_comm=0 errors_count1=0 errors_count2=0 errors_count3=0 errors_count4=0
2026-09-17 19:46:12.702 | GPS_RAW_INT              src=1.1    time_usec=1789654572701024 fix_type=3 lat=133458059 lon=747940080 alt=74580 eph=100 epv=100 vel=0 cog=0 satellites_visible=16
2026-09-17 19:46:12.702 | EKF_STATUS_REPORT        src=1.1    flags=831 velocity_variance=0.09 pos_horiz_variance=0.001 pos_vert_variance=0.005 compass_variance=0.0004 terrain_alt_variance=0
2026-09-17 19:46:12.702 | FENCE_STATUS             src=1.1    breach_status=0 breach_count=0 breach_type=0 breach_time=0
2026-09-17 19:46:12.722 | GLOBAL_POSITION_INT      src=1.1    time_boot_ms=2948177586 lat=133458059 lon=747940080 alt=74580 relative_alt=-3619 vx=0 vy=0 vz=0 hdg=0
2026-09-17 19:46:12.722 | LOCAL_POSITION_NED       src=1.1    time_boot_ms=2948177586 x=12 y=-7 z=5.03918 vx=0 vy=0 vz=0
2026-09-17 19:46:12.722 | RC_CHANNELS              src=1.1    time_boot_ms=2948177586 chancount=0 chan1_raw=0 chan2_raw=0 chan3_raw=0 chan4_raw=0 chan5_raw=0 chan6_raw=0 chan7_raw=0 chan8_raw=0 chan9_raw=0 chan10_raw=0 chan11_raw=0 chan12_raw=0 chan13_raw=0 chan14_raw=0 chan15_raw=0 chan16_raw=0 chan17_raw=0 chan18_raw=0 rssi=255
2026-09-17 19:46:12.824 | GLOBAL_POSITION_INT      src=1.1    time_boot_ms=2948177687 lat=133458059 lon=747940080 alt=74580 relative_alt=-3619 vx=0 vy=0 vz=0 hdg=0
2026-09-17 19:46:12.824 | LOCAL_POSITION_NED       src=1.1    time_boot_ms=2948177687 x=12 y=-7 z=5.03918 vx=0 vy=0 vz=0
2026-09-17 19:46:12.824 | RC_CHANNELS              src=1.1    time_boot_ms=2948177687 chancount=0 chan1_raw=0 chan2_raw=0 chan3_raw=0 chan4_raw=0 chan5_raw=0 chan6_raw=0 chan7_raw=0 chan8_raw=0 chan9_raw=0 chan10_raw=0 chan11_raw=0 chan12_raw=0 chan13_raw=0 chan14_raw=0 chan15_raw=0 chan16_raw=0 chan17_raw=0 chan18_raw=0 rssi=255
2026-09-17 19:46:12.926 | GLOBAL_POSITION_INT      src=1.1    time_boot_ms=2948177789 lat=133458059 lon=747940080 alt=74580 relative_alt=-3619 vx=0 vy=0 vz=0 hdg=0
2026-09-17 19:46:12.926 | LOCAL_POSITION_NED       src=1.1    time_boot_ms=2948177789 x=12 y=-7 z=5.03918 vx=0 vy=0 vz=0
2026-09-17 19:46:12.926 | RC_CHANNELS              src=1.1    time_boot_ms=2948177789 chancount=0 chan1_raw=0 chan2_raw=0 chan3_raw=0 chan4_raw=0 chan5_raw=0 chan6_raw=0 chan7_raw=0 chan8_raw=0 chan9_raw=0 chan10_raw=0 chan11_raw=0 chan12_raw=0 chan13_raw=0 chan14_raw=0 chan15_raw=0 chan16_raw=0 chan17_raw=0 chan18_raw=0 rssi=255
2026-09-17 19:46:13.029 | GLOBAL_POSITION_INT      src=1.1    time_boot_ms=2948177892 lat=133458059 lon=747940080 alt=74580 relative_alt=-3619 vx=0 vy=0 vz=0 hdg=0
2026-09-17 19:46:13.029 | LOCAL_POSITION_NED       src=1.1    time_boot_ms=2948177892 x=12 y=-7 z=5.03918 vx=0 vy=0 vz=0
2026-09-17 19:46:13.029 | RC_CHANNELS              src=1.1    time_boot_ms=2948177892 chancount=0 chan1_raw=0 chan2_raw=0 chan3_raw=0 chan4_raw=0 chan5_raw=0 chan6_raw=0 chan7_raw=0 chan8_raw=0 chan9_raw=0 chan10_raw=0 chan11_raw=0 chan12_raw=0 chan13_raw=0 chan14_raw=0 chan15_raw=0 chan16_raw=0 chan17_raw=0 chan18_raw=0 rssi=255
2026-09-17 19:46:13.131 | GLOBAL_POSITION_INT      src=1.1    time_boot_ms=2948177994 lat=133458059 lon=747940080 alt=74580 relative_alt=-3619 vx=0 vy=0 vz=0 hdg=0
2026-09-17 19:46:13.131 | LOCAL_POSITION_NED       src=1.1    time_boot_ms=2948177994 x=12 y=-7 z=5.03918 vx=0 vy=0 vz=0
2026-09-17 19:46:13.131 | RC_CHANNELS              src=1.1    time_boot_ms=2948177994 chancount=0 chan1_raw=0 chan2_raw=0 chan3_raw=0 chan4_raw=0 chan5_raw=0 chan6_raw=0 chan7_raw=0 chan8_raw=0 chan9_raw=0 chan10_raw=0 chan11_raw=0 chan12_raw=0 chan13_raw=0 chan14_raw=0 chan15_raw=0 chan16_raw=0 chan17_raw=0 chan18_raw=0 rssi=255
2026-09-17 19:46:13.213 | HEARTBEAT                src=1.1    type=2 autopilot=3 base_mode=1 custom_mode=5 system_status=4 mavlink_version=3
2026-09-17 19:46:13.213 | SYS_STATUS               src=1.1    onboard_control_sensors_present=0 onboard_control_sensors_enabled=0 onboard_control_sensors_health=0 load=250 voltage_battery=16800 current_battery=1000 battery_remaining=98 drop_rate_comm=0 errors_comm=0 errors_count1=0 errors_count2=0 errors_count3=0 errors_count4=0
2026-09-17 19:46:13.213 | GPS_RAW_INT              src=1.1    time_usec=1789654573212545 fix_type=3 lat=133458059 lon=747940080 alt=74580 eph=100 epv=100 vel=0 cog=0 satellites_visible=16
2026-09-17 19:46:13.213 | EKF_STATUS_REPORT        src=1.1    flags=831 velocity_variance=0.09 pos_horiz_variance=0.001 pos_vert_variance=0.005 compass_variance=0.0004 terrain_alt_variance=0
2026-09-17 19:46:13.213 | FENCE_STATUS             src=1.1    breach_status=0 breach_count=0 breach_type=0 breach_time=0
2026-09-17 19:46:13.233 | GLOBAL_POSITION_INT      src=1.1    time_boot_ms=2948178097 lat=133458059 lon=747940080 alt=74580 relative_alt=-3619 vx=0 vy=0 vz=0 hdg=0
2026-09-17 19:46:13.233 | LOCAL_POSITION_NED       src=1.1    time_boot_ms=2948178097 x=12 y=-7 z=5.03918 vx=0 vy=0 vz=0
2026-09-17 19:46:13.233 | RC_CHANNELS              src=1.1    time_boot_ms=2948178097 chancount=0 chan1_raw=0 chan2_raw=0 chan3_raw=0 chan4_raw=0 chan5_raw=0 chan6_raw=0 chan7_raw=0 chan8_raw=0 chan9_raw=0 chan10_raw=0 chan11_raw=0 chan12_raw=0 chan13_raw=0 chan14_raw=0 chan15_raw=0 chan16_raw=0 chan17_raw=0 chan18_raw=0 rssi=255
2026-09-17 19:46:13.335 | GLOBAL_POSITION_INT      src=1.1    time_boot_ms=2948178199 lat=133458059 lon=747940080 alt=74580 relative_alt=-3619 vx=0 vy=0 vz=0 hdg=0
2026-09-17 19:46:13.335 | LOCAL_POSITION_NED       src=1.1    time_boot_ms=2948178199 x=12 y=-7 z=5.03918 vx=0 vy=0 vz=0
2026-09-17 19:46:13.336 | RC_CHANNELS              src=1.1    time_boot_ms=2948178199 chancount=0 chan1_raw=0 chan2_raw=0 chan3_raw=0 chan4_raw=0 chan5_raw=0 chan6_raw=0 chan7_raw=0 chan8_raw=0 chan9_raw=0 chan10_raw=0 chan11_raw=0 chan12_raw=0 chan13_raw=0 chan14_raw=0 chan15_raw=0 chan16_raw=0 chan17_raw=0 chan18_raw=0 rssi=255
2026-09-17 19:46:13.437 | GLOBAL_POSITION_INT      src=1.1    time_boot_ms=2948178301 lat=133458059 lon=747940080 alt=74580 relative_alt=-3619 vx=0 vy=0 vz=0 hdg=0
2026-09-17 19:46:13.437 | LOCAL_POSITION_NED       src=1.1    time_boot_ms=2948178301 x=12 y=-7 z=5.03918 vx=0 vy=0 vz=0
2026-09-17 19:46:13.437 | RC_CHANNELS              src=1.1    time_boot_ms=2948178301 chancount=0 chan1_raw=0 chan2_raw=0 chan3_raw=0 chan4_raw=0 chan5_raw=0 chan6_raw=0 chan7_raw=0 chan8_raw=0 chan9_raw=0 chan10_raw=0 chan11_raw=0 chan12_raw=0 chan13_raw=0 chan14_raw=0 chan15_raw=0 chan16_raw=0 chan17_raw=0 chan18_raw=0 rssi=255
2026-09-17 19:46:13.539 | GLOBAL_POSITION_INT      src=1.1    time_boot_ms=2948178402 lat=133458059 lon=747940080 alt=74580 relative_alt=-3619 vx=0 vy=0 vz=0 hdg=0
2026-09-17 19:46:13.539 | LOCAL_POSITION_NED       src=1.1    time_boot_ms=2948178402 x=12 y=-7 z=5.03918 vx=0 vy=0 vz=0
2026-09-17 19:46:13.539 | RC_CHANNELS              src=1.1    time_boot_ms=2948178402 chancount=0 chan1_raw=0 chan2_raw=0 chan3_raw=0 chan4_raw=0 chan5_raw=0 chan6_raw=0 chan7_raw=0 chan8_raw=0 chan9_raw=0 chan10_raw=0 chan11_raw=0 chan12_raw=0 chan13_raw=0 chan14_raw=0 chan15_raw=0 chan16_raw=0 chan17_raw=0 chan18_raw=0 rssi=255
2026-09-17 19:46:13.640 | GLOBAL_POSITION_INT      src=1.1    time_boot_ms=2948178504 lat=133458059 lon=747940080 alt=74580 relative_alt=-3619 vx=0 vy=0 vz=0 hdg=0
2026-09-17 19:46:13.641 | LOCAL_POSITION_NED       src=1.1    time_boot_ms=2948178504 x=12 y=-7 z=5.03918 vx=0 vy=0 vz=0
2026-09-17 19:46:13.641 | RC_CHANNELS              src=1.1    time_boot_ms=2948178504 chancount=0 chan1_raw=0 chan2_raw=0 chan3_raw=0 chan4_raw=0 chan5_raw=0 chan6_raw=0 chan7_raw=0 chan8_raw=0 chan9_raw=0 chan10_raw=0 chan11_raw=0 chan12_raw=0 chan13_raw=0 chan14_raw=0 chan15_raw=0 chan16_raw=0 chan17_raw=0 chan18_raw=0 rssi=255
2026-09-17 19:46:13.722 | HEARTBEAT                src=1.1    type=2 autopilot=3 base_mode=1 custom_mode=5 system_status=4 mavlink_version=3
2026-09-17 19:46:13.722 | SUMMARY mode=LOITER disarmed alt=-3.62m ned=(12.00,-7.00,5.04) gps=(13.3458059,74.7940080) fix=3 sats=16 eph=100 batt=16.80V/10.0A/98% ch8=0 rssi=255 ekf=0x033f v=0.09 p=0.00 c=0.00 rx=15336 drop=0
2026-09-17 19:46:13.722 | SYS_STATUS               src=1.1    onboard_control_sensors_present=0 onboard_control_sensors_enabled=0 onboard_control_sensors_health=0 load=250 voltage_battery=16800 current_battery=1000 battery_remaining=98 drop_rate_comm=0 errors_comm=0 errors_count1=0 errors_count2=0 errors_count3=0 errors_count4=0
2026-09-17 19:46:13.723 | GPS_RAW_INT              src=1.1    time_usec=1789654573721820 fix_type=3 lat=133458059 lon=747940080 alt=74580 eph=100 epv=100 vel=0 cog=0 satellites_visible=16
2026-09-17 19:46:13.723 | EKF_STATUS_REPORT        src=1.1    flags=831 velocity_variance=0.09 pos_horiz_variance=0.001 pos_vert_variance=0.005 compass_variance=0.0004 terrain_alt_variance=0
2026-09-17 19:46:13.723 | FENCE_STATUS             src=1.1    breach_status=0 breach_count=0 breach_type=0 breach_time=0
2026-09-17 19:46:13.743 | GLOBAL_POSITION_INT      src=1.1    time_boot_ms=2948178606 lat=133458059 lon=747940080 alt=74580 relative_alt=-3619 vx=0 vy=0 vz=0 hdg=0
2026-09-17 19:46:13.743 | LOCAL_POSITION_NED       src=1.1    time_boot_ms=2948178606 x=12 y=-7 z=5.03918 vx=0 vy=0 vz=0
2026-09-17 19:46:13.743 | RC_CHANNELS              src=1.1    time_boot_ms=2948178606 chancount=0 chan1_raw=0 chan2_raw=0 chan3_raw=0 chan4_raw=0 chan5_raw=0 chan6_raw=0 chan7_raw=0 chan8_raw=0 chan9_raw=0 chan10_raw=0 chan11_raw=0 chan12_raw=0 chan13_raw=0 chan14_raw=0 chan15_raw=0 chan16_raw=0 chan17_raw=0 chan18_raw=0 rssi=255
2026-09-17 19:46:13.845 | GLOBAL_POSITION_INT      src=1.1    time_boot_ms=2948178708 lat=133458059 lon=747940080 alt=74580 relative_alt=-3619 vx=0 vy=0 vz=0 hdg=0
2026-09-17 19:46:13.845 | LOCAL_POSITION_NED       src=1.1    time_boot_ms=2948178708 x=12 y=-7 z=5.03918 vx=0 vy=0 vz=0
2026-09-17 19:46:13.845 | RC_CHANNELS              src=1.1    time_boot_ms=2948178708 chancount=0 chan1_raw=0 chan2_raw=0 chan3_raw=0 chan4_raw=0 chan5_raw=0 chan6_raw=0 chan7_raw=0 chan8_raw=0 chan9_raw=0 chan10_raw=0 chan11_raw=0 chan12_raw=0 chan13_raw=0 chan14_raw=0 chan15_raw=0 chan16_raw=0 chan17_raw=0 chan18_raw=0 rssi=255
2026-09-17 19:46:13.947 | GLOBAL_POSITION_INT      src=1.1    time_boot_ms=2948178810 lat=133458059 lon=747940080 alt=74580 relative_alt=-3619 vx=0 vy=0 vz=0 hdg=0
2026-09-17 19:46:13.947 | LOCAL_POSITION_NED       src=1.1    time_boot_ms=2948178810 x=12 y=-7 z=5.03918 vx=0 vy=0 vz=0
2026-09-17 19:46:13.947 | RC_CHANNELS              src=1.1    time_boot_ms=2948178810 chancount=0 chan1_raw=0 chan2_raw=0 chan3_raw=0 chan4_raw=0 chan5_raw=0 chan6_raw=0 chan7_raw=0 chan8_raw=0 chan9_raw=0 chan10_raw=0 chan11_raw=0 chan12_raw=0 chan13_raw=0 chan14_raw=0 chan15_raw=0 chan16_raw=0 chan17_raw=0 chan18_raw=0 rssi=255
2026-09-17 19:46:14.049 | GLOBAL_POSITION_INT      src=1.1    time_boot_ms=2948178912 lat=133458059 lon=747940080 alt=74580 relative_alt=-3619 vx=0 vy=0 vz=0 hdg=0
2026-09-17 19:46:14.049 | LOCAL_POSITION_NED       src=1.1    time_boot_ms=2948178912 x=12 y=-7 z=5.03918 vx=0 vy=0 vz=0
2026-09-17 19:46:14.049 | RC_CHANNELS              src=1.1    time_boot_ms=2948178912 chancount=0 chan1_raw=0 chan2_raw=0 chan3_raw=0 chan4_raw=0 chan5_raw=0 chan6_raw=0 chan7_raw=0 chan8_raw=0 chan9_raw=0 chan10_raw=0 chan11_raw=0 chan12_raw=0 chan13_raw=0 chan14_raw=0 chan15_raw=0 chan16_raw=0 chan17_raw=0 chan18_raw=0 rssi=255
2026-09-17 19:46:14.154 | GLOBAL_POSITION_INT      src=1.1    time_boot_ms=2948179017 lat=133458059 lon=747940080 alt=74580 relative_alt=-3619 vx=0 vy=0 vz=0 hdg=0
2026-09-17 19:46:14.154 | LOCAL_POSITION_NED       src=1.1    time_boot_ms=2948179017 x=12 y=-7 z=5.03918 vx=0 vy=0 vz=0
2026-09-17 19:46:14.154 | RC_CHANNELS              src=1.1    time_boot_ms=2948179017 chancount=0 chan1_raw=0 chan2_raw=0 chan3_raw=0 chan4_raw=0 chan5_raw=0 chan6_raw=0 chan7_raw=0 chan8_raw=0 chan9_raw=0 chan10_raw=0 chan11_raw=0 chan12_raw=0 chan13_raw=0 chan14_raw=0 chan15_raw=0 chan16_raw=0 chan17_raw=0 chan18_raw=0 rssi=255
2026-09-17 19:46:14.236 | HEARTBEAT                src=1.1    type=2 autopilot=3 base_mode=1 custom_mode=5 system_status=4 mavlink_version=3
2026-09-17 19:46:14.236 | SYS_STATUS               src=1.1    onboard_control_sensors_present=0 onboard_control_sensors_enabled=0 onboard_control_sensors_health=0 load=250 voltage_battery=16800 current_battery=1000 battery_remaining=98 drop_rate_comm=0 errors_comm=0 errors_count1=0 errors_count2=0 errors_count3=0 errors_count4=0
2026-09-17 19:46:14.236 | GPS_RAW_INT              src=1.1    time_usec=1789654574235376 fix_type=3 lat=133458059 lon=747940080 alt=74580 eph=100 epv=100 vel=0 cog=0 satellites_visible=16
2026-09-17 19:46:14.236 | EKF_STATUS_REPORT        src=1.1    flags=831 velocity_variance=0.09 pos_horiz_variance=0.001 pos_vert_variance=0.005 compass_variance=0.0004 terrain_alt_variance=0
2026-09-17 19:46:14.236 | FENCE_STATUS             src=1.1    breach_status=0 breach_count=0 breach_type=0 breach_time=0
2026-09-17 19:46:14.256 | GLOBAL_POSITION_INT      src=1.1    time_boot_ms=2948179120 lat=133458059 lon=747940080 alt=74580 relative_alt=-3619 vx=0 vy=0 vz=0 hdg=0
2026-09-17 19:46:14.256 | LOCAL_POSITION_NED       src=1.1    time_boot_ms=2948179120 x=12 y=-7 z=5.03918 vx=0 vy=0 vz=0
2026-09-17 19:46:14.256 | RC_CHANNELS              src=1.1    time_boot_ms=2948179120 chancount=0 chan1_raw=0 chan2_raw=0 chan3_raw=0 chan4_raw=0 chan5_raw=0 chan6_raw=0 chan7_raw=0 chan8_raw=0 chan9_raw=0 chan10_raw=0 chan11_raw=0 chan12_raw=0 chan13_raw=0 chan14_raw=0 chan15_raw=0 chan16_raw=0 chan17_raw=0 chan18_raw=0 rssi=255
2026-09-17 19:46:14.358 | GLOBAL_POSITION_INT      src=1.1    time_boot_ms=2948179221 lat=133458059 lon=747940080 alt=74580 relative_alt=-3619 vx=0 vy=0 vz=0 hdg=0
2026-09-17 19:46:14.358 | LOCAL_POSITION_NED       src=1.1    time_boot_ms=2948179221 x=12 y=-7 z=5.03918 vx=0 vy=0 vz=0
2026-09-17 19:46:14.358 | RC_CHANNELS              src=1.1    time_boot_ms=2948179221 chancount=0 chan1_raw=0 chan2_raw=0 chan3_raw=0 chan4_raw=0 chan5_raw=0 chan6_raw=0 chan7_raw=0 chan8_raw=0 chan9_raw=0 chan10_raw=0 chan11_raw=0 chan12_raw=0 chan13_raw=0 chan14_raw=0 chan15_raw=0 chan16_raw=0 chan17_raw=0 chan18_raw=0 rssi=255
2026-09-17 19:46:14.460 | GLOBAL_POSITION_INT      src=1.1    time_boot_ms=2948179324 lat=133458059 lon=747940080 alt=74580 relative_alt=-3619 vx=0 vy=0 vz=0 hdg=0
2026-09-17 19:46:14.460 | LOCAL_POSITION_NED       src=1.1    time_boot_ms=2948179324 x=12 y=-7 z=5.03918 vx=0 vy=0 vz=0
2026-09-17 19:46:14.460 | RC_CHANNELS              src=1.1    time_boot_ms=2948179324 chancount=0 chan1_raw=0 chan2_raw=0 chan3_raw=0 chan4_raw=0 chan5_raw=0 chan6_raw=0 chan7_raw=0 chan8_raw=0 chan9_raw=0 chan10_raw=0 chan11_raw=0 chan12_raw=0 chan13_raw=0 chan14_raw=0 chan15_raw=0 chan16_raw=0 chan17_raw=0 chan18_raw=0 rssi=255
2026-09-17 19:46:14.562 | GLOBAL_POSITION_INT      src=1.1    time_boot_ms=2948179425 lat=133458059 lon=747940080 alt=74580 relative_alt=-3619 vx=0 vy=0 vz=0 hdg=0
2026-09-17 19:46:14.562 | LOCAL_POSITION_NED       src=1.1    time_boot_ms=2948179425 x=12 y=-7 z=5.03918 vx=0 vy=0 vz=0
2026-09-17 19:46:14.562 | RC_CHANNELS              src=1.1    time_boot_ms=2948179425 chancount=0 chan1_raw=0 chan2_raw=0 chan3_raw=0 chan4_raw=0 chan5_raw=0 chan6_raw=0 chan7_raw=0 chan8_raw=0 chan9_raw=0 chan10_raw=0 chan11_raw=0 chan12_raw=0 chan13_raw=0 chan14_raw=0 chan15_raw=0 chan16_raw=0 chan17_raw=0 chan18_raw=0 rssi=255
2026-09-17 19:46:14.681 | GLOBAL_POSITION_INT      src=1.1    time_boot_ms=2948179545 lat=133458059 lon=747940080 alt=74580 relative_alt=-3619 vx=0 vy=0 vz=0 hdg=0
2026-09-17 19:46:14.682 | LOCAL_POSITION_NED       src=1.1    time_boot_ms=2948179545 x=12 y=-7 z=5.03918 vx=0 vy=0 vz=0
2026-09-17 19:46:14.682 | RC_CHANNELS              src=1.1    time_boot_ms=2948179545 chancount=0 chan1_raw=0 chan2_raw=0 chan3_raw=0 chan4_raw=0 chan5_raw=0 chan6_raw=0 chan7_raw=0 chan8_raw=0 chan9_raw=0 chan10_raw=0 chan11_raw=0 chan12_raw=0 chan13_raw=0 chan14_raw=0 chan15_raw=0 chan16_raw=0 chan17_raw=0 chan18_raw=0 rssi=255
2026-09-17 19:46:14.743 | HEARTBEAT                src=1.1    type=2 autopilot=3 base_mode=1 custom_mode=5 system_status=4 mavlink_version=3
2026-09-17 19:46:14.743 | SUMMARY mode=LOITER disarmed alt=-3.62m ned=(12.00,-7.00,5.04) gps=(13.3458059,74.7940080) fix=3 sats=16 eph=100 batt=16.80V/10.0A/98% ch8=0 rssi=255 ekf=0x033f v=0.09 p=0.00 c=0.00 rx=15376 drop=0
2026-09-17 19:46:14.743 | SYS_STATUS               src=1.1    onboard_control_sensors_present=0 onboard_control_sensors_enabled=0 onboard_control_sensors_health=0 load=250 voltage_battery=16800 current_battery=1000 battery_remaining=98 drop_rate_comm=0 errors_comm=0 errors_count1=0 errors_count2=0 errors_count3=0 errors_count4=0
2026-09-17 19:46:14.743 | GPS_RAW_INT              src=1.1    time_usec=1789654574742432 fix_type=3 lat=133458059 lon=747940080 alt=74580 eph=100 epv=100 vel=0 cog=0 satellites_visible=16
2026-09-17 19:46:14.743 | EKF_STATUS_REPORT        src=1.1    flags=831 velocity_variance=0.09 pos_horiz_variance=0.001 pos_vert_variance=0.005 compass_variance=0.0004 terrain_alt_variance=0
2026-09-17 19:46:14.743 | FENCE_STATUS             src=1.1    breach_status=0 breach_count=0 breach_type=0 breach_time=0
2026-09-17 19:46:14.784 | GLOBAL_POSITION_INT      src=1.1    time_boot_ms=2948179647 lat=133458059 lon=747940080 alt=74580 relative_alt=-3619 vx=0 vy=0 vz=0 hdg=0
2026-09-17 19:46:14.784 | LOCAL_POSITION_NED       src=1.1    time_boot_ms=2948179647 x=12 y=-7 z=5.03918 vx=0 vy=0 vz=0
2026-09-17 19:46:14.784 | RC_CHANNELS              src=1.1    time_boot_ms=2948179647 chancount=0 chan1_raw=0 chan2_raw=0 chan3_raw=0 chan4_raw=0 chan5_raw=0 chan6_raw=0 chan7_raw=0 chan8_raw=0 chan9_raw=0 chan10_raw=0 chan11_raw=0 chan12_raw=0 chan13_raw=0 chan14_raw=0 chan15_raw=0 chan16_raw=0 chan17_raw=0 chan18_raw=0 rssi=255
2026-09-17 19:46:14.886 | GLOBAL_POSITION_INT      src=1.1    time_boot_ms=2948179749 lat=133458059 lon=747940080 alt=74580 relative_alt=-3619 vx=0 vy=0 vz=0 hdg=0
2026-09-17 19:46:14.886 | LOCAL_POSITION_NED       src=1.1    time_boot_ms=2948179749 x=12 y=-7 z=5.03918 vx=0 vy=0 vz=0
2026-09-17 19:46:14.886 | RC_CHANNELS              src=1.1    time_boot_ms=2948179749 chancount=0 chan1_raw=0 chan2_raw=0 chan3_raw=0 chan4_raw=0 chan5_raw=0 chan6_raw=0 chan7_raw=0 chan8_raw=0 chan9_raw=0 chan10_raw=0 chan11_raw=0 chan12_raw=0 chan13_raw=0 chan14_raw=0 chan15_raw=0 chan16_raw=0 chan17_raw=0 chan18_raw=0 rssi=255
2026-09-17 19:46:14.988 | GLOBAL_POSITION_INT      src=1.1    time_boot_ms=2948179851 lat=133458059 lon=747940080 alt=74580 relative_alt=-3619 vx=0 vy=0 vz=0 hdg=0
2026-09-17 19:46:14.988 | LOCAL_POSITION_NED       src=1.1    time_boot_ms=2948179851 x=12 y=-7 z=5.03918 vx=0 vy=0 vz=0
2026-09-17 19:46:14.988 | RC_CHANNELS              src=1.1    time_boot_ms=2948179851 chancount=0 chan1_raw=0 chan2_raw=0 chan3_raw=0 chan4_raw=0 chan5_raw=0 chan6_raw=0 chan7_raw=0 chan8_raw=0 chan9_raw=0 chan10_raw=0 chan11_raw=0 chan12_raw=0 chan13_raw=0 chan14_raw=0 chan15_raw=0 chan16_raw=0 chan17_raw=0 chan18_raw=0 rssi=255
2026-09-17 19:46:15.090 | GLOBAL_POSITION_INT      src=1.1    time_boot_ms=2948179953 lat=133458059 lon=747940080 alt=74580 relative_alt=-3619 vx=0 vy=0 vz=0 hdg=0
2026-09-17 19:46:15.090 | LOCAL_POSITION_NED       src=1.1    time_boot_ms=2948179953 x=12 y=-7 z=5.03918 vx=0 vy=0 vz=0
2026-09-17 19:46:15.090 | RC_CHANNELS              src=1.1    time_boot_ms=2948179953 chancount=0 chan1_raw=0 chan2_raw=0 chan3_raw=0 chan4_raw=0 chan5_raw=0 chan6_raw=0 chan7_raw=0 chan8_raw=0 chan9_raw=0 chan10_raw=0 chan11_raw=0 chan12_raw=0 chan13_raw=0 chan14_raw=0 chan15_raw=0 chan16_raw=0 chan17_raw=0 chan18_raw=0 rssi=255
2026-09-17 19:46:15.192 | GLOBAL_POSITION_INT      src=1.1    time_boot_ms=2948180055 lat=133458059 lon=747940080 alt=74580 relative_alt=-3619 vx=0 vy=0 vz=0 hdg=0
2026-09-17 19:46:15.192 | LOCAL_POSITION_NED       src=1.1    time_boot_ms=2948180055 x=12 y=-7 z=5.03918 vx=0 vy=0 vz=0
2026-09-17 19:46:15.192 | RC_CHANNELS              src=1.1    time_boot_ms=2948180055 chancount=0 chan1_raw=0 chan2_raw=0 chan3_raw=0 chan4_raw=0 chan5_raw=0 chan6_raw=0 chan7_raw=0 chan8_raw=0 chan9_raw=0 chan10_raw=0 chan11_raw=0 chan12_raw=0 chan13_raw=0 chan14_raw=0 chan15_raw=0 chan16_raw=0 chan17_raw=0 chan18_raw=0 rssi=255
2026-09-17 19:46:15.255 | HEARTBEAT                src=1.1    type=2 autopilot=3 base_mode=1 custom_mode=5 system_status=4 mavlink_version=3
2026-09-17 19:46:15.255 | SYS_STATUS               src=1.1    onboard_control_sensors_present=0 onboard_control_sensors_enabled=0 onboard_control_sensors_health=0 load=250 voltage_battery=16800 current_battery=1000 battery_remaining=98 drop_rate_comm=0 errors_comm=0 errors_count1=0 errors_count2=0 errors_count3=0 errors_count4=0
2026-09-17 19:46:15.255 | GPS_RAW_INT              src=1.1    time_usec=1789654575254195 fix_type=3 lat=133458059 lon=747940080 alt=74580 eph=100 epv=100 vel=0 cog=0 satellites_visible=16
2026-09-17 19:46:15.255 | EKF_STATUS_REPORT        src=1.1    flags=831 velocity_variance=0.09 pos_horiz_variance=0.001 pos_vert_variance=0.005 compass_variance=0.0004 terrain_alt_variance=0
2026-09-17 19:46:15.255 | FENCE_STATUS             src=1.1    breach_status=0 breach_count=0 breach_type=0 breach_time=0
2026-09-17 19:46:15.298 | GLOBAL_POSITION_INT      src=1.1    time_boot_ms=2948180160 lat=133458059 lon=747940080 alt=74580 relative_alt=-3619 vx=0 vy=0 vz=0 hdg=0
2026-09-17 19:46:15.298 | LOCAL_POSITION_NED       src=1.1    time_boot_ms=2948180160 x=12 y=-7 z=5.03918 vx=0 vy=0 vz=0
2026-09-17 19:46:15.298 | RC_CHANNELS              src=1.1    time_boot_ms=2948180160 chancount=0 chan1_raw=0 chan2_raw=0 chan3_raw=0 chan4_raw=0 chan5_raw=0 chan6_raw=0 chan7_raw=0 chan8_raw=0 chan9_raw=0 chan10_raw=0 chan11_raw=0 chan12_raw=0 chan13_raw=0 chan14_raw=0 chan15_raw=0 chan16_raw=0 chan17_raw=0 chan18_raw=0 rssi=255
2026-09-17 19:46:15.798 | *** FC TELEMETRY LOG CLOSING: 15403 messages, 0 dropped
2026-09-17 19:46:15.799 | *** message counts: GLOBAL_POSITION_INT=3833, LOCAL_POSITION_NED=3833, RC_CHANNELS=3833, HEARTBEAT=777, SYS_STATUS=777, GPS_RAW_INT=777, EKF_STATUS_REPORT=777, FENCE_STATUS=777, PARAM_VALUE=10, COMMAND_ACK=9
