2026-09-17 19:33:55 | INFO | ==========================================================
2026-09-17 19:33:55 | INFO | === ARDUPILOT POLYGON RASTER COVERAGE MISSION ===
2026-09-17 19:33:55 | INFO | ==========================================================
2026-09-17 19:33:55 | INFO | Project directory : /home/aahswarm/ardupilotRasterFix
2026-09-17 19:33:55 | INFO | Mission log       : /home/aahswarm/ardupilotRasterFix/ardupilot_raster_mission.log
2026-09-17 19:33:55 | INFO | Trigger file      : /home/aahswarm/ardupilotRasterFix/START_RASTER_MISSION
2026-09-17 19:33:55 | INFO | Recordings        : /home/aahswarm/ardupilotRasterFix/recordings/
2026-09-17 19:33:55 | INFO | =========================================================
2026-09-17 19:33:55 | INFO | === POLYGON RASTER MISSION PLAN ===
2026-09-17 19:33:55 | INFO | =========================================================
2026-09-17 19:33:55 | INFO |   Corner A: 13.3458930, 74.7940200
2026-09-17 19:33:55 | INFO |   Corner B: 13.3457210, 74.7940420
2026-09-17 19:33:55 | INFO |   Corner C: 13.3457120, 74.7940080
2026-09-17 19:33:55 | INFO |   Corner D: 13.3458870, 74.7939650
2026-09-17 19:33:55 | INFO |   Sides: AB=19.29m BC=3.82m CD=20.03m DA=5.99m; area=96.03m^2
2026-09-17 19:33:55 | INFO |   Corner angles: A=90.7 B=98.1 C=88.2 D=83.0 deg (a rectangle is not required)
2026-09-17 19:33:55 | INFO |   Inward safety inset: 0.20m -> inset area 86.36m^2
2026-09-17 19:33:55 | INFO |   Sweep axis: RASTER_AXIS=short -> passes run A->D (5.99m side, stepping across the 19.29m side), bearing 262.9 deg, alternating
2026-09-17 19:33:55 | INFO |   Passes: 20, spacing 0.974m (requested 1.000m), waypoints 40
2026-09-17 19:33:55 | INFO |   Pass lengths: 3.46m to 5.52m; the longest leg is 11s at 0.50m/s, which is how long the aircraft flies in one direction before its first turn
2026-09-17 19:33:55 | INFO |   Path length 108.3m, estimated 217s at 0.50m/s (horizontal travel only)
2026-09-17 19:33:55 | INFO |   Containment: 40/40 waypoints and 39 segments verified inside the inset polygon (2223 samples); worst clearance +0.200m from the polygon edge
2026-09-17 19:33:55 | INFO |   Outer safety geofence: area 217.93m^2, sides 10.24m, 24.00m, 7.46m, 25.53m, winding CCW
2026-09-17 19:33:55 | INFO |   Inner inside outer: minimum separation 1.96m (corners A=1.99m, B=1.96m, C=1.99m, D=2.01m); raster path worst 2.16m, 1.66m against the effective boundary
2026-09-17 19:33:55 | INFO |   Outer safety geofence: 4 GPS corners, effective boundary 0.50m inside them (independent safety layer, NOT the mission polygon, NOT an ArduPilot fence)
2026-09-17 19:33:55 | INFO |   Inner runtime breach tolerance: 0.50m beyond the mission-polygon edge, enforced during the RASTER phase only
2026-09-17 19:33:55 | INFO |   Max planned distance from polygon centroid: 10.34m
2026-09-17 19:33:55 | INFO | ==========================================================
2026-09-17 19:33:55 | INFO | === ARDUPILOT CONTINUOUS AUTONOMOUS MISSION DAEMON ===
2026-09-17 19:33:55 | INFO | ==========================================================
2026-09-17 19:33:55 | INFO | Mission Parameters: Port=auto-discover, Baud=115200, TakeoffAlt=2.0m, DescentSpeed=0.15m/s, TouchdownSpeed=0.08m/s, Orbit=3.0m x 1.0 at 0.5m/s, HorizontalFence=4.0m, Geofence=DISABLED
2026-09-17 19:33:55 | INFO | Waiting for ArduPilot flight controller... (no serial device found, retrying in 3s)
2026-09-17 19:33:58 | INFO | Waiting for ArduPilot flight controller... (no serial device found, retrying in 3s)
2026-09-17 19:34:01 | INFO | Waiting for ArduPilot flight controller... (no serial device found, retrying in 3s)
2026-09-17 19:34:04 | INFO | Waiting for ArduPilot flight controller... (no serial device found, retrying in 3s)
2026-09-17 19:34:07 | INFO | Waiting for ArduPilot flight controller... (no serial device found, retrying in 3s)
2026-09-17 19:34:10 | INFO | Waiting for ArduPilot flight controller... (no serial device found, retrying in 3s)
2026-09-17 19:34:13 | INFO | Waiting for ArduPilot flight controller... (no serial device found, retrying in 3s)
2026-09-17 19:34:16 | INFO | Waiting for ArduPilot flight controller... (no serial device found, retrying in 3s)
2026-09-17 19:34:19 | INFO | Waiting for ArduPilot flight controller... (no serial device found, retrying in 3s)
2026-09-17 19:34:22 | INFO | Waiting for ArduPilot flight controller... (no serial device found, retrying in 3s)
2026-09-17 19:34:25 | INFO | Waiting for ArduPilot flight controller... (no serial device found, retrying in 3s)
2026-09-17 19:34:28 | INFO | Waiting for ArduPilot flight controller... (no serial device found, retrying in 3s)
2026-09-17 19:34:31 | INFO | Waiting for ArduPilot flight controller... (no serial device found, retrying in 3s)
2026-09-17 19:34:34 | INFO | Waiting for ArduPilot flight controller... (no serial device found, retrying in 3s)
2026-09-17 19:34:37 | INFO | Waiting for ArduPilot flight controller... (no serial device found, retrying in 3s)
2026-09-17 19:34:40 | INFO | Waiting for ArduPilot flight controller... (no serial device found, retrying in 3s)
2026-09-17 19:34:43 | INFO | Waiting for ArduPilot flight controller... (no serial device found, retrying in 3s)
2026-09-17 19:34:46 | INFO | Waiting for ArduPilot flight controller... (no serial device found, retrying in 3s)
2026-09-17 19:34:49 | INFO | Waiting for ArduPilot flight controller... (no serial device found, retrying in 3s)
2026-09-17 19:34:52 | INFO | Waiting for ArduPilot flight controller... (no serial device found, retrying in 3s)
2026-09-17 19:34:55 | INFO | Waiting for ArduPilot flight controller... (no serial device found, retrying in 3s)
2026-09-17 19:34:58 | INFO | Waiting for ArduPilot flight controller... (no serial device found, retrying in 3s)
2026-09-17 19:35:01 | INFO | Waiting for ArduPilot flight controller... (no serial device found, retrying in 3s)
2026-09-17 19:35:04 | INFO | Waiting for ArduPilot flight controller... (no serial device found, retrying in 3s)
2026-09-17 19:35:07 | INFO | Waiting for ArduPilot flight controller... (no serial device found, retrying in 3s)
2026-09-17 19:35:10 | INFO | Waiting for ArduPilot flight controller... (no serial device found, retrying in 3s)
2026-09-17 19:35:13 | INFO | Waiting for ArduPilot flight controller... (no serial device found, retrying in 3s)
2026-09-17 19:35:16 | INFO | Waiting for ArduPilot flight controller... (no serial device found, retrying in 3s)
2026-09-17 19:35:19 | INFO | Waiting for ArduPilot flight controller... (no serial device found, retrying in 3s)
2026-09-17 19:35:22 | INFO | Waiting for ArduPilot flight controller... (no serial device found, retrying in 3s)
2026-09-17 19:35:25 | INFO | Waiting for ArduPilot flight controller... (no serial device found, retrying in 3s)
2026-09-17 19:35:28 | INFO | Waiting for ArduPilot flight controller... (no serial device found, retrying in 3s)
2026-09-17 19:35:31 | INFO | Waiting for ArduPilot flight controller... (no serial device found, retrying in 3s)
2026-09-17 19:35:34 | INFO | Waiting for ArduPilot flight controller... (no serial device found, retrying in 3s)
2026-09-17 19:35:37 | INFO | Waiting for ArduPilot flight controller... (no serial device found, retrying in 3s)
2026-09-17 19:35:40 | INFO | Waiting for ArduPilot flight controller... (no serial device found, retrying in 3s)
2026-09-17 19:35:44 | INFO | Waiting for ArduPilot flight controller... (no serial device found, retrying in 3s)
2026-09-17 19:35:47 | INFO | Waiting for ArduPilot flight controller... (no serial device found, retrying in 3s)
2026-09-17 19:35:50 | INFO | Waiting for ArduPilot flight controller... (no serial device found, retrying in 3s)
2026-09-17 19:35:53 | INFO | Waiting for ArduPilot flight controller... (no serial device found, retrying in 3s)
2026-09-17 19:35:56 | INFO | Waiting for ArduPilot flight controller... (no serial device found, retrying in 3s)
2026-09-17 19:35:59 | INFO | Waiting for ArduPilot flight controller... (no serial device found, retrying in 3s)
2026-09-17 19:36:02 | INFO | Waiting for ArduPilot flight controller... (no serial device found, retrying in 3s)
2026-09-17 19:36:05 | INFO | Waiting for ArduPilot flight controller... (no serial device found, retrying in 3s)
2026-09-17 19:36:08 | INFO | Waiting for ArduPilot flight controller... (no serial device found, retrying in 3s)
2026-09-17 19:36:11 | INFO | Waiting for ArduPilot flight controller... (no serial device found, retrying in 3s)
2026-09-17 19:36:14 | INFO | Waiting for ArduPilot flight controller... (no serial device found, retrying in 3s)
2026-09-17 19:36:17 | INFO | Waiting for ArduPilot flight controller... (no serial device found, retrying in 3s)
2026-09-17 19:36:20 | INFO | Waiting for ArduPilot flight controller... (no serial device found, retrying in 3s)
2026-09-17 19:36:23 | INFO | Waiting for ArduPilot flight controller... (no serial device found, retrying in 3s)
2026-09-17 19:36:26 | INFO | Waiting for ArduPilot flight controller... (no serial device found, retrying in 3s)
2026-09-17 19:36:29 | INFO | Waiting for ArduPilot flight controller... (no serial device found, retrying in 3s)
2026-09-17 19:36:32 | INFO | Waiting for ArduPilot flight controller... (no serial device found, retrying in 3s)
2026-09-17 19:36:35 | INFO | Waiting for ArduPilot flight controller... (no serial device found, retrying in 3s)
2026-09-17 19:36:38 | INFO | Waiting for ArduPilot flight controller... (no serial device found, retrying in 3s)
2026-09-17 19:36:41 | INFO | Waiting for ArduPilot flight controller... (no serial device found, retrying in 3s)
2026-09-17 19:36:44 | INFO | Waiting for ArduPilot flight controller... (no serial device found, retrying in 3s)
2026-09-17 19:36:47 | INFO | Waiting for ArduPilot flight controller... (no serial device found, retrying in 3s)
2026-09-17 19:36:50 | INFO | Waiting for ArduPilot flight controller... (no serial device found, retrying in 3s)
2026-09-17 19:36:53 | INFO | Waiting for ArduPilot flight controller... (no serial device found, retrying in 3s)
2026-09-17 19:36:56 | INFO | Waiting for ArduPilot flight controller... (no serial device found, retrying in 3s)
2026-09-17 19:36:59 | INFO | Waiting for ArduPilot flight controller... (no serial device found, retrying in 3s)
2026-09-17 19:37:02 | INFO | Waiting for ArduPilot flight controller... (no serial device found, retrying in 3s)
2026-09-17 19:37:05 | INFO | Waiting for ArduPilot flight controller... (no serial device found, retrying in 3s)
2026-09-17 19:37:08 | INFO | Waiting for ArduPilot flight controller... (no serial device found, retrying in 3s)
2026-09-17 19:37:11 | INFO | Waiting for ArduPilot flight controller... (no serial device found, retrying in 3s)
2026-09-17 19:37:14 | INFO | Waiting for ArduPilot flight controller... (no serial device found, retrying in 3s)
2026-09-17 19:37:17 | INFO | Waiting for ArduPilot flight controller... (no serial device found, retrying in 3s)
2026-09-17 19:37:20 | INFO | Waiting for ArduPilot flight controller... (no serial device found, retrying in 3s)
2026-09-17 19:37:23 | INFO | Waiting for ArduPilot flight controller... (no serial device found, retrying in 3s)
2026-09-17 19:37:26 | INFO | Waiting for ArduPilot flight controller... (no serial device found, retrying in 3s)
2026-09-17 19:37:29 | INFO | Waiting for ArduPilot flight controller... (no serial device found, retrying in 3s)
2026-09-17 19:37:32 | INFO | Waiting for ArduPilot flight controller... (no serial device found, retrying in 3s)
2026-09-17 19:37:35 | INFO | Waiting for ArduPilot flight controller... (no serial device found, retrying in 3s)
2026-09-17 19:37:38 | INFO | Waiting for ArduPilot flight controller... (no serial device found, retrying in 3s)
2026-09-17 19:37:41 | INFO | Waiting for ArduPilot flight controller... (no serial device found, retrying in 3s)
2026-09-17 19:37:44 | INFO | Waiting for ArduPilot flight controller... (no serial device found, retrying in 3s)
2026-09-17 19:37:47 | INFO | Waiting for ArduPilot flight controller... (no serial device found, retrying in 3s)
2026-09-17 19:37:50 | INFO | Waiting for ArduPilot flight controller... (no serial device found, retrying in 3s)
2026-09-17 19:37:53 | INFO | Waiting for ArduPilot flight controller... (no serial device found, retrying in 3s)
2026-09-17 19:37:56 | INFO | Waiting for ArduPilot flight controller... (no serial device found, retrying in 3s)
2026-09-17 19:37:59 | INFO | Waiting for ArduPilot flight controller... (no serial device found, retrying in 3s)
2026-09-17 19:38:02 | INFO | Waiting for ArduPilot flight controller... (no serial device found, retrying in 3s)
2026-09-17 19:38:05 | INFO | Waiting for ArduPilot flight controller... (no serial device found, retrying in 3s)
2026-09-17 19:38:08 | INFO | Waiting for ArduPilot flight controller... (no serial device found, retrying in 3s)
2026-09-17 19:38:11 | INFO | Waiting for ArduPilot flight controller... (no serial device found, retrying in 3s)
2026-09-17 19:38:14 | INFO | Waiting for ArduPilot flight controller... (no serial device found, retrying in 3s)
2026-09-17 19:38:17 | INFO | Waiting for ArduPilot flight controller... (no serial device found, retrying in 3s)
2026-09-17 19:38:20 | INFO | Waiting for ArduPilot flight controller... (no serial device found, retrying in 3s)
2026-09-17 19:38:23 | INFO | Waiting for ArduPilot flight controller... (no serial device found, retrying in 3s)
2026-09-17 19:38:26 | INFO | Waiting for ArduPilot flight controller... (no serial device found, retrying in 3s)
2026-09-17 19:38:29 | INFO | Waiting for ArduPilot flight controller... (no serial device found, retrying in 3s)
2026-09-17 19:38:32 | INFO | Waiting for ArduPilot flight controller... (no serial device found, retrying in 3s)
2026-09-17 19:38:35 | INFO | Waiting for ArduPilot flight controller... (no serial device found, retrying in 3s)
2026-09-17 19:38:38 | INFO | Waiting for ArduPilot flight controller... (no serial device found, retrying in 3s)
2026-09-17 19:38:41 | INFO | Waiting for ArduPilot flight controller... (no serial device found, retrying in 3s)
2026-09-17 19:38:44 | INFO | Waiting for ArduPilot flight controller... (no serial device found, retrying in 3s)
2026-09-17 19:38:47 | INFO | Waiting for ArduPilot flight controller... (no serial device found, retrying in 3s)
2026-09-17 19:38:50 | INFO | Waiting for ArduPilot flight controller... (no serial device found, retrying in 3s)
2026-09-17 19:38:53 | INFO | Waiting for ArduPilot flight controller... (no serial device found, retrying in 3s)
2026-09-17 19:38:56 | INFO | Waiting for ArduPilot flight controller... (no serial device found, retrying in 3s)
2026-09-17 19:38:59 | INFO | Waiting for ArduPilot flight controller... (no serial device found, retrying in 3s)
2026-09-17 19:39:02 | INFO | Waiting for ArduPilot flight controller... (no serial device found, retrying in 3s)
2026-09-17 19:39:05 | INFO | Waiting for ArduPilot flight controller... (no serial device found, retrying in 3s)
2026-09-17 19:39:08 | INFO | Waiting for ArduPilot flight controller... (no serial device found, retrying in 3s)
2026-09-17 19:39:11 | INFO | Waiting for ArduPilot flight controller... (no serial device found, retrying in 3s)
2026-09-17 19:39:14 | INFO | Waiting for ArduPilot flight controller... (no serial device found, retrying in 3s)
2026-09-17 19:39:17 | INFO | Waiting for ArduPilot flight controller... (no serial device found, retrying in 3s)
2026-09-17 19:39:20 | INFO | Waiting for ArduPilot flight controller... (no serial device found, retrying in 3s)
2026-09-17 19:39:23 | INFO | Waiting for ArduPilot flight controller... (no serial device found, retrying in 3s)
2026-09-17 19:39:26 | INFO | Waiting for ArduPilot flight controller... (no serial device found, retrying in 3s)
2026-09-17 19:39:29 | INFO | Waiting for ArduPilot flight controller... (no serial device found, retrying in 3s)
2026-09-17 19:39:32 | INFO | Waiting for ArduPilot flight controller... (no serial device found, retrying in 3s)
2026-09-17 19:39:35 | INFO | Waiting for ArduPilot flight controller... (no serial device found, retrying in 3s)
2026-09-17 19:39:38 | INFO | Waiting for ArduPilot flight controller... (no serial device found, retrying in 3s)
2026-09-17 19:39:41 | INFO | Waiting for ArduPilot flight controller... (no serial device found, retrying in 3s)
2026-09-17 19:39:44 | INFO | Waiting for ArduPilot flight controller... (no serial device found, retrying in 3s)
2026-09-17 19:39:47 | INFO | Waiting for ArduPilot flight controller... (no serial device found, retrying in 3s)
2026-09-17 19:39:50 | INFO | Waiting for ArduPilot flight controller... (no serial device found, retrying in 3s)
2026-09-17 19:39:53 | INFO | Waiting for ArduPilot flight controller... (no serial device found, retrying in 3s)
2026-09-17 19:39:56 | INFO | Waiting for ArduPilot flight controller... (no serial device found, retrying in 3s)
2026-09-17 19:39:59 | INFO | Waiting for ArduPilot flight controller... (no serial device found, retrying in 3s)
2026-09-17 19:40:02 | INFO | Waiting for ArduPilot flight controller... (no serial device found, retrying in 3s)
2026-09-17 19:40:05 | INFO | Waiting for ArduPilot flight controller... (no serial device found, retrying in 3s)
2026-09-17 19:40:08 | INFO | Waiting for ArduPilot flight controller... (no serial device found, retrying in 3s)
2026-09-17 19:40:11 | INFO | Waiting for ArduPilot flight controller... (no serial device found, retrying in 3s)
2026-09-17 19:40:14 | INFO | Waiting for ArduPilot flight controller... (no serial device found, retrying in 3s)
2026-09-17 19:40:17 | INFO | Waiting for ArduPilot flight controller... (no serial device found, retrying in 3s)
2026-09-17 19:40:20 | INFO | Waiting for ArduPilot flight controller... (no serial device found, retrying in 3s)
2026-09-17 19:40:23 | INFO | Waiting for ArduPilot flight controller... (no serial device found, retrying in 3s)
2026-09-17 19:40:26 | INFO | Waiting for ArduPilot flight controller... (no serial device found, retrying in 3s)
2026-09-17 19:40:29 | INFO | Waiting for ArduPilot flight controller... (no serial device found, retrying in 3s)
2026-09-17 19:40:32 | INFO | Waiting for ArduPilot flight controller... (no serial device found, retrying in 3s)
2026-09-17 19:40:35 | INFO | Waiting for ArduPilot flight controller... (no serial device found, retrying in 3s)
2026-09-17 19:40:38 | INFO | Waiting for ArduPilot flight controller... (no serial device found, retrying in 3s)
2026-09-17 19:40:41 | INFO | Waiting for ArduPilot flight controller... (no serial device found, retrying in 3s)
2026-09-17 19:40:44 | INFO | Waiting for ArduPilot flight controller... (no serial device found, retrying in 3s)
2026-09-17 19:40:47 | INFO | Waiting for ArduPilot flight controller... (no serial device found, retrying in 3s)
2026-09-17 19:40:50 | INFO | Waiting for ArduPilot flight controller... (no serial device found, retrying in 3s)
2026-09-17 19:40:53 | INFO | Waiting for ArduPilot flight controller... (no serial device found, retrying in 3s)
2026-09-17 19:40:56 | INFO | Waiting for ArduPilot flight controller... (no serial device found, retrying in 3s)
2026-09-17 19:40:59 | INFO | Waiting for ArduPilot flight controller... (no serial device found, retrying in 3s)
2026-09-17 19:41:02 | INFO | Waiting for ArduPilot flight controller... (no serial device found, retrying in 3s)
2026-09-17 19:41:05 | INFO | Waiting for ArduPilot flight controller... (no serial device found, retrying in 3s)
2026-09-17 19:41:08 | INFO | Waiting for ArduPilot flight controller... (no serial device found, retrying in 3s)
2026-09-17 19:41:11 | INFO | Waiting for ArduPilot flight controller... (no serial device found, retrying in 3s)
2026-09-17 19:41:14 | INFO | Waiting for ArduPilot flight controller... (no serial device found, retrying in 3s)
2026-09-17 19:41:17 | INFO | Waiting for ArduPilot flight controller... (no serial device found, retrying in 3s)
2026-09-17 19:41:20 | INFO | Waiting for ArduPilot flight controller... (no serial device found, retrying in 3s)
2026-09-17 19:41:23 | INFO | Waiting for ArduPilot flight controller... (no serial device found, retrying in 3s)
2026-09-17 19:41:26 | INFO | Waiting for ArduPilot flight controller... (no serial device found, retrying in 3s)
2026-09-17 19:41:29 | INFO | Waiting for ArduPilot flight controller... (no serial device found, retrying in 3s)
2026-09-17 19:41:32 | INFO | Waiting for ArduPilot flight controller... (no serial device found, retrying in 3s)
2026-09-17 19:41:35 | INFO | Waiting for ArduPilot flight controller... (no serial device found, retrying in 3s)
2026-09-17 19:41:38 | INFO | Waiting for ArduPilot flight controller... (no serial device found, retrying in 3s)
2026-09-17 19:41:41 | INFO | Waiting for ArduPilot flight controller... (no serial device found, retrying in 3s)
2026-09-17 19:41:44 | INFO | Waiting for ArduPilot flight controller... (no serial device found, retrying in 3s)
2026-09-17 19:41:47 | INFO | Waiting for ArduPilot flight controller... (no serial device found, retrying in 3s)
2026-09-17 19:41:50 | INFO | Waiting for ArduPilot flight controller... (no serial device found, retrying in 3s)
2026-09-17 19:41:53 | INFO | Waiting for ArduPilot flight controller... (no serial device found, retrying in 3s)
2026-09-17 19:41:56 | INFO | Waiting for ArduPilot flight controller... (no serial device found, retrying in 3s)
2026-09-17 19:41:59 | INFO | Waiting for ArduPilot flight controller... (no serial device found, retrying in 3s)
2026-09-17 19:42:02 | INFO | Waiting for ArduPilot flight controller... (no serial device found, retrying in 3s)
2026-09-17 19:42:05 | INFO | Waiting for ArduPilot flight controller... (no serial device found, retrying in 3s)
2026-09-17 19:42:08 | INFO | Waiting for ArduPilot flight controller... (no serial device found, retrying in 3s)
2026-09-17 19:42:11 | INFO | Waiting for ArduPilot flight controller... (no serial device found, retrying in 3s)
2026-09-17 19:42:14 | INFO | Waiting for ArduPilot flight controller... (no serial device found, retrying in 3s)
2026-09-17 19:42:17 | INFO | Waiting for ArduPilot flight controller... (no serial device found, retrying in 3s)
2026-09-17 19:42:20 | INFO | Waiting for ArduPilot flight controller... (no serial device found, retrying in 3s)
2026-09-17 19:42:23 | INFO | Waiting for ArduPilot flight controller... (no serial device found, retrying in 3s)
2026-09-17 19:42:26 | INFO | Waiting for ArduPilot flight controller... (no serial device found, retrying in 3s)
2026-09-17 19:42:29 | INFO | Waiting for ArduPilot flight controller... (no serial device found, retrying in 3s)
2026-09-17 19:42:32 | INFO | Waiting for ArduPilot flight controller... (no serial device found, retrying in 3s)
2026-09-17 19:42:35 | INFO | Waiting for ArduPilot flight controller... (no serial device found, retrying in 3s)
2026-09-17 19:42:38 | INFO | Waiting for ArduPilot flight controller... (no serial device found, retrying in 3s)
2026-09-17 19:42:41 | INFO | Waiting for ArduPilot flight controller... (no serial device found, retrying in 3s)
2026-09-17 19:42:44 | INFO | Waiting for ArduPilot flight controller... (no serial device found, retrying in 3s)
2026-09-17 19:42:47 | INFO | Waiting for ArduPilot flight controller... (no serial device found, retrying in 3s)
2026-09-17 19:42:50 | INFO | Waiting for ArduPilot flight controller... (no serial device found, retrying in 3s)
2026-09-17 19:42:53 | INFO | Waiting for ArduPilot flight controller... (no serial device found, retrying in 3s)
2026-09-17 19:42:56 | INFO | Waiting for ArduPilot flight controller... (no serial device found, retrying in 3s)
2026-09-17 19:42:59 | INFO | Waiting for ArduPilot flight controller... (no serial device found, retrying in 3s)
2026-09-17 19:43:02 | INFO | Waiting for ArduPilot flight controller... (no serial device found, retrying in 3s)
2026-09-17 19:43:05 | INFO | Waiting for ArduPilot flight controller... (no serial device found, retrying in 3s)
2026-09-17 19:43:08 | INFO | Waiting for ArduPilot flight controller... (no serial device found, retrying in 3s)
2026-09-17 19:43:11 | INFO | Waiting for ArduPilot flight controller... (no serial device found, retrying in 3s)
2026-09-17 19:43:14 | INFO | Waiting for ArduPilot flight controller... (no serial device found, retrying in 3s)
2026-09-17 19:43:17 | INFO | Waiting for ArduPilot flight controller... (no serial device found, retrying in 3s)
2026-09-17 19:43:20 | INFO | Waiting for ArduPilot flight controller... (no serial device found, retrying in 3s)
2026-09-17 19:43:23 | INFO | Waiting for ArduPilot flight controller... (no serial device found, retrying in 3s)
2026-09-17 19:43:26 | INFO | Waiting for ArduPilot flight controller... (no serial device found, retrying in 3s)
2026-09-17 19:43:29 | INFO | Waiting for ArduPilot flight controller... (no serial device found, retrying in 3s)
2026-09-17 19:43:32 | INFO | Waiting for ArduPilot flight controller... (no serial device found, retrying in 3s)
2026-09-17 19:43:35 | INFO | Waiting for ArduPilot flight controller... (no serial device found, retrying in 3s)
2026-09-17 19:43:38 | INFO | Waiting for ArduPilot flight controller... (no serial device found, retrying in 3s)
2026-09-17 19:43:41 | INFO | Waiting for ArduPilot flight controller... (no serial device found, retrying in 3s)
2026-09-17 19:43:44 | INFO | Waiting for ArduPilot flight controller... (no serial device found, retrying in 3s)
2026-09-17 19:43:47 | INFO | Waiting for ArduPilot flight controller... (no serial device found, retrying in 3s)
2026-09-17 19:43:50 | INFO | Waiting for ArduPilot flight controller... (no serial device found, retrying in 3s)
2026-09-17 19:43:53 | INFO | Waiting for ArduPilot flight controller... (no serial device found, retrying in 3s)
2026-09-17 19:43:56 | INFO | Waiting for ArduPilot flight controller... (no serial device found, retrying in 3s)
2026-09-17 19:43:59 | INFO | Waiting for ArduPilot flight controller... (no serial device found, retrying in 3s)
2026-09-17 19:44:02 | INFO | Waiting for ArduPilot flight controller... (no serial device found, retrying in 3s)
2026-09-17 19:44:05 | INFO | Waiting for ArduPilot flight controller... (no serial device found, retrying in 3s)
2026-09-17 19:44:08 | INFO | Waiting for ArduPilot flight controller... (no serial device found, retrying in 3s)
2026-09-17 19:44:11 | INFO | Waiting for ArduPilot flight controller... (no serial device found, retrying in 3s)
2026-09-17 19:44:14 | INFO | Waiting for ArduPilot flight controller... (no serial device found, retrying in 3s)
2026-09-17 19:44:17 | INFO | Waiting for ArduPilot flight controller... (no serial device found, retrying in 3s)
2026-09-17 19:44:20 | INFO | Waiting for ArduPilot flight controller... (no serial device found, retrying in 3s)
2026-09-17 19:44:23 | INFO | Waiting for ArduPilot flight controller... (no serial device found, retrying in 3s)
2026-09-17 19:44:26 | INFO | Waiting for ArduPilot flight controller... (no serial device found, retrying in 3s)
2026-09-17 19:44:29 | INFO | Waiting for ArduPilot flight controller... (no serial device found, retrying in 3s)
2026-09-17 19:44:32 | INFO | Waiting for ArduPilot flight controller... (no serial device found, retrying in 3s)
2026-09-17 19:44:35 | INFO | Waiting for ArduPilot flight controller... (no serial device found, retrying in 3s)
2026-09-17 19:44:38 | INFO | Waiting for ArduPilot flight controller... (no serial device found, retrying in 3s)
2026-09-17 19:44:41 | INFO | Waiting for ArduPilot flight controller... (no serial device found, retrying in 3s)
2026-09-17 19:44:44 | INFO | Waiting for ArduPilot flight controller... (no serial device found, retrying in 3s)
2026-09-17 19:44:47 | INFO | Waiting for ArduPilot flight controller... (no serial device found, retrying in 3s)
2026-09-17 19:44:50 | INFO | Waiting for ArduPilot flight controller... (no serial device found, retrying in 3s)
2026-09-17 19:44:53 | INFO | Waiting for ArduPilot flight controller... (no serial device found, retrying in 3s)
2026-09-17 19:44:56 | INFO | Waiting for ArduPilot flight controller... (no serial device found, retrying in 3s)
2026-09-17 19:44:59 | INFO | Waiting for ArduPilot flight controller... (no serial device found, retrying in 3s)
2026-09-17 19:45:02 | INFO | Waiting for ArduPilot flight controller... (no serial device found, retrying in 3s)
2026-09-17 19:45:05 | INFO | Waiting for ArduPilot flight controller... (no serial device found, retrying in 3s)
2026-09-17 19:45:08 | INFO | Waiting for ArduPilot flight controller... (no serial device found, retrying in 3s)
2026-09-17 19:45:11 | INFO | Waiting for ArduPilot flight controller... (no serial device found, retrying in 3s)
2026-09-17 19:45:14 | INFO | Waiting for ArduPilot flight controller... (no serial device found, retrying in 3s)
2026-09-17 19:45:17 | INFO | Waiting for ArduPilot flight controller... (no serial device found, retrying in 3s)
2026-09-17 19:45:20 | INFO | Waiting for ArduPilot flight controller... (no serial device found, retrying in 3s)
2026-09-17 19:45:23 | INFO | Waiting for ArduPilot flight controller... (no serial device found, retrying in 3s)
2026-09-17 19:45:26 | INFO | Waiting for ArduPilot flight controller... (no serial device found, retrying in 3s)
2026-09-17 19:45:29 | INFO | Waiting for ArduPilot flight controller... (no serial device found, retrying in 3s)
2026-09-17 19:45:32 | INFO | Waiting for ArduPilot flight controller... (no serial device found, retrying in 3s)
2026-09-17 19:45:35 | INFO | Waiting for ArduPilot flight controller... (no serial device found, retrying in 3s)
2026-09-17 19:45:38 | INFO | Waiting for ArduPilot flight controller... (no serial device found, retrying in 3s)
2026-09-17 19:45:41 | INFO | Waiting for ArduPilot flight controller... (no serial device found, retrying in 3s)
2026-09-17 19:45:44 | INFO | Waiting for ArduPilot flight controller... (no serial device found, retrying in 3s)
2026-09-17 19:45:47 | INFO | Waiting for ArduPilot flight controller... (no serial device found, retrying in 3s)
2026-09-17 19:45:50 | INFO | Waiting for ArduPilot flight controller... (no serial device found, retrying in 3s)
2026-09-17 19:45:53 | INFO | Waiting for ArduPilot flight controller... (no serial device found, retrying in 3s)
2026-09-17 19:45:56 | INFO | Waiting for ArduPilot flight controller... (no serial device found, retrying in 3s)
2026-09-17 19:45:59 | INFO | Waiting for ArduPilot flight controller... (no serial device found, retrying in 3s)
2026-09-17 19:46:02 | INFO | Waiting for ArduPilot flight controller... (no serial device found, retrying in 3s)
2026-09-17 19:46:05 | INFO | Waiting for ArduPilot flight controller... (no serial device found, retrying in 3s)
2026-09-17 19:46:08 | INFO | Waiting for ArduPilot flight controller... (no serial device found, retrying in 3s)
2026-09-17 19:46:08 | INFO | Received exit signal 15. Finalizing video and exiting...
2026-09-17 19:46:08 | INFO | ==========================================================
2026-09-17 19:46:08 | INFO | === ARDUPILOT POLYGON RASTER COVERAGE MISSION ===
2026-09-17 19:46:08 | INFO | ==========================================================
2026-09-17 19:46:08 | INFO | Project directory : /home/aahswarm/ardupilotRasterFix
2026-09-17 19:46:08 | INFO | Mission log       : /home/aahswarm/ardupilotRasterFix/ardupilot_raster_mission.log
2026-09-17 19:46:08 | INFO | Trigger file      : /home/aahswarm/ardupilotRasterFix/START_RASTER_MISSION
2026-09-17 19:46:08 | INFO | Recordings        : /home/aahswarm/ardupilotRasterFix/recordings/
2026-09-17 19:46:08 | INFO | =========================================================
2026-09-17 19:46:08 | INFO | === POLYGON RASTER MISSION PLAN ===
2026-09-17 19:46:08 | INFO | =========================================================
2026-09-17 19:46:08 | INFO |   Corner A: 13.3458930, 74.7940200
2026-09-17 19:46:08 | INFO |   Corner B: 13.3457210, 74.7940420
2026-09-17 19:46:08 | INFO |   Corner C: 13.3457120, 74.7940080
2026-09-17 19:46:08 | INFO |   Corner D: 13.3458870, 74.7939650
2026-09-17 19:46:08 | INFO |   Sides: AB=19.29m BC=3.82m CD=20.03m DA=5.99m; area=96.03m^2
2026-09-17 19:46:08 | INFO |   Corner angles: A=90.7 B=98.1 C=88.2 D=83.0 deg (a rectangle is not required)
2026-09-17 19:46:08 | INFO |   Inward safety inset: 0.20m -> inset area 86.36m^2
2026-09-17 19:46:08 | INFO |   Sweep axis: RASTER_AXIS=short -> passes run A->D (5.99m side, stepping across the 19.29m side), bearing 262.9 deg, alternating
2026-09-17 19:46:08 | INFO |   Passes: 20, spacing 0.974m (requested 1.000m), waypoints 40
2026-09-17 19:46:08 | INFO |   Pass lengths: 3.46m to 5.52m; the longest leg is 6s at 1.00m/s, which is how long the aircraft flies in one direction before its first turn
2026-09-17 19:46:08 | INFO |   Path length 108.3m, estimated 108s at 1.00m/s (horizontal travel only)
2026-09-17 19:46:08 | INFO |   Containment: 40/40 waypoints and 39 segments verified inside the inset polygon (2223 samples); worst clearance +0.200m from the polygon edge
2026-09-17 19:46:08 | INFO |   Outer safety geofence: area 217.93m^2, sides 10.24m, 24.00m, 7.46m, 25.53m, winding CCW
2026-09-17 19:46:08 | INFO |   Inner inside outer: minimum separation 1.96m (corners A=1.99m, B=1.96m, C=1.99m, D=2.01m); raster path worst 2.16m, 1.66m against the effective boundary
2026-09-17 19:46:08 | INFO |   Outer safety geofence: 4 GPS corners, effective boundary 0.50m inside them (independent safety layer, NOT the mission polygon, NOT an ArduPilot fence)
2026-09-17 19:46:08 | INFO |   Inner runtime breach tolerance: 0.50m beyond the mission-polygon edge, enforced during the RASTER phase only
2026-09-17 19:46:08 | INFO |   Max planned distance from polygon centroid: 10.34m
2026-09-17 19:46:08 | INFO | ==========================================================
2026-09-17 19:46:08 | INFO | === ARDUPILOT CONTINUOUS AUTONOMOUS MISSION DAEMON ===
2026-09-17 19:46:08 | INFO | ==========================================================
2026-09-17 19:46:08 | INFO | Mission Parameters: Port=auto-discover, Baud=115200, TakeoffAlt=2.0m, DescentSpeed=0.15m/s, TouchdownSpeed=0.08m/s, Orbit=3.0m x 1.0 at 1.0m/s, HorizontalFence=4.0m, Geofence=DISABLED
2026-09-17 19:46:08 | INFO | Waiting for ArduPilot flight controller... (no serial device found, retrying in 3s)
2026-09-17 19:46:11 | INFO | Waiting for ArduPilot flight controller... (no serial device found, retrying in 3s)
2026-09-17 19:46:14 | INFO | Waiting for ArduPilot flight controller... (no serial device found, retrying in 3s)
2026-09-17 19:46:17 | INFO | Waiting for ArduPilot flight controller... (no serial device found, retrying in 3s)
2026-09-17 19:46:20 | INFO | Waiting for ArduPilot flight controller... (no serial device found, retrying in 3s)
2026-09-17 19:46:23 | INFO | Waiting for ArduPilot flight controller... (no serial device found, retrying in 3s)
2026-09-17 19:46:26 | INFO | Waiting for ArduPilot flight controller... (no serial device found, retrying in 3s)
2026-09-17 19:46:29 | INFO | Waiting for ArduPilot flight controller... (no serial device found, retrying in 3s)
2026-09-17 19:46:32 | INFO | Waiting for ArduPilot flight controller... (no serial device found, retrying in 3s)
2026-09-17 19:46:35 | INFO | Waiting for ArduPilot flight controller... (no serial device found, retrying in 3s)
2026-09-17 19:46:38 | INFO | Waiting for ArduPilot flight controller... (no serial device found, retrying in 3s)
2026-09-17 19:46:41 | INFO | Waiting for ArduPilot flight controller... (no serial device found, retrying in 3s)
2026-09-17 19:46:44 | INFO | Waiting for ArduPilot flight controller... (no serial device found, retrying in 3s)
2026-09-17 19:46:47 | INFO | Waiting for ArduPilot flight controller... (no serial device found, retrying in 3s)
2026-09-17 19:46:50 | INFO | Waiting for ArduPilot flight controller... (no serial device found, retrying in 3s)
2026-09-17 19:46:53 | INFO | Waiting for ArduPilot flight controller... (no serial device found, retrying in 3s)
2026-09-17 19:46:57 | INFO | Waiting for ArduPilot flight controller... (no serial device found, retrying in 3s)
2026-09-17 19:47:00 | INFO | Waiting for ArduPilot flight controller... (no serial device found, retrying in 3s)
2026-09-17 19:47:03 | INFO | Waiting for ArduPilot flight controller... (no serial device found, retrying in 3s)
2026-09-17 19:47:06 | INFO | Waiting for ArduPilot flight controller... (no serial device found, retrying in 3s)
2026-09-17 19:47:09 | INFO | Waiting for ArduPilot flight controller... (no serial device found, retrying in 3s)
2026-09-17 19:47:12 | INFO | Waiting for ArduPilot flight controller... (no serial device found, retrying in 3s)
2026-09-17 19:47:15 | INFO | Waiting for ArduPilot flight controller... (no serial device found, retrying in 3s)
2026-09-17 19:47:18 | INFO | Waiting for ArduPilot flight controller... (no serial device found, retrying in 3s)
2026-09-17 19:47:21 | INFO | Waiting for ArduPilot flight controller... (no serial device found, retrying in 3s)
2026-09-17 19:47:24 | INFO | Waiting for ArduPilot flight controller... (no serial device found, retrying in 3s)
2026-09-17 19:47:27 | INFO | Waiting for ArduPilot flight controller... (no serial device found, retrying in 3s)
2026-09-17 19:47:30 | INFO | Waiting for ArduPilot flight controller... (no serial device found, retrying in 3s)
2026-09-17 19:47:33 | INFO | Waiting for ArduPilot flight controller... (no serial device found, retrying in 3s)
2026-09-17 19:47:36 | INFO | Waiting for ArduPilot flight controller... (no serial device found, retrying in 3s)
2026-09-17 19:47:39 | INFO | Waiting for ArduPilot flight controller... (no serial device found, retrying in 3s)
2026-09-17 19:47:42 | INFO | Waiting for ArduPilot flight controller... (no serial device found, retrying in 3s)
2026-09-17 19:47:45 | INFO | Waiting for ArduPilot flight controller... (no serial device found, retrying in 3s)
2026-09-17 19:47:48 | INFO | Waiting for ArduPilot flight controller... (no serial device found, retrying in 3s)
2026-09-17 19:47:51 | INFO | Waiting for ArduPilot flight controller... (no serial device found, retrying in 3s)
2026-09-17 19:47:54 | INFO | Waiting for ArduPilot flight controller... (no serial device found, retrying in 3s)
2026-09-17 19:47:57 | INFO | Waiting for ArduPilot flight controller... (no serial device found, retrying in 3s)
2026-09-17 19:48:00 | INFO | Waiting for ArduPilot flight controller... (no serial device found, retrying in 3s)
2026-09-17 19:48:03 | INFO | Waiting for ArduPilot flight controller... (no serial device found, retrying in 3s)
2026-09-17 19:48:06 | INFO | Waiting for ArduPilot flight controller... (no serial device found, retrying in 3s)
2026-09-17 19:48:09 | INFO | Waiting for ArduPilot flight controller... (no serial device found, retrying in 3s)
2026-09-17 19:48:12 | INFO | Waiting for ArduPilot flight controller... (no serial device found, retrying in 3s)
2026-09-17 19:48:15 | INFO | Waiting for ArduPilot flight controller... (no serial device found, retrying in 3s)
2026-09-17 19:48:18 | INFO | Waiting for ArduPilot flight controller... (no serial device found, retrying in 3s)
2026-09-17 19:48:21 | INFO | Waiting for ArduPilot flight controller... (no serial device found, retrying in 3s)
2026-09-17 19:48:24 | INFO | Waiting for ArduPilot flight controller... (no serial device found, retrying in 3s)
2026-09-17 19:48:27 | INFO | Waiting for ArduPilot flight controller... (no serial device found, retrying in 3s)
2026-09-17 19:48:30 | INFO | Waiting for ArduPilot flight controller... (no serial device found, retrying in 3s)
2026-09-17 19:48:33 | INFO | Waiting for ArduPilot flight controller... (no serial device found, retrying in 3s)
2026-09-17 19:48:36 | INFO | Waiting for ArduPilot flight controller... (no serial device found, retrying in 3s)
2026-09-17 19:48:39 | INFO | Waiting for ArduPilot flight controller... (no serial device found, retrying in 3s)
2026-09-17 19:48:42 | INFO | Waiting for ArduPilot flight controller... (no serial device found, retrying in 3s)
2026-09-17 19:48:45 | INFO | Waiting for ArduPilot flight controller... (no serial device found, retrying in 3s)
2026-09-17 19:48:48 | INFO | Waiting for ArduPilot flight controller... (no serial device found, retrying in 3s)
2026-09-17 19:48:51 | INFO | Waiting for ArduPilot flight controller... (no serial device found, retrying in 3s)
2026-09-17 19:48:54 | INFO | Waiting for ArduPilot flight controller... (no serial device found, retrying in 3s)
2026-09-17 19:48:57 | INFO | Waiting for ArduPilot flight controller... (no serial device found, retrying in 3s)
2026-09-17 19:49:00 | INFO | Waiting for ArduPilot flight controller... (no serial device found, retrying in 3s)
2026-09-17 19:49:03 | INFO | Waiting for ArduPilot flight controller... (no serial device found, retrying in 3s)
2026-09-17 19:49:06 | INFO | Waiting for ArduPilot flight controller... (no serial device found, retrying in 3s)
2026-09-17 19:49:09 | INFO | Waiting for ArduPilot flight controller... (no serial device found, retrying in 3s)
2026-09-17 19:49:12 | INFO | Waiting for ArduPilot flight controller... (no serial device found, retrying in 3s)
2026-09-17 19:49:15 | INFO | Waiting for ArduPilot flight controller... (no serial device found, retrying in 3s)
2026-09-17 19:49:18 | INFO | Waiting for ArduPilot flight controller... (no serial device found, retrying in 3s)
2026-09-17 19:49:21 | INFO | Waiting for ArduPilot flight controller... (no serial device found, retrying in 3s)
2026-09-17 19:49:24 | INFO | Waiting for ArduPilot flight controller... (no serial device found, retrying in 3s)
2026-09-17 19:49:27 | INFO | Waiting for ArduPilot flight controller... (no serial device found, retrying in 3s)
2026-09-17 19:49:30 | INFO | Waiting for ArduPilot flight controller... (no serial device found, retrying in 3s)
2026-09-17 19:49:33 | INFO | Waiting for ArduPilot flight controller... (no serial device found, retrying in 3s)
2026-09-17 19:49:36 | INFO | Waiting for ArduPilot flight controller... (no serial device found, retrying in 3s)
2026-09-17 19:49:39 | INFO | Waiting for ArduPilot flight controller... (no serial device found, retrying in 3s)
2026-09-17 19:49:42 | INFO | Waiting for ArduPilot flight controller... (no serial device found, retrying in 3s)
2026-09-17 19:49:45 | INFO | Waiting for ArduPilot flight controller... (no serial device found, retrying in 3s)
2026-09-17 19:49:48 | INFO | Waiting for ArduPilot flight controller... (no serial device found, retrying in 3s)
2026-09-17 19:49:51 | INFO | Waiting for ArduPilot flight controller... (no serial device found, retrying in 3s)
2026-09-17 19:49:54 | INFO | Waiting for ArduPilot flight controller... (no serial device found, retrying in 3s)
2026-09-17 19:49:57 | INFO | Waiting for ArduPilot flight controller... (no serial device found, retrying in 3s)
2026-09-17 19:50:01 | INFO | Waiting for ArduPilot flight controller... (no serial device found, retrying in 3s)
2026-09-17 19:50:04 | INFO | Waiting for ArduPilot flight controller... (no serial device found, retrying in 3s)
2026-09-17 19:50:07 | INFO | Waiting for ArduPilot flight controller... (no serial device found, retrying in 3s)
2026-09-17 19:50:10 | INFO | Waiting for ArduPilot flight controller... (no serial device found, retrying in 3s)
2026-09-17 19:50:13 | INFO | Waiting for ArduPilot flight controller... (no serial device found, retrying in 3s)
2026-09-17 19:50:16 | INFO | Waiting for ArduPilot flight controller... (no serial device found, retrying in 3s)
2026-09-17 19:50:19 | INFO | Waiting for ArduPilot flight controller... (no serial device found, retrying in 3s)
2026-09-17 19:50:22 | INFO | Waiting for ArduPilot flight controller... (no serial device found, retrying in 3s)
2026-09-17 19:50:25 | INFO | Waiting for ArduPilot flight controller... (no serial device found, retrying in 3s)
2026-09-17 19:50:28 | INFO | Waiting for ArduPilot flight controller... (no serial device found, retrying in 3s)
2026-09-17 19:50:31 | INFO | Waiting for ArduPilot flight controller... (no serial device found, retrying in 3s)
2026-09-17 19:50:34 | INFO | Waiting for ArduPilot flight controller... (no serial device found, retrying in 3s)
2026-09-17 19:50:37 | INFO | Waiting for ArduPilot flight controller... (no serial device found, retrying in 3s)
2026-09-17 19:50:40 | INFO | Waiting for ArduPilot flight controller... (no serial device found, retrying in 3s)
2026-09-17 19:50:43 | INFO | Waiting for ArduPilot flight controller... (no serial device found, retrying in 3s)
2026-09-17 19:50:46 | INFO | Waiting for ArduPilot flight controller... (no serial device found, retrying in 3s)
2026-09-17 19:50:49 | INFO | Waiting for ArduPilot flight controller... (no serial device found, retrying in 3s)
2026-09-17 19:50:52 | INFO | Waiting for ArduPilot flight controller... (no serial device found, retrying in 3s)
2026-09-17 19:50:55 | INFO | Waiting for ArduPilot flight controller... (no serial device found, retrying in 3s)
2026-09-17 19:50:58 | INFO | Waiting for ArduPilot flight controller... (no serial device found, retrying in 3s)
2026-09-17 19:51:01 | INFO | Waiting for ArduPilot flight controller... (no serial device found, retrying in 3s)
2026-09-17 19:51:04 | INFO | Waiting for ArduPilot flight controller... (no serial device found, retrying in 3s)
2026-09-17 19:51:07 | INFO | Waiting for ArduPilot flight controller... (no serial device found, retrying in 3s)
2026-09-17 19:51:10 | INFO | Waiting for ArduPilot flight controller... (no serial device found, retrying in 3s)
2026-09-17 19:51:13 | INFO | Waiting for ArduPilot flight controller... (no serial device found, retrying in 3s)
2026-09-17 19:51:16 | INFO | Waiting for ArduPilot flight controller... (no serial device found, retrying in 3s)
2026-09-17 19:51:19 | INFO | Connecting to ArduPilot flight controller at /dev/serial/by-id/usb-ArduPilot_MicoAir743v2-BL_300020001251333236353637-if00 (baud: 115200)...
2026-09-17 19:51:19 | INFO | Waiting for ArduPilot heartbeat...
2026-09-17 19:51:23 | ERROR | Supervisor loop encountered error: device reports readiness to read but returned no data (device disconnected or multiple access on port?). Reconnecting in 3 seconds...
Traceback (most recent call last):
  File "/home/aahswarm/ardupilotRasterFix/ardupilot_horizontal_geofence_mission.py", line 2027, in main_daemon
    heartbeat = master.wait_heartbeat(timeout=8.0)
                ^^^^^^^^^^^^^^^^^^^^^^^^^^^^^^^^^^
  File "/home/aahswarm/px4_mavsdk_env/lib/python3.12/site-packages/pymavlink/mavutil.py", line 557, in wait_heartbeat
    return self.recv_match(type='HEARTBEAT', blocking=blocking, timeout=timeout)
           ^^^^^^^^^^^^^^^^^^^^^^^^^^^^^^^^^^^^^^^^^^^^^^^^^^^^^^^^^^^^^^^^^^^^^
  File "/home/aahswarm/px4_mavsdk_env/lib/python3.12/site-packages/pymavlink/mavutil.py", line 518, in recv_match
    m = self.recv_msg()
        ^^^^^^^^^^^^^^^
  File "/home/aahswarm/px4_mavsdk_env/lib/python3.12/site-packages/pymavlink/mavutil.py", line 481, in recv_msg
    s = self.recv(n)
        ^^^^^^^^^^^^
  File "/home/aahswarm/px4_mavsdk_env/lib/python3.12/site-packages/pymavlink/mavutil.py", line 1008, in recv
    ret = self.port.read(n)
          ^^^^^^^^^^^^^^^^^
  File "/home/aahswarm/px4_mavsdk_env/lib/python3.12/site-packages/serial/serialposix.py", line 595, in read
    raise SerialException(
serial.serialutil.SerialException: device reports readiness to read but returned no data (device disconnected or multiple access on port?)
2026-09-17 19:51:26 | INFO | Connecting to ArduPilot flight controller at /dev/serial/by-id/usb-ArduPilot_MicoAir743v2_300020001251333236353637-if00 (baud: 115200)...
2026-09-17 19:51:26 | INFO | Waiting for ArduPilot heartbeat...
2026-09-17 19:51:26 | INFO | Connected to ArduPilot! (System ID: 1, Component ID: 1)
2026-09-17 19:51:26 | INFO | Starting GCS heartbeat sender (1 Hz)...
2026-09-17 19:51:26 | INFO | Requesting telemetry message streams from ArduPilot...
2026-09-17 19:51:26 | INFO | [RASTER] Position snapshot hook attached to the existing MAVLink receive path (no additional reader).
2026-09-17 19:51:26 | INFO | [FC LOG] Verbose flight-controller log attached to the existing MAVLink receive path (no additional reader) -> /home/aahswarm/ardupilotRasterFix/fc_telemetry.log [level=full]
2026-09-17 19:51:26 | WARNING | Geofence DISABLED (CONFIGURE_FENCE=0) — writing FENCE_ENABLE=0. There is no automatic containment: the pilot is responsible for keeping the aircraft inside the test area, taking manual control on the transmitter if it drifts.
2026-09-17 19:51:26 | INFO | Configured ArduPilot parameter: LAND_SPEED = 20.0
2026-09-17 19:51:26 | INFO | Configured ArduPilot parameter: LAND_ALT_LOW = 150.0
2026-09-17 19:51:26 | INFO | Configured ArduPilot parameter: WPNAV_SPEED_UP = 50.0
2026-09-17 19:51:26 | INFO | Configured ArduPilot parameter: WPNAV_ACCEL_Z = 50.0
2026-09-17 19:51:26 | INFO | Configured ArduPilot parameter: BATT_FS_LOW_ACT = 1.0
2026-09-17 19:51:26 | INFO | Configured ArduPilot parameter: BATT_FS_CRT_ACT = 1.0
2026-09-17 19:51:26 | INFO | Configured ArduPilot parameter: FS_THR_ENABLE = 3.0
2026-09-17 19:51:26 | INFO | Configured ArduPilot parameter: FS_GCS_ENABLE = 5.0
2026-09-17 19:51:26 | INFO | Configured ArduPilot parameter: FENCE_ENABLE = 0.0
2026-09-17 19:51:26 | INFO | Configured ArduPilot parameter: ARMING_CHECK = 1.0
2026-09-17 19:51:27 | INFO | [AP STATUSTEXT] Barometer 1 calibration complete
2026-09-17 19:51:27 | INFO | [AP STATUSTEXT] ArduPilot Ready
2026-09-17 19:51:27 | INFO | [AP STATUSTEXT] AHRS: DCM active
2026-09-17 19:51:27 | INFO | [AP STATUSTEXT] RCOut: DS600:1-4 PWM:5-11
2026-09-17 19:51:27 | WARNING | [CH8] No RC receiver data (chancount=0, raw=0). CH8 triggering is unavailable.
2026-09-17 19:51:29 | INFO | ArduPilot Health: Mode=STABILIZE, Armed=False, AGL=0.00m (src=GLOBAL_POSITION_INT), GPS=NO FIX, EKF=FAIL, Batt=99% (0.01V), RC=NONE
2026-09-17 19:51:29 | WARNING | Flight controller reports NO RC receiver data (RC_CHANNELS chancount=0).
2026-09-17 19:51:29 | WARNING | Flight controller reports battery voltage 0.01V — no flight battery detected. The motors cannot run on USB power alone.
2026-09-17 19:51:29 | INFO | System initialized and READY in STANDBY mode.
2026-09-17 19:51:29 | INFO | Continuous flight supervisor active. Ready for flight triggers.
2026-09-17 19:51:29 | INFO | [TRIGGER] Mission starts on an observed transition into GUIDED flight mode (CH8 must also be GUIDED when a receiver is present). The CH8 launch condition is disabled; CH8=MANUAL/LAND still aborts.
2026-09-17 19:51:29 | WARNING | No RC receiver data. CH8 triggering is unavailable; create /home/aahswarm/ardupilotRasterFix/START_RASTER_MISSION to start a mission.
2026-09-17 19:51:29 | INFO | [SUPERVISOR] CH8 state: None -> NO_SIGNAL (Mode=STABILIZE, Armed=False, InAir=False, AGL=0.00m)
2026-09-17 19:51:29 | INFO | [SUPERVISOR] Flight mode: None -> STABILIZE (CH8=NO_SIGNAL, Armed=False, InAir=False, AGL=0.00m)
2026-09-17 19:51:29 | INFO | [SUPERVISOR] GUIDED-mode trigger armed — putting the aircraft into GUIDED will now start an autonomous mission.
2026-09-17 19:51:29 | INFO | [STANDBY] Waiting for the aircraft to be put into GUIDED flight mode... (CH8=NO_SIGNAL, Mode=STABILIZE, Armed=False, Batt=99%, AGL=0.00m)
2026-09-17 19:51:29 | INFO | [AP STATUSTEXT] EKF3 IMU0 initialised
2026-09-17 19:51:29 | INFO | [AP STATUSTEXT] EKF3 IMU1 initialised
2026-09-17 19:51:29 | INFO | [AP STATUSTEXT] AHRS: EKF3 active
2026-09-17 19:51:31 | INFO | [AP STATUSTEXT] EKF3 IMU0 tilt alignment complete
2026-09-17 19:51:31 | INFO | [AP STATUSTEXT] EKF3 IMU1 tilt alignment complete
2026-09-17 19:51:31 | INFO | [AP STATUSTEXT] EKF3 IMU0 MAG0 initial yaw alignment complete
2026-09-17 19:51:31 | INFO | [AP STATUSTEXT] EKF3 IMU1 MAG0 initial yaw alignment complete
2026-09-17 19:51:35 | INFO | [AP STATUSTEXT] GPS 1: probing for u-blox at 230400 baud
2026-09-17 19:51:35 | INFO | [AP STATUSTEXT] GPS 1: detected u-blox
2026-09-17 19:51:39 | INFO | [AP STATUSTEXT] u-blox NEO-F10N 1 HW: 000A0000 SW: EXT SPGL1L5 6.0
2026-09-17 19:51:39 | INFO | [AP STATUSTEXT] 0 (041e8a)
2026-09-17 19:51:39 | INFO | [AP STATUSTEXT] u-blox supports L5 Band
2026-09-17 19:51:44 | INFO | [STANDBY] Waiting for the aircraft to be put into GUIDED flight mode... (CH8=NO_SIGNAL, Mode=STABILIZE, Armed=False, Batt=99%, AGL=0.00m)
2026-09-17 19:51:53 | INFO | [AP STATUSTEXT] PreArm: RC not found
2026-09-17 19:51:53 | INFO | [AP STATUSTEXT] PreArm: Battery 1 below minimum arming voltage
2026-09-17 19:51:59 | INFO | [STANDBY] Waiting for the aircraft to be put into GUIDED flight mode... (CH8=NO_SIGNAL, Mode=STABILIZE, Armed=False, Batt=99%, AGL=0.00m)
2026-09-17 19:52:14 | INFO | [STANDBY] Waiting for the aircraft to be put into GUIDED flight mode... (CH8=NO_SIGNAL, Mode=STABILIZE, Armed=False, Batt=99%, AGL=0.00m)
2026-09-17 19:52:24 | INFO | [AP STATUSTEXT] PreArm: RC not found
2026-09-17 19:52:24 | INFO | [AP STATUSTEXT] PreArm: Battery 1 below minimum arming voltage
2026-09-17 19:52:29 | INFO | [STANDBY] Waiting for the aircraft to be put into GUIDED flight mode... (CH8=NO_SIGNAL, Mode=STABILIZE, Armed=False, Batt=99%, AGL=0.00m)
2026-09-17 19:52:44 | INFO | [STANDBY] Waiting for the aircraft to be put into GUIDED flight mode... (CH8=NO_SIGNAL, Mode=STABILIZE, Armed=False, Batt=99%, AGL=0.00m)
2026-09-17 19:52:55 | INFO | [AP STATUSTEXT] PreArm: RC not found
2026-09-17 19:52:55 | INFO | [AP STATUSTEXT] PreArm: Battery 1 below minimum arming voltage
2026-09-17 19:52:59 | INFO | [STANDBY] Waiting for the aircraft to be put into GUIDED flight mode... (CH8=NO_SIGNAL, Mode=STABILIZE, Armed=False, Batt=99%, AGL=0.00m)
2026-09-17 19:53:14 | INFO | [STANDBY] Waiting for the aircraft to be put into GUIDED flight mode... (CH8=NO_SIGNAL, Mode=STABILIZE, Armed=False, Batt=99%, AGL=0.00m)
2026-09-17 19:53:26 | INFO | [AP STATUSTEXT] PreArm: RC not found
2026-09-17 19:53:26 | INFO | [AP STATUSTEXT] PreArm: Battery 1 below minimum arming voltage
2026-09-17 19:53:29 | INFO | [STANDBY] Waiting for the aircraft to be put into GUIDED flight mode... (CH8=NO_SIGNAL, Mode=STABILIZE, Armed=False, Batt=99%, AGL=0.00m)
2026-09-17 19:53:44 | INFO | [STANDBY] Waiting for the aircraft to be put into GUIDED flight mode... (CH8=NO_SIGNAL, Mode=STABILIZE, Armed=False, Batt=99%, AGL=0.00m)
2026-09-17 19:53:57 | INFO | [AP STATUSTEXT] PreArm: RC not found
2026-09-17 19:53:57 | INFO | [AP STATUSTEXT] PreArm: Battery 1 below minimum arming voltage
2026-09-17 19:53:59 | INFO | [STANDBY] Waiting for the aircraft to be put into GUIDED flight mode... (CH8=NO_SIGNAL, Mode=STABILIZE, Armed=False, Batt=99%, AGL=0.00m)
2026-09-17 19:54:14 | INFO | [STANDBY] Waiting for the aircraft to be put into GUIDED flight mode... (CH8=NO_SIGNAL, Mode=STABILIZE, Armed=False, Batt=99%, AGL=0.00m)
2026-09-17 19:54:28 | INFO | [AP STATUSTEXT] PreArm: RC not found
2026-09-17 19:54:28 | INFO | [AP STATUSTEXT] PreArm: Battery 1 below minimum arming voltage
2026-09-17 19:54:29 | INFO | [STANDBY] Waiting for the aircraft to be put into GUIDED flight mode... (CH8=NO_SIGNAL, Mode=STABILIZE, Armed=False, Batt=99%, AGL=0.00m)
2026-09-17 19:54:44 | INFO | [STANDBY] Waiting for the aircraft to be put into GUIDED flight mode... (CH8=NO_SIGNAL, Mode=STABILIZE, Armed=False, Batt=99%, AGL=0.00m)
2026-09-17 19:54:59 | INFO | [AP STATUSTEXT] PreArm: RC not found
2026-09-17 19:54:59 | INFO | [AP STATUSTEXT] PreArm: Battery 1 below minimum arming voltage
2026-09-17 19:54:59 | INFO | [STANDBY] Waiting for the aircraft to be put into GUIDED flight mode... (CH8=NO_SIGNAL, Mode=STABILIZE, Armed=False, Batt=99%, AGL=0.00m)
2026-09-17 19:55:14 | INFO | [STANDBY] Waiting for the aircraft to be put into GUIDED flight mode... (CH8=NO_SIGNAL, Mode=STABILIZE, Armed=False, Batt=99%, AGL=0.00m)
2026-09-17 19:55:29 | INFO | [STANDBY] Waiting for the aircraft to be put into GUIDED flight mode... (CH8=NO_SIGNAL, Mode=STABILIZE, Armed=False, Batt=99%, AGL=0.00m)
2026-09-17 19:55:30 | INFO | [AP STATUSTEXT] PreArm: RC not found
2026-09-17 19:55:30 | INFO | [AP STATUSTEXT] PreArm: Battery 1 below minimum arming voltage
2026-09-17 19:55:44 | INFO | [STANDBY] Waiting for the aircraft to be put into GUIDED flight mode... (CH8=NO_SIGNAL, Mode=STABILIZE, Armed=False, Batt=99%, AGL=0.00m)
2026-09-17 19:55:59 | INFO | [STANDBY] Waiting for the aircraft to be put into GUIDED flight mode... (CH8=NO_SIGNAL, Mode=STABILIZE, Armed=False, Batt=99%, AGL=0.00m)
2026-09-17 19:56:01 | INFO | [AP STATUSTEXT] PreArm: RC not found
2026-09-17 19:56:01 | INFO | [AP STATUSTEXT] PreArm: Battery 1 below minimum arming voltage
2026-09-17 19:56:14 | INFO | [STANDBY] Waiting for the aircraft to be put into GUIDED flight mode... (CH8=NO_SIGNAL, Mode=STABILIZE, Armed=False, Batt=99%, AGL=0.00m)
2026-09-17 19:56:29 | INFO | [STANDBY] Waiting for the aircraft to be put into GUIDED flight mode... (CH8=NO_SIGNAL, Mode=STABILIZE, Armed=False, Batt=99%, AGL=0.00m)
2026-09-17 19:56:32 | INFO | [AP STATUSTEXT] PreArm: RC not found
2026-09-17 19:56:32 | INFO | [AP STATUSTEXT] PreArm: Battery 1 below minimum arming voltage
2026-09-17 19:56:44 | INFO | [STANDBY] Waiting for the aircraft to be put into GUIDED flight mode... (CH8=NO_SIGNAL, Mode=STABILIZE, Armed=False, Batt=99%, AGL=0.00m)
2026-09-17 19:56:59 | INFO | [STANDBY] Waiting for the aircraft to be put into GUIDED flight mode... (CH8=NO_SIGNAL, Mode=STABILIZE, Armed=False, Batt=99%, AGL=0.00m)
2026-09-17 19:57:03 | INFO | [AP STATUSTEXT] PreArm: RC not found
2026-09-17 19:57:03 | INFO | [AP STATUSTEXT] PreArm: Battery 1 below minimum arming voltage
2026-09-17 19:57:14 | INFO | [STANDBY] Waiting for the aircraft to be put into GUIDED flight mode... (CH8=NO_SIGNAL, Mode=STABILIZE, Armed=False, Batt=99%, AGL=0.00m)
2026-09-17 19:57:29 | INFO | [STANDBY] Waiting for the aircraft to be put into GUIDED flight mode... (CH8=NO_SIGNAL, Mode=STABILIZE, Armed=False, Batt=99%, AGL=0.00m)
2026-09-17 19:57:34 | INFO | [AP STATUSTEXT] PreArm: RC not found
2026-09-17 19:57:34 | INFO | [AP STATUSTEXT] PreArm: Battery 1 below minimum arming voltage
2026-09-17 19:57:44 | INFO | [STANDBY] Waiting for the aircraft to be put into GUIDED flight mode... (CH8=NO_SIGNAL, Mode=STABILIZE, Armed=False, Batt=99%, AGL=0.00m)
2026-09-17 19:57:59 | INFO | [STANDBY] Waiting for the aircraft to be put into GUIDED flight mode... (CH8=NO_SIGNAL, Mode=STABILIZE, Armed=False, Batt=99%, AGL=0.00m)
2026-09-17 19:58:05 | INFO | [AP STATUSTEXT] PreArm: RC not found
2026-09-17 19:58:05 | INFO | [AP STATUSTEXT] PreArm: Battery 1 below minimum arming voltage
2026-09-17 19:58:09 | INFO | Received exit signal 15. Finalizing video and exiting...
2026-09-17 19:58:10 | INFO | ==========================================================
2026-09-17 19:58:10 | INFO | === ARDUPILOT POLYGON RASTER COVERAGE MISSION ===
2026-09-17 19:58:10 | INFO | ==========================================================
2026-09-17 19:58:10 | INFO | Project directory : /home/aahswarm/ardupilotRasterFix
2026-09-17 19:58:10 | INFO | Mission log       : /home/aahswarm/ardupilotRasterFix/ardupilot_raster_mission.log
2026-09-17 19:58:10 | INFO | Trigger file      : /home/aahswarm/ardupilotRasterFix/START_RASTER_MISSION
2026-09-17 19:58:10 | INFO | Recordings        : /home/aahswarm/ardupilotRasterFix/recordings/
2026-09-17 19:58:10 | INFO | =========================================================
2026-09-17 19:58:10 | INFO | === POLYGON RASTER MISSION PLAN ===
2026-09-17 19:58:10 | INFO | =========================================================
2026-09-17 19:58:10 | INFO |   Corner A: 13.3458930, 74.7940200
2026-09-17 19:58:10 | INFO |   Corner B: 13.3457210, 74.7940420
2026-09-17 19:58:10 | INFO |   Corner C: 13.3457120, 74.7940080
2026-09-17 19:58:10 | INFO |   Corner D: 13.3458870, 74.7939650
2026-09-17 19:58:10 | INFO |   Sides: AB=19.29m BC=3.82m CD=20.03m DA=5.99m; area=96.03m^2
2026-09-17 19:58:10 | INFO |   Corner angles: A=90.7 B=98.1 C=88.2 D=83.0 deg (a rectangle is not required)
2026-09-17 19:58:10 | INFO |   Inward safety inset: 0.20m -> inset area 86.36m^2
2026-09-17 19:58:10 | INFO |   Sweep axis: RASTER_AXIS=short -> passes run A->D (5.99m side, stepping across the 19.29m side), bearing 262.9 deg, alternating
2026-09-17 19:58:10 | INFO |   Passes: 20, spacing 0.974m (requested 1.000m), waypoints 40
2026-09-17 19:58:10 | INFO |   Pass lengths: 3.46m to 5.52m; the longest leg is 6s at 1.00m/s, which is how long the aircraft flies in one direction before its first turn
2026-09-17 19:58:10 | INFO |   Path length 108.3m, estimated 108s at 1.00m/s (horizontal travel only)
2026-09-17 19:58:10 | INFO |   Containment: 40/40 waypoints and 39 segments verified inside the inset polygon (2223 samples); worst clearance +0.200m from the polygon edge
2026-09-17 19:58:10 | INFO |   Outer safety geofence: area 217.93m^2, sides 10.24m, 24.00m, 7.46m, 25.53m, winding CCW
2026-09-17 19:58:10 | INFO |   Inner inside outer: minimum separation 1.96m (corners A=1.99m, B=1.96m, C=1.99m, D=2.01m); raster path worst 2.16m, 1.66m against the effective boundary
2026-09-17 19:58:10 | INFO |   Outer safety geofence: 4 GPS corners, effective boundary 0.50m inside them (independent safety layer, NOT the mission polygon, NOT an ArduPilot fence)
2026-09-17 19:58:10 | INFO |   Inner runtime breach tolerance: 0.50m beyond the mission-polygon edge, enforced during the RASTER phase only
2026-09-17 19:58:10 | INFO |   Max planned distance from polygon centroid: 10.34m
2026-09-17 19:58:10 | INFO | ==========================================================
2026-09-17 19:58:10 | INFO | === ARDUPILOT CONTINUOUS AUTONOMOUS MISSION DAEMON ===
2026-09-17 19:58:10 | INFO | ==========================================================
2026-09-17 19:58:10 | INFO | Mission Parameters: Port=auto-discover, Baud=115200, TakeoffAlt=2.5m, DescentSpeed=0.15m/s, TouchdownSpeed=0.08m/s, Orbit=3.0m x 1.0 at 1.0m/s, HorizontalFence=4.0m, Geofence=DISABLED
2026-09-17 19:58:10 | INFO | Connecting to ArduPilot flight controller at /dev/serial/by-id/usb-ArduPilot_MicoAir743v2_300020001251333236353637-if00 (baud: 115200)...
2026-09-17 19:58:10 | INFO | Waiting for ArduPilot heartbeat...
2026-09-17 19:58:10 | INFO | Connected to ArduPilot! (System ID: 1, Component ID: 1)
2026-09-17 19:58:10 | INFO | Starting GCS heartbeat sender (1 Hz)...
2026-09-17 19:58:10 | INFO | Requesting telemetry message streams from ArduPilot...
2026-09-17 19:58:10 | WARNING | [CH8] No RC receiver data (chancount=0, raw=0). CH8 triggering is unavailable.
2026-09-17 19:58:10 | INFO | [RASTER] Position snapshot hook attached to the existing MAVLink receive path (no additional reader).
2026-09-17 19:58:10 | INFO | [FC LOG] Verbose flight-controller log attached to the existing MAVLink receive path (no additional reader) -> /home/aahswarm/ardupilotRasterFix/fc_telemetry.log [level=full]
2026-09-17 19:58:10 | WARNING | Geofence DISABLED (CONFIGURE_FENCE=0) — writing FENCE_ENABLE=0. There is no automatic containment: the pilot is responsible for keeping the aircraft inside the test area, taking manual control on the transmitter if it drifts.
2026-09-17 19:58:10 | INFO | Configured ArduPilot parameter: LAND_SPEED = 20.0
2026-09-17 19:58:10 | INFO | Configured ArduPilot parameter: LAND_ALT_LOW = 150.0
2026-09-17 19:58:10 | INFO | Configured ArduPilot parameter: WPNAV_SPEED_UP = 50.0
2026-09-17 19:58:10 | INFO | Configured ArduPilot parameter: WPNAV_ACCEL_Z = 50.0
2026-09-17 19:58:11 | INFO | Configured ArduPilot parameter: BATT_FS_LOW_ACT = 1.0
2026-09-17 19:58:11 | INFO | Configured ArduPilot parameter: BATT_FS_CRT_ACT = 1.0
2026-09-17 19:58:11 | INFO | Configured ArduPilot parameter: FS_THR_ENABLE = 3.0
2026-09-17 19:58:11 | INFO | Configured ArduPilot parameter: FS_GCS_ENABLE = 5.0
2026-09-17 19:58:11 | INFO | Configured ArduPilot parameter: FENCE_ENABLE = 0.0
2026-09-17 19:58:11 | INFO | Configured ArduPilot parameter: ARMING_CHECK = 1.0
2026-09-17 19:58:14 | INFO | ArduPilot Health: Mode=STABILIZE, Armed=False, AGL=0.00m (src=GLOBAL_POSITION_INT), GPS=Fix=3 (Sats: 14), EKF=FAIL, Batt=99% (0.01V), RC=NONE
2026-09-17 19:58:14 | WARNING | Flight controller reports NO RC receiver data (RC_CHANNELS chancount=0).
2026-09-17 19:58:14 | WARNING | Flight controller reports battery voltage 0.01V — no flight battery detected. The motors cannot run on USB power alone.
2026-09-17 19:58:14 | INFO | System initialized and READY in STANDBY mode.
2026-09-17 19:58:14 | INFO | Continuous flight supervisor active. Ready for flight triggers.
2026-09-17 19:58:14 | INFO | [TRIGGER] Mission starts on an observed transition into GUIDED flight mode (CH8 must also be GUIDED when a receiver is present). The CH8 launch condition is disabled; CH8=MANUAL/LAND still aborts.
2026-09-17 19:58:14 | WARNING | No RC receiver data. CH8 triggering is unavailable; create /home/aahswarm/ardupilotRasterFix/START_RASTER_MISSION to start a mission.
2026-09-17 19:58:14 | INFO | [SUPERVISOR] CH8 state: None -> NO_SIGNAL (Mode=STABILIZE, Armed=False, InAir=False, AGL=0.00m)
2026-09-17 19:58:14 | INFO | [SUPERVISOR] Flight mode: None -> STABILIZE (CH8=NO_SIGNAL, Armed=False, InAir=False, AGL=0.00m)
2026-09-17 19:58:14 | INFO | [SUPERVISOR] GUIDED-mode trigger armed — putting the aircraft into GUIDED will now start an autonomous mission.
2026-09-17 19:58:14 | INFO | [STANDBY] Waiting for the aircraft to be put into GUIDED flight mode... (CH8=NO_SIGNAL, Mode=STABILIZE, Armed=False, Batt=99%, AGL=0.00m)
2026-09-17 19:58:29 | INFO | [STANDBY] Waiting for the aircraft to be put into GUIDED flight mode... (CH8=NO_SIGNAL, Mode=STABILIZE, Armed=False, Batt=99%, AGL=0.00m)
2026-09-17 19:58:36 | INFO | [AP STATUSTEXT] PreArm: RC not found
2026-09-17 19:58:36 | INFO | [AP STATUSTEXT] PreArm: Battery 1 below minimum arming voltage
2026-09-17 19:58:44 | INFO | [STANDBY] Waiting for the aircraft to be put into GUIDED flight mode... (CH8=NO_SIGNAL, Mode=STABILIZE, Armed=False, Batt=99%, AGL=0.00m)
2026-09-17 19:58:59 | INFO | [STANDBY] Waiting for the aircraft to be put into GUIDED flight mode... (CH8=NO_SIGNAL, Mode=STABILIZE, Armed=False, Batt=99%, AGL=0.00m)
2026-09-17 19:59:07 | INFO | [AP STATUSTEXT] PreArm: RC not found
2026-09-17 19:59:07 | INFO | [AP STATUSTEXT] PreArm: Battery 1 below minimum arming voltage
2026-09-17 19:59:14 | INFO | [STANDBY] Waiting for the aircraft to be put into GUIDED flight mode... (CH8=NO_SIGNAL, Mode=STABILIZE, Armed=False, Batt=99%, AGL=0.00m)
2026-09-17 19:59:29 | INFO | [STANDBY] Waiting for the aircraft to be put into GUIDED flight mode... (CH8=NO_SIGNAL, Mode=STABILIZE, Armed=False, Batt=99%, AGL=0.00m)
2026-09-17 19:59:34 | INFO | [AP STATUSTEXT] EKF3 IMU1 origin set
2026-09-17 19:59:34 | INFO | [AP STATUSTEXT] EKF3 IMU1 is using GPS
2026-09-17 19:59:34 | INFO | [AP STATUSTEXT] EKF3 IMU0 origin set
2026-09-17 19:59:34 | INFO | [AP STATUSTEXT] EKF3 IMU0 is using GPS
2026-09-17 19:59:34 | INFO | [AP STATUSTEXT] Field Elevation Set: 91m
2026-09-17 19:59:38 | INFO | [AP STATUSTEXT] PreArm: RC not found
2026-09-17 19:59:38 | INFO | [AP STATUSTEXT] PreArm: Battery 1 below minimum arming voltage
2026-09-17 19:59:44 | INFO | [STANDBY] Waiting for the aircraft to be put into GUIDED flight mode... (CH8=NO_SIGNAL, Mode=STABILIZE, Armed=False, Batt=99%, AGL=0.00m)
2026-09-17 19:59:59 | INFO | [STANDBY] Waiting for the aircraft to be put into GUIDED flight mode... (CH8=NO_SIGNAL, Mode=STABILIZE, Armed=False, Batt=99%, AGL=0.00m)
2026-09-17 20:00:09 | INFO | [AP STATUSTEXT] PreArm: RC not found
2026-09-17 20:00:09 | INFO | [AP STATUSTEXT] PreArm: Battery 1 below minimum arming voltage
2026-09-17 20:00:14 | INFO | [STANDBY] Waiting for the aircraft to be put into GUIDED flight mode... (CH8=NO_SIGNAL, Mode=STABILIZE, Armed=False, Batt=99%, AGL=0.00m)
2026-09-17 20:00:29 | INFO | [STANDBY] Waiting for the aircraft to be put into GUIDED flight mode... (CH8=NO_SIGNAL, Mode=STABILIZE, Armed=False, Batt=99%, AGL=0.00m)
2026-09-17 20:00:40 | INFO | [AP STATUSTEXT] PreArm: RC not found
2026-09-17 20:00:40 | INFO | [AP STATUSTEXT] PreArm: Battery 1 below minimum arming voltage
2026-09-17 20:00:44 | INFO | [STANDBY] Waiting for the aircraft to be put into GUIDED flight mode... (CH8=NO_SIGNAL, Mode=STABILIZE, Armed=False, Batt=99%, AGL=0.00m)
2026-09-17 20:00:59 | INFO | [STANDBY] Waiting for the aircraft to be put into GUIDED flight mode... (CH8=NO_SIGNAL, Mode=STABILIZE, Armed=False, Batt=99%, AGL=0.00m)
2026-09-17 20:01:11 | INFO | [AP STATUSTEXT] PreArm: RC not found
2026-09-17 20:01:11 | INFO | [AP STATUSTEXT] PreArm: Battery 1 below minimum arming voltage
2026-09-17 20:01:14 | INFO | [STANDBY] Waiting for the aircraft to be put into GUIDED flight mode... (CH8=NO_SIGNAL, Mode=STABILIZE, Armed=False, Batt=99%, AGL=0.00m)
2026-09-17 20:01:29 | INFO | [STANDBY] Waiting for the aircraft to be put into GUIDED flight mode... (CH8=NO_SIGNAL, Mode=STABILIZE, Armed=False, Batt=99%, AGL=0.00m)
2026-09-17 20:01:42 | INFO | [AP STATUSTEXT] PreArm: RC not found
2026-09-17 20:01:42 | INFO | [AP STATUSTEXT] PreArm: Battery 1 below minimum arming voltage
2026-09-17 20:01:44 | INFO | [STANDBY] Waiting for the aircraft to be put into GUIDED flight mode... (CH8=NO_SIGNAL, Mode=STABILIZE, Armed=False, Batt=99%, AGL=0.00m)
2026-09-17 20:01:59 | INFO | [STANDBY] Waiting for the aircraft to be put into GUIDED flight mode... (CH8=NO_SIGNAL, Mode=STABILIZE, Armed=False, Batt=99%, AGL=0.00m)
2026-09-17 20:02:13 | INFO | [AP STATUSTEXT] PreArm: RC not found
2026-09-17 20:02:13 | INFO | [AP STATUSTEXT] PreArm: Battery 1 below minimum arming voltage
2026-09-17 20:02:14 | INFO | [STANDBY] Waiting for the aircraft to be put into GUIDED flight mode... (CH8=NO_SIGNAL, Mode=STABILIZE, Armed=False, Batt=99%, AGL=0.00m)
2026-09-17 20:02:29 | INFO | [STANDBY] Waiting for the aircraft to be put into GUIDED flight mode... (CH8=NO_SIGNAL, Mode=STABILIZE, Armed=False, Batt=99%, AGL=0.00m)
2026-09-17 20:02:44 | INFO | [AP STATUSTEXT] PreArm: RC not found
2026-09-17 20:02:44 | INFO | [AP STATUSTEXT] PreArm: Battery 1 below minimum arming voltage
2026-09-17 20:02:44 | INFO | [STANDBY] Waiting for the aircraft to be put into GUIDED flight mode... (CH8=NO_SIGNAL, Mode=STABILIZE, Armed=False, Batt=99%, AGL=0.00m)
2026-09-17 20:02:59 | INFO | [STANDBY] Waiting for the aircraft to be put into GUIDED flight mode... (CH8=NO_SIGNAL, Mode=STABILIZE, Armed=False, Batt=99%, AGL=0.00m)
2026-09-17 20:03:14 | INFO | [STANDBY] Waiting for the aircraft to be put into GUIDED flight mode... (CH8=NO_SIGNAL, Mode=STABILIZE, Armed=False, Batt=99%, AGL=0.00m)
2026-09-17 20:03:15 | INFO | [AP STATUSTEXT] PreArm: RC not found
2026-09-17 20:03:15 | INFO | [AP STATUSTEXT] PreArm: Battery 1 below minimum arming voltage
2026-09-17 20:03:29 | INFO | [STANDBY] Waiting for the aircraft to be put into GUIDED flight mode... (CH8=NO_SIGNAL, Mode=STABILIZE, Armed=False, Batt=99%, AGL=0.00m)
2026-09-17 20:03:44 | INFO | [STANDBY] Waiting for the aircraft to be put into GUIDED flight mode... (CH8=NO_SIGNAL, Mode=STABILIZE, Armed=False, Batt=99%, AGL=0.00m)
2026-09-17 20:03:46 | INFO | [AP STATUSTEXT] PreArm: RC not found
2026-09-17 20:03:46 | INFO | [AP STATUSTEXT] PreArm: Battery 1 below minimum arming voltage
2026-09-17 20:03:59 | INFO | [STANDBY] Waiting for the aircraft to be put into GUIDED flight mode... (CH8=NO_SIGNAL, Mode=STABILIZE, Armed=False, Batt=99%, AGL=0.00m)
2026-09-17 20:04:14 | INFO | [STANDBY] Waiting for the aircraft to be put into GUIDED flight mode... (CH8=NO_SIGNAL, Mode=STABILIZE, Armed=False, Batt=99%, AGL=0.00m)
2026-09-17 20:04:17 | INFO | [AP STATUSTEXT] PreArm: RC not found
2026-09-17 20:04:17 | INFO | [AP STATUSTEXT] PreArm: Battery 1 below minimum arming voltage
2026-09-17 20:04:29 | INFO | [STANDBY] Waiting for the aircraft to be put into GUIDED flight mode... (CH8=NO_SIGNAL, Mode=STABILIZE, Armed=False, Batt=99%, AGL=0.00m)
2026-09-17 20:04:44 | INFO | [STANDBY] Waiting for the aircraft to be put into GUIDED flight mode... (CH8=NO_SIGNAL, Mode=STABILIZE, Armed=False, Batt=99%, AGL=0.00m)
2026-09-17 20:04:48 | INFO | [AP STATUSTEXT] PreArm: RC not found
2026-09-17 20:04:48 | INFO | [AP STATUSTEXT] PreArm: Battery 1 below minimum arming voltage
2026-09-17 20:04:59 | INFO | [STANDBY] Waiting for the aircraft to be put into GUIDED flight mode... (CH8=NO_SIGNAL, Mode=STABILIZE, Armed=False, Batt=99%, AGL=0.00m)
2026-09-17 20:05:14 | INFO | [STANDBY] Waiting for the aircraft to be put into GUIDED flight mode... (CH8=NO_SIGNAL, Mode=STABILIZE, Armed=False, Batt=99%, AGL=0.00m)
2026-09-17 20:05:19 | INFO | [AP STATUSTEXT] PreArm: RC not found
2026-09-17 20:05:19 | INFO | [AP STATUSTEXT] PreArm: Battery 1 below minimum arming voltage
2026-09-17 20:05:29 | INFO | [STANDBY] Waiting for the aircraft to be put into GUIDED flight mode... (CH8=NO_SIGNAL, Mode=STABILIZE, Armed=False, Batt=99%, AGL=0.00m)
2026-09-17 20:05:44 | INFO | [STANDBY] Waiting for the aircraft to be put into GUIDED flight mode... (CH8=NO_SIGNAL, Mode=STABILIZE, Armed=False, Batt=99%, AGL=0.00m)
2026-09-17 20:05:50 | INFO | [AP STATUSTEXT] PreArm: RC not found
2026-09-17 20:05:50 | INFO | [AP STATUSTEXT] PreArm: Battery 1 below minimum arming voltage
2026-09-17 20:05:59 | INFO | [STANDBY] Waiting for the aircraft to be put into GUIDED flight mode... (CH8=NO_SIGNAL, Mode=STABILIZE, Armed=False, Batt=99%, AGL=0.00m)
2026-09-17 20:06:14 | INFO | [STANDBY] Waiting for the aircraft to be put into GUIDED flight mode... (CH8=NO_SIGNAL, Mode=STABILIZE, Armed=False, Batt=99%, AGL=0.00m)
2026-09-17 20:06:21 | INFO | [AP STATUSTEXT] PreArm: RC not found
2026-09-17 20:06:21 | INFO | [AP STATUSTEXT] PreArm: Battery 1 below minimum arming voltage
2026-09-17 20:06:29 | INFO | [STANDBY] Waiting for the aircraft to be put into GUIDED flight mode... (CH8=NO_SIGNAL, Mode=STABILIZE, Armed=False, Batt=99%, AGL=0.00m)
2026-09-17 20:06:44 | INFO | [STANDBY] Waiting for the aircraft to be put into GUIDED flight mode... (CH8=NO_SIGNAL, Mode=STABILIZE, Armed=False, Batt=99%, AGL=0.00m)
2026-09-17 20:06:52 | INFO | [AP STATUSTEXT] PreArm: RC not found
2026-09-17 20:06:52 | INFO | [AP STATUSTEXT] PreArm: Battery 1 below minimum arming voltage
2026-09-17 20:06:59 | INFO | [STANDBY] Waiting for the aircraft to be put into GUIDED flight mode... (CH8=NO_SIGNAL, Mode=STABILIZE, Armed=False, Batt=99%, AGL=0.00m)
2026-09-17 20:07:14 | INFO | [STANDBY] Waiting for the aircraft to be put into GUIDED flight mode... (CH8=NO_SIGNAL, Mode=STABILIZE, Armed=False, Batt=99%, AGL=0.00m)
2026-09-17 20:07:23 | INFO | [AP STATUSTEXT] PreArm: RC not found
2026-09-17 20:07:23 | INFO | [AP STATUSTEXT] PreArm: Battery 1 below minimum arming voltage
2026-09-17 20:07:29 | INFO | [STANDBY] Waiting for the aircraft to be put into GUIDED flight mode... (CH8=NO_SIGNAL, Mode=STABILIZE, Armed=False, Batt=99%, AGL=0.00m)
2026-09-17 20:07:44 | INFO | [STANDBY] Waiting for the aircraft to be put into GUIDED flight mode... (CH8=NO_SIGNAL, Mode=STABILIZE, Armed=False, Batt=99%, AGL=0.00m)
2026-09-17 20:07:54 | INFO | [AP STATUSTEXT] PreArm: RC not found
2026-09-17 20:07:54 | INFO | [AP STATUSTEXT] PreArm: Battery 1 below minimum arming voltage
2026-09-17 20:07:59 | INFO | [STANDBY] Waiting for the aircraft to be put into GUIDED flight mode... (CH8=NO_SIGNAL, Mode=STABILIZE, Armed=False, Batt=99%, AGL=0.00m)
2026-09-17 20:08:14 | INFO | [STANDBY] Waiting for the aircraft to be put into GUIDED flight mode... (CH8=NO_SIGNAL, Mode=STABILIZE, Armed=False, Batt=99%, AGL=0.00m)
2026-09-17 20:08:25 | INFO | [AP STATUSTEXT] PreArm: RC not found
2026-09-17 20:08:25 | INFO | [AP STATUSTEXT] PreArm: Battery 1 below minimum arming voltage
2026-09-17 20:08:29 | INFO | [STANDBY] Waiting for the aircraft to be put into GUIDED flight mode... (CH8=NO_SIGNAL, Mode=STABILIZE, Armed=False, Batt=99%, AGL=0.00m)
2026-09-17 20:08:44 | INFO | [STANDBY] Waiting for the aircraft to be put into GUIDED flight mode... (CH8=NO_SIGNAL, Mode=STABILIZE, Armed=False, Batt=99%, AGL=0.00m)
2026-09-17 20:08:56 | INFO | [AP STATUSTEXT] PreArm: RC not found
2026-09-17 20:08:56 | INFO | [AP STATUSTEXT] PreArm: Battery 1 below minimum arming voltage
2026-09-17 20:08:59 | INFO | [STANDBY] Waiting for the aircraft to be put into GUIDED flight mode... (CH8=NO_SIGNAL, Mode=STABILIZE, Armed=False, Batt=99%, AGL=0.00m)
2026-09-17 20:09:14 | INFO | [STANDBY] Waiting for the aircraft to be put into GUIDED flight mode... (CH8=NO_SIGNAL, Mode=STABILIZE, Armed=False, Batt=99%, AGL=0.00m)
2026-09-17 20:09:27 | INFO | [AP STATUSTEXT] PreArm: RC not found
2026-09-17 20:09:27 | INFO | [AP STATUSTEXT] PreArm: Battery 1 below minimum arming voltage
2026-09-17 20:09:29 | INFO | [STANDBY] Waiting for the aircraft to be put into GUIDED flight mode... (CH8=NO_SIGNAL, Mode=STABILIZE, Armed=False, Batt=99%, AGL=0.00m)
2026-09-17 20:09:44 | INFO | [STANDBY] Waiting for the aircraft to be put into GUIDED flight mode... (CH8=NO_SIGNAL, Mode=STABILIZE, Armed=False, Batt=99%, AGL=0.00m)
2026-09-17 20:09:58 | INFO | [AP STATUSTEXT] PreArm: RC not found
2026-09-17 20:09:58 | INFO | [AP STATUSTEXT] PreArm: Battery 1 below minimum arming voltage
2026-09-17 20:09:59 | INFO | [STANDBY] Waiting for the aircraft to be put into GUIDED flight mode... (CH8=NO_SIGNAL, Mode=STABILIZE, Armed=False, Batt=99%, AGL=0.00m)
2026-09-17 20:10:14 | INFO | [STANDBY] Waiting for the aircraft to be put into GUIDED flight mode... (CH8=NO_SIGNAL, Mode=STABILIZE, Armed=False, Batt=99%, AGL=0.00m)
2026-09-17 20:10:29 | INFO | [AP STATUSTEXT] PreArm: RC not found
2026-09-17 20:10:29 | INFO | [AP STATUSTEXT] PreArm: Battery 1 below minimum arming voltage
2026-09-17 20:10:29 | INFO | [STANDBY] Waiting for the aircraft to be put into GUIDED flight mode... (CH8=NO_SIGNAL, Mode=STABILIZE, Armed=False, Batt=99%, AGL=0.00m)
2026-09-17 20:10:44 | INFO | [STANDBY] Waiting for the aircraft to be put into GUIDED flight mode... (CH8=NO_SIGNAL, Mode=STABILIZE, Armed=False, Batt=99%, AGL=0.00m)
2026-09-17 20:10:59 | INFO | [STANDBY] Waiting for the aircraft to be put into GUIDED flight mode... (CH8=NO_SIGNAL, Mode=STABILIZE, Armed=False, Batt=99%, AGL=0.00m)
2026-09-17 20:11:00 | INFO | [AP STATUSTEXT] PreArm: RC not found
2026-09-17 20:11:00 | INFO | [AP STATUSTEXT] PreArm: Battery 1 below minimum arming voltage
2026-09-17 20:11:14 | INFO | [STANDBY] Waiting for the aircraft to be put into GUIDED flight mode... (CH8=NO_SIGNAL, Mode=STABILIZE, Armed=False, Batt=99%, AGL=0.00m)
2026-09-17 20:11:29 | INFO | [STANDBY] Waiting for the aircraft to be put into GUIDED flight mode... (CH8=NO_SIGNAL, Mode=STABILIZE, Armed=False, Batt=99%, AGL=0.00m)
2026-09-17 20:11:31 | INFO | [AP STATUSTEXT] PreArm: RC not found
2026-09-17 20:11:31 | INFO | [AP STATUSTEXT] PreArm: Battery 1 below minimum arming voltage
2026-09-17 20:11:45 | INFO | [STANDBY] Waiting for the aircraft to be put into GUIDED flight mode... (CH8=NO_SIGNAL, Mode=STABILIZE, Armed=False, Batt=99%, AGL=0.00m)
2026-09-17 20:11:59 | INFO | Received exit signal 15. Finalizing video and exiting...
2026-09-17 20:12:00 | INFO | ==========================================================
2026-09-17 20:12:00 | INFO | === ARDUPILOT POLYGON RASTER COVERAGE MISSION ===
2026-09-17 20:12:00 | INFO | ==========================================================
2026-09-17 20:12:00 | INFO | Project directory : /home/aahswarm/ardupilotRasterFix
2026-09-17 20:12:00 | INFO | Mission log       : /home/aahswarm/ardupilotRasterFix/ardupilot_raster_mission.log
2026-09-17 20:12:00 | INFO | Trigger file      : /home/aahswarm/ardupilotRasterFix/START_RASTER_MISSION
2026-09-17 20:12:00 | INFO | Recordings        : /home/aahswarm/ardupilotRasterFix/recordings/
2026-09-17 20:12:00 | INFO | =========================================================
2026-09-17 20:12:00 | INFO | === POLYGON RASTER MISSION PLAN ===
2026-09-17 20:12:00 | INFO | =========================================================
2026-09-17 20:12:00 | INFO |   Corner A: 13.3458930, 74.7940200
2026-09-17 20:12:00 | INFO |   Corner B: 13.3457210, 74.7940420
2026-09-17 20:12:00 | INFO |   Corner C: 13.3457120, 74.7940080
2026-09-17 20:12:00 | INFO |   Corner D: 13.3458870, 74.7939650
2026-09-17 20:12:00 | INFO |   Sides: AB=19.29m BC=3.82m CD=20.03m DA=5.99m; area=96.03m^2
2026-09-17 20:12:00 | INFO |   Corner angles: A=90.7 B=98.1 C=88.2 D=83.0 deg (a rectangle is not required)
2026-09-17 20:12:00 | INFO |   Inward safety inset: 0.20m -> inset area 86.36m^2
2026-09-17 20:12:00 | INFO |   Sweep axis: RASTER_AXIS=short -> passes run A->D (5.99m side, stepping across the 19.29m side), bearing 262.9 deg, alternating
2026-09-17 20:12:00 | INFO |   Passes: 20, spacing 0.974m (requested 1.000m), waypoints 40
2026-09-17 20:12:00 | INFO |   Pass lengths: 3.46m to 5.52m; the longest leg is 6s at 1.00m/s, which is how long the aircraft flies in one direction before its first turn
2026-09-17 20:12:00 | INFO |   Path length 108.3m, estimated 108s at 1.00m/s (horizontal travel only)
2026-09-17 20:12:00 | INFO |   Containment: 40/40 waypoints and 39 segments verified inside the inset polygon (2223 samples); worst clearance +0.200m from the polygon edge
2026-09-17 20:12:00 | INFO |   Outer safety geofence: area 217.93m^2, sides 10.24m, 24.00m, 7.46m, 25.53m, winding CCW
2026-09-17 20:12:00 | INFO |   Inner inside outer: minimum separation 1.96m (corners A=1.99m, B=1.96m, C=1.99m, D=2.01m); raster path worst 2.16m, 1.66m against the effective boundary
2026-09-17 20:12:00 | INFO |   Outer safety geofence: 4 GPS corners, effective boundary 0.50m inside them (independent safety layer, NOT the mission polygon, NOT an ArduPilot fence)
2026-09-17 20:12:00 | INFO |   Inner runtime breach tolerance: 0.50m beyond the mission-polygon edge, enforced during the RASTER phase only
2026-09-17 20:12:00 | INFO |   Max planned distance from polygon centroid: 10.34m
2026-09-17 20:12:00 | INFO | ==========================================================
2026-09-17 20:12:00 | INFO | === ARDUPILOT CONTINUOUS AUTONOMOUS MISSION DAEMON ===
2026-09-17 20:12:00 | INFO | ==========================================================
2026-09-17 20:12:00 | INFO | Mission Parameters: Port=auto-discover, Baud=115200, TakeoffAlt=2.5m, DescentSpeed=0.15m/s, TouchdownSpeed=0.08m/s, Orbit=3.0m x 1.0 at 1.0m/s, HorizontalFence=4.0m, Geofence=DISABLED
2026-09-17 20:12:00 | INFO | Connecting to ArduPilot flight controller at /dev/serial/by-id/usb-ArduPilot_MicoAir743v2_300020001251333236353637-if00 (baud: 115200)...
2026-09-17 20:12:00 | INFO | Waiting for ArduPilot heartbeat...
2026-09-17 20:12:00 | INFO | Connected to ArduPilot! (System ID: 1, Component ID: 1)
2026-09-17 20:12:00 | INFO | Starting GCS heartbeat sender (1 Hz)...
2026-09-17 20:12:00 | INFO | Requesting telemetry message streams from ArduPilot...
2026-09-17 20:12:00 | INFO | [RASTER] Position snapshot hook attached to the existing MAVLink receive path (no additional reader).
2026-09-17 20:12:00 | INFO | [FC LOG] Verbose flight-controller log attached to the existing MAVLink receive path (no additional reader) -> /home/aahswarm/ardupilotRasterFix/fc_telemetry.log [level=full]
2026-09-17 20:12:00 | WARNING | Geofence DISABLED (CONFIGURE_FENCE=0) — writing FENCE_ENABLE=0. There is no automatic containment: the pilot is responsible for keeping the aircraft inside the test area, taking manual control on the transmitter if it drifts.
2026-09-17 20:12:00 | INFO | Configured ArduPilot parameter: LAND_SPEED = 20.0
2026-09-17 20:12:00 | INFO | Configured ArduPilot parameter: LAND_ALT_LOW = 150.0
2026-09-17 20:12:00 | WARNING | [CH8] No RC receiver data (chancount=0, raw=0). CH8 triggering is unavailable.
2026-09-17 20:12:00 | INFO | Configured ArduPilot parameter: WPNAV_SPEED_UP = 50.0
2026-09-17 20:12:00 | INFO | Configured ArduPilot parameter: WPNAV_ACCEL_Z = 50.0
2026-09-17 20:12:00 | INFO | Configured ArduPilot parameter: BATT_FS_LOW_ACT = 1.0
2026-09-17 20:12:00 | INFO | Configured ArduPilot parameter: BATT_FS_CRT_ACT = 1.0
2026-09-17 20:12:01 | INFO | Configured ArduPilot parameter: FS_THR_ENABLE = 3.0
2026-09-17 20:12:01 | INFO | Configured ArduPilot parameter: FS_GCS_ENABLE = 5.0
2026-09-17 20:12:01 | INFO | Configured ArduPilot parameter: FENCE_ENABLE = 0.0
2026-09-17 20:12:01 | INFO | Configured ArduPilot parameter: ARMING_CHECK = 1.0
2026-09-17 20:12:01 | INFO | [AP STATUSTEXT] PreArm: RC not found
2026-09-17 20:12:01 | INFO | [AP STATUSTEXT] PreArm: Battery 1 below minimum arming voltage
2026-09-17 20:12:04 | INFO | ArduPilot Health: Mode=STABILIZE, Armed=False, AGL=0.00m (src=GLOBAL_POSITION_INT), GPS=Fix=3 (Sats: 15), EKF=OK, Batt=99% (0.01V), RC=NONE
2026-09-17 20:12:04 | WARNING | Flight controller reports NO RC receiver data (RC_CHANNELS chancount=0).
2026-09-17 20:12:04 | WARNING | Flight controller reports battery voltage 0.01V — no flight battery detected. The motors cannot run on USB power alone.
2026-09-17 20:12:04 | INFO | System initialized and READY in STANDBY mode.
2026-09-17 20:12:04 | INFO | Continuous flight supervisor active. Ready for flight triggers.
2026-09-17 20:12:04 | INFO | [TRIGGER] Mission starts on an observed transition into GUIDED flight mode (CH8 must also be GUIDED when a receiver is present). The CH8 launch condition is disabled; CH8=MANUAL/LAND still aborts.
2026-09-17 20:12:04 | WARNING | No RC receiver data. CH8 triggering is unavailable; create /home/aahswarm/ardupilotRasterFix/START_RASTER_MISSION to start a mission.
2026-09-17 20:12:04 | INFO | [SUPERVISOR] CH8 state: None -> NO_SIGNAL (Mode=STABILIZE, Armed=False, InAir=False, AGL=0.00m)
2026-09-17 20:12:04 | INFO | [SUPERVISOR] Flight mode: None -> STABILIZE (CH8=NO_SIGNAL, Armed=False, InAir=False, AGL=0.00m)
2026-09-17 20:12:04 | INFO | [SUPERVISOR] GUIDED-mode trigger armed — putting the aircraft into GUIDED will now start an autonomous mission.
2026-09-17 20:12:04 | INFO | [STANDBY] Waiting for the aircraft to be put into GUIDED flight mode... (CH8=NO_SIGNAL, Mode=STABILIZE, Armed=False, Batt=99%, AGL=0.00m)
2026-09-17 20:12:19 | INFO | [STANDBY] Waiting for the aircraft to be put into GUIDED flight mode... (CH8=NO_SIGNAL, Mode=STABILIZE, Armed=False, Batt=99%, AGL=0.00m)
2026-09-17 20:12:32 | INFO | [AP STATUSTEXT] PreArm: RC not found
2026-09-17 20:12:32 | INFO | [AP STATUSTEXT] PreArm: Battery 1 below minimum arming voltage
2026-09-17 20:12:34 | INFO | [STANDBY] Waiting for the aircraft to be put into GUIDED flight mode... (CH8=NO_SIGNAL, Mode=STABILIZE, Armed=False, Batt=99%, AGL=0.00m)
2026-09-17 20:12:49 | INFO | [STANDBY] Waiting for the aircraft to be put into GUIDED flight mode... (CH8=NO_SIGNAL, Mode=STABILIZE, Armed=False, Batt=99%, AGL=0.00m)
2026-09-17 20:13:03 | INFO | [AP STATUSTEXT] PreArm: RC not found
2026-09-17 20:13:03 | INFO | [AP STATUSTEXT] PreArm: Battery 1 below minimum arming voltage
2026-09-17 20:13:04 | INFO | [STANDBY] Waiting for the aircraft to be put into GUIDED flight mode... (CH8=NO_SIGNAL, Mode=STABILIZE, Armed=False, Batt=99%, AGL=0.00m)
2026-09-17 20:13:19 | INFO | [STANDBY] Waiting for the aircraft to be put into GUIDED flight mode... (CH8=NO_SIGNAL, Mode=STABILIZE, Armed=False, Batt=99%, AGL=0.00m)
2026-09-17 20:13:34 | INFO | [STANDBY] Waiting for the aircraft to be put into GUIDED flight mode... (CH8=NO_SIGNAL, Mode=STABILIZE, Armed=False, Batt=99%, AGL=0.00m)
2026-09-17 20:13:34 | INFO | [AP STATUSTEXT] PreArm: RC not found
2026-09-17 20:13:34 | INFO | [AP STATUSTEXT] PreArm: Battery 1 below minimum arming voltage
2026-09-17 20:13:49 | INFO | [STANDBY] Waiting for the aircraft to be put into GUIDED flight mode... (CH8=NO_SIGNAL, Mode=STABILIZE, Armed=False, Batt=99%, AGL=0.00m)
2026-09-17 20:14:04 | INFO | [STANDBY] Waiting for the aircraft to be put into GUIDED flight mode... (CH8=NO_SIGNAL, Mode=STABILIZE, Armed=False, Batt=99%, AGL=0.00m)
2026-09-17 20:14:05 | INFO | [AP STATUSTEXT] PreArm: RC not found
2026-09-17 20:14:05 | INFO | [AP STATUSTEXT] PreArm: Battery 1 below minimum arming voltage
2026-09-17 20:14:19 | INFO | [STANDBY] Waiting for the aircraft to be put into GUIDED flight mode... (CH8=NO_SIGNAL, Mode=STABILIZE, Armed=False, Batt=99%, AGL=0.00m)
2026-09-17 20:14:34 | INFO | [STANDBY] Waiting for the aircraft to be put into GUIDED flight mode... (CH8=NO_SIGNAL, Mode=STABILIZE, Armed=False, Batt=99%, AGL=0.00m)
2026-09-17 20:14:36 | INFO | [AP STATUSTEXT] PreArm: RC not found
2026-09-17 20:14:36 | INFO | [AP STATUSTEXT] PreArm: Battery 1 below minimum arming voltage
2026-09-17 20:14:49 | INFO | [STANDBY] Waiting for the aircraft to be put into GUIDED flight mode... (CH8=NO_SIGNAL, Mode=STABILIZE, Armed=False, Batt=99%, AGL=0.00m)
2026-09-17 20:15:04 | INFO | [STANDBY] Waiting for the aircraft to be put into GUIDED flight mode... (CH8=NO_SIGNAL, Mode=STABILIZE, Armed=False, Batt=99%, AGL=0.00m)
2026-09-17 20:15:07 | INFO | [AP STATUSTEXT] PreArm: RC not found
2026-09-17 20:15:07 | INFO | [AP STATUSTEXT] PreArm: Battery 1 below minimum arming voltage
2026-09-17 20:15:19 | INFO | [STANDBY] Waiting for the aircraft to be put into GUIDED flight mode... (CH8=NO_SIGNAL, Mode=STABILIZE, Armed=False, Batt=99%, AGL=0.00m)
2026-09-17 20:15:34 | INFO | [STANDBY] Waiting for the aircraft to be put into GUIDED flight mode... (CH8=NO_SIGNAL, Mode=STABILIZE, Armed=False, Batt=99%, AGL=0.00m)
2026-09-17 20:15:38 | INFO | [AP STATUSTEXT] PreArm: RC not found
2026-09-17 20:15:38 | INFO | [AP STATUSTEXT] PreArm: Battery 1 below minimum arming voltage
2026-09-17 20:15:49 | INFO | [STANDBY] Waiting for the aircraft to be put into GUIDED flight mode... (CH8=NO_SIGNAL, Mode=STABILIZE, Armed=False, Batt=99%, AGL=0.00m)
2026-09-17 20:16:04 | INFO | [STANDBY] Waiting for the aircraft to be put into GUIDED flight mode... (CH8=NO_SIGNAL, Mode=STABILIZE, Armed=False, Batt=99%, AGL=0.00m)
2026-09-17 20:16:09 | INFO | [AP STATUSTEXT] PreArm: RC not found
2026-09-17 20:16:09 | INFO | [AP STATUSTEXT] PreArm: Battery 1 below minimum arming voltage
2026-09-17 20:16:19 | INFO | [STANDBY] Waiting for the aircraft to be put into GUIDED flight mode... (CH8=NO_SIGNAL, Mode=STABILIZE, Armed=False, Batt=99%, AGL=0.00m)
2026-09-17 20:16:34 | INFO | [STANDBY] Waiting for the aircraft to be put into GUIDED flight mode... (CH8=NO_SIGNAL, Mode=STABILIZE, Armed=False, Batt=99%, AGL=0.00m)
2026-09-17 20:16:40 | INFO | [AP STATUSTEXT] PreArm: RC not found
2026-09-17 20:16:40 | INFO | [AP STATUSTEXT] PreArm: Battery 1 below minimum arming voltage
2026-09-17 20:16:49 | INFO | [STANDBY] Waiting for the aircraft to be put into GUIDED flight mode... (CH8=NO_SIGNAL, Mode=STABILIZE, Armed=False, Batt=99%, AGL=0.00m)
2026-09-17 20:17:04 | INFO | [STANDBY] Waiting for the aircraft to be put into GUIDED flight mode... (CH8=NO_SIGNAL, Mode=STABILIZE, Armed=False, Batt=99%, AGL=0.00m)
2026-09-17 20:17:11 | INFO | [AP STATUSTEXT] PreArm: RC not found
2026-09-17 20:17:11 | INFO | [AP STATUSTEXT] PreArm: Battery 1 below minimum arming voltage
2026-09-17 20:17:19 | INFO | [STANDBY] Waiting for the aircraft to be put into GUIDED flight mode... (CH8=NO_SIGNAL, Mode=STABILIZE, Armed=False, Batt=99%, AGL=0.00m)
2026-09-17 20:17:34 | INFO | [STANDBY] Waiting for the aircraft to be put into GUIDED flight mode... (CH8=NO_SIGNAL, Mode=STABILIZE, Armed=False, Batt=99%, AGL=0.00m)
2026-09-17 20:17:42 | INFO | [AP STATUSTEXT] PreArm: RC not found
2026-09-17 20:17:42 | INFO | [AP STATUSTEXT] PreArm: Battery 1 below minimum arming voltage
2026-09-17 20:17:49 | INFO | [STANDBY] Waiting for the aircraft to be put into GUIDED flight mode... (CH8=NO_SIGNAL, Mode=STABILIZE, Armed=False, Batt=99%, AGL=0.00m)
2026-09-17 20:18:04 | INFO | [STANDBY] Waiting for the aircraft to be put into GUIDED flight mode... (CH8=NO_SIGNAL, Mode=STABILIZE, Armed=False, Batt=99%, AGL=0.00m)
2026-09-17 20:18:13 | INFO | [AP STATUSTEXT] PreArm: RC not found
2026-09-17 20:18:13 | INFO | [AP STATUSTEXT] PreArm: Battery 1 below minimum arming voltage
2026-09-17 20:18:19 | INFO | [STANDBY] Waiting for the aircraft to be put into GUIDED flight mode... (CH8=NO_SIGNAL, Mode=STABILIZE, Armed=False, Batt=99%, AGL=0.00m)
2026-09-17 20:18:34 | INFO | [STANDBY] Waiting for the aircraft to be put into GUIDED flight mode... (CH8=NO_SIGNAL, Mode=STABILIZE, Armed=False, Batt=99%, AGL=0.00m)
2026-09-17 20:18:44 | INFO | [AP STATUSTEXT] PreArm: RC not found
2026-09-17 20:18:44 | INFO | [AP STATUSTEXT] PreArm: Battery 1 below minimum arming voltage
2026-09-17 20:18:49 | INFO | [STANDBY] Waiting for the aircraft to be put into GUIDED flight mode... (CH8=NO_SIGNAL, Mode=STABILIZE, Armed=False, Batt=99%, AGL=0.00m)
2026-09-17 20:19:04 | INFO | [STANDBY] Waiting for the aircraft to be put into GUIDED flight mode... (CH8=NO_SIGNAL, Mode=STABILIZE, Armed=False, Batt=99%, AGL=0.00m)
2026-09-17 20:19:15 | INFO | [AP STATUSTEXT] PreArm: RC not found
2026-09-17 20:19:15 | INFO | [AP STATUSTEXT] PreArm: Battery 1 below minimum arming voltage
2026-09-17 20:19:19 | INFO | [STANDBY] Waiting for the aircraft to be put into GUIDED flight mode... (CH8=NO_SIGNAL, Mode=STABILIZE, Armed=False, Batt=99%, AGL=0.00m)
2026-09-17 20:19:34 | INFO | [STANDBY] Waiting for the aircraft to be put into GUIDED flight mode... (CH8=NO_SIGNAL, Mode=STABILIZE, Armed=False, Batt=99%, AGL=0.00m)
2026-09-17 20:19:46 | INFO | [AP STATUSTEXT] PreArm: RC not found
2026-09-17 20:19:46 | INFO | [AP STATUSTEXT] PreArm: Battery 1 below minimum arming voltage
2026-09-17 20:19:49 | INFO | [STANDBY] Waiting for the aircraft to be put into GUIDED flight mode... (CH8=NO_SIGNAL, Mode=STABILIZE, Armed=False, Batt=99%, AGL=0.00m)
2026-09-17 20:20:04 | INFO | [STANDBY] Waiting for the aircraft to be put into GUIDED flight mode... (CH8=NO_SIGNAL, Mode=STABILIZE, Armed=False, Batt=99%, AGL=0.00m)
2026-09-17 20:20:17 | INFO | [AP STATUSTEXT] PreArm: RC not found
2026-09-17 20:20:17 | INFO | [AP STATUSTEXT] PreArm: Battery 1 below minimum arming voltage
2026-09-17 20:20:19 | INFO | [STANDBY] Waiting for the aircraft to be put into GUIDED flight mode... (CH8=NO_SIGNAL, Mode=STABILIZE, Armed=False, Batt=99%, AGL=0.00m)
2026-09-17 20:20:34 | INFO | [STANDBY] Waiting for the aircraft to be put into GUIDED flight mode... (CH8=NO_SIGNAL, Mode=STABILIZE, Armed=False, Batt=99%, AGL=0.00m)
2026-09-17 20:20:48 | INFO | [AP STATUSTEXT] PreArm: RC not found
2026-09-17 20:20:48 | INFO | [AP STATUSTEXT] PreArm: Battery 1 below minimum arming voltage
2026-09-17 20:20:49 | INFO | [STANDBY] Waiting for the aircraft to be put into GUIDED flight mode... (CH8=NO_SIGNAL, Mode=STABILIZE, Armed=False, Batt=99%, AGL=0.00m)
2026-09-17 20:21:04 | INFO | [STANDBY] Waiting for the aircraft to be put into GUIDED flight mode... (CH8=NO_SIGNAL, Mode=STABILIZE, Armed=False, Batt=99%, AGL=0.00m)
2026-09-17 20:21:19 | INFO | [AP STATUSTEXT] PreArm: RC not found
2026-09-17 20:21:19 | INFO | [AP STATUSTEXT] PreArm: Battery 1 below minimum arming voltage
2026-09-17 20:21:19 | INFO | [STANDBY] Waiting for the aircraft to be put into GUIDED flight mode... (CH8=NO_SIGNAL, Mode=STABILIZE, Armed=False, Batt=99%, AGL=0.00m)
2026-09-17 20:21:34 | INFO | [STANDBY] Waiting for the aircraft to be put into GUIDED flight mode... (CH8=NO_SIGNAL, Mode=STABILIZE, Armed=False, Batt=99%, AGL=0.00m)
2026-09-17 20:21:49 | INFO | [STANDBY] Waiting for the aircraft to be put into GUIDED flight mode... (CH8=NO_SIGNAL, Mode=STABILIZE, Armed=False, Batt=99%, AGL=0.00m)
2026-09-17 20:21:50 | INFO | [AP STATUSTEXT] PreArm: RC not found
2026-09-17 20:21:50 | INFO | [AP STATUSTEXT] PreArm: Battery 1 below minimum arming voltage
2026-09-17 20:22:04 | INFO | [STANDBY] Waiting for the aircraft to be put into GUIDED flight mode... (CH8=NO_SIGNAL, Mode=STABILIZE, Armed=False, Batt=99%, AGL=0.00m)
2026-09-17 20:22:19 | INFO | [STANDBY] Waiting for the aircraft to be put into GUIDED flight mode... (CH8=NO_SIGNAL, Mode=STABILIZE, Armed=False, Batt=99%, AGL=0.00m)
2026-09-17 20:22:21 | INFO | [AP STATUSTEXT] PreArm: RC not found
2026-09-17 20:22:21 | INFO | [AP STATUSTEXT] PreArm: Battery 1 below minimum arming voltage
2026-09-17 20:22:34 | INFO | [STANDBY] Waiting for the aircraft to be put into GUIDED flight mode... (CH8=NO_SIGNAL, Mode=STABILIZE, Armed=False, Batt=99%, AGL=0.00m)
2026-09-17 20:22:49 | INFO | [STANDBY] Waiting for the aircraft to be put into GUIDED flight mode... (CH8=NO_SIGNAL, Mode=STABILIZE, Armed=False, Batt=99%, AGL=0.00m)
2026-09-17 20:22:52 | INFO | [AP STATUSTEXT] PreArm: RC not found
2026-09-17 20:22:52 | INFO | [AP STATUSTEXT] PreArm: Battery 1 below minimum arming voltage
2026-09-17 20:23:04 | INFO | [STANDBY] Waiting for the aircraft to be put into GUIDED flight mode... (CH8=NO_SIGNAL, Mode=STABILIZE, Armed=False, Batt=99%, AGL=0.00m)
2026-09-17 20:23:19 | INFO | [STANDBY] Waiting for the aircraft to be put into GUIDED flight mode... (CH8=NO_SIGNAL, Mode=STABILIZE, Armed=False, Batt=99%, AGL=0.00m)
2026-09-17 20:23:23 | INFO | [AP STATUSTEXT] PreArm: RC not found
2026-09-17 20:23:23 | INFO | [AP STATUSTEXT] PreArm: Battery 1 below minimum arming voltage
2026-09-17 20:23:34 | INFO | [STANDBY] Waiting for the aircraft to be put into GUIDED flight mode... (CH8=NO_SIGNAL, Mode=STABILIZE, Armed=False, Batt=99%, AGL=0.00m)
2026-09-17 20:23:49 | INFO | [STANDBY] Waiting for the aircraft to be put into GUIDED flight mode... (CH8=NO_SIGNAL, Mode=STABILIZE, Armed=False, Batt=99%, AGL=0.00m)
2026-09-17 20:23:54 | INFO | [AP STATUSTEXT] PreArm: RC not found
2026-09-17 20:23:54 | INFO | [AP STATUSTEXT] PreArm: Battery 1 below minimum arming voltage
2026-09-17 20:24:04 | INFO | [STANDBY] Waiting for the aircraft to be put into GUIDED flight mode... (CH8=NO_SIGNAL, Mode=STABILIZE, Armed=False, Batt=99%, AGL=0.00m)
2026-09-17 20:24:19 | INFO | [STANDBY] Waiting for the aircraft to be put into GUIDED flight mode... (CH8=NO_SIGNAL, Mode=STABILIZE, Armed=False, Batt=99%, AGL=0.00m)
2026-09-17 20:24:25 | INFO | [AP STATUSTEXT] PreArm: RC not found
2026-09-17 20:24:25 | INFO | [AP STATUSTEXT] PreArm: Battery 1 below minimum arming voltage
2026-09-17 20:24:34 | INFO | [STANDBY] Waiting for the aircraft to be put into GUIDED flight mode... (CH8=NO_SIGNAL, Mode=STABILIZE, Armed=False, Batt=99%, AGL=0.00m)
2026-09-17 20:24:49 | INFO | [STANDBY] Waiting for the aircraft to be put into GUIDED flight mode... (CH8=NO_SIGNAL, Mode=STABILIZE, Armed=False, Batt=99%, AGL=0.00m)
2026-09-17 20:24:56 | INFO | [AP STATUSTEXT] PreArm: RC not found
2026-09-17 20:24:56 | INFO | [AP STATUSTEXT] PreArm: Battery 1 below minimum arming voltage
2026-09-17 20:25:04 | INFO | [STANDBY] Waiting for the aircraft to be put into GUIDED flight mode... (CH8=NO_SIGNAL, Mode=STABILIZE, Armed=False, Batt=99%, AGL=0.00m)
2026-09-17 20:25:19 | INFO | [STANDBY] Waiting for the aircraft to be put into GUIDED flight mode... (CH8=NO_SIGNAL, Mode=STABILIZE, Armed=False, Batt=99%, AGL=0.00m)
2026-09-17 20:25:27 | INFO | [AP STATUSTEXT] PreArm: RC not found
2026-09-17 20:25:27 | INFO | [AP STATUSTEXT] PreArm: Battery 1 below minimum arming voltage
2026-09-17 20:25:34 | INFO | [STANDBY] Waiting for the aircraft to be put into GUIDED flight mode... (CH8=NO_SIGNAL, Mode=STABILIZE, Armed=False, Batt=99%, AGL=0.00m)
2026-09-17 20:25:49 | INFO | [STANDBY] Waiting for the aircraft to be put into GUIDED flight mode... (CH8=NO_SIGNAL, Mode=STABILIZE, Armed=False, Batt=99%, AGL=0.00m)
2026-09-17 20:25:58 | INFO | [AP STATUSTEXT] PreArm: RC not found
2026-09-17 20:25:58 | INFO | [AP STATUSTEXT] PreArm: Battery 1 below minimum arming voltage
2026-09-17 20:26:04 | INFO | [STANDBY] Waiting for the aircraft to be put into GUIDED flight mode... (CH8=NO_SIGNAL, Mode=STABILIZE, Armed=False, Batt=99%, AGL=0.00m)
2026-09-17 20:26:19 | INFO | [STANDBY] Waiting for the aircraft to be put into GUIDED flight mode... (CH8=NO_SIGNAL, Mode=STABILIZE, Armed=False, Batt=99%, AGL=0.00m)
2026-09-17 20:26:29 | INFO | [AP STATUSTEXT] PreArm: RC not found
2026-09-17 20:26:29 | INFO | [AP STATUSTEXT] PreArm: Battery 1 below minimum arming voltage
2026-09-17 20:26:34 | INFO | [STANDBY] Waiting for the aircraft to be put into GUIDED flight mode... (CH8=NO_SIGNAL, Mode=STABILIZE, Armed=False, Batt=99%, AGL=0.00m)
2026-09-17 20:26:49 | INFO | [STANDBY] Waiting for the aircraft to be put into GUIDED flight mode... (CH8=NO_SIGNAL, Mode=STABILIZE, Armed=False, Batt=99%, AGL=0.00m)
2026-09-17 20:27:00 | INFO | [AP STATUSTEXT] PreArm: RC not found
2026-09-17 20:27:00 | INFO | [AP STATUSTEXT] PreArm: Battery 1 below minimum arming voltage
2026-09-17 20:27:05 | INFO | [STANDBY] Waiting for the aircraft to be put into GUIDED flight mode... (CH8=NO_SIGNAL, Mode=STABILIZE, Armed=False, Batt=99%, AGL=0.00m)
2026-09-17 20:27:20 | INFO | [STANDBY] Waiting for the aircraft to be put into GUIDED flight mode... (CH8=NO_SIGNAL, Mode=STABILIZE, Armed=False, Batt=99%, AGL=0.00m)
2026-09-17 20:27:31 | INFO | [AP STATUSTEXT] PreArm: RC not found
2026-09-17 20:27:31 | INFO | [AP STATUSTEXT] PreArm: Battery 1 below minimum arming voltage
2026-09-17 20:27:35 | INFO | [STANDBY] Waiting for the aircraft to be put into GUIDED flight mode... (CH8=NO_SIGNAL, Mode=STABILIZE, Armed=False, Batt=99%, AGL=0.00m)
2026-09-17 20:27:50 | INFO | [STANDBY] Waiting for the aircraft to be put into GUIDED flight mode... (CH8=NO_SIGNAL, Mode=STABILIZE, Armed=False, Batt=99%, AGL=0.00m)
2026-09-17 20:28:02 | INFO | [AP STATUSTEXT] PreArm: RC not found
2026-09-17 20:28:02 | INFO | [AP STATUSTEXT] PreArm: Battery 1 below minimum arming voltage
2026-09-17 20:28:05 | INFO | [STANDBY] Waiting for the aircraft to be put into GUIDED flight mode... (CH8=NO_SIGNAL, Mode=STABILIZE, Armed=False, Batt=99%, AGL=0.00m)
2026-09-17 20:28:20 | INFO | [STANDBY] Waiting for the aircraft to be put into GUIDED flight mode... (CH8=NO_SIGNAL, Mode=STABILIZE, Armed=False, Batt=99%, AGL=0.00m)
2026-09-17 20:28:33 | INFO | [AP STATUSTEXT] PreArm: RC not found
2026-09-17 20:28:33 | INFO | [AP STATUSTEXT] PreArm: Battery 1 below minimum arming voltage
2026-09-17 20:28:35 | INFO | [STANDBY] Waiting for the aircraft to be put into GUIDED flight mode... (CH8=NO_SIGNAL, Mode=STABILIZE, Armed=False, Batt=99%, AGL=0.00m)
2026-09-17 20:28:50 | INFO | [STANDBY] Waiting for the aircraft to be put into GUIDED flight mode... (CH8=NO_SIGNAL, Mode=STABILIZE, Armed=False, Batt=99%, AGL=0.00m)
2026-09-17 20:29:04 | INFO | [AP STATUSTEXT] PreArm: RC not found
2026-09-17 20:29:04 | INFO | [AP STATUSTEXT] PreArm: Battery 1 below minimum arming voltage
2026-09-17 20:29:05 | INFO | [STANDBY] Waiting for the aircraft to be put into GUIDED flight mode... (CH8=NO_SIGNAL, Mode=STABILIZE, Armed=False, Batt=99%, AGL=0.00m)
2026-09-17 20:29:20 | INFO | [STANDBY] Waiting for the aircraft to be put into GUIDED flight mode... (CH8=NO_SIGNAL, Mode=STABILIZE, Armed=False, Batt=99%, AGL=0.00m)
2026-09-17 20:29:35 | INFO | [STANDBY] Waiting for the aircraft to be put into GUIDED flight mode... (CH8=NO_SIGNAL, Mode=STABILIZE, Armed=False, Batt=99%, AGL=0.00m)
2026-09-17 20:29:35 | INFO | [AP STATUSTEXT] PreArm: RC not found
2026-09-17 20:29:35 | INFO | [AP STATUSTEXT] PreArm: Battery 1 below minimum arming voltage
2026-09-17 20:29:50 | INFO | [STANDBY] Waiting for the aircraft to be put into GUIDED flight mode... (CH8=NO_SIGNAL, Mode=STABILIZE, Armed=False, Batt=99%, AGL=0.00m)
2026-09-17 20:30:05 | INFO | [STANDBY] Waiting for the aircraft to be put into GUIDED flight mode... (CH8=NO_SIGNAL, Mode=STABILIZE, Armed=False, Batt=99%, AGL=0.00m)
2026-09-17 20:30:06 | INFO | [AP STATUSTEXT] PreArm: RC not found
2026-09-17 20:30:06 | INFO | [AP STATUSTEXT] PreArm: Battery 1 below minimum arming voltage
2026-09-17 20:30:20 | INFO | [STANDBY] Waiting for the aircraft to be put into GUIDED flight mode... (CH8=NO_SIGNAL, Mode=STABILIZE, Armed=False, Batt=99%, AGL=0.00m)
2026-09-17 20:30:35 | INFO | [STANDBY] Waiting for the aircraft to be put into GUIDED flight mode... (CH8=NO_SIGNAL, Mode=STABILIZE, Armed=False, Batt=99%, AGL=0.00m)
2026-09-17 20:30:37 | INFO | [AP STATUSTEXT] PreArm: RC not found
2026-09-17 20:30:37 | INFO | [AP STATUSTEXT] PreArm: Battery 1 below minimum arming voltage
2026-09-17 20:30:50 | INFO | [STANDBY] Waiting for the aircraft to be put into GUIDED flight mode... (CH8=NO_SIGNAL, Mode=STABILIZE, Armed=False, Batt=99%, AGL=0.00m)
2026-09-17 20:31:05 | INFO | [STANDBY] Waiting for the aircraft to be put into GUIDED flight mode... (CH8=NO_SIGNAL, Mode=STABILIZE, Armed=False, Batt=98%, AGL=0.00m)
2026-09-17 20:31:08 | INFO | [AP STATUSTEXT] PreArm: RC not found
2026-09-17 20:31:08 | INFO | [AP STATUSTEXT] PreArm: Battery 1 below minimum arming voltage
2026-09-17 20:31:20 | INFO | [STANDBY] Waiting for the aircraft to be put into GUIDED flight mode... (CH8=NO_SIGNAL, Mode=STABILIZE, Armed=False, Batt=98%, AGL=0.00m)
2026-09-17 20:31:35 | INFO | [STANDBY] Waiting for the aircraft to be put into GUIDED flight mode... (CH8=NO_SIGNAL, Mode=STABILIZE, Armed=False, Batt=98%, AGL=0.00m)
2026-09-17 20:31:39 | INFO | [AP STATUSTEXT] PreArm: RC not found
2026-09-17 20:31:39 | INFO | [AP STATUSTEXT] PreArm: Battery 1 below minimum arming voltage
2026-09-17 20:31:50 | INFO | [STANDBY] Waiting for the aircraft to be put into GUIDED flight mode... (CH8=NO_SIGNAL, Mode=STABILIZE, Armed=False, Batt=98%, AGL=0.00m)
2026-09-17 20:32:05 | INFO | [STANDBY] Waiting for the aircraft to be put into GUIDED flight mode... (CH8=NO_SIGNAL, Mode=STABILIZE, Armed=False, Batt=98%, AGL=0.00m)
2026-09-17 20:32:10 | INFO | [AP STATUSTEXT] PreArm: RC not found
2026-09-17 20:32:10 | INFO | [AP STATUSTEXT] PreArm: Battery 1 below minimum arming voltage
2026-09-17 20:32:20 | INFO | [STANDBY] Waiting for the aircraft to be put into GUIDED flight mode... (CH8=NO_SIGNAL, Mode=STABILIZE, Armed=False, Batt=98%, AGL=0.00m)
2026-09-17 20:32:35 | INFO | [STANDBY] Waiting for the aircraft to be put into GUIDED flight mode... (CH8=NO_SIGNAL, Mode=STABILIZE, Armed=False, Batt=98%, AGL=0.00m)
2026-09-17 20:32:41 | INFO | [AP STATUSTEXT] PreArm: RC not found
2026-09-17 20:32:41 | INFO | [AP STATUSTEXT] PreArm: Battery 1 below minimum arming voltage
2026-09-17 20:32:50 | INFO | [STANDBY] Waiting for the aircraft to be put into GUIDED flight mode... (CH8=NO_SIGNAL, Mode=STABILIZE, Armed=False, Batt=98%, AGL=0.00m)
2026-09-17 20:33:05 | INFO | [STANDBY] Waiting for the aircraft to be put into GUIDED flight mode... (CH8=NO_SIGNAL, Mode=STABILIZE, Armed=False, Batt=98%, AGL=0.00m)
2026-09-17 20:33:12 | INFO | [AP STATUSTEXT] PreArm: RC not found
2026-09-17 20:33:12 | INFO | [AP STATUSTEXT] PreArm: Battery 1 below minimum arming voltage
2026-09-17 20:33:20 | INFO | [STANDBY] Waiting for the aircraft to be put into GUIDED flight mode... (CH8=NO_SIGNAL, Mode=STABILIZE, Armed=False, Batt=98%, AGL=0.00m)
2026-09-17 20:33:35 | INFO | [STANDBY] Waiting for the aircraft to be put into GUIDED flight mode... (CH8=NO_SIGNAL, Mode=STABILIZE, Armed=False, Batt=98%, AGL=0.00m)
2026-09-17 20:33:43 | INFO | [AP STATUSTEXT] PreArm: RC not found
2026-09-17 20:33:43 | INFO | [AP STATUSTEXT] PreArm: Battery 1 below minimum arming voltage
2026-09-17 20:33:50 | INFO | [STANDBY] Waiting for the aircraft to be put into GUIDED flight mode... (CH8=NO_SIGNAL, Mode=STABILIZE, Armed=False, Batt=98%, AGL=0.00m)
2026-09-17 20:34:05 | INFO | [STANDBY] Waiting for the aircraft to be put into GUIDED flight mode... (CH8=NO_SIGNAL, Mode=STABILIZE, Armed=False, Batt=98%, AGL=0.00m)
2026-09-17 20:34:14 | INFO | [AP STATUSTEXT] PreArm: RC not found
2026-09-17 20:34:14 | INFO | [AP STATUSTEXT] PreArm: Battery 1 below minimum arming voltage
2026-09-17 20:34:20 | INFO | [STANDBY] Waiting for the aircraft to be put into GUIDED flight mode... (CH8=NO_SIGNAL, Mode=STABILIZE, Armed=False, Batt=98%, AGL=0.00m)
2026-09-17 20:34:35 | INFO | [STANDBY] Waiting for the aircraft to be put into GUIDED flight mode... (CH8=NO_SIGNAL, Mode=STABILIZE, Armed=False, Batt=98%, AGL=0.00m)
2026-09-17 20:34:44 | INFO | [AP STATUSTEXT] PreArm: RC not found
2026-09-17 20:34:44 | INFO | [AP STATUSTEXT] PreArm: Battery 1 below minimum arming voltage
2026-09-17 20:34:50 | INFO | [STANDBY] Waiting for the aircraft to be put into GUIDED flight mode... (CH8=NO_SIGNAL, Mode=STABILIZE, Armed=False, Batt=98%, AGL=0.00m)
2026-09-17 20:35:05 | INFO | [STANDBY] Waiting for the aircraft to be put into GUIDED flight mode... (CH8=NO_SIGNAL, Mode=STABILIZE, Armed=False, Batt=98%, AGL=0.00m)
2026-09-17 20:35:15 | INFO | [AP STATUSTEXT] PreArm: RC not found
2026-09-17 20:35:15 | INFO | [AP STATUSTEXT] PreArm: Battery 1 below minimum arming voltage
2026-09-17 20:35:20 | INFO | [STANDBY] Waiting for the aircraft to be put into GUIDED flight mode... (CH8=NO_SIGNAL, Mode=STABILIZE, Armed=False, Batt=98%, AGL=0.00m)
2026-09-17 20:35:35 | INFO | [STANDBY] Waiting for the aircraft to be put into GUIDED flight mode... (CH8=NO_SIGNAL, Mode=STABILIZE, Armed=False, Batt=98%, AGL=0.00m)
2026-09-17 20:35:40 | INFO | Received exit signal 15. Finalizing video and exiting...
2026-09-17 20:46:53 | INFO | ==========================================================
2026-09-17 20:46:53 | INFO | === ARDUPILOT POLYGON RASTER COVERAGE MISSION ===
2026-09-17 20:46:53 | INFO | ==========================================================
2026-09-17 20:46:53 | INFO | Project directory : /home/aahswarm/ardupilotRasterFix
2026-09-17 20:46:53 | INFO | Mission log       : /home/aahswarm/ardupilotRasterFix/ardupilot_raster_mission.log
2026-09-17 20:46:53 | INFO | Trigger file      : /home/aahswarm/ardupilotRasterFix/START_RASTER_MISSION
2026-09-17 20:46:53 | INFO | Recordings        : /home/aahswarm/ardupilotRasterFix/recordings/
2026-09-17 20:46:53 | INFO | =========================================================
2026-09-17 20:46:53 | INFO | === POLYGON RASTER MISSION PLAN ===
2026-09-17 20:46:53 | INFO | =========================================================
2026-09-17 20:46:53 | INFO |   Corner A: 13.3458930, 74.7940200
2026-09-17 20:46:53 | INFO |   Corner B: 13.3457210, 74.7940420
2026-09-17 20:46:53 | INFO |   Corner C: 13.3457120, 74.7940080
2026-09-17 20:46:53 | INFO |   Corner D: 13.3458870, 74.7939650
2026-09-17 20:46:53 | INFO |   Sides: AB=19.29m BC=3.82m CD=20.03m DA=5.99m; area=96.03m^2
2026-09-17 20:46:53 | INFO |   Corner angles: A=90.7 B=98.1 C=88.2 D=83.0 deg (a rectangle is not required)
2026-09-17 20:46:53 | INFO |   Inward safety inset: 0.20m -> inset area 86.36m^2
2026-09-17 20:46:53 | INFO |   Sweep axis: RASTER_AXIS=short -> passes run A->D (5.99m side, stepping across the 19.29m side), bearing 262.9 deg, alternating
2026-09-17 20:46:53 | INFO |   Passes: 20, spacing 0.974m (requested 1.000m), waypoints 40
2026-09-17 20:46:53 | INFO |   Pass lengths: 3.46m to 5.52m; the longest leg is 6s at 1.00m/s, which is how long the aircraft flies in one direction before its first turn
2026-09-17 20:46:53 | INFO |   Path length 108.3m, estimated 108s at 1.00m/s (horizontal travel only)
2026-09-17 20:46:53 | INFO |   Containment: 40/40 waypoints and 39 segments verified inside the inset polygon (2223 samples); worst clearance +0.200m from the polygon edge
2026-09-17 20:46:53 | INFO |   Outer safety geofence: area 217.93m^2, sides 10.24m, 24.00m, 7.46m, 25.53m, winding CCW
2026-09-17 20:46:53 | INFO |   Inner inside outer: minimum separation 1.96m (corners A=1.99m, B=1.96m, C=1.99m, D=2.01m); raster path worst 2.16m, 1.66m against the effective boundary
2026-09-17 20:46:53 | INFO |   Outer safety geofence: 4 GPS corners, effective boundary 0.50m inside them (independent safety layer, NOT the mission polygon, NOT an ArduPilot fence)
2026-09-17 20:46:53 | INFO |   Inner runtime breach tolerance: 0.50m beyond the mission-polygon edge, enforced during the RASTER phase only
2026-09-17 20:46:53 | INFO |   Max planned distance from polygon centroid: 10.34m
2026-09-17 20:46:53 | INFO | ==========================================================
2026-09-17 20:46:53 | INFO | === ARDUPILOT CONTINUOUS AUTONOMOUS MISSION DAEMON ===
2026-09-17 20:46:53 | INFO | ==========================================================
2026-09-17 20:46:53 | INFO | Mission Parameters: Port=auto-discover, Baud=115200, TakeoffAlt=2.5m, DescentSpeed=0.15m/s, TouchdownSpeed=0.08m/s, Orbit=3.0m x 1.0 at 1.0m/s, HorizontalFence=4.0m, Geofence=DISABLED
2026-09-17 20:46:53 | INFO | Connecting to ArduPilot flight controller at /dev/serial/by-id/usb-ArduPilot_MicoAir743v2_300020001251333236353637-if00 (baud: 115200)...
2026-09-17 20:46:53 | INFO | Waiting for ArduPilot heartbeat...
2026-09-17 20:46:53 | INFO | Connected to ArduPilot! (System ID: 1, Component ID: 1)
2026-09-17 20:46:53 | INFO | Starting GCS heartbeat sender (1 Hz)...
2026-09-17 20:46:53 | INFO | Requesting telemetry message streams from ArduPilot...
2026-09-17 20:46:53 | INFO | [RASTER] Position snapshot hook attached to the existing MAVLink receive path (no additional reader).
2026-09-17 20:46:53 | INFO | [FC LOG] Verbose flight-controller log attached to the existing MAVLink receive path (no additional reader) -> /home/aahswarm/ardupilotRasterFix/fc_telemetry.log [level=full]
2026-09-17 20:46:53 | WARNING | Geofence DISABLED (CONFIGURE_FENCE=0) — writing FENCE_ENABLE=0. There is no automatic containment: the pilot is responsible for keeping the aircraft inside the test area, taking manual control on the transmitter if it drifts.
2026-09-17 20:46:53 | INFO | Configured ArduPilot parameter: LAND_SPEED = 20.0
2026-09-17 20:46:54 | INFO | Configured ArduPilot parameter: LAND_ALT_LOW = 150.0
2026-09-17 20:46:54 | INFO | Configured ArduPilot parameter: WPNAV_SPEED_UP = 50.0
2026-09-17 20:46:54 | INFO | [AP STATUSTEXT] GCS Failsafe Cleared
2026-09-17 20:46:54 | INFO | Configured ArduPilot parameter: WPNAV_ACCEL_Z = 50.0
2026-09-17 20:46:54 | INFO | Configured ArduPilot parameter: BATT_FS_LOW_ACT = 1.0
2026-09-17 20:46:54 | INFO | Configured ArduPilot parameter: BATT_FS_CRT_ACT = 1.0
2026-09-17 20:46:54 | INFO | Configured ArduPilot parameter: FS_THR_ENABLE = 3.0
2026-09-17 20:46:54 | INFO | Configured ArduPilot parameter: FS_GCS_ENABLE = 5.0
2026-09-17 20:46:54 | INFO | Configured ArduPilot parameter: FENCE_ENABLE = 0.0
2026-09-17 20:46:54 | WARNING | [CH8] No RC receiver data (chancount=0, raw=0). CH8 triggering is unavailable.
2026-09-17 20:46:54 | INFO | Configured ArduPilot parameter: ARMING_CHECK = 1.0
2026-09-17 20:46:57 | INFO | ArduPilot Health: Mode=STABILIZE, Armed=False, AGL=0.00m (src=GLOBAL_POSITION_INT), GPS=Fix=3 (Sats: 20), EKF=OK, Batt=99% (16.79V), RC=NONE
2026-09-17 20:46:57 | WARNING | Flight controller reports NO RC receiver data (RC_CHANNELS chancount=0).
2026-09-17 20:46:57 | INFO | System initialized and READY in STANDBY mode.
2026-09-17 20:46:57 | INFO | Continuous flight supervisor active. Ready for flight triggers.
2026-09-17 20:46:57 | INFO | [TRIGGER] Mission starts on an observed transition into GUIDED flight mode (CH8 must also be GUIDED when a receiver is present). The CH8 launch condition is disabled; CH8=MANUAL/LAND still aborts.
2026-09-17 20:46:57 | WARNING | No RC receiver data. CH8 triggering is unavailable; create /home/aahswarm/ardupilotRasterFix/START_RASTER_MISSION to start a mission.
2026-09-17 20:46:57 | INFO | [SUPERVISOR] CH8 state: None -> NO_SIGNAL (Mode=STABILIZE, Armed=False, InAir=False, AGL=0.00m)
2026-09-17 20:46:57 | INFO | [SUPERVISOR] Flight mode: None -> STABILIZE (CH8=NO_SIGNAL, Armed=False, InAir=False, AGL=0.00m)
2026-09-17 20:46:57 | INFO | [SUPERVISOR] GUIDED-mode trigger armed — putting the aircraft into GUIDED will now start an autonomous mission.
2026-09-17 20:46:57 | INFO | [STANDBY] Waiting for the aircraft to be put into GUIDED flight mode... (CH8=NO_SIGNAL, Mode=STABILIZE, Armed=False, Batt=99%, AGL=0.00m)
2026-10-02 15:21:38 | INFO | ==========================================================
2026-10-02 15:21:38 | INFO | === ARDUPILOT POLYGON RASTER COVERAGE MISSION ===
2026-10-02 15:21:38 | INFO | ==========================================================
2026-10-02 15:21:38 | INFO | Project directory : /home/aahswarm/ardupilotRasterFix
2026-10-02 15:21:38 | INFO | Mission log       : /home/aahswarm/ardupilotRasterFix/ardupilot_raster_mission.log
2026-10-02 15:21:38 | INFO | Trigger file      : /home/aahswarm/ardupilotRasterFix/START_RASTER_MISSION
2026-10-02 15:21:38 | INFO | Recordings        : /home/aahswarm/ardupilotRasterFix/recordings/
2026-10-02 15:21:38 | INFO | =========================================================
2026-10-02 15:21:38 | INFO | === POLYGON RASTER MISSION PLAN ===
2026-10-02 15:21:38 | INFO | =========================================================
2026-10-02 15:21:38 | INFO |   Corner A: 13.3458930, 74.7940200
2026-10-02 15:21:38 | INFO |   Corner B: 13.3457210, 74.7940420
2026-10-02 15:21:38 | INFO |   Corner C: 13.3457120, 74.7940080
2026-10-02 15:21:38 | INFO |   Corner D: 13.3458870, 74.7939650
2026-10-02 15:21:38 | INFO |   Sides: AB=19.29m BC=3.82m CD=20.03m DA=5.99m; area=96.03m^2
2026-10-02 15:21:38 | INFO |   Corner angles: A=90.7 B=98.1 C=88.2 D=83.0 deg (a rectangle is not required)
2026-10-02 15:21:38 | INFO |   Inward safety inset: 0.20m -> inset area 86.36m^2
2026-10-02 15:21:38 | INFO |   Sweep axis: RASTER_AXIS=short -> passes run A->D (5.99m side, stepping across the 19.29m side), bearing 262.9 deg, alternating
2026-10-02 15:21:38 | INFO |   Passes: 20, spacing 0.974m (requested 1.000m), waypoints 40
2026-10-02 15:21:38 | INFO |   Pass lengths: 3.46m to 5.52m; the longest leg is 6s at 1.00m/s, which is how long the aircraft flies in one direction before its first turn
2026-10-02 15:21:38 | INFO |   Path length 108.3m, estimated 108s at 1.00m/s (horizontal travel only)
2026-10-02 15:21:38 | INFO |   Containment: 40/40 waypoints and 39 segments verified inside the inset polygon (2223 samples); worst clearance +0.200m from the polygon edge
2026-10-02 15:21:38 | INFO |   Outer safety geofence: area 217.93m^2, sides 10.24m, 24.00m, 7.46m, 25.53m, winding CCW
2026-10-02 15:21:38 | INFO |   Inner inside outer: minimum separation 1.96m (corners A=1.99m, B=1.96m, C=1.99m, D=2.01m); raster path worst 2.16m, 1.66m against the effective boundary
2026-10-02 15:21:38 | INFO |   Outer safety geofence: 4 GPS corners, effective boundary 0.50m inside them (independent safety layer, NOT the mission polygon, NOT an ArduPilot fence)
2026-10-02 15:21:38 | INFO |   Inner runtime breach tolerance: 0.50m beyond the mission-polygon edge, enforced during the RASTER phase only
2026-10-02 15:21:38 | INFO |   Max planned distance from polygon centroid: 10.34m
2026-10-02 15:21:38 | INFO | ==========================================================
2026-10-02 15:21:38 | INFO | === ARDUPILOT CONTINUOUS AUTONOMOUS MISSION DAEMON ===
2026-10-02 15:21:38 | INFO | ==========================================================
2026-10-02 15:21:38 | INFO | Mission Parameters: Port=auto-discover, Baud=115200, TakeoffAlt=2.5m, DescentSpeed=0.15m/s, TouchdownSpeed=0.08m/s, Orbit=3.0m x 1.0 at 1.0m/s, HorizontalFence=4.0m, Geofence=DISABLED
2026-10-02 15:21:38 | INFO | Waiting for ArduPilot flight controller... (no serial device found, retrying in 3s)
2026-10-02 15:21:41 | INFO | Waiting for ArduPilot flight controller... (no serial device found, retrying in 3s)
2026-10-02 15:21:44 | INFO | Waiting for ArduPilot flight controller... (no serial device found, retrying in 3s)
2026-10-02 15:21:47 | INFO | Waiting for ArduPilot flight controller... (no serial device found, retrying in 3s)
2026-10-02 15:21:50 | INFO | Waiting for ArduPilot flight controller... (no serial device found, retrying in 3s)
2026-10-02 15:21:53 | INFO | Waiting for ArduPilot flight controller... (no serial device found, retrying in 3s)
2026-10-02 15:21:56 | INFO | Waiting for ArduPilot flight controller... (no serial device found, retrying in 3s)
2026-10-02 15:21:59 | INFO | Waiting for ArduPilot flight controller... (no serial device found, retrying in 3s)
2026-10-02 15:22:02 | INFO | Waiting for ArduPilot flight controller... (no serial device found, retrying in 3s)
2026-10-02 15:22:05 | INFO | Waiting for ArduPilot flight controller... (no serial device found, retrying in 3s)
2026-10-02 15:22:08 | INFO | Waiting for ArduPilot flight controller... (no serial device found, retrying in 3s)
2026-10-02 15:22:11 | INFO | Waiting for ArduPilot flight controller... (no serial device found, retrying in 3s)
2026-10-02 15:22:14 | INFO | Waiting for ArduPilot flight controller... (no serial device found, retrying in 3s)
2026-10-02 15:22:17 | INFO | Waiting for ArduPilot flight controller... (no serial device found, retrying in 3s)
2026-10-02 15:22:20 | INFO | Waiting for ArduPilot flight controller... (no serial device found, retrying in 3s)
2026-10-02 15:22:23 | INFO | Waiting for ArduPilot flight controller... (no serial device found, retrying in 3s)
2026-10-02 15:22:26 | INFO | Waiting for ArduPilot flight controller... (no serial device found, retrying in 3s)
2026-10-02 15:22:29 | INFO | Waiting for ArduPilot flight controller... (no serial device found, retrying in 3s)
2026-10-02 15:22:32 | INFO | Waiting for ArduPilot flight controller... (no serial device found, retrying in 3s)
2026-10-02 15:22:35 | INFO | Waiting for ArduPilot flight controller... (no serial device found, retrying in 3s)
2026-10-02 15:22:38 | INFO | Waiting for ArduPilot flight controller... (no serial device found, retrying in 3s)
2026-10-02 15:22:41 | INFO | Waiting for ArduPilot flight controller... (no serial device found, retrying in 3s)
2026-10-02 15:22:44 | INFO | Waiting for ArduPilot flight controller... (no serial device found, retrying in 3s)
2026-10-02 15:22:47 | INFO | Waiting for ArduPilot flight controller... (no serial device found, retrying in 3s)
2026-10-02 15:22:50 | INFO | Waiting for ArduPilot flight controller... (no serial device found, retrying in 3s)
2026-10-02 15:22:53 | INFO | Waiting for ArduPilot flight controller... (no serial device found, retrying in 3s)
2026-10-02 15:22:56 | INFO | Waiting for ArduPilot flight controller... (no serial device found, retrying in 3s)
2026-10-02 15:22:59 | INFO | Waiting for ArduPilot flight controller... (no serial device found, retrying in 3s)
2026-10-02 15:23:02 | INFO | Waiting for ArduPilot flight controller... (no serial device found, retrying in 3s)
2026-10-02 15:23:05 | INFO | Waiting for ArduPilot flight controller... (no serial device found, retrying in 3s)
2026-10-02 15:23:08 | INFO | Waiting for ArduPilot flight controller... (no serial device found, retrying in 3s)
2026-10-02 15:23:11 | INFO | Waiting for ArduPilot flight controller... (no serial device found, retrying in 3s)
2026-10-02 15:23:14 | INFO | Waiting for ArduPilot flight controller... (no serial device found, retrying in 3s)
2026-10-02 15:23:17 | INFO | Waiting for ArduPilot flight controller... (no serial device found, retrying in 3s)
2026-10-02 15:23:20 | INFO | Waiting for ArduPilot flight controller... (no serial device found, retrying in 3s)
2026-10-02 15:23:23 | INFO | Waiting for ArduPilot flight controller... (no serial device found, retrying in 3s)
                                                                                                                 2026-10-02 16:01:47 | INFO | ==========================================================
2026-10-02 16:01:47 | INFO | === ARDUPILOT POLYGON RASTER COVERAGE MISSION ===
2026-10-02 16:01:47 | INFO | ==========================================================
2026-10-02 16:01:47 | INFO | Project directory : /home/aahswarm/ardupilotRasterFix
2026-10-02 16:01:47 | INFO | Mission log       : /home/aahswarm/ardupilotRasterFix/ardupilot_raster_mission.log
2026-10-02 16:01:47 | INFO | Trigger file      : /home/aahswarm/ardupilotRasterFix/START_RASTER_MISSION
2026-10-02 16:01:47 | INFO | Recordings        : /home/aahswarm/ardupilotRasterFix/recordings/
2026-10-02 16:01:47 | INFO | =========================================================
2026-10-02 16:01:47 | INFO | === POLYGON RASTER MISSION PLAN ===
2026-10-02 16:01:47 | INFO | =========================================================
2026-10-02 16:01:47 | INFO |   Corner A: 13.3458930, 74.7940200
2026-10-02 16:01:47 | INFO |   Corner B: 13.3457210, 74.7940420
2026-10-02 16:01:47 | INFO |   Corner C: 13.3457120, 74.7940080
2026-10-02 16:01:47 | INFO |   Corner D: 13.3458870, 74.7939650
2026-10-02 16:01:47 | INFO |   Sides: AB=19.29m BC=3.82m CD=20.03m DA=5.99m; area=96.03m^2
2026-10-02 16:01:47 | INFO |   Corner angles: A=90.7 B=98.1 C=88.2 D=83.0 deg (a rectangle is not required)
2026-10-02 16:01:47 | INFO |   Inward safety inset: 0.20m -> inset area 86.36m^2
2026-10-02 16:01:47 | INFO |   Sweep axis: RASTER_AXIS=short -> passes run A->D (5.99m side, stepping across the 19.29m side), bearing 262.9 deg, alternating
2026-10-02 16:01:47 | INFO |   Passes: 20, spacing 0.974m (requested 1.000m), waypoints 40
2026-10-02 16:01:47 | INFO |   Pass lengths: 3.46m to 5.52m; the longest leg is 6s at 1.00m/s, which is how long the aircraft flies in one direction before its first turn
2026-10-02 16:01:47 | INFO |   Path length 108.3m, estimated 108s at 1.00m/s (horizontal travel only)
2026-10-02 16:01:47 | INFO |   Containment: 40/40 waypoints and 39 segments verified inside the inset polygon (2223 samples); worst clearance +0.200m from the polygon edge
2026-10-02 16:01:47 | INFO |   Outer safety geofence: area 217.93m^2, sides 10.24m, 24.00m, 7.46m, 25.53m, winding CCW
2026-10-02 16:01:47 | INFO |   Inner inside outer: minimum separation 1.96m (corners A=1.99m, B=1.96m, C=1.99m, D=2.01m); raster path worst 2.16m, 1.66m against the effective boundary
2026-10-02 16:01:47 | INFO |   Outer safety geofence: 4 GPS corners, effective boundary 0.50m inside them (independent safety layer, NOT the mission polygon, NOT an ArduPilot fence)
2026-10-02 16:01:47 | INFO |   Inner runtime breach tolerance: 0.50m beyond the mission-polygon edge, enforced during the RASTER phase only
2026-10-02 16:01:47 | INFO |   Max planned distance from polygon centroid: 10.34m
2026-10-02 16:01:47 | INFO | ==========================================================
2026-10-02 16:01:47 | INFO | === ARDUPILOT CONTINUOUS AUTONOMOUS MISSION DAEMON ===
2026-10-02 16:01:47 | INFO | ==========================================================
2026-10-02 16:01:47 | INFO | Mission Parameters: Port=auto-discover, Baud=115200, TakeoffAlt=2.5m, DescentSpeed=0.15m/s, TouchdownSpeed=0.08m/s, Orbit=3.0m x 1.0 at 1.0m/s, HorizontalFence=4.0m, Geofence=DISABLED
2026-10-02 16:01:47 | INFO | Waiting for ArduPilot flight controller... (no serial device found, retrying in 3s)
2026-10-02 16:01:50 | INFO | Waiting for ArduPilot flight controller... (no serial device found, retrying in 3s)
2026-10-02 16:01:53 | INFO | Waiting for ArduPilot flight controller... (no serial device found, retrying in 3s)
2026-10-02 16:01:56 | INFO | Waiting for ArduPilot flight controller... (no serial device found, retrying in 3s)
2026-10-02 16:01:59 | INFO | Waiting for ArduPilot flight controller... (no serial device found, retrying in 3s)
2026-10-02 16:02:02 | INFO | Waiting for ArduPilot flight controller... (no serial device found, retrying in 3s)
2026-10-02 16:02:05 | INFO | Waiting for ArduPilot flight controller... (no serial device found, retrying in 3s)
2026-10-02 16:02:08 | INFO | Waiting for ArduPilot flight controller... (no serial device found, retrying in 3s)
2026-10-02 16:02:11 | INFO | Waiting for ArduPilot flight controller... (no serial device found, retrying in 3s)
2026-10-02 16:02:14 | INFO | Waiting for ArduPilot flight controller... (no serial device found, retrying in 3s)
2026-10-02 16:02:17 | INFO | Waiting for ArduPilot flight controller... (no serial device found, retrying in 3s)
2026-10-02 16:02:20 | INFO | Waiting for ArduPilot flight controller... (no serial device found, retrying in 3s)
2026-10-02 16:02:23 | INFO | Waiting for ArduPilot flight controller... (no serial device found, retrying in 3s)
2026-10-02 16:02:26 | INFO | Waiting for ArduPilot flight controller... (no serial device found, retrying in 3s)
2026-10-02 16:02:29 | INFO | Waiting for ArduPilot flight controller... (no serial device found, retrying in 3s)
2026-10-02 16:02:32 | INFO | Waiting for ArduPilot flight controller... (no serial device found, retrying in 3s)
2026-10-02 16:02:35 | INFO | Waiting for ArduPilot flight controller... (no serial device found, retrying in 3s)
2026-10-02 16:02:38 | INFO | Waiting for ArduPilot flight controller... (no serial device found, retrying in 3s)
2026-10-02 16:02:41 | INFO | Waiting for ArduPilot flight controller... (no serial device found, retrying in 3s)
2026-10-02 16:02:44 | INFO | Waiting for ArduPilot flight controller... (no serial device found, retrying in 3s)
2026-10-02 16:02:47 | INFO | Waiting for ArduPilot flight controller... (no serial device found, retrying in 3s)
2026-10-02 16:02:50 | INFO | Waiting for ArduPilot flight controller... (no serial device found, retrying in 3s)
2026-10-02 16:02:53 | INFO | Waiting for ArduPilot flight controller... (no serial device found, retrying in 3s)
2026-10-02 16:02:56 | INFO | Waiting for ArduPilot flight controller... (no serial device found, retrying in 3s)
2026-10-02 16:02:59 | INFO | Waiting for ArduPilot flight controller... (no serial device found, retrying in 3s)
2026-10-02 16:03:02 | INFO | Waiting for ArduPilot flight controller... (no serial device found, retrying in 3s)
2026-10-02 16:03:05 | INFO | Waiting for ArduPilot flight controller... (no serial device found, retrying in 3s)
2026-10-02 16:03:08 | INFO | Waiting for ArduPilot flight controller... (no serial device found, retrying in 3s)
2026-10-02 16:06:53 | INFO | ==========================================================
2026-10-02 16:06:53 | INFO | === ARDUPILOT POLYGON RASTER COVERAGE MISSION ===
2026-10-02 16:06:53 | INFO | ==========================================================
2026-10-02 16:06:53 | INFO | Project directory : /home/aahswarm/ardupilotRasterFix
2026-10-02 16:06:53 | INFO | Mission log       : /home/aahswarm/ardupilotRasterFix/ardupilot_raster_mission.log
2026-10-02 16:06:53 | INFO | Trigger file      : /home/aahswarm/ardupilotRasterFix/START_RASTER_MISSION
2026-10-02 16:06:53 | INFO | Recordings        : /home/aahswarm/ardupilotRasterFix/recordings/
2026-10-02 16:06:53 | INFO | =========================================================
2026-10-02 16:06:53 | INFO | === POLYGON RASTER MISSION PLAN ===
2026-10-02 16:06:53 | INFO | =========================================================
2026-10-02 16:06:53 | INFO |   Corner A: 13.3458930, 74.7940200
2026-10-02 16:06:53 | INFO |   Corner B: 13.3457210, 74.7940420
2026-10-02 16:06:53 | INFO |   Corner C: 13.3457120, 74.7940080
2026-10-02 16:06:53 | INFO |   Corner D: 13.3458870, 74.7939650
2026-10-02 16:06:53 | INFO |   Sides: AB=19.29m BC=3.82m CD=20.03m DA=5.99m; area=96.03m^2
2026-10-02 16:06:53 | INFO |   Corner angles: A=90.7 B=98.1 C=88.2 D=83.0 deg (a rectangle is not required)
2026-10-02 16:06:53 | INFO |   Inward safety inset: 0.20m -> inset area 86.36m^2
2026-10-02 16:06:53 | INFO |   Sweep axis: RASTER_AXIS=short -> passes run A->D (5.99m side, stepping across the 19.29m side), bearing 262.9 deg, alternating
2026-10-02 16:06:53 | INFO |   Passes: 20, spacing 0.974m (requested 1.000m), waypoints 40
2026-10-02 16:06:53 | INFO |   Pass lengths: 3.46m to 5.52m; the longest leg is 6s at 1.00m/s, which is how long the aircraft flies in one direction before its first turn
2026-10-02 16:06:53 | INFO |   Path length 108.3m, estimated 108s at 1.00m/s (horizontal travel only)
2026-10-02 16:06:53 | INFO |   Containment: 40/40 waypoints and 39 segments verified inside the inset polygon (2223 samples); worst clearance +0.200m from the polygon edge
2026-10-02 16:06:53 | INFO |   Outer safety geofence: area 217.93m^2, sides 10.24m, 24.00m, 7.46m, 25.53m, winding CCW
2026-10-02 16:06:53 | INFO |   Inner inside outer: minimum separation 1.96m (corners A=1.99m, B=1.96m, C=1.99m, D=2.01m); raster path worst 2.16m, 1.66m against the effective boundary
2026-10-02 16:06:53 | INFO |   Outer safety geofence: 4 GPS corners, effective boundary 0.50m inside them (independent safety layer, NOT the mission polygon, NOT an ArduPilot fence)
2026-10-02 16:06:53 | INFO |   Inner runtime breach tolerance: 0.50m beyond the mission-polygon edge, enforced during the RASTER phase only
2026-10-02 16:06:53 | INFO |   Max planned distance from polygon centroid: 10.34m
2026-10-02 16:06:53 | INFO | ==========================================================
2026-10-02 16:06:53 | INFO | === ARDUPILOT CONTINUOUS AUTONOMOUS MISSION DAEMON ===
2026-10-02 16:06:53 | INFO | ==========================================================
2026-10-02 16:06:53 | INFO | Mission Parameters: Port=auto-discover, Baud=115200, TakeoffAlt=2.5m, DescentSpeed=0.15m/s, TouchdownSpeed=0.08m/s, Orbit=3.0m x 1.0 at 1.0m/s, HorizontalFence=4.0m, Geofence=DISABLED
2026-10-02 16:06:53 | INFO | Connecting to ArduPilot flight controller at /dev/serial/by-id/usb-ArduPilot_MicoAir743v2_300020001251333236353637-if00 (baud: 115200)...
2026-10-02 16:06:53 | INFO | Waiting for ArduPilot heartbeat...
2026-10-02 16:06:54 | INFO | Connected to ArduPilot! (System ID: 1, Component ID: 1)
2026-10-02 16:06:54 | INFO | Starting GCS heartbeat sender (1 Hz)...
2026-10-02 16:06:54 | INFO | Requesting telemetry message streams from ArduPilot...
2026-10-02 16:06:54 | INFO | [RASTER] Position snapshot hook attached to the existing MAVLink receive path (no additional reader).
2026-10-02 16:06:54 | INFO | [FC LOG] Verbose flight-controller log attached to the existing MAVLink receive path (no additional reader) -> /home/aahswarm/ardupilotRasterFix/fc_telemetry.log [level=full]
2026-10-02 16:06:54 | WARNING | Geofence DISABLED (CONFIGURE_FENCE=0) — writing FENCE_ENABLE=0. There is no automatic containment: the pilot is responsible for keeping the aircraft inside the test area, taking manual control on the transmitter if it drifts.
2026-10-02 16:06:54 | INFO | Configured ArduPilot parameter: LAND_SPEED = 20.0
2026-10-02 16:06:54 | INFO | Configured ArduPilot parameter: LAND_ALT_LOW = 150.0
2026-10-02 16:06:54 | INFO | Configured ArduPilot parameter: WPNAV_SPEED_UP = 50.0
2026-10-02 16:06:54 | INFO | Configured ArduPilot parameter: WPNAV_ACCEL_Z = 50.0
2026-10-02 16:06:54 | INFO | Configured ArduPilot parameter: BATT_FS_LOW_ACT = 1.0
2026-10-02 16:06:54 | INFO | Configured ArduPilot parameter: BATT_FS_CRT_ACT = 1.0
2026-10-02 16:06:54 | INFO | Configured ArduPilot parameter: FS_THR_ENABLE = 3.0
2026-10-02 16:06:55 | INFO | Configured ArduPilot parameter: FS_GCS_ENABLE = 5.0
2026-10-02 16:06:55 | INFO | Configured ArduPilot parameter: FENCE_ENABLE = 0.0
2026-10-02 16:06:55 | INFO | Configured ArduPilot parameter: ARMING_CHECK = 1.0
2026-10-02 16:06:55 | INFO | [CH8] Switch state changed: None -> GUIDED (raw=1503)
2026-10-02 16:06:55 | INFO | [AP STATUSTEXT] EKF3 IMU0 is using GPS
2026-10-02 16:06:55 | INFO | [AP STATUSTEXT] EKF3 IMU1 is using GPS
2026-10-02 16:06:55 | INFO | [CH8] Switch state changed: GUIDED -> MANUAL (raw=999)
2026-10-02 16:06:58 | INFO | ArduPilot Health: Mode=STABILIZE, Armed=False, AGL=0.00m (src=GLOBAL_POSITION_INT), GPS=Fix=3 (Sats: 20), EKF=OK, Batt=99% (16.77V), CH8=999 (MANUAL)
2026-10-02 16:06:58 | INFO | System initialized and READY in STANDBY mode.
2026-10-02 16:06:58 | INFO | Continuous flight supervisor active. Ready for flight triggers.
2026-10-02 16:06:58 | INFO | [TRIGGER] Mission starts on an observed transition into GUIDED flight mode (CH8 must also be GUIDED when a receiver is present). The CH8 launch condition is disabled; CH8=MANUAL/LAND still aborts.
2026-10-02 16:06:58 | INFO | [SUPERVISOR] CH8 state: None -> MANUAL (Mode=STABILIZE, Armed=False, InAir=False, AGL=0.00m)
2026-10-02 16:06:58 | INFO | [SUPERVISOR] Flight mode: None -> STABILIZE (CH8=MANUAL, Armed=False, InAir=False, AGL=0.00m)
2026-10-02 16:06:58 | INFO | [SUPERVISOR] GUIDED-mode trigger armed — putting the aircraft into GUIDED will now start an autonomous mission.
2026-10-02 16:06:58 | INFO | [STANDBY] Waiting for CH8=GUIDED, then GUIDED flight mode... (CH8=MANUAL, Mode=STABILIZE, Armed=False, Batt=99%, AGL=0.00m)
2026-10-02 16:07:13 | INFO | [STANDBY] Waiting for CH8=GUIDED, then GUIDED flight mode... (CH8=MANUAL, Mode=STABILIZE, Armed=False, Batt=99%, AGL=0.00m)
2026-10-02 16:07:16 | INFO | [AP STATUSTEXT] Mission Planner 1.3.83
2026-10-02 16:07:16 | INFO | [AP STATUSTEXT] Mission Planner 1.3.83
2026-10-02 16:07:16 | INFO | [AP STATUSTEXT] Mission Planner 1.3.83
2026-10-02 16:07:28 | INFO | [STANDBY] Waiting for CH8=GUIDED, then GUIDED flight mode... (CH8=MANUAL, Mode=STABILIZE, Armed=False, Batt=99%, AGL=0.00m)
2026-10-02 16:07:43 | INFO | [STANDBY] Waiting for CH8=GUIDED, then GUIDED flight mode... (CH8=MANUAL, Mode=STABILIZE, Armed=False, Batt=99%, AGL=0.00m)
2026-10-02 16:07:56 | INFO | Altitude baseline latched at takeoff point (source=GLOBAL_POSITION_INT, raw=+0.03m). All altitudes below are AGL.
2026-10-02 16:07:58 | INFO | [STANDBY] Waiting for CH8=GUIDED, then GUIDED flight mode... (CH8=MANUAL, Mode=STABILIZE, Armed=True, Batt=99%, AGL=0.02m)
2026-10-02 16:07:59 | INFO | [CH8] Switch state changed: MANUAL -> GUIDED (raw=1503)
2026-10-02 16:07:59 | INFO | [SUPERVISOR] CH8 state: MANUAL -> GUIDED (Mode=STABILIZE, Armed=False, InAir=False, AGL=0.00m)
2026-10-02 16:07:59 | INFO | [SUPERVISOR] Flight mode: STABILIZE -> GUIDED (CH8=GUIDED, Armed=False, InAir=False, AGL=0.00m)
2026-10-02 16:07:59 | INFO | [SUPERVISOR] GUIDED mode selected on GROUND -> Starting Autonomous Ground Mission...
2026-10-02 16:07:59 | INFO | ========================================================
2026-10-02 16:07:59 | INFO | === STARTING AUTONOMOUS GROUND FLIGHT SEQUENCE ===
2026-10-02 16:07:59 | INFO | ========================================================
2026-10-02 16:07:59 | INFO | ArduPilot Health: Mode=GUIDED, Armed=False, AGL=0.00m (src=GLOBAL_POSITION_INT), GPS=Fix=3 (Sats: 20), EKF=OK, Batt=99% (16.76V), CH8=1503 (GUIDED)
2026-10-02 16:07:59 | INFO | Starting onboard video recording...
2026-10-02 16:07:59 | INFO | Sending arm command to ArduPilot motors...
2026-10-02 16:07:59 | INFO | Altitude baseline latched at takeoff point (source=GLOBAL_POSITION_INT, raw=+0.01m). All altitudes below are AGL.
2026-10-02 16:07:59 | INFO | ArduPilot confirmed ARMED.
2026-10-02 16:08:00 | INFO | Sending MAV_CMD_NAV_TAKEOFF for target altitude 2.5m...
2026-10-02 16:08:00 | INFO | Takeoff command ACCEPTED by ArduPilot.
2026-10-02 16:08:00 | INFO | Monitoring takeoff climb to target 2.5m AGL (acceptance band: ±0.15m)...
2026-10-02 16:08:00 | INFO | Climbing... -0.04m AGL / target 2.5m (mode=GUIDED, armed=True)
2026-10-02 16:08:02 | INFO | Climbing... -0.09m AGL / target 2.5m (mode=GUIDED, armed=True)
2026-10-02 16:08:03 | INFO | Liftoff detected at 0.24m AGL.
2026-10-02 16:08:04 | INFO | Climbing... 0.91m AGL / target 2.5m (mode=GUIDED, armed=True)
2026-10-02 16:08:06 | INFO | Climbing... 1.90m AGL / target 2.5m (mode=GUIDED, armed=True)
2026-10-02 16:08:08 | INFO | Target altitude reached and stable: 2.47m AGL (target: 2.5m)
2026-10-02 16:08:08 | INFO | Takeoff stabilized. Hovering for 2.0 seconds...
2026-10-02 16:08:10 | INFO | [RASTER ANCHOR] GPS 13.3458004, 74.7940171 <-> local NED N=-0.17m E=-1.44m (samples 1ms apart, fix=3, sats=20).
2026-10-02 16:08:10 | INFO | =========================================================
2026-10-02 16:08:10 | INFO | === STARTING POLYGON RASTER COVERAGE PATTERN ===
2026-10-02 16:08:10 | INFO | =========================================================
2026-10-02 16:08:10 | INFO | [RASTER] Geofence origin (post-takeoff hover): N=-0.17m, E=-1.44m.
2026-10-02 16:08:10 | INFO | [RASTER] 40 waypoints converted into local NED (20 passes along A->D (5.99m side, stepping across the 19.29m side)).
2026-10-02 16:08:10 | INFO | [RASTER ENTRY] Starting from the as planned (first pass, start end) end: transit 9.04m + return 9.67m. The planner's own order would have cost 9.04m + 9.67m (no cheaper end available).
2026-10-02 16:08:10 | INFO | [RASTER ENTRY]     as planned (first pass, start end)     transit   9.04m  return   9.67m  total  18.71m   <- chosen
2026-10-02 16:08:10 | INFO | [RASTER ENTRY]     as planned (first pass, far end)       transit   9.17m  return  10.43m  total  19.59m
2026-10-02 16:08:10 | INFO | [RASTER ENTRY]     reversed (last pass, far end)          transit   9.67m  return   9.04m  total  18.71m
2026-10-02 16:08:10 | INFO | [RASTER ENTRY]     reversed (last pass, start end)        transit  10.43m  return   9.17m  total  19.59m
2026-10-02 16:08:10 | INFO | [RASTER ROUTE] Flight order from the captured origin:
2026-10-02 16:08:10 | INFO | [RASTER ROUTE]   WP00 (pass 1 pass_start)     N=  -8.86m E=  +1.03m  leg  9.04m  cumulative   9.04m  dir A->D
2026-10-02 16:08:10 | INFO | [RASTER ROUTE]   WP01 (pass 1 pass_end)       N=  -9.29m E=  -2.40m  leg  3.46m  cumulative  12.49m  dir A->D
2026-10-02 16:08:10 | INFO | [RASTER ROUTE]   WP02 (pass 2 pass_start)     N=  -8.33m E=  -2.62m  leg  0.98m  cumulative  13.47m  dir D->A
2026-10-02 16:08:10 | INFO | [RASTER ROUTE]   WP03 (pass 2 pass_end)       N=  -7.89m E=  +0.91m  leg  3.56m  cumulative  17.04m  dir D->A
2026-10-02 16:08:10 | INFO | [RASTER ROUTE]   WP04 (pass 3 pass_start)     N=  -6.93m E=  +0.79m  leg  0.97m  cumulative  18.01m  dir A->D
2026-10-02 16:08:10 | INFO | [RASTER ROUTE]   WP05 (pass 3 pass_end)       N=  -7.38m E=  -2.85m  leg  3.67m  cumulative  21.68m  dir A->D
2026-10-02 16:08:10 | INFO | [RASTER ROUTE]   WP06 (pass 4 pass_start)     N=  -6.43m E=  -3.08m  leg  0.98m  cumulative  22.66m  dir D->A
2026-10-02 16:08:10 | INFO | [RASTER ROUTE]   WP07 (pass 4 pass_end)       N=  -5.96m E=  +0.67m  leg  3.78m  cumulative  26.45m  dir D->A
2026-10-02 16:08:10 | INFO | [RASTER ROUTE]   WP08 (pass 5 pass_start)     N=  -4.99m E=  +0.55m  leg  0.97m  cumulative  27.42m  dir A->D
2026-10-02 16:08:10 | INFO | [RASTER ROUTE]   WP09 (pass 5 pass_end)       N=  -5.47m E=  -3.31m  leg  3.89m  cumulative  31.31m  dir A->D
2026-10-02 16:08:10 | INFO | [RASTER ROUTE]   WP10 (pass 6 pass_start)     N=  -4.52m E=  -3.54m  leg  0.98m  cumulative  32.29m  dir D->A
2026-10-02 16:08:10 | INFO | [RASTER ROUTE]   WP11 (pass 6 pass_end)       N=  -4.03m E=  +0.43m  leg  4.00m  cumulative  36.29m  dir D->A
2026-10-02 16:08:10 | INFO | [RASTER ROUTE]   WP12 (pass 7 pass_start)     N=  -3.06m E=  +0.31m  leg  0.97m  cumulative  37.26m  dir A->D
2026-10-02 16:08:10 | INFO | [RASTER ROUTE]   WP13 (pass 7 pass_end)       N=  -3.57m E=  -3.76m  leg  4.11m  cumulative  41.37m  dir A->D
2026-10-02 16:08:10 | INFO | [RASTER ROUTE]   WP14 (pass 8 pass_start)     N=  -2.62m E=  -3.99m  leg  0.98m  cumulative  42.35m  dir D->A
2026-10-02 16:08:10 | INFO | [RASTER ROUTE]   WP15 (pass 8 pass_end)       N=  -2.09m E=  +0.19m  leg  4.22m  cumulative  46.56m  dir D->A
2026-10-02 16:08:10 | INFO | [RASTER ROUTE]   WP16 (pass 9 pass_start)     N=  -1.13m E=  +0.07m  leg  0.97m  cumulative  47.54m  dir A->D
2026-10-02 16:08:10 | INFO | [RASTER ROUTE]   WP17 (pass 9 pass_end)       N=  -1.66m E=  -4.22m  leg  4.32m  cumulative  51.86m  dir A->D
2026-10-02 16:08:10 | INFO | [RASTER ROUTE]   WP18 (pass 10 pass_start)    N=  -0.71m E=  -4.45m  leg  0.98m  cumulative  52.84m  dir D->A
2026-10-02 16:08:10 | INFO | [RASTER ROUTE]   WP19 (pass 10 pass_end)      N=  -0.16m E=  -0.05m  leg  4.43m  cumulative  57.27m  dir D->A
2026-10-02 16:08:10 | INFO | [RASTER ROUTE]   WP20 (pass 11 pass_start)    N=  +0.80m E=  -0.17m  leg  0.97m  cumulative  58.25m  dir A->D
2026-10-02 16:08:10 | INFO | [RASTER ROUTE]   WP21 (pass 11 pass_end)      N=  +0.24m E=  -4.67m  leg  4.54m  cumulative  62.79m  dir A->D
2026-10-02 16:08:10 | INFO | [RASTER ROUTE]   WP22 (pass 12 pass_start)    N=  +1.20m E=  -4.90m  leg  0.98m  cumulative  63.77m  dir D->A
2026-10-02 16:08:10 | INFO | [RASTER ROUTE]   WP23 (pass 12 pass_end)      N=  +1.77m E=  -0.29m  leg  4.65m  cumulative  68.42m  dir D->A
2026-10-02 16:08:10 | INFO | [RASTER ROUTE]   WP24 (pass 13 pass_start)    N=  +2.74m E=  -0.41m  leg  0.97m  cumulative  69.39m  dir A->D
2026-10-02 16:08:10 | INFO | [RASTER ROUTE]   WP25 (pass 13 pass_end)      N=  +2.15m E=  -5.13m  leg  4.76m  cumulative  74.15m  dir A->D
2026-10-02 16:08:10 | INFO | [RASTER ROUTE]   WP26 (pass 14 pass_start)    N=  +3.10m E=  -5.36m  leg  0.98m  cumulative  75.13m  dir D->A
2026-10-02 16:08:10 | INFO | [RASTER ROUTE]   WP27 (pass 14 pass_end)      N=  +3.70m E=  -0.53m  leg  4.87m  cumulative  79.99m  dir D->A
2026-10-02 16:08:10 | INFO | [RASTER ROUTE]   WP28 (pass 15 pass_start)    N=  +4.67m E=  -0.65m  leg  0.97m  cumulative  80.97m  dir A->D
2026-10-02 16:08:10 | INFO | [RASTER ROUTE]   WP29 (pass 15 pass_end)      N=  +4.06m E=  -5.59m  leg  4.97m  cumulative  85.94m  dir A->D
2026-10-02 16:08:10 | INFO | [RASTER ROUTE]   WP30 (pass 16 pass_start)    N=  +5.01m E=  -5.81m  leg  0.98m  cumulative  86.92m  dir D->A
2026-10-02 16:08:10 | INFO | [RASTER ROUTE]   WP31 (pass 16 pass_end)      N=  +5.64m E=  -0.77m  leg  5.08m  cumulative  92.00m  dir D->A
2026-10-02 16:08:10 | INFO | [RASTER ROUTE]   WP32 (pass 17 pass_start)    N=  +6.60m E=  -0.89m  leg  0.97m  cumulative  92.98m  dir A->D
2026-10-02 16:08:10 | INFO | [RASTER ROUTE]   WP33 (pass 17 pass_end)      N=  +5.96m E=  -6.04m  leg  5.19m  cumulative  98.17m  dir A->D
2026-10-02 16:08:10 | INFO | [RASTER ROUTE]   WP34 (pass 18 pass_start)    N=  +6.91m E=  -6.27m  leg  0.98m  cumulative  99.15m  dir D->A
2026-10-02 16:08:10 | INFO | [RASTER ROUTE]   WP35 (pass 18 pass_end)      N=  +7.57m E=  -1.01m  leg  5.30m  cumulative 104.45m  dir D->A
2026-10-02 16:08:10 | INFO | [RASTER ROUTE]   WP36 (pass 19 pass_start)    N=  +8.54m E=  -1.13m  leg  0.97m  cumulative 105.42m  dir A->D
2026-10-02 16:08:10 | INFO | [RASTER ROUTE]   WP37 (pass 19 pass_end)      N=  +7.87m E=  -6.50m  leg  5.41m  cumulative 110.83m  dir A->D
2026-10-02 16:08:10 | INFO | [RASTER ROUTE]   WP38 (pass 20 pass_start)    N=  +8.82m E=  -6.73m  leg  0.98m  cumulative 111.81m  dir D->A
2026-10-02 16:08:10 | INFO | [RASTER ROUTE]   WP39 (pass 20 pass_end)      N=  +9.50m E=  -1.25m  leg  5.52m  cumulative 117.33m  dir D->A
2026-10-02 16:08:10 | INFO | [RASTER ROUTE]   return to origin             N=  -0.17m E=  -1.44m  cumulative 127.00m
2026-10-02 16:08:10 | INFO | [RASTER BOUNDARY] Inner mission polygon projected into local NED; allowed excursion 0.50m beyond its edge, enforced during the RASTER phase only.
2026-10-02 16:08:10 | INFO | [RASTER BOUNDARY] Outer safety geofence projected into local NED from 4 GPS corners; enforced boundary is 0.50m inside them, active in EVERY phase.
2026-10-02 16:08:10 | INFO | [RASTER BOUNDARY] Altitude band 1.80-3.00m AGL (target 2.50m); companion battery floor 25%; flight controller reports 99%
2026-10-02 16:08:10 | INFO | [RASTER BOUNDARY] Inner polygon to outer polygon: minimum 1.96m; after the 0.50m outer margin 1.46m; after a full 0.50m inner excursion 0.96m remains.
2026-10-02 16:08:10 | INFO | [RASTER ORIGIN CHECK] Takeoff/hover origin N=-0.17m E=-1.44m sits +3.56m from the outer polygon edge; the enforced boundary needs >= 0.50m, leaving +3.06m.
2026-10-02 16:08:10 | INFO | [OUTER GEOFENCE CHECK] transit + pattern + return: 42 points and 41 segments, 2560 samples. Worst clearance to the raw outer polygon is +2.16m at WP00 (pass 1 pass_start); the enforced boundary is 0.50m inside it, leaving +1.66m.
2026-10-02 16:08:10 | INFO | [RASTER BUDGET] route from the captured origin: transit 9.0m + pattern 108.3m + return 9.7m = 127.0m
2026-10-02 16:08:10 | INFO | [RASTER BUDGET] 127s straight-line at 1.00m/s, x1.35 contingency = 171s expected, against a 650s budget (+479s).
2026-10-02 16:08:10 | INFO | [RASTER PHASE] TRANSIT_TO_RASTER: flying 9.04m from the origin to WP00 (pass 1 pass_start). Inner-polygon containment is not enforced on this leg; the outer GPS geofence, telemetry, EKF, altitude and battery checks are.
2026-10-02 16:08:13 | INFO | [RASTER PROGRESS] transit to WP00 (pass 1 pass_start):  24.3% (2.20m of 9.04m), 6.84m to run, 3s of 27s, N=-2.28m E=-0.84m, cross-track 0.00m, +3.22m from the outer geofence
2026-10-02 16:08:16 | INFO | [RASTER PROGRESS] transit to WP00 (pass 1 pass_start):  59.5% (5.37m of 9.04m), 3.66m to run, 6s of 27s, N=-5.34m E=+0.02m, cross-track 0.01m, +2.74m from the outer geofence
2026-10-02 16:08:17 | INFO | [AP STATUSTEXT] EKF3 IMU0 MAG0 in-flight yaw alignment complete
2026-10-02 16:08:19 | INFO | [RASTER PROGRESS] transit to WP00 (pass 1 pass_start):  92.6% (8.37m of 9.04m), 0.67m to run, 9s of 27s, N=-8.22m E=+0.85m, cross-track 0.00m, +2.27m from the outer geofence
2026-10-02 16:08:20 | INFO | [RASTER PHASE] TRANSIT_TO_RASTER complete. Aircraft is +0.22m from the polygon edge; polygon containment is now ENFORCED (allowed excursion 0.50m).
2026-10-02 16:08:20 | INFO | [RASTER] --- pass 1/20, direction A->D, step offset -19.12m ---
2026-10-02 16:08:20 | INFO | [RASTER] -> WP01 (pass 1 pass_end): target N=-9.29m E=-2.40m (3.44m away, 9.17m from origin)
2026-10-02 16:08:23 | INFO | [RASTER PROGRESS] raster WP01 (pass 1 pass_end):  64.6% (2.22m of 3.44m), 1.22m to run, 3s of 15s, N=-9.17m E=-1.18m, cross-track 0.09m, +0.49m from the polygon edge
2026-10-02 16:08:24 | INFO | [RASTER] --- pass 2/20, direction D->A, step offset -18.15m ---
2026-10-02 16:08:24 | INFO | [RASTER] -> WP02 (pass 2 pass_start): target N=-8.33m E=-2.62m (1.00m away, 8.25m from origin)
2026-10-02 16:08:26 | INFO | [RASTER] -> WP03 (pass 2 pass_end): target N=-7.89m E=+0.91m (3.60m away, 8.08m from origin)
2026-10-02 16:08:27 | INFO | [AP STATUSTEXT] EKF3 IMU1 MAG0 in-flight yaw alignment complete
2026-10-02 16:08:29 | INFO | [RASTER PROGRESS] raster WP03 (pass 2 pass_end):  61.5% (2.22m of 3.60m), 1.39m to run, 3s of 15s, N=-8.01m E=-0.47m, cross-track 0.13m, +1.41m from the polygon edge
2026-10-02 16:08:31 | INFO | [RASTER] --- pass 3/20, direction A->D, step offset -17.17m ---
2026-10-02 16:08:31 | INFO | [RASTER] -> WP04 (pass 3 pass_start): target N=-6.93m E=+0.79m (1.02m away, 7.12m from origin)
2026-10-02 16:08:33 | INFO | [RASTER] -> WP05 (pass 3 pass_end): target N=-7.38m E=-2.85m (3.79m away, 7.35m from origin)
2026-10-02 16:08:36 | INFO | [RASTER PROGRESS] raster WP05 (pass 3 pass_end):  65.6% (2.49m of 3.79m), 1.30m to run, 3s of 15s, N=-7.16m E=-1.57m, cross-track 0.11m, +1.50m from the polygon edge
2026-10-02 16:08:38 | INFO | [RASTER] --- pass 4/20, direction D->A, step offset -16.20m ---
2026-10-02 16:08:38 | INFO | [RASTER] -> WP06 (pass 4 pass_start): target N=-6.43m E=-3.08m (1.02m away, 6.47m from origin)
2026-10-02 16:08:40 | INFO | [RASTER] -> WP07 (pass 4 pass_end): target N=-5.96m E=+0.67m (3.96m away, 6.17m from origin)
2026-10-02 16:08:43 | INFO | [RASTER PROGRESS] raster WP07 (pass 4 pass_end):  66.5% (2.63m of 3.96m), 1.33m to run, 3s of 15s, N=-6.14m E=-0.64m, cross-track 0.03m, +1.53m from the polygon edge
2026-10-02 16:08:45 | INFO | [RASTER] --- pass 5/20, direction A->D, step offset -15.22m ---
2026-10-02 16:08:45 | INFO | [RASTER] -> WP08 (pass 5 pass_start): target N=-4.99m E=+0.55m (0.99m away, 5.22m from origin)
2026-10-02 16:08:47 | INFO | [RASTER] -> WP09 (pass 5 pass_end): target N=-5.47m E=-3.31m (3.99m away, 5.62m from origin)
2026-10-02 16:08:50 | INFO | [RASTER PROGRESS] raster WP09 (pass 5 pass_end):  58.9% (2.35m of 3.99m), 1.64m to run, 3s of 15s, N=-5.17m E=-1.69m, cross-track 0.16m, +1.84m from the polygon edge
2026-10-02 16:08:51 | INFO | [RASTER] --- pass 6/20, direction D->A, step offset -14.25m ---
2026-10-02 16:08:51 | INFO | [RASTER] -> WP10 (pass 6 pass_start): target N=-4.52m E=-3.54m (1.02m away, 4.83m from origin)
2026-10-02 16:08:54 | INFO | [RASTER] -> WP11 (pass 6 pass_end): target N=-4.03m E=+0.43m (3.99m away, 4.29m from origin)
2026-10-02 16:08:57 | INFO | [RASTER PROGRESS] raster WP11 (pass 6 pass_end):  56.8% (2.27m of 3.99m), 1.73m to run, 3s of 15s, N=-4.15m E=-1.29m, cross-track 0.17m, +1.92m from the polygon edge
2026-10-02 16:08:58 | INFO | [RASTER] --- pass 7/20, direction A->D, step offset -13.28m ---
2026-10-02 16:08:58 | INFO | [RASTER] -> WP12 (pass 7 pass_start): target N=-3.06m E=+0.31m (1.02m away, 3.38m from origin)
2026-10-02 16:09:00 | INFO | [RASTER] -> WP13 (pass 7 pass_end): target N=-3.57m E=-3.76m (4.19m away, 4.12m from origin)
2026-10-02 16:09:04 | INFO | [RASTER PROGRESS] raster WP13 (pass 7 pass_end):  54.9% (2.30m of 4.19m), 1.89m to run, 3s of 15s, N=-3.27m E=-1.90m, cross-track 0.14m, +2.08m from the polygon edge
2026-10-02 16:09:05 | INFO | [RASTER] --- pass 8/20, direction D->A, step offset -12.30m ---
2026-10-02 16:09:05 | INFO | [RASTER] -> WP14 (pass 8 pass_start): target N=-2.62m E=-3.99m (1.05m away, 3.53m from origin)
2026-10-02 16:09:08 | INFO | [RASTER] -> WP15 (pass 8 pass_end): target N=-2.09m E=+0.19m (4.35m away, 2.53m from origin)
2026-10-02 16:09:11 | INFO | [RASTER PROGRESS] raster WP15 (pass 8 pass_end):  58.7% (2.55m of 4.35m), 1.80m to run, 3s of 15s, N=-2.15m E=-1.60m, cross-track 0.22m, +1.99m from the polygon edge
2026-10-02 16:09:13 | INFO | [RASTER] --- pass 9/20, direction A->D, step offset -11.33m ---
2026-10-02 16:09:13 | INFO | [RASTER] -> WP16 (pass 9 pass_start): target N=-1.13m E=+0.07m (1.03m away, 1.79m from origin)
2026-10-02 16:09:15 | INFO | [RASTER] -> WP17 (pass 9 pass_end): target N=-1.66m E=-4.22m (4.37m away, 3.15m from origin)
2026-10-02 16:09:18 | INFO | [RASTER PROGRESS] raster WP17 (pass 9 pass_end):  55.9% (2.44m of 4.37m), 1.93m to run, 3s of 15s, N=-1.30m E=-2.32m, cross-track 0.21m, +2.13m from the polygon edge
2026-10-02 16:09:20 | INFO | [RASTER] --- pass 10/20, direction D->A, step offset -10.36m ---
2026-10-02 16:09:20 | INFO | [RASTER] -> WP18 (pass 10 pass_start): target N=-0.71m E=-4.45m (1.03m away, 3.05m from origin)
2026-10-02 16:09:22 | INFO | [RASTER] -> WP19 (pass 10 pass_end): target N=-0.16m E=-0.05m (4.53m away, 1.39m from origin)
2026-10-02 16:09:25 | INFO | [RASTER PROGRESS] raster WP19 (pass 10 pass_end):  51.7% (2.34m of 4.53m), 2.19m to run, 3s of 15s, N=-0.42m E=-2.22m, cross-track 0.08m, +2.39m from the polygon edge
2026-10-02 16:09:27 | INFO | [RASTER] --- pass 11/20, direction A->D, step offset -9.38m ---
2026-10-02 16:09:27 | INFO | [RASTER] -> WP20 (pass 11 pass_start): target N=+0.80m E=-0.17m (0.98m away, 1.60m from origin)
2026-10-02 16:09:30 | INFO | [RASTER] -> WP21 (pass 11 pass_end): target N=+0.24m E=-4.67m (4.61m away, 3.26m from origin)
2026-10-02 16:09:33 | INFO | [RASTER PROGRESS] raster WP21 (pass 11 pass_end):  51.1% (2.35m of 4.61m), 2.25m to run, 3s of 15s, N=+0.60m E=-2.45m, cross-track 0.16m, +2.45m from the polygon edge
2026-10-02 16:09:35 | INFO | [RASTER] --- pass 12/20, direction D->A, step offset -8.41m ---
2026-10-02 16:09:35 | INFO | [RASTER] -> WP22 (pass 12 pass_start): target N=+1.20m E=-4.90m (1.06m away, 3.72m from origin)
2026-10-02 16:09:37 | INFO | [RASTER] -> WP23 (pass 12 pass_end): target N=+1.77m E=-0.29m (4.68m away, 2.26m from origin)
2026-10-02 16:09:40 | INFO | [RASTER PROGRESS] raster WP23 (pass 12 pass_end):  49.9% (2.33m of 4.68m), 2.34m to run, 3s of 15s, N=+1.62m E=-2.63m, cross-track 0.24m, +2.51m from the polygon edge
2026-10-02 16:09:43 | INFO | [RASTER] --- pass 13/20, direction A->D, step offset -7.43m ---
2026-10-02 16:09:43 | INFO | [RASTER] -> WP24 (pass 13 pass_start): target N=+2.74m E=-0.41m (1.02m away, 3.09m from origin)
2026-10-02 16:09:45 | INFO | [RASTER] -> WP25 (pass 13 pass_end): target N=+2.15m E=-5.13m (4.88m away, 4.36m from origin)
2026-10-02 16:09:48 | INFO | [RASTER PROGRESS] raster WP25 (pass 13 pass_end):  50.0% (2.44m of 4.88m), 2.44m to run, 3s of 15s, N=+2.54m E=-2.72m, cross-track 0.15m, +2.52m from the polygon edge
2026-10-02 16:09:50 | INFO | [RASTER] --- pass 14/20, direction D->A, step offset -6.46m ---
2026-10-02 16:09:50 | INFO | [RASTER] -> WP26 (pass 14 pass_start): target N=+3.10m E=-5.36m (1.05m away, 5.10m from origin)
2026-10-02 16:09:52 | INFO | [RASTER] -> WP27 (pass 14 pass_end): target N=+3.70m E=-0.53m (4.91m away, 3.98m from origin)
2026-10-02 16:09:55 | INFO | [RASTER PROGRESS] raster WP27 (pass 14 pass_end):  46.3% (2.28m of 4.91m), 2.64m to run, 3s of 15s, N=+3.53m E=-3.16m, cross-track 0.24m, +2.43m from the polygon edge
2026-10-02 16:09:58 | INFO | [RASTER] --- pass 15/20, direction A->D, step offset -5.49m ---
2026-10-02 16:09:58 | INFO | [RASTER] -> WP28 (pass 15 pass_start): target N=+4.67m E=-0.65m (1.08m away, 4.90m from origin)
2026-10-02 16:10:00 | INFO | [RASTER] -> WP29 (pass 15 pass_end): target N=+4.06m E=-5.59m (5.14m away, 5.92m from origin)
2026-10-02 16:10:03 | INFO | [RASTER PROGRESS] raster WP29 (pass 15 pass_end):  48.6% (2.49m of 5.14m), 2.64m to run, 3s of 15s, N=+4.49m E=-2.98m, cross-track 0.17m, +2.53m from the polygon edge
2026-10-02 16:10:06 | INFO | [RASTER] --- pass 16/20, direction D->A, step offset -4.51m ---
2026-10-02 16:10:06 | INFO | [RASTER] -> WP30 (pass 16 pass_start): target N=+5.01m E=-5.81m (1.07m away, 6.78m from origin)
2026-10-02 16:10:08 | INFO | [RASTER] -> WP31 (pass 16 pass_end): target N=+5.64m E=-0.77m (5.15m away, 5.84m from origin)
2026-10-02 16:10:11 | INFO | [RASTER PROGRESS] raster WP31 (pass 16 pass_end):  44.6% (2.29m of 5.15m), 2.85m to run, 3s of 15s, N=+5.42m E=-3.61m, cross-track 0.23m, +2.43m from the polygon edge
2026-10-02 16:10:14 | INFO | [RASTER] --- pass 17/20, direction A->D, step offset -3.54m ---
2026-10-02 16:10:14 | INFO | [RASTER] -> WP32 (pass 17 pass_start): target N=+6.60m E=-0.89m (0.93m away, 6.79m from origin)
2026-10-02 16:10:16 | INFO | [RASTER] -> WP33 (pass 17 pass_end): target N=+5.96m E=-6.04m (5.19m away, 7.66m from origin)
2026-10-02 16:10:19 | INFO | [RASTER PROGRESS] raster WP33 (pass 17 pass_end):  42.4% (2.20m of 5.19m), 2.99m to run, 3s of 16s, N=+6.37m E=-3.08m, cross-track 0.14m, +2.40m from the polygon edge
2026-10-02 16:10:22 | INFO | [RASTER] --- pass 18/20, direction D->A, step offset -2.56m ---
2026-10-02 16:10:22 | INFO | [RASTER] -> WP34 (pass 18 pass_start): target N=+6.91m E=-6.27m (1.04m away, 8.57m from origin)
2026-10-02 16:10:24 | INFO | [RASTER] -> WP35 (pass 18 pass_end): target N=+7.57m E=-1.01m (5.31m away, 7.75m from origin)
2026-10-02 16:10:27 | INFO | [RASTER PROGRESS] raster WP35 (pass 18 pass_end):  42.3% (2.25m of 5.31m), 3.06m to run, 3s of 16s, N=+7.16m E=-4.05m, cross-track 0.07m, +2.42m from the polygon edge
2026-10-02 16:10:30 | INFO | [RASTER] --- pass 19/20, direction A->D, step offset -1.59m ---
2026-10-02 16:10:30 | INFO | [RASTER] -> WP36 (pass 19 pass_start): target N=+8.54m E=-1.13m (1.03m away, 8.71m from origin)
2026-10-02 16:10:32 | INFO | [RASTER] -> WP37 (pass 19 pass_end): target N=+7.87m E=-6.50m (5.48m away, 9.49m from origin)
2026-10-02 16:10:35 | INFO | [RASTER PROGRESS] raster WP37 (pass 19 pass_end):  41.3% (2.27m of 5.48m), 3.22m to run, 3s of 16s, N=+8.43m E=-3.33m, cross-track 0.26m, +1.45m from the polygon edge
2026-10-02 16:10:38 | INFO | [RASTER PROGRESS] raster WP37 (pass 19 pass_end):  95.5% (5.24m of 5.48m), 0.25m to run, 6s of 16s, N=+7.92m E=-6.26m, cross-track 0.03m, +0.45m from the polygon edge
2026-10-02 16:10:38 | INFO | [RASTER] --- pass 20/20, direction D->A, step offset -0.62m ---
2026-10-02 16:10:38 | INFO | [RASTER] -> WP38 (pass 20 pass_start): target N=+8.82m E=-6.73m (0.99m away, 10.43m from origin)
2026-10-02 16:10:41 | INFO | [RASTER] -> WP39 (pass 20 pass_end): target N=+9.50m E=-1.25m (5.60m away, 9.67m from origin)
2026-10-02 16:10:44 | INFO | [RASTER PROGRESS] raster WP39 (pass 20 pass_end):  42.9% (2.40m of 5.60m), 3.20m to run, 3s of 17s, N=+9.15m E=-4.43m, cross-track 0.15m, +0.61m from the polygon edge
2026-10-02 16:10:47 | INFO | [RASTER PROGRESS] raster WP39 (pass 20 pass_end):  94.2% (5.27m of 5.60m), 0.33m to run, 6s of 17s, N=+9.44m E=-1.57m, cross-track 0.01m, +0.53m from the polygon edge
2026-10-02 16:10:47 | INFO | [RASTER] All 20 passes complete. Returning to the captured origin.
2026-10-02 16:10:47 | INFO | [RASTER PHASE] RETURN_TO_ORIGIN: inner-polygon containment released; the outer GPS geofence, telemetry, EKF, altitude and battery checks remain active.
2026-10-02 16:10:50 | INFO | [RASTER PROGRESS] raster return to origin:  21.6% (2.08m of 9.63m), 7.55m to run, 3s of 29s, N=+7.37m E=-1.13m, cross-track 0.30m, +2.33m from the outer geofence
2026-10-02 16:10:53 | INFO | [RASTER PROGRESS] raster return to origin:  54.6% (5.25m of 9.63m), 4.37m to run, 6s of 29s, N=+4.20m E=-1.31m, cross-track 0.12m, +2.90m from the outer geofence
2026-10-02 16:10:56 | INFO | [RASTER PROGRESS] raster return to origin:  85.5% (8.23m of 9.63m), 1.40m to run, 9s of 29s, N=+1.23m E=-1.43m, cross-track 0.01m, +3.37m from the outer geofence
2026-10-02 16:10:57 | INFO | [RASTER] Pattern complete; back within 0.11m of the origin. Horizontal motion stopped.
2026-10-02 16:10:57 | INFO | Stopping horizontal movement. Hovering for 3.0s before landing...
2026-10-02 16:11:01 | INFO | =========================================================
2026-10-02 16:11:01 | INFO | === STARTING ULTRA-SLOW CONTROLLED CONCRETE LANDING ===
2026-10-02 16:11:01 | INFO | =========================================================
2026-10-02 16:11:01 | INFO | Phase 1: Stabilizing hover (2.0s) to eliminate horizontal drift...
2026-10-02 16:11:03 | INFO | Phase 2 & 3: Beginning ultra-slow descent (0.15 m/s) with cushion crawl at 0.40m (0.08 m/s)...
2026-10-02 16:11:03 | INFO | [LANDING] Slow Descent: Alt=2.44m, DescentRate=15.0 cm/s
2026-10-02 16:11:05 | INFO | [LANDING] Slow Descent: Alt=2.21m, DescentRate=15.0 cm/s
2026-10-02 16:11:07 | INFO | [LANDING] Slow Descent: Alt=1.85m, DescentRate=15.0 cm/s
2026-10-02 16:11:09 | INFO | [LANDING] Slow Descent: Alt=1.60m, DescentRate=15.0 cm/s
2026-10-02 16:11:11 | INFO | [LANDING] Slow Descent: Alt=1.32m, DescentRate=15.0 cm/s
2026-10-02 16:11:13 | INFO | [LANDING] Slow Descent: Alt=1.04m, DescentRate=15.0 cm/s
2026-10-02 16:11:15 | INFO | [LANDING] Slow Descent: Alt=0.90m, DescentRate=15.0 cm/s
2026-10-02 16:11:17 | INFO | [LANDING] Slow Descent: Alt=0.71m, DescentRate=15.0 cm/s
2026-10-02 16:11:19 | INFO | [LANDING] Slow Descent: Alt=0.55m, DescentRate=15.0 cm/s
2026-10-02 16:11:21 | INFO | [LANDING] Slow Descent: Alt=0.56m, DescentRate=15.0 cm/s
2026-10-02 16:11:23 | INFO | [LANDING] Slow Descent: Alt=0.57m, DescentRate=15.0 cm/s
2026-10-02 16:11:24 | INFO | [CH8] Switch state changed: GUIDED -> MANUAL (raw=999)
2026-10-02 16:11:24 | WARNING | [CH8 MANUAL] Pilot takeover detected during landing descent.
2026-10-02 16:11:24 | WARNING | Controlled landing did not complete successfully.
2026-10-02 16:11:24 | INFO | Mission cycle finished (not fully successful). Returning to STANDBY mode.
2026-10-02 16:11:24 | INFO | [MANUAL FLIGHT] Monitoring pilot manual flight (Mode: GUIDED)...
2026-10-02 16:11:27 | INFO | [MANUAL FLIGHT] Aircraft landed and disarmed. Finalizing video...
2026-10-02 16:11:27 | INFO | Setting flight mode to LOITER (ID: 5)...
2026-10-02 16:11:27 | INFO | Flight mode confirmed: LOITER
2026-10-02 16:11:27 | INFO | Returning to STANDBY mode.
2026-10-02 16:11:27 | INFO | [SUPERVISOR] Flight mode: GUIDED -> LOITER (CH8=MANUAL, Armed=False, InAir=False, AGL=0.00m)
2026-10-02 16:11:27 | INFO | [SUPERVISOR] GUIDED-mode trigger armed — putting the aircraft into GUIDED will now start an autonomous mission.
2026-10-02 16:11:27 | INFO | [STANDBY] Waiting for CH8=GUIDED, then GUIDED flight mode... (CH8=MANUAL, Mode=LOITER, Armed=False, Batt=84%, AGL=0.00m)
                                                                                                                                                      2026-10-02 16:35:33 | INFO | ==========================================================
2026-10-02 16:35:33 | INFO | === ARDUPILOT POLYGON RASTER COVERAGE MISSION ===
2026-10-02 16:35:33 | INFO | ==========================================================
2026-10-02 16:35:33 | INFO | Project directory : /home/aahswarm/ardupilotRasterFix
2026-10-02 16:35:33 | INFO | Mission log       : /home/aahswarm/ardupilotRasterFix/ardupilot_raster_mission.log
2026-10-02 16:35:33 | INFO | Trigger file      : /home/aahswarm/ardupilotRasterFix/START_RASTER_MISSION
2026-10-02 16:35:33 | INFO | Recordings        : /home/aahswarm/ardupilotRasterFix/recordings/
2026-10-02 16:35:33 | INFO | =========================================================
2026-10-02 16:35:33 | INFO | === POLYGON RASTER MISSION PLAN ===
2026-10-02 16:35:33 | INFO | =========================================================
2026-10-02 16:35:33 | INFO |   Corner A: 13.3458930, 74.7940200
2026-10-02 16:35:33 | INFO |   Corner B: 13.3457210, 74.7940420
2026-10-02 16:35:33 | INFO |   Corner C: 13.3457120, 74.7940080
2026-10-02 16:35:33 | INFO |   Corner D: 13.3458870, 74.7939650
2026-10-02 16:35:33 | INFO |   Sides: AB=19.29m BC=3.82m CD=20.03m DA=5.99m; area=96.03m^2
2026-10-02 16:35:33 | INFO |   Corner angles: A=90.7 B=98.1 C=88.2 D=83.0 deg (a rectangle is not required)
2026-10-02 16:35:33 | INFO |   Inward safety inset: 0.20m -> inset area 86.36m^2
2026-10-02 16:35:33 | INFO |   Sweep axis: RASTER_AXIS=short -> passes run A->D (5.99m side, stepping across the 19.29m side), bearing 262.9 deg, alternating
2026-10-02 16:35:33 | INFO |   Passes: 20, spacing 0.974m (requested 1.000m), waypoints 40
2026-10-02 16:35:33 | INFO |   Pass lengths: 3.46m to 5.52m; the longest leg is 6s at 1.00m/s, which is how long the aircraft flies in one direction before its first turn
2026-10-02 16:35:33 | INFO |   Path length 108.3m, estimated 108s at 1.00m/s (horizontal travel only)
2026-10-02 16:35:33 | INFO |   Containment: 40/40 waypoints and 39 segments verified inside the inset polygon (2223 samples); worst clearance +0.200m from the polygon edge
2026-10-02 16:35:33 | INFO |   Outer safety geofence: area 217.93m^2, sides 10.24m, 24.00m, 7.46m, 25.53m, winding CCW
2026-10-02 16:35:33 | INFO |   Inner inside outer: minimum separation 1.96m (corners A=1.99m, B=1.96m, C=1.99m, D=2.01m); raster path worst 2.16m, 1.66m against the effective boundary
2026-10-02 16:35:33 | INFO |   Outer safety geofence: 4 GPS corners, effective boundary 0.50m inside them (independent safety layer, NOT the mission polygon, NOT an ArduPilot fence)
2026-10-02 16:35:33 | INFO |   Inner runtime breach tolerance: 0.50m beyond the mission-polygon edge, enforced during the RASTER phase only
2026-10-02 16:35:33 | INFO |   Max planned distance from polygon centroid: 10.34m
2026-10-02 16:35:33 | INFO | ==========================================================
2026-10-02 16:35:33 | INFO | === ARDUPILOT CONTINUOUS AUTONOMOUS MISSION DAEMON ===
2026-10-02 16:35:33 | INFO | ==========================================================
2026-10-02 16:35:33 | INFO | Mission Parameters: Port=auto-discover, Baud=115200, TakeoffAlt=2.5m, DescentSpeed=0.15m/s, TouchdownSpeed=0.08m/s, Orbit=3.0m x 1.0 at 1.0m/s, HorizontalFence=4.0m, Geofence=DISABLED
2026-10-02 16:35:33 | INFO | Waiting for ArduPilot flight controller... (no serial device found, retrying in 3s)
2026-10-02 16:35:36 | INFO | Waiting for ArduPilot flight controller... (no serial device found, retrying in 3s)
2026-10-02 16:35:39 | INFO | Waiting for ArduPilot flight controller... (no serial device found, retrying in 3s)
2026-10-02 16:35:42 | INFO | Waiting for ArduPilot flight controller... (no serial device found, retrying in 3s)
2026-10-02 16:35:45 | INFO | Waiting for ArduPilot flight controller... (no serial device found, retrying in 3s)
2026-10-02 16:35:48 | INFO | Waiting for ArduPilot flight controller... (no serial device found, retrying in 3s)
2026-10-02 16:35:51 | INFO | Waiting for ArduPilot flight controller... (no serial device found, retrying in 3s)
2026-10-02 16:35:54 | INFO | Waiting for ArduPilot flight controller... (no serial device found, retrying in 3s)
2026-10-02 16:35:57 | INFO | Waiting for ArduPilot flight controller... (no serial device found, retrying in 3s)
2026-10-02 16:36:00 | INFO | Waiting for ArduPilot flight controller... (no serial device found, retrying in 3s)
2026-10-02 16:36:03 | INFO | Waiting for ArduPilot flight controller... (no serial device found, retrying in 3s)
2026-10-02 16:36:06 | INFO | Waiting for ArduPilot flight controller... (no serial device found, retrying in 3s)
2026-10-02 16:36:09 | INFO | Waiting for ArduPilot flight controller... (no serial device found, retrying in 3s)
2026-10-02 16:36:12 | INFO | Waiting for ArduPilot flight controller... (no serial device found, retrying in 3s)
2026-10-02 16:36:15 | INFO | Waiting for ArduPilot flight controller... (no serial device found, retrying in 3s)
2026-10-02 16:36:18 | INFO | Waiting for ArduPilot flight controller... (no serial device found, retrying in 3s)
2026-10-02 16:36:21 | INFO | Waiting for ArduPilot flight controller... (no serial device found, retrying in 3s)
2026-10-02 16:36:24 | INFO | Waiting for ArduPilot flight controller... (no serial device found, retrying in 3s)
2026-10-02 16:36:27 | INFO | Waiting for ArduPilot flight controller... (no serial device found, retrying in 3s)
2026-10-02 16:36:30 | INFO | Waiting for ArduPilot flight controller... (no serial device found, retrying in 3s)
2026-10-02 16:36:33 | INFO | Waiting for ArduPilot flight controller... (no serial device found, retrying in 3s)
2026-10-02 16:36:36 | INFO | Waiting for ArduPilot flight controller... (no serial device found, retrying in 3s)
2026-10-02 16:36:39 | INFO | Waiting for ArduPilot flight controller... (no serial device found, retrying in 3s)
2026-10-02 16:36:42 | INFO | Waiting for ArduPilot flight controller... (no serial device found, retrying in 3s)
2026-10-02 16:36:45 | INFO | Waiting for ArduPilot flight controller... (no serial device found, retrying in 3s)
2026-10-02 16:36:48 | INFO | Waiting for ArduPilot flight controller... (no serial device found, retrying in 3s)
2026-10-02 16:36:51 | INFO | Waiting for ArduPilot flight controller... (no serial device found, retrying in 3s)
2026-10-02 16:36:54 | INFO | Waiting for ArduPilot flight controller... (no serial device found, retrying in 3s)
2026-10-02 16:36:57 | INFO | Waiting for ArduPilot flight controller... (no serial device found, retrying in 3s)
2026-10-02 16:37:00 | INFO | Waiting for ArduPilot flight controller... (no serial device found, retrying in 3s)
2026-10-02 16:37:03 | INFO | Waiting for ArduPilot flight controller... (no serial device found, retrying in 3s)
2026-10-02 16:37:06 | INFO | Waiting for ArduPilot flight controller... (no serial device found, retrying in 3s)
2026-10-02 16:37:09 | INFO | Waiting for ArduPilot flight controller... (no serial device found, retrying in 3s)
2026-10-02 16:37:12 | INFO | Waiting for ArduPilot flight controller... (no serial device found, retrying in 3s)
2026-10-02 16:37:15 | INFO | Waiting for ArduPilot flight controller... (no serial device found, retrying in 3s)
2026-10-02 16:37:18 | INFO | Waiting for ArduPilot flight controller... (no serial device found, retrying in 3s)
2026-10-02 16:37:21 | INFO | Waiting for ArduPilot flight controller... (no serial device found, retrying in 3s)
2026-10-02 16:37:24 | INFO | Waiting for ArduPilot flight controller... (no serial device found, retrying in 3s)
2026-10-02 16:37:27 | INFO | Waiting for ArduPilot flight controller... (no serial device found, retrying in 3s)
2026-10-02 16:37:30 | INFO | Waiting for ArduPilot flight controller... (no serial device found, retrying in 3s)
2026-10-02 16:37:33 | INFO | Waiting for ArduPilot flight controller... (no serial device found, retrying in 3s)
2026-10-02 16:37:36 | INFO | Waiting for ArduPilot flight controller... (no serial device found, retrying in 3s)
2026-10-02 16:37:39 | INFO | Waiting for ArduPilot flight controller... (no serial device found, retrying in 3s)
2026-10-02 16:37:42 | INFO | Waiting for ArduPilot flight controller... (no serial device found, retrying in 3s)
2026-10-02 16:37:45 | INFO | Waiting for ArduPilot flight controller... (no serial device found, retrying in 3s)
2026-10-02 16:37:48 | INFO | Waiting for ArduPilot flight controller... (no serial device found, retrying in 3s)
2026-10-02 16:37:51 | INFO | Waiting for ArduPilot flight controller... (no serial device found, retrying in 3s)
2026-10-02 16:37:54 | INFO | Waiting for ArduPilot flight controller... (no serial device found, retrying in 3s)
2026-10-02 16:37:57 | INFO | Waiting for ArduPilot flight controller... (no serial device found, retrying in 3s)
2026-10-02 16:38:00 | INFO | Waiting for ArduPilot flight controller... (no serial device found, retrying in 3s)
2026-10-02 16:38:03 | INFO | Waiting for ArduPilot flight controller... (no serial device found, retrying in 3s)
2026-10-02 16:38:06 | INFO | Waiting for ArduPilot flight controller... (no serial device found, retrying in 3s)
2026-10-02 16:38:09 | INFO | Waiting for ArduPilot flight controller... (no serial device found, retrying in 3s)
2026-10-02 16:38:12 | INFO | Waiting for ArduPilot flight controller... (no serial device found, retrying in 3s)
2026-10-02 16:38:15 | INFO | Waiting for ArduPilot flight controller... (no serial device found, retrying in 3s)
2026-10-02 16:38:18 | INFO | Waiting for ArduPilot flight controller... (no serial device found, retrying in 3s)
2026-10-02 16:38:21 | INFO | Waiting for ArduPilot flight controller... (no serial device found, retrying in 3s)
2026-10-02 16:38:24 | INFO | Waiting for ArduPilot flight controller... (no serial device found, retrying in 3s)
2026-10-02 16:38:27 | INFO | Waiting for ArduPilot flight controller... (no serial device found, retrying in 3s)
2026-10-02 16:38:30 | INFO | Waiting for ArduPilot flight controller... (no serial device found, retrying in 3s)
2026-10-02 16:38:33 | INFO | Waiting for ArduPilot flight controller... (no serial device found, retrying in 3s)
2026-10-02 16:38:36 | INFO | Waiting for ArduPilot flight controller... (no serial device found, retrying in 3s)
2026-10-02 16:38:39 | INFO | Waiting for ArduPilot flight controller... (no serial device found, retrying in 3s)
2026-10-02 16:38:42 | INFO | Waiting for ArduPilot flight controller... (no serial device found, retrying in 3s)
2026-10-02 16:38:45 | INFO | Waiting for ArduPilot flight controller... (no serial device found, retrying in 3s)
2026-10-02 16:38:48 | INFO | Waiting for ArduPilot flight controller... (no serial device found, retrying in 3s)
2026-10-02 16:38:51 | INFO | Waiting for ArduPilot flight controller... (no serial device found, retrying in 3s)
2026-10-02 16:38:54 | INFO | Waiting for ArduPilot flight controller... (no serial device found, retrying in 3s)
2026-10-02 16:38:57 | INFO | Waiting for ArduPilot flight controller... (no serial device found, retrying in 3s)
2026-10-02 16:39:00 | INFO | Waiting for ArduPilot flight controller... (no serial device found, retrying in 3s)
2026-10-02 16:39:03 | INFO | Waiting for ArduPilot flight controller... (no serial device found, retrying in 3s)
2026-10-02 16:39:06 | INFO | Waiting for ArduPilot flight controller... (no serial device found, retrying in 3s)
2026-10-02 16:39:09 | INFO | Waiting for ArduPilot flight controller... (no serial device found, retrying in 3s)
2026-10-02 16:39:12 | INFO | Waiting for ArduPilot flight controller... (no serial device found, retrying in 3s)
2026-10-02 16:39:15 | INFO | Waiting for ArduPilot flight controller... (no serial device found, retrying in 3s)
2026-10-02 16:39:18 | INFO | Waiting for ArduPilot flight controller... (no serial device found, retrying in 3s)
2026-10-02 16:39:21 | INFO | Waiting for ArduPilot flight controller... (no serial device found, retrying in 3s)
2026-10-02 16:39:24 | INFO | Waiting for ArduPilot flight controller... (no serial device found, retrying in 3s)
2026-10-02 16:39:27 | INFO | Waiting for ArduPilot flight controller... (no serial device found, retrying in 3s)
2026-10-02 16:39:30 | INFO | Waiting for ArduPilot flight controller... (no serial device found, retrying in 3s)
2026-10-02 16:39:33 | INFO | Waiting for ArduPilot flight controller... (no serial device found, retrying in 3s)
2026-10-02 16:39:36 | INFO | Waiting for ArduPilot flight controller... (no serial device found, retrying in 3s)
2026-10-02 16:39:39 | INFO | Waiting for ArduPilot flight controller... (no serial device found, retrying in 3s)
2026-10-02 16:39:42 | INFO | Waiting for ArduPilot flight controller... (no serial device found, retrying in 3s)
2026-10-02 16:39:45 | INFO | Waiting for ArduPilot flight controller... (no serial device found, retrying in 3s)
2026-10-02 16:39:48 | INFO | Waiting for ArduPilot flight controller... (no serial device found, retrying in 3s)
2026-10-02 16:39:51 | INFO | Waiting for ArduPilot flight controller... (no serial device found, retrying in 3s)
2026-10-02 16:39:54 | INFO | Waiting for ArduPilot flight controller... (no serial device found, retrying in 3s)
2026-10-02 16:39:57 | INFO | Waiting for ArduPilot flight controller... (no serial device found, retrying in 3s)
2026-10-02 16:40:00 | INFO | Waiting for ArduPilot flight controller... (no serial device found, retrying in 3s)
2026-10-02 16:40:03 | INFO | Waiting for ArduPilot flight controller... (no serial device found, retrying in 3s)
2026-10-02 16:40:06 | INFO | Waiting for ArduPilot flight controller... (no serial device found, retrying in 3s)
2026-10-02 16:40:09 | INFO | Waiting for ArduPilot flight controller... (no serial device found, retrying in 3s)
2026-10-02 16:40:12 | INFO | Waiting for ArduPilot flight controller... (no serial device found, retrying in 3s)
2026-10-02 16:40:15 | INFO | Waiting for ArduPilot flight controller... (no serial device found, retrying in 3s)
2026-10-02 16:40:18 | INFO | Waiting for ArduPilot flight controller... (no serial device found, retrying in 3s)
2026-10-02 16:40:21 | INFO | Waiting for ArduPilot flight controller... (no serial device found, retrying in 3s)
2026-10-02 16:40:24 | INFO | Waiting for ArduPilot flight controller... (no serial device found, retrying in 3s)
2026-10-02 16:40:27 | INFO | Waiting for ArduPilot flight controller... (no serial device found, retrying in 3s)
2026-10-02 16:40:30 | INFO | Waiting for ArduPilot flight controller... (no serial device found, retrying in 3s)
2026-10-02 16:40:33 | INFO | Waiting for ArduPilot flight controller... (no serial device found, retrying in 3s)
2026-10-02 16:40:36 | INFO | Waiting for ArduPilot flight controller... (no serial device found, retrying in 3s)
2026-10-02 16:40:39 | INFO | Waiting for ArduPilot flight controller... (no serial device found, retrying in 3s)
2026-10-02 16:40:42 | INFO | Waiting for ArduPilot flight controller... (no serial device found, retrying in 3s)
2026-10-02 16:40:45 | INFO | Waiting for ArduPilot flight controller... (no serial device found, retrying in 3s)
2026-10-02 16:40:48 | INFO | Waiting for ArduPilot flight controller... (no serial device found, retrying in 3s)
2026-10-02 16:40:51 | INFO | Waiting for ArduPilot flight controller... (no serial device found, retrying in 3s)
2026-10-02 16:40:54 | INFO | Waiting for ArduPilot flight controller... (no serial device found, retrying in 3s)
2026-10-02 16:40:57 | INFO | Waiting for ArduPilot flight controller... (no serial device found, retrying in 3s)
2026-10-02 16:41:00 | INFO | Waiting for ArduPilot flight controller... (no serial device found, retrying in 3s)
2026-10-02 16:41:03 | INFO | Waiting for ArduPilot flight controller... (no serial device found, retrying in 3s)
2026-10-02 16:41:06 | INFO | Waiting for ArduPilot flight controller... (no serial device found, retrying in 3s)
2026-10-02 16:41:09 | INFO | Waiting for ArduPilot flight controller... (no serial device found, retrying in 3s)
2026-10-02 16:41:12 | INFO | Waiting for ArduPilot flight controller... (no serial device found, retrying in 3s)
2026-10-02 16:41:15 | INFO | Waiting for ArduPilot flight controller... (no serial device found, retrying in 3s)
2026-10-02 16:41:18 | INFO | Waiting for ArduPilot flight controller... (no serial device found, retrying in 3s)
2026-10-02 16:41:21 | INFO | Waiting for ArduPilot flight controller... (no serial device found, retrying in 3s)
2026-10-02 16:41:24 | INFO | Waiting for ArduPilot flight controller... (no serial device found, retrying in 3s)
2026-10-02 16:41:27 | INFO | Waiting for ArduPilot flight controller... (no serial device found, retrying in 3s)
2026-10-02 16:41:30 | INFO | Waiting for ArduPilot flight controller... (no serial device found, retrying in 3s)
2026-10-02 16:41:33 | INFO | Waiting for ArduPilot flight controller... (no serial device found, retrying in 3s)
2026-10-02 16:41:36 | INFO | Waiting for ArduPilot flight controller... (no serial device found, retrying in 3s)
2026-10-02 16:41:39 | INFO | Waiting for ArduPilot flight controller... (no serial device found, retrying in 3s)
2026-10-02 16:41:42 | INFO | Waiting for ArduPilot flight controller... (no serial device found, retrying in 3s)
2026-10-02 16:41:45 | INFO | Waiting for ArduPilot flight controller... (no serial device found, retrying in 3s)
2026-10-02 16:41:48 | INFO | Waiting for ArduPilot flight controller... (no serial device found, retrying in 3s)
2026-10-02 16:41:51 | INFO | Waiting for ArduPilot flight controller... (no serial device found, retrying in 3s)
2026-10-02 16:41:54 | INFO | Waiting for ArduPilot flight controller... (no serial device found, retrying in 3s)
2026-10-02 16:41:57 | INFO | Waiting for ArduPilot flight controller... (no serial device found, retrying in 3s)
2026-10-02 16:42:00 | INFO | Waiting for ArduPilot flight controller... (no serial device found, retrying in 3s)
2026-10-02 16:42:03 | INFO | Waiting for ArduPilot flight controller... (no serial device found, retrying in 3s)
2026-10-02 16:42:06 | INFO | Waiting for ArduPilot flight controller... (no serial device found, retrying in 3s)
2026-10-02 16:42:09 | INFO | Waiting for ArduPilot flight controller... (no serial device found, retrying in 3s)
2026-10-02 16:42:12 | INFO | Waiting for ArduPilot flight controller... (no serial device found, retrying in 3s)
2026-10-02 16:42:15 | INFO | Waiting for ArduPilot flight controller... (no serial device found, retrying in 3s)
2026-10-02 16:42:18 | INFO | Waiting for ArduPilot flight controller... (no serial device found, retrying in 3s)
2026-10-02 16:42:21 | INFO | Waiting for ArduPilot flight controller... (no serial device found, retrying in 3s)
2026-10-02 16:42:24 | INFO | Waiting for ArduPilot flight controller... (no serial device found, retrying in 3s)
2026-10-02 16:42:27 | INFO | Waiting for ArduPilot flight controller... (no serial device found, retrying in 3s)
2026-10-02 16:42:30 | INFO | Waiting for ArduPilot flight controller... (no serial device found, retrying in 3s)
2026-10-02 16:42:33 | INFO | Waiting for ArduPilot flight controller... (no serial device found, retrying in 3s)
2026-10-02 16:42:36 | INFO | Waiting for ArduPilot flight controller... (no serial device found, retrying in 3s)
2026-10-02 16:42:39 | INFO | Waiting for ArduPilot flight controller... (no serial device found, retrying in 3s)
2026-10-02 16:42:42 | INFO | Waiting for ArduPilot flight controller... (no serial device found, retrying in 3s)
2026-10-02 16:42:45 | INFO | Waiting for ArduPilot flight controller... (no serial device found, retrying in 3s)
2026-10-02 16:42:48 | INFO | Waiting for ArduPilot flight controller... (no serial device found, retrying in 3s)
2026-10-02 16:42:51 | INFO | Waiting for ArduPilot flight controller... (no serial device found, retrying in 3s)
2026-10-02 16:42:54 | INFO | Waiting for ArduPilot flight controller... (no serial device found, retrying in 3s)
2026-10-02 16:42:57 | INFO | Waiting for ArduPilot flight controller... (no serial device found, retrying in 3s)
2026-10-02 16:43:00 | INFO | Waiting for ArduPilot flight controller... (no serial device found, retrying in 3s)
2026-10-02 16:43:03 | INFO | Waiting for ArduPilot flight controller... (no serial device found, retrying in 3s)
2026-10-02 16:43:06 | INFO | Waiting for ArduPilot flight controller... (no serial device found, retrying in 3s)
2026-10-02 16:43:09 | INFO | Waiting for ArduPilot flight controller... (no serial device found, retrying in 3s)
2026-10-02 16:43:12 | INFO | Waiting for ArduPilot flight controller... (no serial device found, retrying in 3s)
2026-10-02 16:43:15 | INFO | Waiting for ArduPilot flight controller... (no serial device found, retrying in 3s)
2026-10-02 16:43:18 | INFO | Waiting for ArduPilot flight controller... (no serial device found, retrying in 3s)
2026-10-02 16:43:21 | INFO | Waiting for ArduPilot flight controller... (no serial device found, retrying in 3s)
2026-10-02 16:43:24 | INFO | Waiting for ArduPilot flight controller... (no serial device found, retrying in 3s)
2026-10-02 16:43:27 | INFO | Waiting for ArduPilot flight controller... (no serial device found, retrying in 3s)
2026-10-02 16:43:30 | INFO | Waiting for ArduPilot flight controller... (no serial device found, retrying in 3s)
2026-10-02 16:43:33 | INFO | Waiting for ArduPilot flight controller... (no serial device found, retrying in 3s)
2026-10-02 16:43:36 | INFO | Waiting for ArduPilot flight controller... (no serial device found, retrying in 3s)
2026-10-02 16:43:39 | INFO | Waiting for ArduPilot flight controller... (no serial device found, retrying in 3s)
2026-10-02 16:43:42 | INFO | Waiting for ArduPilot flight controller... (no serial device found, retrying in 3s)
2026-10-02 16:43:45 | INFO | Waiting for ArduPilot flight controller... (no serial device found, retrying in 3s)
2026-10-02 16:43:48 | INFO | Waiting for ArduPilot flight controller... (no serial device found, retrying in 3s)
2026-10-02 16:43:51 | INFO | Waiting for ArduPilot flight controller... (no serial device found, retrying in 3s)
2026-10-02 16:43:54 | INFO | Waiting for ArduPilot flight controller... (no serial device found, retrying in 3s)
2026-10-02 16:43:57 | INFO | Waiting for ArduPilot flight controller... (no serial device found, retrying in 3s)
2026-10-02 16:44:00 | INFO | Waiting for ArduPilot flight controller... (no serial device found, retrying in 3s)
2026-10-02 16:44:03 | INFO | Waiting for ArduPilot flight controller... (no serial device found, retrying in 3s)
2026-10-02 16:44:06 | INFO | Waiting for ArduPilot flight controller... (no serial device found, retrying in 3s)
2026-10-02 16:44:09 | INFO | Waiting for ArduPilot flight controller... (no serial device found, retrying in 3s)
2026-10-02 16:44:12 | INFO | Waiting for ArduPilot flight controller... (no serial device found, retrying in 3s)
2026-10-02 16:44:15 | INFO | Waiting for ArduPilot flight controller... (no serial device found, retrying in 3s)
2026-10-02 16:44:18 | INFO | Waiting for ArduPilot flight controller... (no serial device found, retrying in 3s)
2026-10-02 16:44:21 | INFO | Waiting for ArduPilot flight controller... (no serial device found, retrying in 3s)
2026-10-02 16:44:24 | INFO | Waiting for ArduPilot flight controller... (no serial device found, retrying in 3s)
2026-10-02 16:44:27 | INFO | Waiting for ArduPilot flight controller... (no serial device found, retrying in 3s)
2026-10-02 16:44:30 | INFO | Waiting for ArduPilot flight controller... (no serial device found, retrying in 3s)
2026-10-02 16:44:33 | INFO | Waiting for ArduPilot flight controller... (no serial device found, retrying in 3s)
2026-10-02 16:44:36 | INFO | Waiting for ArduPilot flight controller... (no serial device found, retrying in 3s)
2026-10-02 16:44:39 | INFO | Waiting for ArduPilot flight controller... (no serial device found, retrying in 3s)
2026-10-02 16:44:42 | INFO | Waiting for ArduPilot flight controller... (no serial device found, retrying in 3s)
2026-10-02 16:44:45 | INFO | Waiting for ArduPilot flight controller... (no serial device found, retrying in 3s)
2026-10-02 16:44:48 | INFO | Waiting for ArduPilot flight controller... (no serial device found, retrying in 3s)
2026-10-02 16:44:51 | INFO | Waiting for ArduPilot flight controller... (no serial device found, retrying in 3s)
2026-10-02 16:44:54 | INFO | Waiting for ArduPilot flight controller... (no serial device found, retrying in 3s)
2026-10-02 16:44:57 | INFO | Waiting for ArduPilot flight controller... (no serial device found, retrying in 3s)
2026-10-02 16:45:00 | INFO | Waiting for ArduPilot flight controller... (no serial device found, retrying in 3s)
2026-10-02 16:45:03 | INFO | Waiting for ArduPilot flight controller... (no serial device found, retrying in 3s)
2026-10-02 16:45:06 | INFO | Waiting for ArduPilot flight controller... (no serial device found, retrying in 3s)
2026-10-02 16:45:09 | INFO | Waiting for ArduPilot flight controller... (no serial device found, retrying in 3s)
2026-10-02 16:45:12 | INFO | Waiting for ArduPilot flight controller... (no serial device found, retrying in 3s)
2026-10-02 16:45:15 | INFO | Waiting for ArduPilot flight controller... (no serial device found, retrying in 3s)
2026-10-02 16:45:18 | INFO | Waiting for ArduPilot flight controller... (no serial device found, retrying in 3s)
2026-10-02 16:45:21 | INFO | Waiting for ArduPilot flight controller... (no serial device found, retrying in 3s)
2026-10-02 16:45:24 | INFO | Waiting for ArduPilot flight controller... (no serial device found, retrying in 3s)
2026-10-02 16:45:27 | INFO | Waiting for ArduPilot flight controller... (no serial device found, retrying in 3s)
2026-10-02 16:45:30 | INFO | Waiting for ArduPilot flight controller... (no serial device found, retrying in 3s)
2026-10-02 16:45:33 | INFO | Waiting for ArduPilot flight controller... (no serial device found, retrying in 3s)
2026-10-02 16:45:36 | INFO | Waiting for ArduPilot flight controller... (no serial device found, retrying in 3s)
2026-10-02 16:45:39 | INFO | Waiting for ArduPilot flight controller... (no serial device found, retrying in 3s)
2026-10-02 16:45:42 | INFO | Waiting for ArduPilot flight controller... (no serial device found, retrying in 3s)
2026-10-02 16:45:45 | INFO | Waiting for ArduPilot flight controller... (no serial device found, retrying in 3s)
2026-10-02 16:45:48 | INFO | Waiting for ArduPilot flight controller... (no serial device found, retrying in 3s)
2026-10-02 16:45:51 | INFO | Waiting for ArduPilot flight controller... (no serial device found, retrying in 3s)
2026-10-02 16:45:54 | INFO | Waiting for ArduPilot flight controller... (no serial device found, retrying in 3s)
2026-10-02 16:45:57 | INFO | Waiting for ArduPilot flight controller... (no serial device found, retrying in 3s)
2026-10-02 16:46:00 | INFO | Waiting for ArduPilot flight controller... (no serial device found, retrying in 3s)
2026-10-02 16:46:03 | INFO | Waiting for ArduPilot flight controller... (no serial device found, retrying in 3s)
2026-10-02 16:46:06 | INFO | Waiting for ArduPilot flight controller... (no serial device found, retrying in 3s)
2026-10-02 16:46:09 | INFO | Waiting for ArduPilot flight controller... (no serial device found, retrying in 3s)
2026-10-02 16:46:12 | INFO | Waiting for ArduPilot flight controller... (no serial device found, retrying in 3s)
2026-10-02 16:46:15 | INFO | Waiting for ArduPilot flight controller... (no serial device found, retrying in 3s)
2026-10-02 16:46:18 | INFO | Waiting for ArduPilot flight controller... (no serial device found, retrying in 3s)
2026-10-02 16:46:21 | INFO | Waiting for ArduPilot flight controller... (no serial device found, retrying in 3s)
2026-10-02 16:46:24 | INFO | Waiting for ArduPilot flight controller... (no serial device found, retrying in 3s)
2026-10-02 16:46:27 | INFO | Waiting for ArduPilot flight controller... (no serial device found, retrying in 3s)
2026-10-02 16:46:30 | INFO | Waiting for ArduPilot flight controller... (no serial device found, retrying in 3s)
2026-10-02 16:46:33 | INFO | Waiting for ArduPilot flight controller... (no serial device found, retrying in 3s)
2026-10-02 16:46:36 | INFO | Waiting for ArduPilot flight controller... (no serial device found, retrying in 3s)
2026-10-02 16:46:39 | INFO | Waiting for ArduPilot flight controller... (no serial device found, retrying in 3s)
2026-10-02 16:46:42 | INFO | Waiting for ArduPilot flight controller... (no serial device found, retrying in 3s)
2026-10-02 16:46:45 | INFO | Waiting for ArduPilot flight controller... (no serial device found, retrying in 3s)
2026-10-02 16:46:48 | INFO | Waiting for ArduPilot flight controller... (no serial device found, retrying in 3s)
2026-10-02 16:46:51 | INFO | Waiting for ArduPilot flight controller... (no serial device found, retrying in 3s)
2026-10-02 16:46:54 | INFO | Waiting for ArduPilot flight controller... (no serial device found, retrying in 3s)
2026-10-02 16:46:57 | INFO | Waiting for ArduPilot flight controller... (no serial device found, retrying in 3s)
2026-10-02 16:47:00 | INFO | Waiting for ArduPilot flight controller... (no serial device found, retrying in 3s)
2026-10-02 16:47:03 | INFO | Waiting for ArduPilot flight controller... (no serial device found, retrying in 3s)
2026-10-02 16:47:06 | INFO | Waiting for ArduPilot flight controller... (no serial device found, retrying in 3s)
2026-10-02 16:47:09 | INFO | Waiting for ArduPilot flight controller... (no serial device found, retrying in 3s)
2026-10-02 16:47:12 | INFO | Waiting for ArduPilot flight controller... (no serial device found, retrying in 3s)
2026-10-02 16:47:15 | INFO | Waiting for ArduPilot flight controller... (no serial device found, retrying in 3s)
2026-10-02 16:47:19 | INFO | Waiting for ArduPilot flight controller... (no serial device found, retrying in 3s)
2026-10-02 16:47:22 | INFO | Waiting for ArduPilot flight controller... (no serial device found, retrying in 3s)
2026-10-02 16:47:25 | INFO | Waiting for ArduPilot flight controller... (no serial device found, retrying in 3s)
2026-10-02 16:47:28 | INFO | Waiting for ArduPilot flight controller... (no serial device found, retrying in 3s)
2026-10-02 16:47:31 | INFO | Waiting for ArduPilot flight controller... (no serial device found, retrying in 3s)
2026-10-02 16:47:34 | INFO | Waiting for ArduPilot flight controller... (no serial device found, retrying in 3s)
2026-10-02 16:47:37 | INFO | Waiting for ArduPilot flight controller... (no serial device found, retrying in 3s)
2026-10-02 16:47:40 | INFO | Waiting for ArduPilot flight controller... (no serial device found, retrying in 3s)
2026-10-02 16:47:43 | INFO | Waiting for ArduPilot flight controller... (no serial device found, retrying in 3s)
2026-10-02 16:47:46 | INFO | Waiting for ArduPilot flight controller... (no serial device found, retrying in 3s)
2026-10-02 16:47:49 | INFO | Waiting for ArduPilot flight controller... (no serial device found, retrying in 3s)
2026-10-02 16:47:52 | INFO | Waiting for ArduPilot flight controller... (no serial device found, retrying in 3s)
2026-10-02 16:47:55 | INFO | Waiting for ArduPilot flight controller... (no serial device found, retrying in 3s)
2026-10-02 16:47:58 | INFO | Waiting for ArduPilot flight controller... (no serial device found, retrying in 3s)
2026-10-02 16:48:01 | INFO | Waiting for ArduPilot flight controller... (no serial device found, retrying in 3s)
2026-10-02 16:48:04 | INFO | Waiting for ArduPilot flight controller... (no serial device found, retrying in 3s)
2026-10-02 16:48:07 | INFO | Waiting for ArduPilot flight controller... (no serial device found, retrying in 3s)
2026-10-02 16:48:10 | INFO | Waiting for ArduPilot flight controller... (no serial device found, retrying in 3s)
2026-10-02 16:48:13 | INFO | Waiting for ArduPilot flight controller... (no serial device found, retrying in 3s)
2026-10-02 16:48:16 | INFO | Waiting for ArduPilot flight controller... (no serial device found, retrying in 3s)
2026-10-02 16:48:19 | INFO | Waiting for ArduPilot flight controller... (no serial device found, retrying in 3s)
2026-10-02 16:48:22 | INFO | Waiting for ArduPilot flight controller... (no serial device found, retrying in 3s)
2026-10-02 16:48:25 | INFO | Waiting for ArduPilot flight controller... (no serial device found, retrying in 3s)
2026-10-02 16:48:28 | INFO | Waiting for ArduPilot flight controller... (no serial device found, retrying in 3s)
2026-10-02 16:48:31 | INFO | Waiting for ArduPilot flight controller... (no serial device found, retrying in 3s)
2026-10-02 16:48:34 | INFO | Waiting for ArduPilot flight controller... (no serial device found, retrying in 3s)
2026-10-02 16:48:37 | INFO | Waiting for ArduPilot flight controller... (no serial device found, retrying in 3s)
2026-10-02 16:48:40 | INFO | Waiting for ArduPilot flight controller... (no serial device found, retrying in 3s)
2026-10-02 16:48:43 | INFO | Waiting for ArduPilot flight controller... (no serial device found, retrying in 3s)
2026-10-02 16:48:46 | INFO | Waiting for ArduPilot flight controller... (no serial device found, retrying in 3s)
2026-10-02 16:48:49 | INFO | Waiting for ArduPilot flight controller... (no serial device found, retrying in 3s)
2026-10-02 16:48:52 | INFO | Waiting for ArduPilot flight controller... (no serial device found, retrying in 3s)
2026-10-02 16:48:55 | INFO | Waiting for ArduPilot flight controller... (no serial device found, retrying in 3s)
2026-10-02 16:48:58 | INFO | Waiting for ArduPilot flight controller... (no serial device found, retrying in 3s)
2026-10-02 16:49:01 | INFO | Waiting for ArduPilot flight controller... (no serial device found, retrying in 3s)
2026-10-02 16:49:04 | INFO | Waiting for ArduPilot flight controller... (no serial device found, retrying in 3s)
2026-10-02 16:49:07 | INFO | Waiting for ArduPilot flight controller... (no serial device found, retrying in 3s)
2026-10-02 16:49:10 | INFO | Waiting for ArduPilot flight controller... (no serial device found, retrying in 3s)
2026-10-02 16:49:13 | INFO | Waiting for ArduPilot flight controller... (no serial device found, retrying in 3s)
2026-10-02 16:49:16 | INFO | Waiting for ArduPilot flight controller... (no serial device found, retrying in 3s)
2026-10-02 16:49:19 | INFO | Waiting for ArduPilot flight controller... (no serial device found, retrying in 3s)
2026-10-02 16:49:22 | INFO | Waiting for ArduPilot flight controller... (no serial device found, retrying in 3s)
2026-10-02 16:49:25 | INFO | Waiting for ArduPilot flight controller... (no serial device found, retrying in 3s)
2026-10-02 16:49:28 | INFO | Waiting for ArduPilot flight controller... (no serial device found, retrying in 3s)
2026-10-02 16:49:31 | INFO | Waiting for ArduPilot flight controller... (no serial device found, retrying in 3s)
2026-10-02 16:49:34 | INFO | Waiting for ArduPilot flight controller... (no serial device found, retrying in 3s)
2026-10-02 16:49:37 | INFO | Waiting for ArduPilot flight controller... (no serial device found, retrying in 3s)
2026-10-02 16:49:40 | INFO | Waiting for ArduPilot flight controller... (no serial device found, retrying in 3s)
2026-10-02 16:49:43 | INFO | Waiting for ArduPilot flight controller... (no serial device found, retrying in 3s)
2026-10-02 16:49:46 | INFO | Waiting for ArduPilot flight controller... (no serial device found, retrying in 3s)
2026-10-02 16:49:49 | INFO | Waiting for ArduPilot flight controller... (no serial device found, retrying in 3s)
2026-10-02 16:49:52 | INFO | Waiting for ArduPilot flight controller... (no serial device found, retrying in 3s)
2026-10-02 16:49:55 | INFO | Waiting for ArduPilot flight controller... (no serial device found, retrying in 3s)
2026-10-02 16:49:58 | INFO | Waiting for ArduPilot flight controller... (no serial device found, retrying in 3s)
2026-10-02 16:50:01 | INFO | Waiting for ArduPilot flight controller... (no serial device found, retrying in 3s)
2026-10-02 16:50:04 | INFO | Waiting for ArduPilot flight controller... (no serial device found, retrying in 3s)
2026-10-02 16:50:07 | INFO | Waiting for ArduPilot flight controller... (no serial device found, retrying in 3s)
2026-10-02 16:50:10 | INFO | Waiting for ArduPilot flight controller... (no serial device found, retrying in 3s)
2026-10-02 16:50:13 | INFO | Waiting for ArduPilot flight controller... (no serial device found, retrying in 3s)
2026-10-02 16:50:16 | INFO | Waiting for ArduPilot flight controller... (no serial device found, retrying in 3s)
2026-10-02 16:50:19 | INFO | Waiting for ArduPilot flight controller... (no serial device found, retrying in 3s)
2026-10-02 16:50:22 | INFO | Waiting for ArduPilot flight controller... (no serial device found, retrying in 3s)
2026-10-02 16:50:25 | INFO | Waiting for ArduPilot flight controller... (no serial device found, retrying in 3s)
2026-10-02 16:50:28 | INFO | Waiting for ArduPilot flight controller... (no serial device found, retrying in 3s)
2026-10-02 16:50:31 | INFO | Waiting for ArduPilot flight controller... (no serial device found, retrying in 3s)
2026-10-02 16:50:34 | INFO | Waiting for ArduPilot flight controller... (no serial device found, retrying in 3s)
2026-10-02 16:50:37 | INFO | Waiting for ArduPilot flight controller... (no serial device found, retrying in 3s)
2026-10-02 16:50:40 | INFO | Waiting for ArduPilot flight controller... (no serial device found, retrying in 3s)
2026-10-02 16:50:43 | INFO | Waiting for ArduPilot flight controller... (no serial device found, retrying in 3s)
2026-10-02 16:50:46 | INFO | Waiting for ArduPilot flight controller... (no serial device found, retrying in 3s)
2026-10-02 16:50:49 | INFO | Waiting for ArduPilot flight controller... (no serial device found, retrying in 3s)
2026-10-02 16:50:52 | INFO | Waiting for ArduPilot flight controller... (no serial device found, retrying in 3s)
2026-10-02 16:50:55 | INFO | Waiting for ArduPilot flight controller... (no serial device found, retrying in 3s)
2026-10-02 16:50:58 | INFO | Waiting for ArduPilot flight controller... (no serial device found, retrying in 3s)
2026-10-02 16:51:01 | INFO | Waiting for ArduPilot flight controller... (no serial device found, retrying in 3s)
2026-10-02 16:51:04 | INFO | Waiting for ArduPilot flight controller... (no serial device found, retrying in 3s)
2026-10-02 16:51:07 | INFO | Waiting for ArduPilot flight controller... (no serial device found, retrying in 3s)
2026-10-02 16:51:10 | INFO | Waiting for ArduPilot flight controller... (no serial device found, retrying in 3s)
2026-10-02 16:51:13 | INFO | Waiting for ArduPilot flight controller... (no serial device found, retrying in 3s)
2026-10-02 16:51:16 | INFO | Waiting for ArduPilot flight controller... (no serial device found, retrying in 3s)
2026-10-02 16:51:19 | INFO | Waiting for ArduPilot flight controller... (no serial device found, retrying in 3s)
2026-10-02 16:51:22 | INFO | Waiting for ArduPilot flight controller... (no serial device found, retrying in 3s)
2026-10-02 16:51:25 | INFO | Waiting for ArduPilot flight controller... (no serial device found, retrying in 3s)
2026-10-02 16:51:28 | INFO | Waiting for ArduPilot flight controller... (no serial device found, retrying in 3s)
2026-10-02 16:51:31 | INFO | Waiting for ArduPilot flight controller... (no serial device found, retrying in 3s)
2026-10-02 16:51:34 | INFO | Waiting for ArduPilot flight controller... (no serial device found, retrying in 3s)
2026-10-02 16:51:37 | INFO | Waiting for ArduPilot flight controller... (no serial device found, retrying in 3s)
2026-10-02 16:51:40 | INFO | Waiting for ArduPilot flight controller... (no serial device found, retrying in 3s)
2026-10-02 16:51:43 | INFO | Waiting for ArduPilot flight controller... (no serial device found, retrying in 3s)
2026-10-02 16:51:46 | INFO | Waiting for ArduPilot flight controller... (no serial device found, retrying in 3s)
2026-10-02 16:51:49 | INFO | Waiting for ArduPilot flight controller... (no serial device found, retrying in 3s)
2026-10-02 16:51:52 | INFO | Waiting for ArduPilot flight controller... (no serial device found, retrying in 3s)
2026-10-02 16:51:55 | INFO | Waiting for ArduPilot flight controller... (no serial device found, retrying in 3s)
2026-10-02 16:51:58 | INFO | Waiting for ArduPilot flight controller... (no serial device found, retrying in 3s)
2026-10-02 16:52:01 | INFO | Waiting for ArduPilot flight controller... (no serial device found, retrying in 3s)
2026-10-02 16:52:04 | INFO | Waiting for ArduPilot flight controller... (no serial device found, retrying in 3s)
2026-10-02 16:52:07 | INFO | Waiting for ArduPilot flight controller... (no serial device found, retrying in 3s)
2026-10-02 16:52:10 | INFO | Waiting for ArduPilot flight controller... (no serial device found, retrying in 3s)
2026-10-02 16:52:13 | INFO | Waiting for ArduPilot flight controller... (no serial device found, retrying in 3s)
2026-10-02 16:52:16 | INFO | Waiting for ArduPilot flight controller... (no serial device found, retrying in 3s)
2026-10-02 16:52:19 | INFO | Waiting for ArduPilot flight controller... (no serial device found, retrying in 3s)
2026-10-02 16:52:22 | INFO | Waiting for ArduPilot flight controller... (no serial device found, retrying in 3s)
2026-10-02 16:52:25 | INFO | Waiting for ArduPilot flight controller... (no serial device found, retrying in 3s)
2026-10-02 16:52:28 | INFO | Waiting for ArduPilot flight controller... (no serial device found, retrying in 3s)
2026-10-02 16:52:31 | INFO | Waiting for ArduPilot flight controller... (no serial device found, retrying in 3s)
2026-10-02 16:52:34 | INFO | Waiting for ArduPilot flight controller... (no serial device found, retrying in 3s)
2026-10-02 16:52:37 | INFO | Waiting for ArduPilot flight controller... (no serial device found, retrying in 3s)
2026-10-02 16:52:40 | INFO | Waiting for ArduPilot flight controller... (no serial device found, retrying in 3s)
2026-10-02 16:52:43 | INFO | Waiting for ArduPilot flight controller... (no serial device found, retrying in 3s)
2026-10-02 16:52:46 | INFO | Waiting for ArduPilot flight controller... (no serial device found, retrying in 3s)
2026-10-02 16:52:49 | INFO | Waiting for ArduPilot flight controller... (no serial device found, retrying in 3s)
2026-10-02 16:52:52 | INFO | Waiting for ArduPilot flight controller... (no serial device found, retrying in 3s)
2026-10-02 16:52:55 | INFO | Waiting for ArduPilot flight controller... (no serial device found, retrying in 3s)
2026-10-02 16:52:58 | INFO | Waiting for ArduPilot flight controller... (no serial device found, retrying in 3s)
2026-10-02 16:53:01 | INFO | Waiting for ArduPilot flight controller... (no serial device found, retrying in 3s)
2026-10-02 16:53:04 | INFO | Waiting for ArduPilot flight controller... (no serial device found, retrying in 3s)
2026-10-02 16:53:07 | INFO | Waiting for ArduPilot flight controller... (no serial device found, retrying in 3s)
2026-10-02 16:53:10 | INFO | Waiting for ArduPilot flight controller... (no serial device found, retrying in 3s)
2026-10-02 16:53:13 | INFO | Waiting for ArduPilot flight controller... (no serial device found, retrying in 3s)
2026-10-02 16:53:16 | INFO | Waiting for ArduPilot flight controller... (no serial device found, retrying in 3s)
2026-10-02 16:53:19 | INFO | Waiting for ArduPilot flight controller... (no serial device found, retrying in 3s)
2026-10-02 16:53:22 | INFO | Waiting for ArduPilot flight controller... (no serial device found, retrying in 3s)
2026-10-02 16:53:25 | INFO | Waiting for ArduPilot flight controller... (no serial device found, retrying in 3s)
2026-10-02 16:53:28 | INFO | Waiting for ArduPilot flight controller... (no serial device found, retrying in 3s)
2026-10-02 16:53:31 | INFO | Waiting for ArduPilot flight controller... (no serial device found, retrying in 3s)
2026-10-02 16:53:34 | INFO | Waiting for ArduPilot flight controller... (no serial device found, retrying in 3s)
2026-10-02 16:53:37 | INFO | Waiting for ArduPilot flight controller... (no serial device found, retrying in 3s)
2026-10-02 16:53:40 | INFO | Waiting for ArduPilot flight controller... (no serial device found, retrying in 3s)
2026-10-02 16:53:43 | INFO | Waiting for ArduPilot flight controller... (no serial device found, retrying in 3s)
2026-10-02 16:53:46 | INFO | Waiting for ArduPilot flight controller... (no serial device found, retrying in 3s)
2026-10-02 16:53:49 | INFO | Waiting for ArduPilot flight controller... (no serial device found, retrying in 3s)
2026-10-02 16:53:52 | INFO | Waiting for ArduPilot flight controller... (no serial device found, retrying in 3s)
2026-10-02 16:53:55 | INFO | Waiting for ArduPilot flight controller... (no serial device found, retrying in 3s)
2026-10-02 16:53:58 | INFO | Waiting for ArduPilot flight controller... (no serial device found, retrying in 3s)
2026-10-02 16:54:01 | INFO | Waiting for ArduPilot flight controller... (no serial device found, retrying in 3s)
2026-10-02 16:54:04 | INFO | Waiting for ArduPilot flight controller... (no serial device found, retrying in 3s)
2026-10-02 16:54:07 | INFO | Waiting for ArduPilot flight controller... (no serial device found, retrying in 3s)
2026-10-02 16:54:10 | INFO | Waiting for ArduPilot flight controller... (no serial device found, retrying in 3s)
2026-10-02 16:54:13 | INFO | Waiting for ArduPilot flight controller... (no serial device found, retrying in 3s)
2026-10-02 16:54:16 | INFO | Waiting for ArduPilot flight controller... (no serial device found, retrying in 3s)
2026-10-02 16:54:19 | INFO | Waiting for ArduPilot flight controller... (no serial device found, retrying in 3s)
2026-10-02 16:54:22 | INFO | Waiting for ArduPilot flight controller... (no serial device found, retrying in 3s)
2026-10-02 16:54:25 | INFO | Waiting for ArduPilot flight controller... (no serial device found, retrying in 3s)
2026-10-02 16:54:28 | INFO | Waiting for ArduPilot flight controller... (no serial device found, retrying in 3s)
2026-10-02 16:54:31 | INFO | Waiting for ArduPilot flight controller... (no serial device found, retrying in 3s)
2026-10-02 16:54:34 | INFO | Waiting for ArduPilot flight controller... (no serial device found, retrying in 3s)
2026-10-02 16:54:37 | INFO | Waiting for ArduPilot flight controller... (no serial device found, retrying in 3s)
2026-10-02 16:54:40 | INFO | Waiting for ArduPilot flight controller... (no serial device found, retrying in 3s)
2026-10-02 16:54:43 | INFO | Waiting for ArduPilot flight controller... (no serial device found, retrying in 3s)
2026-10-02 16:54:46 | INFO | Waiting for ArduPilot flight controller... (no serial device found, retrying in 3s)
2026-10-02 16:54:49 | INFO | Waiting for ArduPilot flight controller... (no serial device found, retrying in 3s)
2026-10-02 16:54:52 | INFO | Waiting for ArduPilot flight controller... (no serial device found, retrying in 3s)
2026-10-02 16:54:55 | INFO | Waiting for ArduPilot flight controller... (no serial device found, retrying in 3s)
2026-10-02 16:54:58 | INFO | Waiting for ArduPilot flight controller... (no serial device found, retrying in 3s)
2026-10-02 16:55:01 | INFO | Waiting for ArduPilot flight controller... (no serial device found, retrying in 3s)
2026-10-02 16:55:04 | INFO | Waiting for ArduPilot flight controller... (no serial device found, retrying in 3s)
2026-10-02 16:55:07 | INFO | Waiting for ArduPilot flight controller... (no serial device found, retrying in 3s)
2026-10-02 16:55:10 | INFO | Waiting for ArduPilot flight controller... (no serial device found, retrying in 3s)
2026-10-02 16:55:13 | INFO | Waiting for ArduPilot flight controller... (no serial device found, retrying in 3s)
2026-10-02 16:55:16 | INFO | Waiting for ArduPilot flight controller... (no serial device found, retrying in 3s)
2026-10-02 16:55:19 | INFO | Waiting for ArduPilot flight controller... (no serial device found, retrying in 3s)
2026-10-02 16:55:22 | INFO | Waiting for ArduPilot flight controller... (no serial device found, retrying in 3s)
2026-10-02 16:55:25 | INFO | Waiting for ArduPilot flight controller... (no serial device found, retrying in 3s)
2026-10-02 16:55:28 | INFO | Waiting for ArduPilot flight controller... (no serial device found, retrying in 3s)
2026-10-02 16:55:31 | INFO | Waiting for ArduPilot flight controller... (no serial device found, retrying in 3s)
2026-10-02 16:55:34 | INFO | Waiting for ArduPilot flight controller... (no serial device found, retrying in 3s)
2026-10-02 16:55:37 | INFO | Waiting for ArduPilot flight controller... (no serial device found, retrying in 3s)
2026-10-02 16:55:40 | INFO | Waiting for ArduPilot flight controller... (no serial device found, retrying in 3s)
2026-10-02 16:55:43 | INFO | Waiting for ArduPilot flight controller... (no serial device found, retrying in 3s)
2026-10-02 16:55:46 | INFO | Waiting for ArduPilot flight controller... (no serial device found, retrying in 3s)
2026-10-02 16:55:49 | INFO | Waiting for ArduPilot flight controller... (no serial device found, retrying in 3s)
2026-10-02 16:55:52 | INFO | Waiting for ArduPilot flight controller... (no serial device found, retrying in 3s)
2026-10-02 16:55:55 | INFO | Waiting for ArduPilot flight controller... (no serial device found, retrying in 3s)
2026-10-02 16:55:58 | INFO | Waiting for ArduPilot flight controller... (no serial device found, retrying in 3s)
2026-10-02 16:56:01 | INFO | Waiting for ArduPilot flight controller... (no serial device found, retrying in 3s)
2026-10-02 16:56:04 | INFO | Waiting for ArduPilot flight controller... (no serial device found, retrying in 3s)
2026-10-02 16:56:07 | INFO | Waiting for ArduPilot flight controller... (no serial device found, retrying in 3s)
2026-10-02 16:56:10 | INFO | Waiting for ArduPilot flight controller... (no serial device found, retrying in 3s)
2026-10-02 16:56:13 | INFO | Waiting for ArduPilot flight controller... (no serial device found, retrying in 3s)
2026-10-02 16:56:17 | INFO | Waiting for ArduPilot flight controller... (no serial device found, retrying in 3s)
2026-10-02 16:56:20 | INFO | Waiting for ArduPilot flight controller... (no serial device found, retrying in 3s)
2026-10-02 16:56:23 | INFO | Waiting for ArduPilot flight controller... (no serial device found, retrying in 3s)
2026-10-02 16:56:26 | INFO | Waiting for ArduPilot flight controller... (no serial device found, retrying in 3s)
2026-10-02 16:56:29 | INFO | Waiting for ArduPilot flight controller... (no serial device found, retrying in 3s)
2026-10-02 16:56:32 | INFO | Waiting for ArduPilot flight controller... (no serial device found, retrying in 3s)
2026-10-02 16:56:35 | INFO | Waiting for ArduPilot flight controller... (no serial device found, retrying in 3s)
2026-10-02 16:56:38 | INFO | Waiting for ArduPilot flight controller... (no serial device found, retrying in 3s)
2026-10-02 16:56:41 | INFO | Waiting for ArduPilot flight controller... (no serial device found, retrying in 3s)
2026-10-02 16:56:44 | INFO | Waiting for ArduPilot flight controller... (no serial device found, retrying in 3s)
2026-10-02 16:56:47 | INFO | Waiting for ArduPilot flight controller... (no serial device found, retrying in 3s)
2026-10-02 16:56:50 | INFO | Waiting for ArduPilot flight controller... (no serial device found, retrying in 3s)
2026-10-02 16:56:53 | INFO | Waiting for ArduPilot flight controller... (no serial device found, retrying in 3s)
2026-10-02 16:56:56 | INFO | Waiting for ArduPilot flight controller... (no serial device found, retrying in 3s)
2026-10-02 16:56:59 | INFO | Waiting for ArduPilot flight controller... (no serial device found, retrying in 3s)
2026-10-02 16:57:02 | INFO | Waiting for ArduPilot flight controller... (no serial device found, retrying in 3s)
2026-10-02 16:57:05 | INFO | Waiting for ArduPilot flight controller... (no serial device found, retrying in 3s)
2026-10-02 16:57:08 | INFO | Waiting for ArduPilot flight controller... (no serial device found, retrying in 3s)
2026-10-02 16:57:11 | INFO | Waiting for ArduPilot flight controller... (no serial device found, retrying in 3s)
2026-10-02 16:57:14 | INFO | Waiting for ArduPilot flight controller... (no serial device found, retrying in 3s)
2026-10-02 16:57:17 | INFO | Waiting for ArduPilot flight controller... (no serial device found, retrying in 3s)
2026-10-02 16:57:20 | INFO | Waiting for ArduPilot flight controller... (no serial device found, retrying in 3s)
2026-10-02 16:57:23 | INFO | Waiting for ArduPilot flight controller... (no serial device found, retrying in 3s)
2026-10-02 16:57:26 | INFO | Waiting for ArduPilot flight controller... (no serial device found, retrying in 3s)
2026-10-02 16:57:29 | INFO | Waiting for ArduPilot flight controller... (no serial device found, retrying in 3s)
2026-10-02 16:57:32 | INFO | Waiting for ArduPilot flight controller... (no serial device found, retrying in 3s)
2026-10-02 16:57:35 | INFO | Waiting for ArduPilot flight controller... (no serial device found, retrying in 3s)
2026-10-02 16:57:38 | INFO | Waiting for ArduPilot flight controller... (no serial device found, retrying in 3s)
2026-10-02 16:57:41 | INFO | Waiting for ArduPilot flight controller... (no serial device found, retrying in 3s)
2026-10-02 16:57:44 | INFO | Waiting for ArduPilot flight controller... (no serial device found, retrying in 3s)
2026-10-02 16:57:47 | INFO | Waiting for ArduPilot flight controller... (no serial device found, retrying in 3s)
2026-10-02 16:57:50 | INFO | Waiting for ArduPilot flight controller... (no serial device found, retrying in 3s)
2026-10-02 16:57:53 | INFO | Waiting for ArduPilot flight controller... (no serial device found, retrying in 3s)
2026-10-02 16:57:56 | INFO | Waiting for ArduPilot flight controller... (no serial device found, retrying in 3s)
2026-10-02 16:57:59 | INFO | Waiting for ArduPilot flight controller... (no serial device found, retrying in 3s)
2026-10-02 16:58:02 | INFO | Waiting for ArduPilot flight controller... (no serial device found, retrying in 3s)
2026-10-02 16:58:05 | INFO | Waiting for ArduPilot flight controller... (no serial device found, retrying in 3s)
2026-10-02 16:58:08 | INFO | Waiting for ArduPilot flight controller... (no serial device found, retrying in 3s)
2026-10-02 16:58:11 | INFO | Waiting for ArduPilot flight controller... (no serial device found, retrying in 3s)
2026-10-02 16:58:14 | INFO | Waiting for ArduPilot flight controller... (no serial device found, retrying in 3s)
2026-10-02 16:58:17 | INFO | Waiting for ArduPilot flight controller... (no serial device found, retrying in 3s)
2026-10-02 16:58:20 | INFO | Waiting for ArduPilot flight controller... (no serial device found, retrying in 3s)
2026-10-02 16:58:23 | INFO | Waiting for ArduPilot flight controller... (no serial device found, retrying in 3s)
2026-10-02 16:58:26 | INFO | Waiting for ArduPilot flight controller... (no serial device found, retrying in 3s)
2026-10-02 16:58:29 | INFO | Waiting for ArduPilot flight controller... (no serial device found, retrying in 3s)
2026-10-02 16:58:32 | INFO | Waiting for ArduPilot flight controller... (no serial device found, retrying in 3s)
2026-10-02 16:58:35 | INFO | Waiting for ArduPilot flight controller... (no serial device found, retrying in 3s)
2026-10-02 16:58:38 | INFO | Waiting for ArduPilot flight controller... (no serial device found, retrying in 3s)
2026-10-02 16:58:41 | INFO | Waiting for ArduPilot flight controller... (no serial device found, retrying in 3s)
2026-10-02 16:58:44 | INFO | Waiting for ArduPilot flight controller... (no serial device found, retrying in 3s)
2026-10-02 16:58:47 | INFO | Waiting for ArduPilot flight controller... (no serial device found, retrying in 3s)
2026-10-02 16:58:50 | INFO | Waiting for ArduPilot flight controller... (no serial device found, retrying in 3s)
2026-10-02 16:58:53 | INFO | Waiting for ArduPilot flight controller... (no serial device found, retrying in 3s)
2026-10-02 16:58:56 | INFO | Waiting for ArduPilot flight controller... (no serial device found, retrying in 3s)
2026-10-02 16:58:59 | INFO | Waiting for ArduPilot flight controller... (no serial device found, retrying in 3s)
2026-10-02 16:59:02 | INFO | Waiting for ArduPilot flight controller... (no serial device found, retrying in 3s)
2026-10-02 16:59:05 | INFO | Waiting for ArduPilot flight controller... (no serial device found, retrying in 3s)
2026-10-02 16:59:08 | INFO | Waiting for ArduPilot flight controller... (no serial device found, retrying in 3s)
2026-10-02 16:59:11 | INFO | Waiting for ArduPilot flight controller... (no serial device found, retrying in 3s)
2026-10-02 16:59:14 | INFO | Waiting for ArduPilot flight controller... (no serial device found, retrying in 3s)
2026-10-02 16:59:17 | INFO | Waiting for ArduPilot flight controller... (no serial device found, retrying in 3s)
2026-10-02 16:59:20 | INFO | Waiting for ArduPilot flight controller... (no serial device found, retrying in 3s)
2026-10-02 16:59:23 | INFO | Waiting for ArduPilot flight controller... (no serial device found, retrying in 3s)
2026-10-02 16:59:26 | INFO | Waiting for ArduPilot flight controller... (no serial device found, retrying in 3s)
2026-10-02 16:59:29 | INFO | Waiting for ArduPilot flight controller... (no serial device found, retrying in 3s)
2026-10-02 16:59:32 | INFO | Waiting for ArduPilot flight controller... (no serial device found, retrying in 3s)
2026-10-02 16:59:35 | INFO | Waiting for ArduPilot flight controller... (no serial device found, retrying in 3s)
2026-10-02 16:59:38 | INFO | Waiting for ArduPilot flight controller... (no serial device found, retrying in 3s)
2026-10-02 16:59:41 | INFO | Waiting for ArduPilot flight controller... (no serial device found, retrying in 3s)
2026-10-02 16:59:44 | INFO | Waiting for ArduPilot flight controller... (no serial device found, retrying in 3s)
2026-10-02 16:59:47 | INFO | Waiting for ArduPilot flight controller... (no serial device found, retrying in 3s)
2026-10-02 16:59:50 | INFO | Waiting for ArduPilot flight controller... (no serial device found, retrying in 3s)
2026-10-02 16:59:53 | INFO | Waiting for ArduPilot flight controller... (no serial device found, retrying in 3s)
2026-10-02 16:59:56 | INFO | Waiting for ArduPilot flight controller... (no serial device found, retrying in 3s)
2026-10-02 16:59:59 | INFO | Waiting for ArduPilot flight controller... (no serial device found, retrying in 3s)
2026-10-02 17:00:02 | INFO | Waiting for ArduPilot flight controller... (no serial device found, retrying in 3s)
2026-10-02 17:00:05 | INFO | Waiting for ArduPilot flight controller... (no serial device found, retrying in 3s)
2026-10-02 17:00:08 | INFO | Waiting for ArduPilot flight controller... (no serial device found, retrying in 3s)
2026-10-02 17:00:11 | INFO | Waiting for ArduPilot flight controller... (no serial device found, retrying in 3s)
2026-10-02 17:00:14 | INFO | Waiting for ArduPilot flight controller... (no serial device found, retrying in 3s)
2026-10-02 17:00:17 | INFO | Waiting for ArduPilot flight controller... (no serial device found, retrying in 3s)
2026-10-02 17:00:20 | INFO | Waiting for ArduPilot flight controller... (no serial device found, retrying in 3s)
2026-10-02 17:00:23 | INFO | Waiting for ArduPilot flight controller... (no serial device found, retrying in 3s)
2026-10-02 17:00:26 | INFO | Waiting for ArduPilot flight controller... (no serial device found, retrying in 3s)
2026-10-02 17:00:29 | INFO | Waiting for ArduPilot flight controller... (no serial device found, retrying in 3s)
2026-10-02 17:00:32 | INFO | Waiting for ArduPilot flight controller... (no serial device found, retrying in 3s)
2026-10-02 17:00:35 | INFO | Waiting for ArduPilot flight controller... (no serial device found, retrying in 3s)
2026-10-02 17:00:38 | INFO | Waiting for ArduPilot flight controller... (no serial device found, retrying in 3s)
2026-10-02 17:00:41 | INFO | Waiting for ArduPilot flight controller... (no serial device found, retrying in 3s)
2026-10-02 17:00:44 | INFO | Waiting for ArduPilot flight controller... (no serial device found, retrying in 3s)
2026-10-02 17:00:47 | INFO | Waiting for ArduPilot flight controller... (no serial device found, retrying in 3s)
2026-10-02 17:00:50 | INFO | Waiting for ArduPilot flight controller... (no serial device found, retrying in 3s)
2026-10-02 17:00:53 | INFO | Waiting for ArduPilot flight controller... (no serial device found, retrying in 3s)
2026-10-02 17:00:56 | INFO | Waiting for ArduPilot flight controller... (no serial device found, retrying in 3s)
2026-10-02 17:00:59 | INFO | Waiting for ArduPilot flight controller... (no serial device found, retrying in 3s)
2026-10-02 17:01:02 | INFO | Waiting for ArduPilot flight controller... (no serial device found, retrying in 3s)
2026-10-02 17:01:05 | INFO | Waiting for ArduPilot flight controller... (no serial device found, retrying in 3s)
2026-10-02 17:01:08 | INFO | Waiting for ArduPilot flight controller... (no serial device found, retrying in 3s)
2026-10-02 17:01:11 | INFO | Waiting for ArduPilot flight controller... (no serial device found, retrying in 3s)
2026-10-02 17:01:14 | INFO | Waiting for ArduPilot flight controller... (no serial device found, retrying in 3s)
2026-10-02 17:01:17 | INFO | Waiting for ArduPilot flight controller... (no serial device found, retrying in 3s)
2026-10-02 17:01:20 | INFO | Waiting for ArduPilot flight controller... (no serial device found, retrying in 3s)
2026-10-02 17:01:23 | INFO | Waiting for ArduPilot flight controller... (no serial device found, retrying in 3s)
2026-10-02 17:01:26 | INFO | Waiting for ArduPilot flight controller... (no serial device found, retrying in 3s)
2026-10-02 17:01:29 | INFO | Waiting for ArduPilot flight controller... (no serial device found, retrying in 3s)
2026-10-02 17:01:32 | INFO | Waiting for ArduPilot flight controller... (no serial device found, retrying in 3s)
2026-10-02 17:01:35 | INFO | Waiting for ArduPilot flight controller... (no serial device found, retrying in 3s)
2026-10-02 17:01:38 | INFO | Waiting for ArduPilot flight controller... (no serial device found, retrying in 3s)
2026-10-02 17:01:41 | INFO | Waiting for ArduPilot flight controller... (no serial device found, retrying in 3s)
2026-10-02 17:01:44 | INFO | Waiting for ArduPilot flight controller... (no serial device found, retrying in 3s)
2026-10-02 17:01:47 | INFO | Waiting for ArduPilot flight controller... (no serial device found, retrying in 3s)
2026-10-02 17:01:50 | INFO | Waiting for ArduPilot flight controller... (no serial device found, retrying in 3s)
2026-10-02 17:01:53 | INFO | Waiting for ArduPilot flight controller... (no serial device found, retrying in 3s)
2026-10-02 17:01:56 | INFO | Waiting for ArduPilot flight controller... (no serial device found, retrying in 3s)
2026-10-02 17:01:59 | INFO | Waiting for ArduPilot flight controller... (no serial device found, retrying in 3s)
2026-10-02 17:02:02 | INFO | Waiting for ArduPilot flight controller... (no serial device found, retrying in 3s)
2026-10-02 17:02:05 | INFO | Waiting for ArduPilot flight controller... (no serial device found, retrying in 3s)
2026-10-02 17:02:08 | INFO | Waiting for ArduPilot flight controller... (no serial device found, retrying in 3s)
2026-10-02 17:02:11 | INFO | Waiting for ArduPilot flight controller... (no serial device found, retrying in 3s)
2026-10-02 17:02:14 | INFO | Waiting for ArduPilot flight controller... (no serial device found, retrying in 3s)
2026-10-02 17:02:17 | INFO | Waiting for ArduPilot flight controller... (no serial device found, retrying in 3s)
2026-10-02 17:02:20 | INFO | Waiting for ArduPilot flight controller... (no serial device found, retrying in 3s)
2026-10-02 17:02:23 | INFO | Waiting for ArduPilot flight controller... (no serial device found, retrying in 3s)
2026-10-02 17:02:26 | INFO | Waiting for ArduPilot flight controller... (no serial device found, retrying in 3s)
2026-10-02 17:02:29 | INFO | Waiting for ArduPilot flight controller... (no serial device found, retrying in 3s)
2026-10-02 17:02:32 | INFO | Waiting for ArduPilot flight controller... (no serial device found, retrying in 3s)
2026-10-02 17:02:35 | INFO | Waiting for ArduPilot flight controller... (no serial device found, retrying in 3s)
2026-10-02 17:02:38 | INFO | Waiting for ArduPilot flight controller... (no serial device found, retrying in 3s)
2026-10-02 17:02:41 | INFO | Waiting for ArduPilot flight controller... (no serial device found, retrying in 3s)
2026-10-02 17:02:44 | INFO | Waiting for ArduPilot flight controller... (no serial device found, retrying in 3s)
2026-10-02 17:02:47 | INFO | Waiting for ArduPilot flight controller... (no serial device found, retrying in 3s)
2026-10-02 17:02:50 | INFO | Waiting for ArduPilot flight controller... (no serial device found, retrying in 3s)
2026-10-02 17:02:53 | INFO | Waiting for ArduPilot flight controller... (no serial device found, retrying in 3s)
2026-10-02 17:02:56 | INFO | Waiting for ArduPilot flight controller... (no serial device found, retrying in 3s)
2026-10-02 17:02:59 | INFO | Waiting for ArduPilot flight controller... (no serial device found, retrying in 3s)
2026-10-02 17:03:02 | INFO | Waiting for ArduPilot flight controller... (no serial device found, retrying in 3s)
2026-10-02 17:03:05 | INFO | Waiting for ArduPilot flight controller... (no serial device found, retrying in 3s)
2026-10-02 17:03:08 | INFO | Waiting for ArduPilot flight controller... (no serial device found, retrying in 3s)
2026-10-02 17:03:11 | INFO | Waiting for ArduPilot flight controller... (no serial device found, retrying in 3s)
2026-10-02 17:03:14 | INFO | Waiting for ArduPilot flight controller... (no serial device found, retrying in 3s)
2026-10-02 17:03:17 | INFO | Waiting for ArduPilot flight controller... (no serial device found, retrying in 3s)
2026-10-02 17:03:20 | INFO | Waiting for ArduPilot flight controller... (no serial device found, retrying in 3s)
2026-10-02 17:03:23 | INFO | Waiting for ArduPilot flight controller... (no serial device found, retrying in 3s)
2026-10-02 17:03:26 | INFO | Waiting for ArduPilot flight controller... (no serial device found, retrying in 3s)
2026-10-02 17:03:29 | INFO | Waiting for ArduPilot flight controller... (no serial device found, retrying in 3s)
2026-10-02 17:03:32 | INFO | Waiting for ArduPilot flight controller... (no serial device found, retrying in 3s)
2026-10-02 17:03:35 | INFO | Waiting for ArduPilot flight controller... (no serial device found, retrying in 3s)
2026-10-02 17:03:38 | INFO | Waiting for ArduPilot flight controller... (no serial device found, retrying in 3s)
2026-10-02 17:03:41 | INFO | Waiting for ArduPilot flight controller... (no serial device found, retrying in 3s)
2026-10-02 17:03:44 | INFO | Waiting for ArduPilot flight controller... (no serial device found, retrying in 3s)
2026-10-02 17:03:47 | INFO | Waiting for ArduPilot flight controller... (no serial device found, retrying in 3s)
2026-10-02 17:03:50 | INFO | Waiting for ArduPilot flight controller... (no serial device found, retrying in 3s)
2026-10-02 17:03:53 | INFO | Waiting for ArduPilot flight controller... (no serial device found, retrying in 3s)
2026-10-02 17:03:56 | INFO | Waiting for ArduPilot flight controller... (no serial device found, retrying in 3s)
2026-10-02 17:03:59 | INFO | Waiting for ArduPilot flight controller... (no serial device found, retrying in 3s)
2026-10-02 17:04:02 | INFO | Waiting for ArduPilot flight controller... (no serial device found, retrying in 3s)
2026-10-02 17:04:05 | INFO | Waiting for ArduPilot flight controller... (no serial device found, retrying in 3s)
2026-10-02 17:04:08 | INFO | Waiting for ArduPilot flight controller... (no serial device found, retrying in 3s)
2026-10-02 17:04:11 | INFO | Waiting for ArduPilot flight controller... (no serial device found, retrying in 3s)
2026-10-02 17:04:14 | INFO | Waiting for ArduPilot flight controller... (no serial device found, retrying in 3s)
2026-10-02 17:04:17 | INFO | Waiting for ArduPilot flight controller... (no serial device found, retrying in 3s)
2026-10-02 17:04:20 | INFO | Waiting for ArduPilot flight controller... (no serial device found, retrying in 3s)
2026-10-02 17:04:23 | INFO | Waiting for ArduPilot flight controller... (no serial device found, retrying in 3s)
2026-10-02 17:04:26 | INFO | Waiting for ArduPilot flight controller... (no serial device found, retrying in 3s)
2026-10-02 17:04:29 | INFO | Waiting for ArduPilot flight controller... (no serial device found, retrying in 3s)
2026-10-02 17:04:32 | INFO | Waiting for ArduPilot flight controller... (no serial device found, retrying in 3s)
2026-10-02 17:04:35 | INFO | Waiting for ArduPilot flight controller... (no serial device found, retrying in 3s)
2026-10-02 17:04:38 | INFO | Waiting for ArduPilot flight controller... (no serial device found, retrying in 3s)
2026-10-02 17:04:41 | INFO | Waiting for ArduPilot flight controller... (no serial device found, retrying in 3s)
2026-10-02 17:04:44 | INFO | Waiting for ArduPilot flight controller... (no serial device found, retrying in 3s)
2026-10-02 17:04:47 | INFO | Waiting for ArduPilot flight controller... (no serial device found, retrying in 3s)
2026-10-02 17:04:50 | INFO | Waiting for ArduPilot flight controller... (no serial device found, retrying in 3s)
2026-10-02 17:04:53 | INFO | Waiting for ArduPilot flight controller... (no serial device found, retrying in 3s)
2026-10-02 17:04:56 | INFO | Waiting for ArduPilot flight controller... (no serial device found, retrying in 3s)
2026-10-02 17:04:59 | INFO | Waiting for ArduPilot flight controller... (no serial device found, retrying in 3s)
2026-10-02 17:05:02 | INFO | Waiting for ArduPilot flight controller... (no serial device found, retrying in 3s)
2026-10-02 17:05:05 | INFO | Waiting for ArduPilot flight controller... (no serial device found, retrying in 3s)
2026-10-02 17:05:08 | INFO | Waiting for ArduPilot flight controller... (no serial device found, retrying in 3s)
2026-10-02 17:05:11 | INFO | Waiting for ArduPilot flight controller... (no serial device found, retrying in 3s)
2026-10-02 17:05:14 | INFO | Waiting for ArduPilot flight controller... (no serial device found, retrying in 3s)
2026-10-02 17:05:17 | INFO | Waiting for ArduPilot flight controller... (no serial device found, retrying in 3s)
2026-10-02 17:05:20 | INFO | Waiting for ArduPilot flight controller... (no serial device found, retrying in 3s)
2026-10-02 17:05:23 | INFO | Waiting for ArduPilot flight controller... (no serial device found, retrying in 3s)
2026-10-02 17:05:26 | INFO | Waiting for ArduPilot flight controller... (no serial device found, retrying in 3s)
2026-10-02 17:05:29 | INFO | Waiting for ArduPilot flight controller... (no serial device found, retrying in 3s)
2026-10-02 17:05:32 | INFO | Waiting for ArduPilot flight controller... (no serial device found, retrying in 3s)
2026-10-02 17:05:35 | INFO | Waiting for ArduPilot flight controller... (no serial device found, retrying in 3s)
2026-10-02 17:05:38 | INFO | Waiting for ArduPilot flight controller... (no serial device found, retrying in 3s)
2026-10-02 17:05:41 | INFO | Waiting for ArduPilot flight controller... (no serial device found, retrying in 3s)
2026-10-02 17:05:44 | INFO | Waiting for ArduPilot flight controller... (no serial device found, retrying in 3s)
2026-10-02 17:05:47 | INFO | Waiting for ArduPilot flight controller... (no serial device found, retrying in 3s)
2026-10-02 17:05:50 | INFO | Waiting for ArduPilot flight controller... (no serial device found, retrying in 3s)
2026-10-02 17:05:53 | INFO | Waiting for ArduPilot flight controller... (no serial device found, retrying in 3s)
2026-10-02 17:05:56 | INFO | Waiting for ArduPilot flight controller... (no serial device found, retrying in 3s)
2026-10-02 17:05:59 | INFO | Waiting for ArduPilot flight controller... (no serial device found, retrying in 3s)
2026-10-02 17:06:02 | INFO | Waiting for ArduPilot flight controller... (no serial device found, retrying in 3s)
2026-10-02 17:06:05 | INFO | Waiting for ArduPilot flight controller... (no serial device found, retrying in 3s)
2026-10-02 17:06:08 | INFO | Waiting for ArduPilot flight controller... (no serial device found, retrying in 3s)
2026-10-02 17:06:11 | INFO | Waiting for ArduPilot flight controller... (no serial device found, retrying in 3s)
2026-10-02 17:06:14 | INFO | Waiting for ArduPilot flight controller... (no serial device found, retrying in 3s)
2026-10-02 17:06:17 | INFO | Waiting for ArduPilot flight controller... (no serial device found, retrying in 3s)
2026-10-02 17:06:20 | INFO | Waiting for ArduPilot flight controller... (no serial device found, retrying in 3s)
2026-10-02 17:06:23 | INFO | Waiting for ArduPilot flight controller... (no serial device found, retrying in 3s)
2026-10-02 17:06:26 | INFO | Waiting for ArduPilot flight controller... (no serial device found, retrying in 3s)
2026-10-02 17:06:29 | INFO | Waiting for ArduPilot flight controller... (no serial device found, retrying in 3s)
2026-10-02 17:06:32 | INFO | Waiting for ArduPilot flight controller... (no serial device found, retrying in 3s)
2026-10-02 17:06:35 | INFO | Waiting for ArduPilot flight controller... (no serial device found, retrying in 3s)
2026-10-02 17:06:38 | INFO | Waiting for ArduPilot flight controller... (no serial device found, retrying in 3s)
2026-10-02 17:06:41 | INFO | Waiting for ArduPilot flight controller... (no serial device found, retrying in 3s)
2026-10-02 17:06:44 | INFO | Waiting for ArduPilot flight controller... (no serial device found, retrying in 3s)
2026-10-02 17:06:47 | INFO | Waiting for ArduPilot flight controller... (no serial device found, retrying in 3s)
2026-10-02 17:06:50 | INFO | Waiting for ArduPilot flight controller... (no serial device found, retrying in 3s)
2026-10-02 17:06:53 | INFO | Waiting for ArduPilot flight controller... (no serial device found, retrying in 3s)
2026-10-02 17:06:56 | INFO | Waiting for ArduPilot flight controller... (no serial device found, retrying in 3s)
2026-10-02 17:06:59 | INFO | Waiting for ArduPilot flight controller... (no serial device found, retrying in 3s)
2026-10-02 17:07:02 | INFO | Waiting for ArduPilot flight controller... (no serial device found, retrying in 3s)
2026-10-02 17:07:05 | INFO | Waiting for ArduPilot flight controller... (no serial device found, retrying in 3s)
2026-10-02 17:07:08 | INFO | Waiting for ArduPilot flight controller... (no serial device found, retrying in 3s)
2026-10-02 17:07:11 | INFO | Waiting for ArduPilot flight controller... (no serial device found, retrying in 3s)
2026-10-02 17:07:14 | INFO | Waiting for ArduPilot flight controller... (no serial device found, retrying in 3s)
2026-10-02 17:07:17 | INFO | Waiting for ArduPilot flight controller... (no serial device found, retrying in 3s)
2026-10-02 17:07:20 | INFO | Waiting for ArduPilot flight controller... (no serial device found, retrying in 3s)
2026-10-02 17:07:23 | INFO | Waiting for ArduPilot flight controller... (no serial device found, retrying in 3s)
2026-10-02 17:07:26 | INFO | Waiting for ArduPilot flight controller... (no serial device found, retrying in 3s)
2026-10-02 17:07:29 | INFO | Waiting for ArduPilot flight controller... (no serial device found, retrying in 3s)
2026-10-02 17:07:32 | INFO | Waiting for ArduPilot flight controller... (no serial device found, retrying in 3s)
2026-10-02 17:07:35 | INFO | Waiting for ArduPilot flight controller... (no serial device found, retrying in 3s)
2026-10-02 17:07:38 | INFO | Waiting for ArduPilot flight controller... (no serial device found, retrying in 3s)
2026-10-02 17:07:41 | INFO | Waiting for ArduPilot flight controller... (no serial device found, retrying in 3s)
2026-10-02 17:07:44 | INFO | Waiting for ArduPilot flight controller... (no serial device found, retrying in 3s)
2026-10-02 17:07:47 | INFO | Waiting for ArduPilot flight controller... (no serial device found, retrying in 3s)
2026-10-02 17:07:50 | INFO | Waiting for ArduPilot flight controller... (no serial device found, retrying in 3s)
2026-10-02 17:07:53 | INFO | Waiting for ArduPilot flight controller... (no serial device found, retrying in 3s)
2026-10-02 17:07:56 | INFO | Waiting for ArduPilot flight controller... (no serial device found, retrying in 3s)
2026-10-02 17:07:59 | INFO | Waiting for ArduPilot flight controller... (no serial device found, retrying in 3s)
2026-10-02 17:08:02 | INFO | Waiting for ArduPilot flight controller... (no serial device found, retrying in 3s)
2026-10-02 17:08:05 | INFO | Waiting for ArduPilot flight controller... (no serial device found, retrying in 3s)
2026-10-02 17:08:08 | INFO | Waiting for ArduPilot flight controller... (no serial device found, retrying in 3s)
2026-10-02 17:08:11 | INFO | Waiting for ArduPilot flight controller... (no serial device found, retrying in 3s)
2026-10-02 17:08:14 | INFO | Waiting for ArduPilot flight controller... (no serial device found, retrying in 3s)
2026-10-02 17:08:17 | INFO | Waiting for ArduPilot flight controller... (no serial device found, retrying in 3s)
2026-10-02 17:08:20 | INFO | Waiting for ArduPilot flight controller... (no serial device found, retrying in 3s)
2026-10-02 17:08:23 | INFO | Waiting for ArduPilot flight controller... (no serial device found, retrying in 3s)
2026-10-02 17:08:26 | INFO | Waiting for ArduPilot flight controller... (no serial device found, retrying in 3s)
2026-10-02 17:08:29 | INFO | Waiting for ArduPilot flight controller... (no serial device found, retrying in 3s)
2026-10-02 17:08:32 | INFO | Waiting for ArduPilot flight controller... (no serial device found, retrying in 3s)
2026-10-02 17:08:35 | INFO | Waiting for ArduPilot flight controller... (no serial device found, retrying in 3s)
2026-10-02 17:08:38 | INFO | Waiting for ArduPilot flight controller... (no serial device found, retrying in 3s)
2026-10-02 17:08:41 | INFO | Waiting for ArduPilot flight controller... (no serial device found, retrying in 3s)
2026-10-02 17:08:44 | INFO | Waiting for ArduPilot flight controller... (no serial device found, retrying in 3s)
2026-10-02 17:08:47 | INFO | Waiting for ArduPilot flight controller... (no serial device found, retrying in 3s)
2026-10-02 17:08:50 | INFO | Waiting for ArduPilot flight controller... (no serial device found, retrying in 3s)
2026-10-02 17:08:53 | INFO | Waiting for ArduPilot flight controller... (no serial device found, retrying in 3s)
2026-10-02 17:08:56 | INFO | Waiting for ArduPilot flight controller... (no serial device found, retrying in 3s)
2026-10-02 17:08:59 | INFO | Waiting for ArduPilot flight controller... (no serial device found, retrying in 3s)
2026-10-02 17:09:02 | INFO | Waiting for ArduPilot flight controller... (no serial device found, retrying in 3s)
2026-10-02 17:09:05 | INFO | Waiting for ArduPilot flight controller... (no serial device found, retrying in 3s)
2026-10-02 17:09:08 | INFO | Waiting for ArduPilot flight controller... (no serial device found, retrying in 3s)
2026-10-02 17:09:11 | INFO | Waiting for ArduPilot flight controller... (no serial device found, retrying in 3s)
2026-10-02 17:09:14 | INFO | Waiting for ArduPilot flight controller... (no serial device found, retrying in 3s)
2026-10-02 17:09:17 | INFO | Waiting for ArduPilot flight controller... (no serial device found, retrying in 3s)
2026-10-02 17:09:20 | INFO | Waiting for ArduPilot flight controller... (no serial device found, retrying in 3s)
2026-10-02 17:09:23 | INFO | Waiting for ArduPilot flight controller... (no serial device found, retrying in 3s)
2026-10-02 17:09:26 | INFO | Waiting for ArduPilot flight controller... (no serial device found, retrying in 3s)
2026-10-02 17:09:29 | INFO | Waiting for ArduPilot flight controller... (no serial device found, retrying in 3s)
2026-10-02 17:09:32 | INFO | Waiting for ArduPilot flight controller... (no serial device found, retrying in 3s)
2026-10-02 17:09:35 | INFO | Waiting for ArduPilot flight controller... (no serial device found, retrying in 3s)
2026-10-02 17:09:38 | INFO | Waiting for ArduPilot flight controller... (no serial device found, retrying in 3s)
2026-10-02 17:09:41 | INFO | Waiting for ArduPilot flight controller... (no serial device found, retrying in 3s)
2026-10-02 17:09:44 | INFO | Waiting for ArduPilot flight controller... (no serial device found, retrying in 3s)
2026-10-02 17:09:47 | INFO | Waiting for ArduPilot flight controller... (no serial device found, retrying in 3s)
2026-10-02 17:09:50 | INFO | Waiting for ArduPilot flight controller... (no serial device found, retrying in 3s)
2026-10-02 17:09:53 | INFO | Waiting for ArduPilot flight controller... (no serial device found, retrying in 3s)
2026-10-02 17:09:56 | INFO | Waiting for ArduPilot flight controller... (no serial device found, retrying in 3s)
2026-10-02 17:09:59 | INFO | Waiting for ArduPilot flight controller... (no serial device found, retrying in 3s)
2026-10-02 17:10:02 | INFO | Waiting for ArduPilot flight controller... (no serial device found, retrying in 3s)
2026-10-02 17:10:05 | INFO | Waiting for ArduPilot flight controller... (no serial device found, retrying in 3s)
2026-10-02 17:10:08 | INFO | Waiting for ArduPilot flight controller... (no serial device found, retrying in 3s)
2026-10-02 17:10:11 | INFO | Waiting for ArduPilot flight controller... (no serial device found, retrying in 3s)
2026-10-02 17:10:14 | INFO | Waiting for ArduPilot flight controller... (no serial device found, retrying in 3s)
2026-10-02 17:10:17 | INFO | Waiting for ArduPilot flight controller... (no serial device found, retrying in 3s)
2026-10-02 17:10:20 | INFO | Waiting for ArduPilot flight controller... (no serial device found, retrying in 3s)
2026-10-02 17:10:23 | INFO | Waiting for ArduPilot flight controller... (no serial device found, retrying in 3s)
2026-10-02 17:10:26 | INFO | Waiting for ArduPilot flight controller... (no serial device found, retrying in 3s)
2026-10-02 17:10:29 | INFO | Waiting for ArduPilot flight controller... (no serial device found, retrying in 3s)
2026-10-02 17:10:32 | INFO | Waiting for ArduPilot flight controller... (no serial device found, retrying in 3s)
2026-10-02 17:10:35 | INFO | Waiting for ArduPilot flight controller... (no serial device found, retrying in 3s)
2026-10-02 17:10:38 | INFO | Waiting for ArduPilot flight controller... (no serial device found, retrying in 3s)
2026-10-02 17:10:41 | INFO | Waiting for ArduPilot flight controller... (no serial device found, retrying in 3s)
2026-10-02 17:10:44 | INFO | Waiting for ArduPilot flight controller... (no serial device found, retrying in 3s)
2026-10-02 17:10:47 | INFO | Waiting for ArduPilot flight controller... (no serial device found, retrying in 3s)
2026-10-02 17:10:50 | INFO | Waiting for ArduPilot flight controller... (no serial device found, retrying in 3s)
2026-10-02 17:10:53 | INFO | Waiting for ArduPilot flight controller... (no serial device found, retrying in 3s)
2026-10-02 17:10:56 | INFO | Waiting for ArduPilot flight controller... (no serial device found, retrying in 3s)
2026-10-02 17:10:59 | INFO | Waiting for ArduPilot flight controller... (no serial device found, retrying in 3s)
2026-10-02 17:11:02 | INFO | Waiting for ArduPilot flight controller... (no serial device found, retrying in 3s)
2026-10-02 17:11:05 | INFO | Waiting for ArduPilot flight controller... (no serial device found, retrying in 3s)
2026-10-02 17:11:08 | INFO | Waiting for ArduPilot flight controller... (no serial device found, retrying in 3s)
2026-10-02 17:11:11 | INFO | Waiting for ArduPilot flight controller... (no serial device found, retrying in 3s)
2026-10-02 17:11:14 | INFO | Waiting for ArduPilot flight controller... (no serial device found, retrying in 3s)
2026-10-02 17:11:17 | INFO | Waiting for ArduPilot flight controller... (no serial device found, retrying in 3s)
2026-10-02 17:11:20 | INFO | Waiting for ArduPilot flight controller... (no serial device found, retrying in 3s)
2026-10-02 17:11:23 | INFO | Waiting for ArduPilot flight controller... (no serial device found, retrying in 3s)
2026-10-02 17:11:26 | INFO | Waiting for ArduPilot flight controller... (no serial device found, retrying in 3s)
2026-10-02 17:11:29 | INFO | Waiting for ArduPilot flight controller... (no serial device found, retrying in 3s)
2026-10-02 17:11:32 | INFO | Waiting for ArduPilot flight controller... (no serial device found, retrying in 3s)
2026-10-02 17:11:35 | INFO | Waiting for ArduPilot flight controller... (no serial device found, retrying in 3s)
2026-10-02 17:11:38 | INFO | Waiting for ArduPilot flight controller... (no serial device found, retrying in 3s)
2026-10-02 17:11:41 | INFO | Waiting for ArduPilot flight controller... (no serial device found, retrying in 3s)
2026-10-02 17:11:44 | INFO | Waiting for ArduPilot flight controller... (no serial device found, retrying in 3s)
2026-10-02 17:11:47 | INFO | Waiting for ArduPilot flight controller... (no serial device found, retrying in 3s)
2026-10-02 17:11:50 | INFO | Waiting for ArduPilot flight controller... (no serial device found, retrying in 3s)
2026-10-02 17:11:53 | INFO | Waiting for ArduPilot flight controller... (no serial device found, retrying in 3s)
2026-10-02 17:11:56 | INFO | Waiting for ArduPilot flight controller... (no serial device found, retrying in 3s)
2026-10-02 17:11:59 | INFO | Waiting for ArduPilot flight controller... (no serial device found, retrying in 3s)
2026-10-02 17:12:02 | INFO | Waiting for ArduPilot flight controller... (no serial device found, retrying in 3s)
2026-10-02 17:12:05 | INFO | Waiting for ArduPilot flight controller... (no serial device found, retrying in 3s)
2026-10-02 17:12:08 | INFO | Waiting for ArduPilot flight controller... (no serial device found, retrying in 3s)
2026-10-02 17:12:11 | INFO | Waiting for ArduPilot flight controller... (no serial device found, retrying in 3s)
2026-10-02 17:12:14 | INFO | Waiting for ArduPilot flight controller... (no serial device found, retrying in 3s)
2026-10-02 17:12:17 | INFO | Waiting for ArduPilot flight controller... (no serial device found, retrying in 3s)
2026-10-02 17:12:20 | INFO | Waiting for ArduPilot flight controller... (no serial device found, retrying in 3s)
2026-10-02 17:12:23 | INFO | Waiting for ArduPilot flight controller... (no serial device found, retrying in 3s)
2026-10-02 17:12:26 | INFO | Waiting for ArduPilot flight controller... (no serial device found, retrying in 3s)
2026-10-02 17:12:29 | INFO | Waiting for ArduPilot flight controller... (no serial device found, retrying in 3s)
2026-10-02 17:12:32 | INFO | Waiting for ArduPilot flight controller... (no serial device found, retrying in 3s)
2026-10-02 17:12:35 | INFO | Waiting for ArduPilot flight controller... (no serial device found, retrying in 3s)
2026-10-02 17:12:38 | INFO | Waiting for ArduPilot flight controller... (no serial device found, retrying in 3s)
2026-10-02 17:12:41 | INFO | Waiting for ArduPilot flight controller... (no serial device found, retrying in 3s)
2026-10-02 17:12:44 | INFO | Waiting for ArduPilot flight controller... (no serial device found, retrying in 3s)
2026-10-02 17:12:47 | INFO | Waiting for ArduPilot flight controller... (no serial device found, retrying in 3s)
2026-10-02 17:12:50 | INFO | Waiting for ArduPilot flight controller... (no serial device found, retrying in 3s)
2026-10-02 17:12:53 | INFO | Waiting for ArduPilot flight controller... (no serial device found, retrying in 3s)
2026-10-02 17:12:56 | INFO | Waiting for ArduPilot flight controller... (no serial device found, retrying in 3s)
2026-10-02 17:12:59 | INFO | Waiting for ArduPilot flight controller... (no serial device found, retrying in 3s)
2026-10-02 17:13:02 | INFO | Waiting for ArduPilot flight controller... (no serial device found, retrying in 3s)
2026-10-02 17:13:05 | INFO | Waiting for ArduPilot flight controller... (no serial device found, retrying in 3s)
2026-10-02 17:13:08 | INFO | Waiting for ArduPilot flight controller... (no serial device found, retrying in 3s)
2026-10-02 17:13:11 | INFO | Waiting for ArduPilot flight controller... (no serial device found, retrying in 3s)
2026-10-02 17:13:14 | INFO | Waiting for ArduPilot flight controller... (no serial device found, retrying in 3s)
2026-10-02 17:13:17 | INFO | Waiting for ArduPilot flight controller... (no serial device found, retrying in 3s)
2026-10-02 17:13:20 | INFO | Waiting for ArduPilot flight controller... (no serial device found, retrying in 3s)
2026-10-02 17:13:23 | INFO | Waiting for ArduPilot flight controller... (no serial device found, retrying in 3s)
2026-10-02 17:13:26 | INFO | Waiting for ArduPilot flight controller... (no serial device found, retrying in 3s)
2026-10-02 17:13:29 | INFO | Waiting for ArduPilot flight controller... (no serial device found, retrying in 3s)
2026-10-02 17:13:32 | INFO | Waiting for ArduPilot flight controller... (no serial device found, retrying in 3s)
2026-10-02 17:13:35 | INFO | Waiting for ArduPilot flight controller... (no serial device found, retrying in 3s)
2026-10-02 17:13:38 | INFO | Waiting for ArduPilot flight controller... (no serial device found, retrying in 3s)
2026-10-02 17:13:41 | INFO | Waiting for ArduPilot flight controller... (no serial device found, retrying in 3s)
2026-10-02 17:13:44 | INFO | Waiting for ArduPilot flight controller... (no serial device found, retrying in 3s)
2026-10-02 17:13:47 | INFO | Waiting for ArduPilot flight controller... (no serial device found, retrying in 3s)
2026-10-02 17:13:50 | INFO | Waiting for ArduPilot flight controller... (no serial device found, retrying in 3s)
2026-10-02 17:13:53 | INFO | Waiting for ArduPilot flight controller... (no serial device found, retrying in 3s)
2026-10-02 17:13:56 | INFO | Waiting for ArduPilot flight controller... (no serial device found, retrying in 3s)
2026-10-02 17:13:59 | INFO | Waiting for ArduPilot flight controller... (no serial device found, retrying in 3s)
2026-10-02 17:14:02 | INFO | Waiting for ArduPilot flight controller... (no serial device found, retrying in 3s)
2026-10-02 17:14:05 | INFO | Waiting for ArduPilot flight controller... (no serial device found, retrying in 3s)
2026-10-02 17:14:08 | INFO | Waiting for ArduPilot flight controller... (no serial device found, retrying in 3s)
2026-10-02 17:14:11 | INFO | Waiting for ArduPilot flight controller... (no serial device found, retrying in 3s)
2026-10-02 17:14:14 | INFO | Waiting for ArduPilot flight controller... (no serial device found, retrying in 3s)
2026-10-02 17:14:17 | INFO | Waiting for ArduPilot flight controller... (no serial device found, retrying in 3s)
2026-10-02 17:14:20 | INFO | Waiting for ArduPilot flight controller... (no serial device found, retrying in 3s)
2026-10-02 17:14:23 | INFO | Waiting for ArduPilot flight controller... (no serial device found, retrying in 3s)
2026-10-02 17:14:26 | INFO | Waiting for ArduPilot flight controller... (no serial device found, retrying in 3s)
2026-10-02 17:14:29 | INFO | Waiting for ArduPilot flight controller... (no serial device found, retrying in 3s)
2026-10-02 17:14:32 | INFO | Waiting for ArduPilot flight controller... (no serial device found, retrying in 3s)
2026-10-02 17:14:35 | INFO | Waiting for ArduPilot flight controller... (no serial device found, retrying in 3s)
2026-10-02 17:14:38 | INFO | Waiting for ArduPilot flight controller... (no serial device found, retrying in 3s)
2026-10-02 17:14:41 | INFO | Waiting for ArduPilot flight controller... (no serial device found, retrying in 3s)
2026-10-02 17:14:44 | INFO | Waiting for ArduPilot flight controller... (no serial device found, retrying in 3s)
2026-10-02 17:14:47 | INFO | Waiting for ArduPilot flight controller... (no serial device found, retrying in 3s)
2026-10-02 17:14:50 | INFO | Waiting for ArduPilot flight controller... (no serial device found, retrying in 3s)
2026-10-02 17:14:53 | INFO | Waiting for ArduPilot flight controller... (no serial device found, retrying in 3s)
2026-10-02 17:14:56 | INFO | Waiting for ArduPilot flight controller... (no serial device found, retrying in 3s)
2026-10-02 17:14:59 | INFO | Waiting for ArduPilot flight controller... (no serial device found, retrying in 3s)
2026-10-02 17:15:02 | INFO | Waiting for ArduPilot flight controller... (no serial device found, retrying in 3s)
2026-10-02 17:15:05 | INFO | Waiting for ArduPilot flight controller... (no serial device found, retrying in 3s)
2026-10-02 17:15:08 | INFO | Waiting for ArduPilot flight controller... (no serial device found, retrying in 3s)
2026-10-02 17:15:11 | INFO | Waiting for ArduPilot flight controller... (no serial device found, retrying in 3s)
2026-10-02 17:15:14 | INFO | Waiting for ArduPilot flight controller... (no serial device found, retrying in 3s)
2026-10-02 17:15:17 | INFO | Waiting for ArduPilot flight controller... (no serial device found, retrying in 3s)
2026-10-02 17:15:20 | INFO | Waiting for ArduPilot flight controller... (no serial device found, retrying in 3s)
2026-10-02 17:15:23 | INFO | Waiting for ArduPilot flight controller... (no serial device found, retrying in 3s)
2026-10-02 17:15:26 | INFO | Waiting for ArduPilot flight controller... (no serial device found, retrying in 3s)
2026-10-02 17:15:29 | INFO | Waiting for ArduPilot flight controller... (no serial device found, retrying in 3s)
2026-10-02 17:15:32 | INFO | Waiting for ArduPilot flight controller... (no serial device found, retrying in 3s)
2026-10-02 17:15:35 | INFO | Waiting for ArduPilot flight controller... (no serial device found, retrying in 3s)
2026-10-02 17:15:38 | INFO | Waiting for ArduPilot flight controller... (no serial device found, retrying in 3s)
2026-10-02 17:15:41 | INFO | Waiting for ArduPilot flight controller... (no serial device found, retrying in 3s)
2026-10-02 17:15:44 | INFO | Waiting for ArduPilot flight controller... (no serial device found, retrying in 3s)
2026-10-02 17:15:47 | INFO | Waiting for ArduPilot flight controller... (no serial device found, retrying in 3s)
2026-10-02 17:15:50 | INFO | Waiting for ArduPilot flight controller... (no serial device found, retrying in 3s)
2026-10-02 17:15:53 | INFO | Waiting for ArduPilot flight controller... (no serial device found, retrying in 3s)
2026-10-02 17:15:56 | INFO | Waiting for ArduPilot flight controller... (no serial device found, retrying in 3s)
2026-10-02 17:15:59 | INFO | Waiting for ArduPilot flight controller... (no serial device found, retrying in 3s)
2026-10-02 17:16:02 | INFO | Waiting for ArduPilot flight controller... (no serial device found, retrying in 3s)
2026-10-02 17:16:05 | INFO | Waiting for ArduPilot flight controller... (no serial device found, retrying in 3s)
2026-10-02 17:16:08 | INFO | Waiting for ArduPilot flight controller... (no serial device found, retrying in 3s)
2026-10-02 17:16:11 | INFO | Waiting for ArduPilot flight controller... (no serial device found, retrying in 3s)
2026-10-02 17:16:14 | INFO | Waiting for ArduPilot flight controller... (no serial device found, retrying in 3s)
2026-10-02 17:16:17 | INFO | Waiting for ArduPilot flight controller... (no serial device found, retrying in 3s)
2026-10-02 17:16:20 | INFO | Waiting for ArduPilot flight controller... (no serial device found, retrying in 3s)
2026-10-02 17:16:23 | INFO | Waiting for ArduPilot flight controller... (no serial device found, retrying in 3s)
2026-10-02 17:16:26 | INFO | Waiting for ArduPilot flight controller... (no serial device found, retrying in 3s)
2026-10-02 17:16:29 | INFO | Waiting for ArduPilot flight controller... (no serial device found, retrying in 3s)
2026-10-02 17:16:32 | INFO | Waiting for ArduPilot flight controller... (no serial device found, retrying in 3s)
2026-10-02 17:16:35 | INFO | Waiting for ArduPilot flight controller... (no serial device found, retrying in 3s)
2026-10-02 17:16:38 | INFO | Waiting for ArduPilot flight controller... (no serial device found, retrying in 3s)
2026-10-02 17:16:41 | INFO | Waiting for ArduPilot flight controller... (no serial device found, retrying in 3s)
2026-10-02 17:16:44 | INFO | Waiting for ArduPilot flight controller... (no serial device found, retrying in 3s)
2026-10-02 17:16:47 | INFO | Waiting for ArduPilot flight controller... (no serial device found, retrying in 3s)
2026-10-02 17:16:50 | INFO | Waiting for ArduPilot flight controller... (no serial device found, retrying in 3s)
2026-10-02 17:16:53 | INFO | Waiting for ArduPilot flight controller... (no serial device found, retrying in 3s)
2026-10-02 17:16:56 | INFO | Waiting for ArduPilot flight controller... (no serial device found, retrying in 3s)
2026-10-02 17:16:59 | INFO | Waiting for ArduPilot flight controller... (no serial device found, retrying in 3s)
2026-10-02 17:17:02 | INFO | Waiting for ArduPilot flight controller... (no serial device found, retrying in 3s)
2026-10-02 17:17:05 | INFO | Waiting for ArduPilot flight controller... (no serial device found, retrying in 3s)
2026-10-02 17:17:08 | INFO | Waiting for ArduPilot flight controller... (no serial device found, retrying in 3s)
2026-10-02 17:17:11 | INFO | Waiting for ArduPilot flight controller... (no serial device found, retrying in 3s)
2026-10-02 17:17:14 | INFO | Waiting for ArduPilot flight controller... (no serial device found, retrying in 3s)
2026-10-02 17:17:17 | INFO | Waiting for ArduPilot flight controller... (no serial device found, retrying in 3s)
2026-10-02 17:17:20 | INFO | Waiting for ArduPilot flight controller... (no serial device found, retrying in 3s)
2026-10-02 17:17:23 | INFO | Waiting for ArduPilot flight controller... (no serial device found, retrying in 3s)
2026-10-02 17:17:26 | INFO | Waiting for ArduPilot flight controller... (no serial device found, retrying in 3s)
2026-10-02 17:17:29 | INFO | Waiting for ArduPilot flight controller... (no serial device found, retrying in 3s)
2026-10-02 17:17:32 | INFO | Waiting for ArduPilot flight controller... (no serial device found, retrying in 3s)
2026-10-02 17:17:35 | INFO | Waiting for ArduPilot flight controller... (no serial device found, retrying in 3s)
2026-10-02 17:17:38 | INFO | Waiting for ArduPilot flight controller... (no serial device found, retrying in 3s)
2026-10-02 17:17:41 | INFO | Waiting for ArduPilot flight controller... (no serial device found, retrying in 3s)
2026-10-02 17:17:44 | INFO | Waiting for ArduPilot flight controller... (no serial device found, retrying in 3s)
2026-10-02 17:17:47 | INFO | Waiting for ArduPilot flight controller... (no serial device found, retrying in 3s)
2026-10-02 17:17:50 | INFO | Waiting for ArduPilot flight controller... (no serial device found, retrying in 3s)
2026-10-02 17:17:53 | INFO | Waiting for ArduPilot flight controller... (no serial device found, retrying in 3s)
2026-10-02 17:17:56 | INFO | Waiting for ArduPilot flight controller... (no serial device found, retrying in 3s)
2026-10-02 17:17:59 | INFO | Waiting for ArduPilot flight controller... (no serial device found, retrying in 3s)
2026-10-02 17:18:02 | INFO | Waiting for ArduPilot flight controller... (no serial device found, retrying in 3s)
2026-10-02 17:18:05 | INFO | Waiting for ArduPilot flight controller... (no serial device found, retrying in 3s)
2026-10-02 17:18:08 | INFO | Waiting for ArduPilot flight controller... (no serial device found, retrying in 3s)
2026-10-02 17:18:11 | INFO | Waiting for ArduPilot flight controller... (no serial device found, retrying in 3s)
2026-10-02 17:18:14 | INFO | Waiting for ArduPilot flight controller... (no serial device found, retrying in 3s)
2026-10-02 17:18:17 | INFO | Waiting for ArduPilot flight controller... (no serial device found, retrying in 3s)
2026-10-02 17:18:20 | INFO | Waiting for ArduPilot flight controller... (no serial device found, retrying in 3s)
2026-10-02 17:18:23 | INFO | Waiting for ArduPilot flight controller... (no serial device found, retrying in 3s)
2026-10-02 17:18:26 | INFO | Waiting for ArduPilot flight controller... (no serial device found, retrying in 3s)
2026-10-02 17:18:29 | INFO | Waiting for ArduPilot flight controller... (no serial device found, retrying in 3s)
2026-10-02 17:18:32 | INFO | Waiting for ArduPilot flight controller... (no serial device found, retrying in 3s)
2026-10-02 17:18:35 | INFO | Waiting for ArduPilot flight controller... (no serial device found, retrying in 3s)
2026-10-02 17:18:38 | INFO | Waiting for ArduPilot flight controller... (no serial device found, retrying in 3s)
2026-10-02 17:18:41 | INFO | Waiting for ArduPilot flight controller... (no serial device found, retrying in 3s)
2026-10-02 17:18:44 | INFO | Waiting for ArduPilot flight controller... (no serial device found, retrying in 3s)
2026-10-02 17:18:47 | INFO | Waiting for ArduPilot flight controller... (no serial device found, retrying in 3s)
2026-10-02 17:18:50 | INFO | Waiting for ArduPilot flight controller... (no serial device found, retrying in 3s)
2026-10-02 17:18:53 | INFO | Waiting for ArduPilot flight controller... (no serial device found, retrying in 3s)
2026-10-02 17:18:56 | INFO | Waiting for ArduPilot flight controller... (no serial device found, retrying in 3s)
2026-10-02 17:18:59 | INFO | Waiting for ArduPilot flight controller... (no serial device found, retrying in 3s)
2026-10-02 17:19:02 | INFO | Waiting for ArduPilot flight controller... (no serial device found, retrying in 3s)
2026-10-02 17:19:05 | INFO | Waiting for ArduPilot flight controller... (no serial device found, retrying in 3s)
2026-10-02 17:19:08 | INFO | Waiting for ArduPilot flight controller... (no serial device found, retrying in 3s)
2026-10-02 17:19:11 | INFO | Waiting for ArduPilot flight controller... (no serial device found, retrying in 3s)
2026-10-02 17:19:14 | INFO | Waiting for ArduPilot flight controller... (no serial device found, retrying in 3s)
2026-10-02 17:19:17 | INFO | Waiting for ArduPilot flight controller... (no serial device found, retrying in 3s)
2026-10-02 17:19:20 | INFO | Waiting for ArduPilot flight controller... (no serial device found, retrying in 3s)
2026-10-02 17:19:23 | INFO | Waiting for ArduPilot flight controller... (no serial device found, retrying in 3s)
2026-10-02 17:19:26 | INFO | Waiting for ArduPilot flight controller... (no serial device found, retrying in 3s)
2026-10-02 17:19:29 | INFO | Waiting for ArduPilot flight controller... (no serial device found, retrying in 3s)
2026-10-02 17:19:32 | INFO | Waiting for ArduPilot flight controller... (no serial device found, retrying in 3s)
2026-10-02 17:19:35 | INFO | Waiting for ArduPilot flight controller... (no serial device found, retrying in 3s)
2026-10-02 17:19:38 | INFO | Waiting for ArduPilot flight controller... (no serial device found, retrying in 3s)
2026-10-02 17:19:41 | INFO | Waiting for ArduPilot flight controller... (no serial device found, retrying in 3s)
2026-10-02 17:19:44 | INFO | Waiting for ArduPilot flight controller... (no serial device found, retrying in 3s)
2026-10-02 17:19:47 | INFO | Waiting for ArduPilot flight controller... (no serial device found, retrying in 3s)
2026-10-02 17:19:50 | INFO | Waiting for ArduPilot flight controller... (no serial device found, retrying in 3s)
2026-10-02 17:19:53 | INFO | Waiting for ArduPilot flight controller... (no serial device found, retrying in 3s)
2026-10-02 17:19:56 | INFO | Waiting for ArduPilot flight controller... (no serial device found, retrying in 3s)
2026-10-02 17:19:59 | INFO | Waiting for ArduPilot flight controller... (no serial device found, retrying in 3s)
2026-10-02 17:20:02 | INFO | Waiting for ArduPilot flight controller... (no serial device found, retrying in 3s)
2026-10-02 17:20:05 | INFO | Waiting for ArduPilot flight controller... (no serial device found, retrying in 3s)
2026-10-02 17:20:08 | INFO | Waiting for ArduPilot flight controller... (no serial device found, retrying in 3s)
2026-10-02 17:20:11 | INFO | Waiting for ArduPilot flight controller... (no serial device found, retrying in 3s)
2026-10-02 17:20:14 | INFO | Waiting for ArduPilot flight controller... (no serial device found, retrying in 3s)
2026-10-02 17:20:17 | INFO | Waiting for ArduPilot flight controller... (no serial device found, retrying in 3s)
2026-10-02 17:20:20 | INFO | Waiting for ArduPilot flight controller... (no serial device found, retrying in 3s)
2026-10-02 17:20:23 | INFO | Waiting for ArduPilot flight controller... (no serial device found, retrying in 3s)
2026-10-02 17:20:26 | INFO | Waiting for ArduPilot flight controller... (no serial device found, retrying in 3s)
2026-10-02 17:20:29 | INFO | Waiting for ArduPilot flight controller... (no serial device found, retrying in 3s)
2026-10-02 17:20:32 | INFO | Waiting for ArduPilot flight controller... (no serial device found, retrying in 3s)
2026-10-02 17:20:35 | INFO | Waiting for ArduPilot flight controller... (no serial device found, retrying in 3s)
2026-10-02 17:20:38 | INFO | Waiting for ArduPilot flight controller... (no serial device found, retrying in 3s)
2026-10-02 17:20:41 | INFO | Waiting for ArduPilot flight controller... (no serial device found, retrying in 3s)
2026-10-02 17:20:44 | INFO | Waiting for ArduPilot flight controller... (no serial device found, retrying in 3s)
2026-10-02 17:20:47 | INFO | Waiting for ArduPilot flight controller... (no serial device found, retrying in 3s)
2026-10-02 17:20:50 | INFO | Waiting for ArduPilot flight controller... (no serial device found, retrying in 3s)
2026-10-02 17:20:53 | INFO | Waiting for ArduPilot flight controller... (no serial device found, retrying in 3s)
2026-10-02 17:20:56 | INFO | Waiting for ArduPilot flight controller... (no serial device found, retrying in 3s)
2026-10-02 17:20:59 | INFO | Waiting for ArduPilot flight controller... (no serial device found, retrying in 3s)
2026-10-02 17:21:02 | INFO | Waiting for ArduPilot flight controller... (no serial device found, retrying in 3s)
2026-10-02 17:21:05 | INFO | Waiting for ArduPilot flight controller... (no serial device found, retrying in 3s)
2026-10-02 17:21:08 | INFO | Waiting for ArduPilot flight controller... (no serial device found, retrying in 3s)
2026-10-02 17:21:11 | INFO | Waiting for ArduPilot flight controller... (no serial device found, retrying in 3s)
2026-10-02 17:21:14 | INFO | Waiting for ArduPilot flight controller... (no serial device found, retrying in 3s)
2026-10-02 17:21:17 | INFO | Waiting for ArduPilot flight controller... (no serial device found, retrying in 3s)
2026-10-02 17:21:20 | INFO | Waiting for ArduPilot flight controller... (no serial device found, retrying in 3s)
2026-10-02 17:21:23 | INFO | Waiting for ArduPilot flight controller... (no serial device found, retrying in 3s)
2026-10-02 17:21:26 | INFO | Waiting for ArduPilot flight controller... (no serial device found, retrying in 3s)
2026-10-02 17:21:29 | INFO | Waiting for ArduPilot flight controller... (no serial device found, retrying in 3s)
2026-10-02 17:21:32 | INFO | Waiting for ArduPilot flight controller... (no serial device found, retrying in 3s)
2026-10-02 17:21:35 | INFO | Waiting for ArduPilot flight controller... (no serial device found, retrying in 3s)
2026-10-02 17:21:38 | INFO | Waiting for ArduPilot flight controller... (no serial device found, retrying in 3s)
2026-10-02 17:21:41 | INFO | Waiting for ArduPilot flight controller... (no serial device found, retrying in 3s)
2026-10-02 17:21:44 | INFO | Waiting for ArduPilot flight controller... (no serial device found, retrying in 3s)
2026-10-02 17:21:47 | INFO | Waiting for ArduPilot flight controller... (no serial device found, retrying in 3s)
2026-10-02 17:21:50 | INFO | Waiting for ArduPilot flight controller... (no serial device found, retrying in 3s)
2026-10-02 17:21:53 | INFO | Waiting for ArduPilot flight controller... (no serial device found, retrying in 3s)
2026-10-02 17:21:56 | INFO | Waiting for ArduPilot flight controller... (no serial device found, retrying in 3s)
2026-10-02 17:21:59 | INFO | Waiting for ArduPilot flight controller... (no serial device found, retrying in 3s)
2026-10-02 17:22:02 | INFO | Waiting for ArduPilot flight controller... (no serial device found, retrying in 3s)
2026-10-02 17:22:05 | INFO | Waiting for ArduPilot flight controller... (no serial device found, retrying in 3s)
2026-10-02 17:22:08 | INFO | Waiting for ArduPilot flight controller... (no serial device found, retrying in 3s)
2026-10-02 17:22:11 | INFO | Waiting for ArduPilot flight controller... (no serial device found, retrying in 3s)
2026-10-02 17:22:14 | INFO | Waiting for ArduPilot flight controller... (no serial device found, retrying in 3s)
2026-10-02 17:22:17 | INFO | Waiting for ArduPilot flight controller... (no serial device found, retrying in 3s)
2026-10-02 17:22:20 | INFO | Waiting for ArduPilot flight controller... (no serial device found, retrying in 3s)
2026-10-02 17:22:23 | INFO | Waiting for ArduPilot flight controller... (no serial device found, retrying in 3s)
2026-10-02 17:22:26 | INFO | Waiting for ArduPilot flight controller... (no serial device found, retrying in 3s)
2026-10-02 17:22:29 | INFO | Waiting for ArduPilot flight controller... (no serial device found, retrying in 3s)
2026-10-02 17:22:32 | INFO | Waiting for ArduPilot flight controller... (no serial device found, retrying in 3s)
2026-10-02 17:22:35 | INFO | Waiting for ArduPilot flight controller... (no serial device found, retrying in 3s)
2026-10-02 17:22:38 | INFO | Waiting for ArduPilot flight controller... (no serial device found, retrying in 3s)
2026-10-02 17:22:41 | INFO | Waiting for ArduPilot flight controller... (no serial device found, retrying in 3s)
2026-10-02 17:22:44 | INFO | Waiting for ArduPilot flight controller... (no serial device found, retrying in 3s)
2026-10-02 17:22:47 | INFO | Waiting for ArduPilot flight controller... (no serial device found, retrying in 3s)
2026-10-02 17:22:50 | INFO | Waiting for ArduPilot flight controller... (no serial device found, retrying in 3s)
2026-10-02 17:22:53 | INFO | Waiting for ArduPilot flight controller... (no serial device found, retrying in 3s)
2026-10-02 17:22:56 | INFO | Waiting for ArduPilot flight controller... (no serial device found, retrying in 3s)
2026-10-02 17:22:59 | INFO | Waiting for ArduPilot flight controller... (no serial device found, retrying in 3s)
2026-10-02 17:23:02 | INFO | Waiting for ArduPilot flight controller... (no serial device found, retrying in 3s)
2026-10-02 17:23:05 | INFO | Waiting for ArduPilot flight controller... (no serial device found, retrying in 3s)
2026-10-02 17:23:08 | INFO | Waiting for ArduPilot flight controller... (no serial device found, retrying in 3s)
2026-10-02 17:23:11 | INFO | Waiting for ArduPilot flight controller... (no serial device found, retrying in 3s)
2026-10-02 17:23:14 | INFO | Waiting for ArduPilot flight controller... (no serial device found, retrying in 3s)
2026-10-02 17:23:17 | INFO | Waiting for ArduPilot flight controller... (no serial device found, retrying in 3s)
2026-10-02 17:23:20 | INFO | Waiting for ArduPilot flight controller... (no serial device found, retrying in 3s)
2026-10-02 17:23:23 | INFO | Waiting for ArduPilot flight controller... (no serial device found, retrying in 3s)
2026-10-02 17:23:26 | INFO | Waiting for ArduPilot flight controller... (no serial device found, retrying in 3s)
2026-10-02 17:23:29 | INFO | Waiting for ArduPilot flight controller... (no serial device found, retrying in 3s)
2026-10-02 17:23:32 | INFO | Waiting for ArduPilot flight controller... (no serial device found, retrying in 3s)
2026-10-02 17:23:35 | INFO | Waiting for ArduPilot flight controller... (no serial device found, retrying in 3s)
2026-10-02 17:23:38 | INFO | Waiting for ArduPilot flight controller... (no serial device found, retrying in 3s)
2026-10-02 17:23:41 | INFO | Waiting for ArduPilot flight controller... (no serial device found, retrying in 3s)
2026-10-02 17:23:44 | INFO | Waiting for ArduPilot flight controller... (no serial device found, retrying in 3s)
2026-10-02 17:23:47 | INFO | Waiting for ArduPilot flight controller... (no serial device found, retrying in 3s)
2026-10-02 17:23:50 | INFO | Waiting for ArduPilot flight controller... (no serial device found, retrying in 3s)
2026-10-02 17:23:53 | INFO | Waiting for ArduPilot flight controller... (no serial device found, retrying in 3s)
2026-10-02 17:23:56 | INFO | Waiting for ArduPilot flight controller... (no serial device found, retrying in 3s)
2026-10-02 17:23:59 | INFO | Waiting for ArduPilot flight controller... (no serial device found, retrying in 3s)
2026-10-02 17:24:02 | INFO | Waiting for ArduPilot flight controller... (no serial device found, retrying in 3s)
2026-10-02 17:24:05 | INFO | Waiting for ArduPilot flight controller... (no serial device found, retrying in 3s)
2026-10-02 17:24:08 | INFO | Waiting for ArduPilot flight controller... (no serial device found, retrying in 3s)
2026-10-02 17:24:11 | INFO | Waiting for ArduPilot flight controller... (no serial device found, retrying in 3s)
2026-10-02 17:24:14 | INFO | Waiting for ArduPilot flight controller... (no serial device found, retrying in 3s)
2026-10-02 17:24:17 | INFO | Waiting for ArduPilot flight controller... (no serial device found, retrying in 3s)
2026-10-02 17:24:20 | INFO | Waiting for ArduPilot flight controller... (no serial device found, retrying in 3s)
2026-10-02 17:24:23 | INFO | Waiting for ArduPilot flight controller... (no serial device found, retrying in 3s)
2026-10-02 17:24:26 | INFO | Waiting for ArduPilot flight controller... (no serial device found, retrying in 3s)
2026-10-02 17:24:29 | INFO | Waiting for ArduPilot flight controller... (no serial device found, retrying in 3s)
2026-10-02 17:24:32 | INFO | Waiting for ArduPilot flight controller... (no serial device found, retrying in 3s)
2026-10-02 17:24:35 | INFO | Waiting for ArduPilot flight controller... (no serial device found, retrying in 3s)
2026-10-02 17:24:38 | INFO | Waiting for ArduPilot flight controller... (no serial device found, retrying in 3s)
2026-10-02 17:24:41 | INFO | Waiting for ArduPilot flight controller... (no serial device found, retrying in 3s)
2026-10-02 17:24:44 | INFO | Waiting for ArduPilot flight controller... (no serial device found, retrying in 3s)
2026-10-02 17:24:47 | INFO | Waiting for ArduPilot flight controller... (no serial device found, retrying in 3s)
2026-10-02 17:24:50 | INFO | Waiting for ArduPilot flight controller... (no serial device found, retrying in 3s)
2026-10-02 17:24:53 | INFO | Waiting for ArduPilot flight controller... (no serial device found, retrying in 3s)
2026-10-02 17:24:56 | INFO | Waiting for ArduPilot flight controller... (no serial device found, retrying in 3s)
2026-10-02 17:24:59 | INFO | Waiting for ArduPilot flight controller... (no serial device found, retrying in 3s)
2026-10-02 17:25:02 | INFO | Waiting for ArduPilot flight controller... (no serial device found, retrying in 3s)
2026-10-02 17:25:05 | INFO | Waiting for ArduPilot flight controller... (no serial device found, retrying in 3s)
2026-10-02 17:25:08 | INFO | Waiting for ArduPilot flight controller... (no serial device found, retrying in 3s)
2026-10-02 17:25:11 | INFO | Waiting for ArduPilot flight controller... (no serial device found, retrying in 3s)
2026-10-02 17:25:14 | INFO | Waiting for ArduPilot flight controller... (no serial device found, retrying in 3s)
2026-10-02 17:25:17 | INFO | Waiting for ArduPilot flight controller... (no serial device found, retrying in 3s)
2026-10-02 17:25:20 | INFO | Waiting for ArduPilot flight controller... (no serial device found, retrying in 3s)
2026-10-02 17:25:23 | INFO | Waiting for ArduPilot flight controller... (no serial device found, retrying in 3s)
2026-10-02 17:25:26 | INFO | Waiting for ArduPilot flight controller... (no serial device found, retrying in 3s)
2026-10-02 17:25:29 | INFO | Waiting for ArduPilot flight controller... (no serial device found, retrying in 3s)
2026-10-02 17:25:32 | INFO | Waiting for ArduPilot flight controller... (no serial device found, retrying in 3s)
2026-10-02 17:25:35 | INFO | Waiting for ArduPilot flight controller... (no serial device found, retrying in 3s)
2026-10-02 17:25:38 | INFO | Waiting for ArduPilot flight controller... (no serial device found, retrying in 3s)
2026-10-02 17:25:41 | INFO | Waiting for ArduPilot flight controller... (no serial device found, retrying in 3s)
2026-10-02 17:25:44 | INFO | Waiting for ArduPilot flight controller... (no serial device found, retrying in 3s)
2026-10-02 17:25:47 | INFO | Waiting for ArduPilot flight controller... (no serial device found, retrying in 3s)
2026-10-02 17:25:50 | INFO | Waiting for ArduPilot flight controller... (no serial device found, retrying in 3s)
2026-10-02 17:25:53 | INFO | Waiting for ArduPilot flight controller... (no serial device found, retrying in 3s)
2026-10-02 17:25:56 | INFO | Waiting for ArduPilot flight controller... (no serial device found, retrying in 3s)
2026-10-02 17:25:59 | INFO | Waiting for ArduPilot flight controller... (no serial device found, retrying in 3s)
2026-10-02 17:26:02 | INFO | Waiting for ArduPilot flight controller... (no serial device found, retrying in 3s)
2026-10-02 17:26:05 | INFO | Waiting for ArduPilot flight controller... (no serial device found, retrying in 3s)
2026-10-02 17:26:08 | INFO | Waiting for ArduPilot flight controller... (no serial device found, retrying in 3s)
2026-10-02 17:26:11 | INFO | Waiting for ArduPilot flight controller... (no serial device found, retrying in 3s)
2026-10-02 17:26:14 | INFO | Waiting for ArduPilot flight controller... (no serial device found, retrying in 3s)
2026-10-02 17:26:17 | INFO | Waiting for ArduPilot flight controller... (no serial device found, retrying in 3s)
2026-10-02 17:26:20 | INFO | Waiting for ArduPilot flight controller... (no serial device found, retrying in 3s)
2026-10-02 17:26:23 | INFO | Waiting for ArduPilot flight controller... (no serial device found, retrying in 3s)
2026-10-02 17:26:26 | INFO | Waiting for ArduPilot flight controller... (no serial device found, retrying in 3s)
2026-10-02 17:26:29 | INFO | Waiting for ArduPilot flight controller... (no serial device found, retrying in 3s)
2026-10-02 17:26:32 | INFO | Waiting for ArduPilot flight controller... (no serial device found, retrying in 3s)
2026-10-02 17:26:35 | INFO | Waiting for ArduPilot flight controller... (no serial device found, retrying in 3s)
2026-10-02 17:26:39 | INFO | Waiting for ArduPilot flight controller... (no serial device found, retrying in 3s)
2026-10-02 17:26:42 | INFO | Waiting for ArduPilot flight controller... (no serial device found, retrying in 3s)
2026-10-02 17:26:45 | INFO | Waiting for ArduPilot flight controller... (no serial device found, retrying in 3s)
2026-10-02 17:26:48 | INFO | Waiting for ArduPilot flight controller... (no serial device found, retrying in 3s)
2026-10-02 17:26:51 | INFO | Waiting for ArduPilot flight controller... (no serial device found, retrying in 3s)
2026-10-02 17:26:54 | INFO | Waiting for ArduPilot flight controller... (no serial device found, retrying in 3s)
2026-10-02 17:26:57 | INFO | Waiting for ArduPilot flight controller... (no serial device found, retrying in 3s)
2026-10-02 17:27:00 | INFO | Waiting for ArduPilot flight controller... (no serial device found, retrying in 3s)
2026-10-02 17:27:03 | INFO | Waiting for ArduPilot flight controller... (no serial device found, retrying in 3s)
2026-10-02 17:27:06 | INFO | Waiting for ArduPilot flight controller... (no serial device found, retrying in 3s)
2026-10-02 17:27:09 | INFO | Waiting for ArduPilot flight controller... (no serial device found, retrying in 3s)
2026-10-02 17:27:12 | INFO | Waiting for ArduPilot flight controller... (no serial device found, retrying in 3s)
2026-10-02 17:27:15 | INFO | Waiting for ArduPilot flight controller... (no serial device found, retrying in 3s)
2026-10-02 17:27:18 | INFO | Waiting for ArduPilot flight controller... (no serial device found, retrying in 3s)
2026-10-02 17:27:21 | INFO | Waiting for ArduPilot flight controller... (no serial device found, retrying in 3s)
2026-10-02 17:27:24 | INFO | Waiting for ArduPilot flight controller... (no serial device found, retrying in 3s)
2026-10-02 17:27:27 | INFO | Waiting for ArduPilot flight controller... (no serial device found, retrying in 3s)
2026-10-02 17:27:30 | INFO | Waiting for ArduPilot flight controller... (no serial device found, retrying in 3s)
2026-10-02 17:27:33 | INFO | Waiting for ArduPilot flight controller... (no serial device found, retrying in 3s)
2026-10-02 17:27:36 | INFO | Waiting for ArduPilot flight controller... (no serial device found, retrying in 3s)
2026-10-02 17:27:39 | INFO | Waiting for ArduPilot flight controller... (no serial device found, retrying in 3s)
2026-10-02 17:27:42 | INFO | Waiting for ArduPilot flight controller... (no serial device found, retrying in 3s)
2026-10-02 17:27:45 | INFO | Waiting for ArduPilot flight controller... (no serial device found, retrying in 3s)
2026-10-02 17:27:48 | INFO | Waiting for ArduPilot flight controller... (no serial device found, retrying in 3s)
2026-10-02 17:27:51 | INFO | Waiting for ArduPilot flight controller... (no serial device found, retrying in 3s)
2026-10-02 17:27:54 | INFO | Waiting for ArduPilot flight controller... (no serial device found, retrying in 3s)
2026-10-02 17:27:57 | INFO | Waiting for ArduPilot flight controller... (no serial device found, retrying in 3s)
2026-10-02 17:28:00 | INFO | Waiting for ArduPilot flight controller... (no serial device found, retrying in 3s)
2026-10-02 17:28:03 | INFO | Waiting for ArduPilot flight controller... (no serial device found, retrying in 3s)
2026-10-02 17:28:06 | INFO | Waiting for ArduPilot flight controller... (no serial device found, retrying in 3s)
2026-10-02 17:28:09 | INFO | Waiting for ArduPilot flight controller... (no serial device found, retrying in 3s)
2026-10-02 17:28:12 | INFO | Waiting for ArduPilot flight controller... (no serial device found, retrying in 3s)
2026-10-02 17:28:15 | INFO | Waiting for ArduPilot flight controller... (no serial device found, retrying in 3s)
2026-10-02 17:28:18 | INFO | Waiting for ArduPilot flight controller... (no serial device found, retrying in 3s)
2026-10-02 17:28:21 | INFO | Waiting for ArduPilot flight controller... (no serial device found, retrying in 3s)
2026-10-02 17:28:24 | INFO | Waiting for ArduPilot flight controller... (no serial device found, retrying in 3s)
2026-10-02 17:28:27 | INFO | Waiting for ArduPilot flight controller... (no serial device found, retrying in 3s)
2026-10-02 17:28:30 | INFO | Waiting for ArduPilot flight controller... (no serial device found, retrying in 3s)
2026-10-02 17:28:33 | INFO | Waiting for ArduPilot flight controller... (no serial device found, retrying in 3s)
2026-10-02 17:28:36 | INFO | Waiting for ArduPilot flight controller... (no serial device found, retrying in 3s)
2026-10-02 17:28:39 | INFO | Waiting for ArduPilot flight controller... (no serial device found, retrying in 3s)
2026-10-02 17:28:42 | INFO | Waiting for ArduPilot flight controller... (no serial device found, retrying in 3s)
2026-10-02 17:28:45 | INFO | Waiting for ArduPilot flight controller... (no serial device found, retrying in 3s)
2026-10-02 17:28:48 | INFO | Waiting for ArduPilot flight controller... (no serial device found, retrying in 3s)
2026-10-02 17:28:51 | INFO | Waiting for ArduPilot flight controller... (no serial device found, retrying in 3s)
2026-10-02 17:28:54 | INFO | Waiting for ArduPilot flight controller... (no serial device found, retrying in 3s)
2026-10-02 17:28:57 | INFO | Waiting for ArduPilot flight controller... (no serial device found, retrying in 3s)
2026-10-02 17:29:00 | INFO | Waiting for ArduPilot flight controller... (no serial device found, retrying in 3s)
2026-10-02 17:29:03 | INFO | Waiting for ArduPilot flight controller... (no serial device found, retrying in 3s)
2026-10-02 17:29:06 | INFO | Waiting for ArduPilot flight controller... (no serial device found, retrying in 3s)
2026-10-02 17:29:09 | INFO | Waiting for ArduPilot flight controller... (no serial device found, retrying in 3s)
2026-10-02 17:29:12 | INFO | Waiting for ArduPilot flight controller... (no serial device found, retrying in 3s)
2026-10-02 17:29:15 | INFO | Waiting for ArduPilot flight controller... (no serial device found, retrying in 3s)
2026-10-02 17:29:18 | INFO | Waiting for ArduPilot flight controller... (no serial device found, retrying in 3s)
2026-10-02 17:29:21 | INFO | Waiting for ArduPilot flight controller... (no serial device found, retrying in 3s)
2026-10-02 17:29:24 | INFO | Waiting for ArduPilot flight controller... (no serial device found, retrying in 3s)
2026-10-02 17:29:27 | INFO | Waiting for ArduPilot flight controller... (no serial device found, retrying in 3s)
2026-10-02 17:29:30 | INFO | Waiting for ArduPilot flight controller... (no serial device found, retrying in 3s)
2026-10-02 17:29:33 | INFO | Waiting for ArduPilot flight controller... (no serial device found, retrying in 3s)
2026-10-02 17:29:36 | INFO | Waiting for ArduPilot flight controller... (no serial device found, retrying in 3s)
2026-10-02 17:29:39 | INFO | Waiting for ArduPilot flight controller... (no serial device found, retrying in 3s)
2026-10-02 17:29:42 | INFO | Waiting for ArduPilot flight controller... (no serial device found, retrying in 3s)
2026-10-02 17:29:45 | INFO | Waiting for ArduPilot flight controller... (no serial device found, retrying in 3s)
2026-10-02 17:29:48 | INFO | Waiting for ArduPilot flight controller... (no serial device found, retrying in 3s)
2026-10-02 17:29:51 | INFO | Waiting for ArduPilot flight controller... (no serial device found, retrying in 3s)
2026-10-02 17:29:54 | INFO | Waiting for ArduPilot flight controller... (no serial device found, retrying in 3s)
2026-10-02 17:29:57 | INFO | Waiting for ArduPilot flight controller... (no serial device found, retrying in 3s)
2026-10-02 17:30:00 | INFO | Waiting for ArduPilot flight controller... (no serial device found, retrying in 3s)
2026-10-02 17:30:03 | INFO | Waiting for ArduPilot flight controller... (no serial device found, retrying in 3s)
2026-10-02 17:30:06 | INFO | Waiting for ArduPilot flight controller... (no serial device found, retrying in 3s)
2026-10-02 17:30:09 | INFO | Waiting for ArduPilot flight controller... (no serial device found, retrying in 3s)
2026-10-02 17:30:12 | INFO | Waiting for ArduPilot flight controller... (no serial device found, retrying in 3s)
2026-10-02 17:30:15 | INFO | Waiting for ArduPilot flight controller... (no serial device found, retrying in 3s)
2026-10-02 17:30:18 | INFO | Waiting for ArduPilot flight controller... (no serial device found, retrying in 3s)
2026-10-02 17:30:21 | INFO | Waiting for ArduPilot flight controller... (no serial device found, retrying in 3s)
2026-10-02 17:30:24 | INFO | Waiting for ArduPilot flight controller... (no serial device found, retrying in 3s)
2026-10-02 17:30:27 | INFO | Waiting for ArduPilot flight controller... (no serial device found, retrying in 3s)
2026-10-02 17:30:30 | INFO | Waiting for ArduPilot flight controller... (no serial device found, retrying in 3s)
2026-10-02 17:30:33 | INFO | Waiting for ArduPilot flight controller... (no serial device found, retrying in 3s)
2026-10-02 17:30:36 | INFO | Waiting for ArduPilot flight controller... (no serial device found, retrying in 3s)
2026-10-02 17:30:39 | INFO | Waiting for ArduPilot flight controller... (no serial device found, retrying in 3s)
2026-10-02 17:30:42 | INFO | Waiting for ArduPilot flight controller... (no serial device found, retrying in 3s)
2026-10-02 17:30:45 | INFO | Waiting for ArduPilot flight controller... (no serial device found, retrying in 3s)
2026-10-02 17:30:48 | INFO | Waiting for ArduPilot flight controller... (no serial device found, retrying in 3s)
2026-10-02 17:30:51 | INFO | Waiting for ArduPilot flight controller... (no serial device found, retrying in 3s)
2026-10-02 17:30:54 | INFO | Waiting for ArduPilot flight controller... (no serial device found, retrying in 3s)
2026-10-02 17:30:57 | INFO | Waiting for ArduPilot flight controller... (no serial device found, retrying in 3s)
2026-10-02 17:31:00 | INFO | Waiting for ArduPilot flight controller... (no serial device found, retrying in 3s)
2026-10-02 17:31:03 | INFO | Waiting for ArduPilot flight controller... (no serial device found, retrying in 3s)
2026-10-02 17:31:06 | INFO | Waiting for ArduPilot flight controller... (no serial device found, retrying in 3s)
2026-10-02 17:31:09 | INFO | Waiting for ArduPilot flight controller... (no serial device found, retrying in 3s)
2026-10-02 17:31:12 | INFO | Waiting for ArduPilot flight controller... (no serial device found, retrying in 3s)
2026-10-02 17:31:15 | INFO | Waiting for ArduPilot flight controller... (no serial device found, retrying in 3s)
2026-10-02 17:31:18 | INFO | Waiting for ArduPilot flight controller... (no serial device found, retrying in 3s)
2026-10-02 17:31:21 | INFO | Waiting for ArduPilot flight controller... (no serial device found, retrying in 3s)
2026-10-02 17:31:24 | INFO | Waiting for ArduPilot flight controller... (no serial device found, retrying in 3s)
2026-10-02 17:31:27 | INFO | Waiting for ArduPilot flight controller... (no serial device found, retrying in 3s)
2026-10-02 17:31:30 | INFO | Waiting for ArduPilot flight controller... (no serial device found, retrying in 3s)
2026-10-02 17:31:33 | INFO | Waiting for ArduPilot flight controller... (no serial device found, retrying in 3s)
2026-10-02 17:31:36 | INFO | Waiting for ArduPilot flight controller... (no serial device found, retrying in 3s)
2026-10-02 17:31:39 | INFO | Waiting for ArduPilot flight controller... (no serial device found, retrying in 3s)
2026-10-02 17:31:42 | INFO | Waiting for ArduPilot flight controller... (no serial device found, retrying in 3s)
2026-10-02 17:31:45 | INFO | Waiting for ArduPilot flight controller... (no serial device found, retrying in 3s)
2026-10-02 17:31:48 | INFO | Waiting for ArduPilot flight controller... (no serial device found, retrying in 3s)
2026-10-02 17:31:51 | INFO | Waiting for ArduPilot flight controller... (no serial device found, retrying in 3s)
2026-10-02 17:31:54 | INFO | Waiting for ArduPilot flight controller... (no serial device found, retrying in 3s)
2026-10-02 17:31:57 | INFO | Waiting for ArduPilot flight controller... (no serial device found, retrying in 3s)
2026-10-02 17:32:00 | INFO | Waiting for ArduPilot flight controller... (no serial device found, retrying in 3s)
2026-10-02 17:32:03 | INFO | Waiting for ArduPilot flight controller... (no serial device found, retrying in 3s)
2026-10-02 17:32:06 | INFO | Waiting for ArduPilot flight controller... (no serial device found, retrying in 3s)
2026-10-02 17:32:09 | INFO | Waiting for ArduPilot flight controller... (no serial device found, retrying in 3s)
2026-10-02 17:32:12 | INFO | Waiting for ArduPilot flight controller... (no serial device found, retrying in 3s)
2026-10-02 17:32:15 | INFO | Waiting for ArduPilot flight controller... (no serial device found, retrying in 3s)
2026-10-02 17:32:18 | INFO | Waiting for ArduPilot flight controller... (no serial device found, retrying in 3s)
2026-10-02 17:32:21 | INFO | Waiting for ArduPilot flight controller... (no serial device found, retrying in 3s)
2026-10-02 17:32:24 | INFO | Waiting for ArduPilot flight controller... (no serial device found, retrying in 3s)
2026-10-02 17:32:27 | INFO | Waiting for ArduPilot flight controller... (no serial device found, retrying in 3s)
2026-10-02 17:32:30 | INFO | Waiting for ArduPilot flight controller... (no serial device found, retrying in 3s)
2026-10-02 17:32:33 | INFO | Waiting for ArduPilot flight controller... (no serial device found, retrying in 3s)
2026-10-02 17:32:36 | INFO | Waiting for ArduPilot flight controller... (no serial device found, retrying in 3s)
2026-10-02 17:32:39 | INFO | Waiting for ArduPilot flight controller... (no serial device found, retrying in 3s)
2026-10-02 17:32:42 | INFO | Waiting for ArduPilot flight controller... (no serial device found, retrying in 3s)
2026-10-02 17:32:45 | INFO | Waiting for ArduPilot flight controller... (no serial device found, retrying in 3s)
2026-10-02 17:32:48 | INFO | Waiting for ArduPilot flight controller... (no serial device found, retrying in 3s)
2026-10-02 17:32:51 | INFO | Waiting for ArduPilot flight controller... (no serial device found, retrying in 3s)
2026-10-02 17:32:54 | INFO | Waiting for ArduPilot flight controller... (no serial device found, retrying in 3s)
2026-10-02 17:32:57 | INFO | Waiting for ArduPilot flight controller... (no serial device found, retrying in 3s)
2026-10-02 17:33:00 | INFO | Waiting for ArduPilot flight controller... (no serial device found, retrying in 3s)
2026-10-02 17:33:03 | INFO | Waiting for ArduPilot flight controller... (no serial device found, retrying in 3s)
2026-10-02 17:33:06 | INFO | Waiting for ArduPilot flight controller... (no serial device found, retrying in 3s)
2026-10-02 17:33:09 | INFO | Waiting for ArduPilot flight controller... (no serial device found, retrying in 3s)
2026-10-02 17:33:12 | INFO | Waiting for ArduPilot flight controller... (no serial device found, retrying in 3s)
2026-10-02 17:33:15 | INFO | Waiting for ArduPilot flight controller... (no serial device found, retrying in 3s)
2026-10-02 17:33:18 | INFO | Waiting for ArduPilot flight controller... (no serial device found, retrying in 3s)
2026-10-02 17:33:21 | INFO | Waiting for ArduPilot flight controller... (no serial device found, retrying in 3s)
2026-10-02 17:33:24 | INFO | Waiting for ArduPilot flight controller... (no serial device found, retrying in 3s)
2026-10-02 17:33:27 | INFO | Waiting for ArduPilot flight controller... (no serial device found, retrying in 3s)
2026-10-02 17:33:30 | INFO | Waiting for ArduPilot flight controller... (no serial device found, retrying in 3s)
2026-10-02 17:33:33 | INFO | Waiting for ArduPilot flight controller... (no serial device found, retrying in 3s)
2026-10-02 17:33:36 | INFO | Waiting for ArduPilot flight controller... (no serial device found, retrying in 3s)
2026-10-02 17:33:39 | INFO | Waiting for ArduPilot flight controller... (no serial device found, retrying in 3s)
2026-10-02 17:33:42 | INFO | Waiting for ArduPilot flight controller... (no serial device found, retrying in 3s)
2026-10-02 17:33:45 | INFO | Waiting for ArduPilot flight controller... (no serial device found, retrying in 3s)
2026-10-02 17:33:48 | INFO | Waiting for ArduPilot flight controller... (no serial device found, retrying in 3s)
2026-10-02 17:33:51 | INFO | Waiting for ArduPilot flight controller... (no serial device found, retrying in 3s)
2026-10-02 17:33:54 | INFO | Waiting for ArduPilot flight controller... (no serial device found, retrying in 3s)
2026-10-02 17:33:57 | INFO | Waiting for ArduPilot flight controller... (no serial device found, retrying in 3s)
2026-10-02 17:34:00 | INFO | Waiting for ArduPilot flight controller... (no serial device found, retrying in 3s)
2026-10-02 17:34:03 | INFO | Waiting for ArduPilot flight controller... (no serial device found, retrying in 3s)
2026-10-02 17:34:06 | INFO | Waiting for ArduPilot flight controller... (no serial device found, retrying in 3s)
2026-10-02 17:34:09 | INFO | Waiting for ArduPilot flight controller... (no serial device found, retrying in 3s)
2026-10-02 17:34:12 | INFO | Waiting for ArduPilot flight controller... (no serial device found, retrying in 3s)
2026-10-02 17:34:15 | INFO | Waiting for ArduPilot flight controller... (no serial device found, retrying in 3s)
2026-10-02 17:34:18 | INFO | Waiting for ArduPilot flight controller... (no serial device found, retrying in 3s)
2026-10-02 17:34:21 | INFO | Waiting for ArduPilot flight controller... (no serial device found, retrying in 3s)
2026-10-02 17:34:24 | INFO | Waiting for ArduPilot flight controller... (no serial device found, retrying in 3s)
2026-10-02 17:34:27 | INFO | Waiting for ArduPilot flight controller... (no serial device found, retrying in 3s)
2026-10-02 17:34:30 | INFO | Waiting for ArduPilot flight controller... (no serial device found, retrying in 3s)
2026-10-02 17:34:33 | INFO | Waiting for ArduPilot flight controller... (no serial device found, retrying in 3s)
2026-10-02 17:34:36 | INFO | Waiting for ArduPilot flight controller... (no serial device found, retrying in 3s)
2026-10-02 17:34:39 | INFO | Waiting for ArduPilot flight controller... (no serial device found, retrying in 3s)
2026-10-02 17:34:42 | INFO | Waiting for ArduPilot flight controller... (no serial device found, retrying in 3s)
2026-10-02 17:34:45 | INFO | Waiting for ArduPilot flight controller... (no serial device found, retrying in 3s)
2026-10-02 17:34:48 | INFO | Waiting for ArduPilot flight controller... (no serial device found, retrying in 3s)
2026-10-02 17:34:51 | INFO | Waiting for ArduPilot flight controller... (no serial device found, retrying in 3s)
2026-10-02 17:34:54 | INFO | Waiting for ArduPilot flight controller... (no serial device found, retrying in 3s)
2026-10-02 17:34:57 | INFO | Waiting for ArduPilot flight controller... (no serial device found, retrying in 3s)
2026-10-02 17:35:00 | INFO | Waiting for ArduPilot flight controller... (no serial device found, retrying in 3s)
2026-10-02 17:35:03 | INFO | Waiting for ArduPilot flight controller... (no serial device found, retrying in 3s)
2026-10-02 17:35:06 | INFO | Waiting for ArduPilot flight controller... (no serial device found, retrying in 3s)
2026-10-02 17:35:09 | INFO | Waiting for ArduPilot flight controller... (no serial device found, retrying in 3s)
2026-10-02 17:35:12 | INFO | Waiting for ArduPilot flight controller... (no serial device found, retrying in 3s)
2026-10-02 17:35:15 | INFO | Waiting for ArduPilot flight controller... (no serial device found, retrying in 3s)
2026-10-02 17:35:18 | INFO | Waiting for ArduPilot flight controller... (no serial device found, retrying in 3s)
2026-10-02 17:35:21 | INFO | Waiting for ArduPilot flight controller... (no serial device found, retrying in 3s)
2026-10-02 17:35:24 | INFO | Waiting for ArduPilot flight controller... (no serial device found, retrying in 3s)
2026-10-02 17:35:27 | INFO | Waiting for ArduPilot flight controller... (no serial device found, retrying in 3s)
2026-10-02 17:35:30 | INFO | Waiting for ArduPilot flight controller... (no serial device found, retrying in 3s)
2026-10-02 17:35:33 | INFO | Waiting for ArduPilot flight controller... (no serial device found, retrying in 3s)
2026-10-02 17:35:36 | INFO | Waiting for ArduPilot flight controller... (no serial device found, retrying in 3s)
2026-10-02 17:35:39 | INFO | Waiting for ArduPilot flight controller... (no serial device found, retrying in 3s)
2026-10-02 17:35:42 | INFO | Waiting for ArduPilot flight controller... (no serial device found, retrying in 3s)
2026-10-02 17:35:45 | INFO | Waiting for ArduPilot flight controller... (no serial device found, retrying in 3s)
2026-10-02 17:35:48 | INFO | Waiting for ArduPilot flight controller... (no serial device found, retrying in 3s)
2026-10-02 17:35:51 | INFO | Waiting for ArduPilot flight controller... (no serial device found, retrying in 3s)
2026-10-02 17:35:54 | INFO | Waiting for ArduPilot flight controller... (no serial device found, retrying in 3s)
2026-10-02 17:35:57 | INFO | Waiting for ArduPilot flight controller... (no serial device found, retrying in 3s)
2026-10-02 17:36:00 | INFO | Waiting for ArduPilot flight controller... (no serial device found, retrying in 3s)
2026-10-02 17:36:03 | INFO | Waiting for ArduPilot flight controller... (no serial device found, retrying in 3s)
2026-10-02 17:36:06 | INFO | Waiting for ArduPilot flight controller... (no serial device found, retrying in 3s)
2026-10-02 17:36:09 | INFO | Waiting for ArduPilot flight controller... (no serial device found, retrying in 3s)
2026-10-02 17:36:12 | INFO | Waiting for ArduPilot flight controller... (no serial device found, retrying in 3s)
2026-10-02 17:36:15 | INFO | Waiting for ArduPilot flight controller... (no serial device found, retrying in 3s)
2026-10-02 17:36:18 | INFO | Waiting for ArduPilot flight controller... (no serial device found, retrying in 3s)
2026-10-02 17:36:21 | INFO | Waiting for ArduPilot flight controller... (no serial device found, retrying in 3s)
2026-10-02 17:36:24 | INFO | Waiting for ArduPilot flight controller... (no serial device found, retrying in 3s)
2026-10-02 17:36:27 | INFO | Waiting for ArduPilot flight controller... (no serial device found, retrying in 3s)
2026-10-02 17:36:30 | INFO | Waiting for ArduPilot flight controller... (no serial device found, retrying in 3s)
2026-10-02 17:36:33 | INFO | Waiting for ArduPilot flight controller... (no serial device found, retrying in 3s)
2026-10-02 17:36:36 | INFO | Waiting for ArduPilot flight controller... (no serial device found, retrying in 3s)
2026-10-02 17:36:39 | INFO | Waiting for ArduPilot flight controller... (no serial device found, retrying in 3s)
2026-10-02 17:36:42 | INFO | Waiting for ArduPilot flight controller... (no serial device found, retrying in 3s)
2026-10-02 17:36:45 | INFO | Waiting for ArduPilot flight controller... (no serial device found, retrying in 3s)
2026-10-02 17:36:48 | INFO | Waiting for ArduPilot flight controller... (no serial device found, retrying in 3s)
2026-10-02 17:36:51 | INFO | Waiting for ArduPilot flight controller... (no serial device found, retrying in 3s)
2026-10-02 17:36:54 | INFO | Waiting for ArduPilot flight controller... (no serial device found, retrying in 3s)
2026-10-02 17:36:57 | INFO | Waiting for ArduPilot flight controller... (no serial device found, retrying in 3s)
2026-10-02 17:37:00 | INFO | Waiting for ArduPilot flight controller... (no serial device found, retrying in 3s)
2026-10-02 17:37:03 | INFO | Waiting for ArduPilot flight controller... (no serial device found, retrying in 3s)
2026-10-02 17:37:06 | INFO | Waiting for ArduPilot flight controller... (no serial device found, retrying in 3s)
2026-10-02 17:37:09 | INFO | Waiting for ArduPilot flight controller... (no serial device found, retrying in 3s)
2026-10-02 17:37:12 | INFO | Waiting for ArduPilot flight controller... (no serial device found, retrying in 3s)
2026-10-02 17:37:15 | INFO | Waiting for ArduPilot flight controller... (no serial device found, retrying in 3s)
2026-10-02 17:37:18 | INFO | Waiting for ArduPilot flight controller... (no serial device found, retrying in 3s)
2026-10-02 17:37:21 | INFO | Waiting for ArduPilot flight controller... (no serial device found, retrying in 3s)
2026-10-02 17:37:24 | INFO | Waiting for ArduPilot flight controller... (no serial device found, retrying in 3s)
2026-10-02 17:37:27 | INFO | Waiting for ArduPilot flight controller... (no serial device found, retrying in 3s)
2026-10-02 17:37:30 | INFO | Waiting for ArduPilot flight controller... (no serial device found, retrying in 3s)
2026-10-02 17:37:33 | INFO | Waiting for ArduPilot flight controller... (no serial device found, retrying in 3s)
2026-10-02 17:37:36 | INFO | Waiting for ArduPilot flight controller... (no serial device found, retrying in 3s)
2026-10-02 17:37:39 | INFO | Waiting for ArduPilot flight controller... (no serial device found, retrying in 3s)
2026-10-02 17:37:42 | INFO | Waiting for ArduPilot flight controller... (no serial device found, retrying in 3s)
2026-10-02 17:37:45 | INFO | Waiting for ArduPilot flight controller... (no serial device found, retrying in 3s)
2026-10-02 17:37:48 | INFO | Waiting for ArduPilot flight controller... (no serial device found, retrying in 3s)
2026-10-02 17:37:51 | INFO | Waiting for ArduPilot flight controller... (no serial device found, retrying in 3s)
2026-10-02 17:37:54 | INFO | Waiting for ArduPilot flight controller... (no serial device found, retrying in 3s)
2026-10-02 17:37:57 | INFO | Waiting for ArduPilot flight controller... (no serial device found, retrying in 3s)
2026-10-02 17:38:00 | INFO | Waiting for ArduPilot flight controller... (no serial device found, retrying in 3s)
2026-10-02 17:38:03 | INFO | Waiting for ArduPilot flight controller... (no serial device found, retrying in 3s)
2026-10-02 17:38:06 | INFO | Waiting for ArduPilot flight controller... (no serial device found, retrying in 3s)
2026-10-02 17:38:09 | INFO | Waiting for ArduPilot flight controller... (no serial device found, retrying in 3s)
2026-10-02 17:38:12 | INFO | Waiting for ArduPilot flight controller... (no serial device found, retrying in 3s)
2026-10-02 17:38:15 | INFO | Waiting for ArduPilot flight controller... (no serial device found, retrying in 3s)
2026-10-02 17:38:18 | INFO | Waiting for ArduPilot flight controller... (no serial device found, retrying in 3s)
2026-10-02 17:38:21 | INFO | Waiting for ArduPilot flight controller... (no serial device found, retrying in 3s)
2026-10-02 17:38:24 | INFO | Waiting for ArduPilot flight controller... (no serial device found, retrying in 3s)
2026-10-02 17:38:27 | INFO | Waiting for ArduPilot flight controller... (no serial device found, retrying in 3s)
2026-10-02 17:38:30 | INFO | Waiting for ArduPilot flight controller... (no serial device found, retrying in 3s)
2026-10-02 17:38:33 | INFO | Waiting for ArduPilot flight controller... (no serial device found, retrying in 3s)
2026-10-02 17:38:36 | INFO | Waiting for ArduPilot flight controller... (no serial device found, retrying in 3s)
2026-10-02 17:38:39 | INFO | Waiting for ArduPilot flight controller... (no serial device found, retrying in 3s)
2026-10-02 17:38:42 | INFO | Waiting for ArduPilot flight controller... (no serial device found, retrying in 3s)
2026-10-02 17:38:45 | INFO | Waiting for ArduPilot flight controller... (no serial device found, retrying in 3s)
2026-10-02 17:38:48 | INFO | Waiting for ArduPilot flight controller... (no serial device found, retrying in 3s)
2026-10-02 17:38:51 | INFO | Waiting for ArduPilot flight controller... (no serial device found, retrying in 3s)
2026-10-02 17:38:54 | INFO | Waiting for ArduPilot flight controller... (no serial device found, retrying in 3s)
2026-10-02 17:38:57 | INFO | Waiting for ArduPilot flight controller... (no serial device found, retrying in 3s)
2026-10-02 17:39:00 | INFO | Waiting for ArduPilot flight controller... (no serial device found, retrying in 3s)
2026-10-02 17:39:03 | INFO | Waiting for ArduPilot flight controller... (no serial device found, retrying in 3s)
2026-10-02 17:39:06 | INFO | Waiting for ArduPilot flight controller... (no serial device found, retrying in 3s)
2026-10-02 17:39:09 | INFO | Waiting for ArduPilot flight controller... (no serial device found, retrying in 3s)
2026-10-02 17:39:12 | INFO | Waiting for ArduPilot flight controller... (no serial device found, retrying in 3s)
2026-10-02 17:39:15 | INFO | Waiting for ArduPilot flight controller... (no serial device found, retrying in 3s)
2026-10-02 17:39:18 | INFO | Waiting for ArduPilot flight controller... (no serial device found, retrying in 3s)
2026-10-02 17:39:21 | INFO | Waiting for ArduPilot flight controller... (no serial device found, retrying in 3s)
2026-10-02 17:39:24 | INFO | Waiting for ArduPilot flight controller... (no serial device found, retrying in 3s)
2026-10-02 17:39:27 | INFO | Waiting for ArduPilot flight controller... (no serial device found, retrying in 3s)
2026-10-02 17:39:30 | INFO | Waiting for ArduPilot flight controller... (no serial device found, retrying in 3s)
2026-10-02 17:39:33 | INFO | Waiting for ArduPilot flight controller... (no serial device found, retrying in 3s)
2026-10-02 17:39:36 | INFO | Waiting for ArduPilot flight controller... (no serial device found, retrying in 3s)
2026-10-02 17:39:39 | INFO | Waiting for ArduPilot flight controller... (no serial device found, retrying in 3s)
2026-10-02 17:39:42 | INFO | Waiting for ArduPilot flight controller... (no serial device found, retrying in 3s)
2026-10-02 17:39:45 | INFO | Waiting for ArduPilot flight controller... (no serial device found, retrying in 3s)
2026-10-02 17:39:48 | INFO | Waiting for ArduPilot flight controller... (no serial device found, retrying in 3s)
2026-10-02 17:39:51 | INFO | Waiting for ArduPilot flight controller... (no serial device found, retrying in 3s)
2026-10-02 17:39:54 | INFO | Waiting for ArduPilot flight controller... (no serial device found, retrying in 3s)
2026-10-02 17:39:57 | INFO | Waiting for ArduPilot flight controller... (no serial device found, retrying in 3s)
2026-10-02 17:40:00 | INFO | Waiting for ArduPilot flight controller... (no serial device found, retrying in 3s)
2026-10-02 17:40:03 | INFO | Waiting for ArduPilot flight controller... (no serial device found, retrying in 3s)
2026-10-02 17:40:06 | INFO | Waiting for ArduPilot flight controller... (no serial device found, retrying in 3s)
2026-10-02 17:40:09 | INFO | Waiting for ArduPilot flight controller... (no serial device found, retrying in 3s)
2026-10-02 17:40:12 | INFO | Waiting for ArduPilot flight controller... (no serial device found, retrying in 3s)
2026-10-02 17:40:15 | INFO | Waiting for ArduPilot flight controller... (no serial device found, retrying in 3s)
2026-10-02 17:40:18 | INFO | Waiting for ArduPilot flight controller... (no serial device found, retrying in 3s)
2026-10-02 17:40:21 | INFO | Waiting for ArduPilot flight controller... (no serial device found, retrying in 3s)
2026-10-02 17:40:24 | INFO | Waiting for ArduPilot flight controller... (no serial device found, retrying in 3s)
2026-10-02 17:40:27 | INFO | Waiting for ArduPilot flight controller... (no serial device found, retrying in 3s)
2026-10-02 17:40:30 | INFO | Waiting for ArduPilot flight controller... (no serial device found, retrying in 3s)
2026-10-02 17:40:33 | INFO | Waiting for ArduPilot flight controller... (no serial device found, retrying in 3s)
2026-10-02 17:40:36 | INFO | Waiting for ArduPilot flight controller... (no serial device found, retrying in 3s)
2026-10-02 17:40:39 | INFO | Waiting for ArduPilot flight controller... (no serial device found, retrying in 3s)
2026-10-02 17:40:42 | INFO | Waiting for ArduPilot flight controller... (no serial device found, retrying in 3s)
2026-10-02 17:40:45 | INFO | Waiting for ArduPilot flight controller... (no serial device found, retrying in 3s)
2026-10-02 17:40:48 | INFO | Waiting for ArduPilot flight controller... (no serial device found, retrying in 3s)
2026-10-02 17:40:51 | INFO | Waiting for ArduPilot flight controller... (no serial device found, retrying in 3s)
2026-10-02 17:40:54 | INFO | Waiting for ArduPilot flight controller... (no serial device found, retrying in 3s)
2026-10-02 17:40:57 | INFO | Waiting for ArduPilot flight controller... (no serial device found, retrying in 3s)
2026-10-02 17:41:00 | INFO | Waiting for ArduPilot flight controller... (no serial device found, retrying in 3s)
2026-10-02 17:41:03 | INFO | Waiting for ArduPilot flight controller... (no serial device found, retrying in 3s)
2026-10-02 17:41:06 | INFO | Waiting for ArduPilot flight controller... (no serial device found, retrying in 3s)
2026-10-02 17:41:09 | INFO | Waiting for ArduPilot flight controller... (no serial device found, retrying in 3s)
2026-10-02 17:41:12 | INFO | Waiting for ArduPilot flight controller... (no serial device found, retrying in 3s)
2026-10-02 17:41:15 | INFO | Waiting for ArduPilot flight controller... (no serial device found, retrying in 3s)
2026-10-02 17:41:18 | INFO | Waiting for ArduPilot flight controller... (no serial device found, retrying in 3s)
2026-10-02 17:41:21 | INFO | Waiting for ArduPilot flight controller... (no serial device found, retrying in 3s)
2026-10-02 17:41:24 | INFO | Waiting for ArduPilot flight controller... (no serial device found, retrying in 3s)
2026-10-02 17:41:27 | INFO | Waiting for ArduPilot flight controller... (no serial device found, retrying in 3s)
2026-10-02 17:41:30 | INFO | Waiting for ArduPilot flight controller... (no serial device found, retrying in 3s)
2026-10-02 17:41:33 | INFO | Waiting for ArduPilot flight controller... (no serial device found, retrying in 3s)
2026-10-02 17:41:36 | INFO | Waiting for ArduPilot flight controller... (no serial device found, retrying in 3s)
2026-10-02 17:41:39 | INFO | Waiting for ArduPilot flight controller... (no serial device found, retrying in 3s)
2026-10-02 17:41:42 | INFO | Waiting for ArduPilot flight controller... (no serial device found, retrying in 3s)
2026-10-02 17:41:45 | INFO | Waiting for ArduPilot flight controller... (no serial device found, retrying in 3s)
2026-10-02 17:41:48 | INFO | Waiting for ArduPilot flight controller... (no serial device found, retrying in 3s)
2026-10-02 17:41:51 | INFO | Waiting for ArduPilot flight controller... (no serial device found, retrying in 3s)
2026-10-02 17:41:54 | INFO | Waiting for ArduPilot flight controller... (no serial device found, retrying in 3s)
2026-10-02 17:41:57 | INFO | Waiting for ArduPilot flight controller... (no serial device found, retrying in 3s)
2026-10-02 17:42:00 | INFO | Waiting for ArduPilot flight controller... (no serial device found, retrying in 3s)
2026-10-02 17:42:03 | INFO | Waiting for ArduPilot flight controller... (no serial device found, retrying in 3s)
2026-10-02 17:42:06 | INFO | Waiting for ArduPilot flight controller... (no serial device found, retrying in 3s)
2026-10-02 17:42:09 | INFO | Waiting for ArduPilot flight controller... (no serial device found, retrying in 3s)
2026-10-02 17:42:12 | INFO | Waiting for ArduPilot flight controller... (no serial device found, retrying in 3s)
2026-10-02 17:42:15 | INFO | Waiting for ArduPilot flight controller... (no serial device found, retrying in 3s)
2026-10-02 17:42:18 | INFO | Waiting for ArduPilot flight controller... (no serial device found, retrying in 3s)
2026-10-02 17:42:21 | INFO | Waiting for ArduPilot flight controller... (no serial device found, retrying in 3s)
2026-10-02 17:42:24 | INFO | Waiting for ArduPilot flight controller... (no serial device found, retrying in 3s)
2026-10-02 17:42:27 | INFO | Waiting for ArduPilot flight controller... (no serial device found, retrying in 3s)
2026-10-02 17:42:30 | INFO | Waiting for ArduPilot flight controller... (no serial device found, retrying in 3s)
2026-10-02 17:42:33 | INFO | Waiting for ArduPilot flight controller... (no serial device found, retrying in 3s)
2026-10-02 17:42:36 | INFO | Waiting for ArduPilot flight controller... (no serial device found, retrying in 3s)
2026-10-02 17:42:39 | INFO | Waiting for ArduPilot flight controller... (no serial device found, retrying in 3s)
2026-10-02 17:42:42 | INFO | Waiting for ArduPilot flight controller... (no serial device found, retrying in 3s)
2026-10-02 17:42:45 | INFO | Waiting for ArduPilot flight controller... (no serial device found, retrying in 3s)
2026-10-02 17:42:48 | INFO | Waiting for ArduPilot flight controller... (no serial device found, retrying in 3s)
2026-10-02 17:42:51 | INFO | Waiting for ArduPilot flight controller... (no serial device found, retrying in 3s)
2026-10-02 17:42:54 | INFO | Waiting for ArduPilot flight controller... (no serial device found, retrying in 3s)
2026-10-02 17:42:57 | INFO | Waiting for ArduPilot flight controller... (no serial device found, retrying in 3s)
2026-10-02 17:43:00 | INFO | Waiting for ArduPilot flight controller... (no serial device found, retrying in 3s)
2026-10-02 17:43:03 | INFO | Waiting for ArduPilot flight controller... (no serial device found, retrying in 3s)
2026-10-02 17:43:06 | INFO | Waiting for ArduPilot flight controller... (no serial device found, retrying in 3s)
2026-10-02 17:43:09 | INFO | Waiting for ArduPilot flight controller... (no serial device found, retrying in 3s)
2026-10-02 17:43:12 | INFO | Waiting for ArduPilot flight controller... (no serial device found, retrying in 3s)
2026-10-02 17:43:15 | INFO | Waiting for ArduPilot flight controller... (no serial device found, retrying in 3s)
2026-10-02 17:43:19 | INFO | Waiting for ArduPilot flight controller... (no serial device found, retrying in 3s)
2026-10-02 17:43:22 | INFO | Waiting for ArduPilot flight controller... (no serial device found, retrying in 3s)
2026-10-02 17:43:25 | INFO | Waiting for ArduPilot flight controller... (no serial device found, retrying in 3s)
2026-10-02 17:43:28 | INFO | Waiting for ArduPilot flight controller... (no serial device found, retrying in 3s)
2026-10-02 17:43:31 | INFO | Waiting for ArduPilot flight controller... (no serial device found, retrying in 3s)
2026-10-02 17:43:34 | INFO | Waiting for ArduPilot flight controller... (no serial device found, retrying in 3s)
2026-10-02 17:43:37 | INFO | Waiting for ArduPilot flight controller... (no serial device found, retrying in 3s)
2026-10-02 17:43:40 | INFO | Waiting for ArduPilot flight controller... (no serial device found, retrying in 3s)
2026-10-02 17:43:43 | INFO | Waiting for ArduPilot flight controller... (no serial device found, retrying in 3s)
2026-10-02 17:43:46 | INFO | Waiting for ArduPilot flight controller... (no serial device found, retrying in 3s)
2026-10-02 17:43:49 | INFO | Waiting for ArduPilot flight controller... (no serial device found, retrying in 3s)
2026-10-02 17:43:52 | INFO | Waiting for ArduPilot flight controller... (no serial device found, retrying in 3s)
2026-10-02 17:43:55 | INFO | Waiting for ArduPilot flight controller... (no serial device found, retrying in 3s)
2026-10-02 17:43:58 | INFO | Waiting for ArduPilot flight controller... (no serial device found, retrying in 3s)
2026-10-02 17:44:01 | INFO | Waiting for ArduPilot flight controller... (no serial device found, retrying in 3s)
2026-10-02 17:44:04 | INFO | Waiting for ArduPilot flight controller... (no serial device found, retrying in 3s)
2026-10-02 17:44:07 | INFO | Waiting for ArduPilot flight controller... (no serial device found, retrying in 3s)
2026-10-02 17:44:10 | INFO | Waiting for ArduPilot flight controller... (no serial device found, retrying in 3s)
2026-10-02 17:44:13 | INFO | Waiting for ArduPilot flight controller... (no serial device found, retrying in 3s)
2026-10-02 17:44:16 | INFO | Waiting for ArduPilot flight controller... (no serial device found, retrying in 3s)
2026-10-02 17:44:19 | INFO | Waiting for ArduPilot flight controller... (no serial device found, retrying in 3s)
2026-10-02 17:44:22 | INFO | Waiting for ArduPilot flight controller... (no serial device found, retrying in 3s)
2026-10-02 17:44:25 | INFO | Waiting for ArduPilot flight controller... (no serial device found, retrying in 3s)
2026-10-02 17:44:28 | INFO | Waiting for ArduPilot flight controller... (no serial device found, retrying in 3s)
2026-10-02 17:44:31 | INFO | Waiting for ArduPilot flight controller... (no serial device found, retrying in 3s)
2026-10-02 17:44:34 | INFO | Waiting for ArduPilot flight controller... (no serial device found, retrying in 3s)
2026-10-02 17:44:37 | INFO | Waiting for ArduPilot flight controller... (no serial device found, retrying in 3s)
2026-10-02 17:44:40 | INFO | Waiting for ArduPilot flight controller... (no serial device found, retrying in 3s)
2026-10-02 17:44:43 | INFO | Waiting for ArduPilot flight controller... (no serial device found, retrying in 3s)
2026-10-02 17:44:46 | INFO | Waiting for ArduPilot flight controller... (no serial device found, retrying in 3s)
2026-10-02 17:44:49 | INFO | Waiting for ArduPilot flight controller... (no serial device found, retrying in 3s)
2026-10-02 17:44:52 | INFO | Waiting for ArduPilot flight controller... (no serial device found, retrying in 3s)
2026-10-02 17:44:55 | INFO | Waiting for ArduPilot flight controller... (no serial device found, retrying in 3s)
2026-10-02 17:44:58 | INFO | Waiting for ArduPilot flight controller... (no serial device found, retrying in 3s)
2026-10-02 17:45:01 | INFO | Waiting for ArduPilot flight controller... (no serial device found, retrying in 3s)
2026-10-02 17:45:04 | INFO | Waiting for ArduPilot flight controller... (no serial device found, retrying in 3s)
2026-10-02 17:45:07 | INFO | Waiting for ArduPilot flight controller... (no serial device found, retrying in 3s)
2026-10-02 17:45:10 | INFO | Waiting for ArduPilot flight controller... (no serial device found, retrying in 3s)
2026-10-02 17:45:13 | INFO | Waiting for ArduPilot flight controller... (no serial device found, retrying in 3s)
2026-10-02 17:45:16 | INFO | Waiting for ArduPilot flight controller... (no serial device found, retrying in 3s)
2026-10-02 17:45:19 | INFO | Waiting for ArduPilot flight controller... (no serial device found, retrying in 3s)
2026-10-02 17:45:22 | INFO | Waiting for ArduPilot flight controller... (no serial device found, retrying in 3s)
2026-10-02 17:45:25 | INFO | Waiting for ArduPilot flight controller... (no serial device found, retrying in 3s)
2026-10-02 17:45:28 | INFO | Waiting for ArduPilot flight controller... (no serial device found, retrying in 3s)
2026-10-02 17:45:31 | INFO | Waiting for ArduPilot flight controller... (no serial device found, retrying in 3s)
2026-10-02 17:45:34 | INFO | Waiting for ArduPilot flight controller... (no serial device found, retrying in 3s)
2026-10-02 17:45:37 | INFO | Waiting for ArduPilot flight controller... (no serial device found, retrying in 3s)
2026-10-02 17:45:40 | INFO | Waiting for ArduPilot flight controller... (no serial device found, retrying in 3s)
2026-10-02 17:45:43 | INFO | Waiting for ArduPilot flight controller... (no serial device found, retrying in 3s)
2026-10-02 17:45:46 | INFO | Waiting for ArduPilot flight controller... (no serial device found, retrying in 3s)
2026-10-02 17:45:49 | INFO | Waiting for ArduPilot flight controller... (no serial device found, retrying in 3s)
2026-10-02 17:45:52 | INFO | Waiting for ArduPilot flight controller... (no serial device found, retrying in 3s)
2026-10-02 17:45:55 | INFO | Waiting for ArduPilot flight controller... (no serial device found, retrying in 3s)
2026-10-02 17:45:58 | INFO | Waiting for ArduPilot flight controller... (no serial device found, retrying in 3s)
2026-10-02 17:46:01 | INFO | Waiting for ArduPilot flight controller... (no serial device found, retrying in 3s)
2026-10-02 17:46:04 | INFO | Waiting for ArduPilot flight controller... (no serial device found, retrying in 3s)
2026-10-02 17:46:07 | INFO | Waiting for ArduPilot flight controller... (no serial device found, retrying in 3s)
2026-10-02 17:46:10 | INFO | Waiting for ArduPilot flight controller... (no serial device found, retrying in 3s)
2026-10-02 17:46:13 | INFO | Waiting for ArduPilot flight controller... (no serial device found, retrying in 3s)
2026-10-02 17:46:16 | INFO | Waiting for ArduPilot flight controller... (no serial device found, retrying in 3s)
2026-10-02 17:46:19 | INFO | Waiting for ArduPilot flight controller... (no serial device found, retrying in 3s)
2026-10-02 17:46:22 | INFO | Waiting for ArduPilot flight controller... (no serial device found, retrying in 3s)
2026-10-02 17:46:25 | INFO | Waiting for ArduPilot flight controller... (no serial device found, retrying in 3s)
2026-10-02 17:46:28 | INFO | Waiting for ArduPilot flight controller... (no serial device found, retrying in 3s)
2026-10-02 17:46:31 | INFO | Waiting for ArduPilot flight controller... (no serial device found, retrying in 3s)
2026-10-02 17:46:34 | INFO | Waiting for ArduPilot flight controller... (no serial device found, retrying in 3s)
2026-10-02 17:46:37 | INFO | Waiting for ArduPilot flight controller... (no serial device found, retrying in 3s)
2026-10-02 17:46:40 | INFO | Waiting for ArduPilot flight controller... (no serial device found, retrying in 3s)
2026-10-02 17:46:43 | INFO | Waiting for ArduPilot flight controller... (no serial device found, retrying in 3s)
2026-10-02 17:46:46 | INFO | Waiting for ArduPilot flight controller... (no serial device found, retrying in 3s)
2026-10-02 17:46:49 | INFO | Waiting for ArduPilot flight controller... (no serial device found, retrying in 3s)
2026-10-02 17:46:52 | INFO | Waiting for ArduPilot flight controller... (no serial device found, retrying in 3s)
2026-10-02 17:46:55 | INFO | Waiting for ArduPilot flight controller... (no serial device found, retrying in 3s)
2026-10-02 17:46:58 | INFO | Waiting for ArduPilot flight controller... (no serial device found, retrying in 3s)
2026-10-02 17:47:01 | INFO | Waiting for ArduPilot flight controller... (no serial device found, retrying in 3s)
2026-10-02 17:47:04 | INFO | Waiting for ArduPilot flight controller... (no serial device found, retrying in 3s)
2026-10-02 17:47:07 | INFO | Waiting for ArduPilot flight controller... (no serial device found, retrying in 3s)
2026-10-02 17:47:10 | INFO | Waiting for ArduPilot flight controller... (no serial device found, retrying in 3s)
2026-10-02 17:47:13 | INFO | Waiting for ArduPilot flight controller... (no serial device found, retrying in 3s)
2026-10-02 17:47:16 | INFO | Waiting for ArduPilot flight controller... (no serial device found, retrying in 3s)
2026-10-02 17:47:19 | INFO | Waiting for ArduPilot flight controller... (no serial device found, retrying in 3s)
2026-10-02 17:47:22 | INFO | Waiting for ArduPilot flight controller... (no serial device found, retrying in 3s)
2026-10-02 17:47:25 | INFO | Waiting for ArduPilot flight controller... (no serial device found, retrying in 3s)
2026-10-02 17:47:28 | INFO | Waiting for ArduPilot flight controller... (no serial device found, retrying in 3s)
2026-10-02 17:47:31 | INFO | Waiting for ArduPilot flight controller... (no serial device found, retrying in 3s)
2026-10-02 17:47:34 | INFO | Waiting for ArduPilot flight controller... (no serial device found, retrying in 3s)
2026-10-02 17:47:37 | INFO | Waiting for ArduPilot flight controller... (no serial device found, retrying in 3s)
2026-10-02 17:47:40 | INFO | Waiting for ArduPilot flight controller... (no serial device found, retrying in 3s)
2026-10-02 17:47:43 | INFO | Waiting for ArduPilot flight controller... (no serial device found, retrying in 3s)
2026-10-02 17:47:46 | INFO | Waiting for ArduPilot flight controller... (no serial device found, retrying in 3s)
2026-10-02 17:47:49 | INFO | Waiting for ArduPilot flight controller... (no serial device found, retrying in 3s)
2026-10-02 17:47:52 | INFO | Waiting for ArduPilot flight controller... (no serial device found, retrying in 3s)
2026-10-02 17:47:55 | INFO | Waiting for ArduPilot flight controller... (no serial device found, retrying in 3s)
2026-10-02 17:47:58 | INFO | Waiting for ArduPilot flight controller... (no serial device found, retrying in 3s)
2026-10-02 17:48:01 | INFO | Waiting for ArduPilot flight controller... (no serial device found, retrying in 3s)
2026-10-02 17:48:04 | INFO | Waiting for ArduPilot flight controller... (no serial device found, retrying in 3s)
2026-10-02 17:48:07 | INFO | Waiting for ArduPilot flight controller... (no serial device found, retrying in 3s)
2026-10-02 17:48:10 | INFO | Waiting for ArduPilot flight controller... (no serial device found, retrying in 3s)
2026-10-02 17:48:13 | INFO | Waiting for ArduPilot flight controller... (no serial device found, retrying in 3s)
2026-10-02 17:48:16 | INFO | Waiting for ArduPilot flight controller... (no serial device found, retrying in 3s)
2026-10-02 17:48:19 | INFO | Waiting for ArduPilot flight controller... (no serial device found, retrying in 3s)
2026-10-02 17:48:22 | INFO | Waiting for ArduPilot flight controller... (no serial device found, retrying in 3s)
2026-10-02 17:48:25 | INFO | Waiting for ArduPilot flight controller... (no serial device found, retrying in 3s)
2026-10-02 17:48:28 | INFO | Waiting for ArduPilot flight controller... (no serial device found, retrying in 3s)
2026-10-02 17:48:31 | INFO | Waiting for ArduPilot flight controller... (no serial device found, retrying in 3s)
2026-10-02 17:48:34 | INFO | Waiting for ArduPilot flight controller... (no serial device found, retrying in 3s)
2026-10-02 17:48:37 | INFO | Waiting for ArduPilot flight controller... (no serial device found, retrying in 3s)
2026-10-02 17:48:40 | INFO | Waiting for ArduPilot flight controller... (no serial device found, retrying in 3s)
2026-10-02 17:48:43 | INFO | Waiting for ArduPilot flight controller... (no serial device found, retrying in 3s)
2026-10-02 17:48:46 | INFO | Waiting for ArduPilot flight controller... (no serial device found, retrying in 3s)
2026-10-02 17:48:49 | INFO | Waiting for ArduPilot flight controller... (no serial device found, retrying in 3s)
2026-10-02 17:48:52 | INFO | Waiting for ArduPilot flight controller... (no serial device found, retrying in 3s)
2026-10-02 17:48:55 | INFO | Waiting for ArduPilot flight controller... (no serial device found, retrying in 3s)
2026-10-02 17:48:58 | INFO | Waiting for ArduPilot flight controller... (no serial device found, retrying in 3s)
2026-10-02 17:49:01 | INFO | Waiting for ArduPilot flight controller... (no serial device found, retrying in 3s)
2026-10-02 17:49:04 | INFO | Waiting for ArduPilot flight controller... (no serial device found, retrying in 3s)
2026-10-02 17:49:07 | INFO | Waiting for ArduPilot flight controller... (no serial device found, retrying in 3s)
2026-10-02 17:49:10 | INFO | Waiting for ArduPilot flight controller... (no serial device found, retrying in 3s)
2026-10-02 17:49:13 | INFO | Waiting for ArduPilot flight controller... (no serial device found, retrying in 3s)
2026-10-02 17:49:16 | INFO | Waiting for ArduPilot flight controller... (no serial device found, retrying in 3s)
2026-10-02 17:49:19 | INFO | Waiting for ArduPilot flight controller... (no serial device found, retrying in 3s)
2026-10-02 17:49:22 | INFO | Waiting for ArduPilot flight controller... (no serial device found, retrying in 3s)
2026-10-02 17:49:25 | INFO | Waiting for ArduPilot flight controller... (no serial device found, retrying in 3s)
2026-10-02 17:49:28 | INFO | Waiting for ArduPilot flight controller... (no serial device found, retrying in 3s)
2026-10-02 17:49:31 | INFO | Waiting for ArduPilot flight controller... (no serial device found, retrying in 3s)
2026-10-02 17:49:34 | INFO | Waiting for ArduPilot flight controller... (no serial device found, retrying in 3s)
2026-10-02 17:49:37 | INFO | Waiting for ArduPilot flight controller... (no serial device found, retrying in 3s)
2026-10-02 17:49:40 | INFO | Waiting for ArduPilot flight controller... (no serial device found, retrying in 3s)
2026-10-02 17:49:43 | INFO | Waiting for ArduPilot flight controller... (no serial device found, retrying in 3s)
2026-10-02 17:49:46 | INFO | Waiting for ArduPilot flight controller... (no serial device found, retrying in 3s)
2026-10-02 17:49:49 | INFO | Waiting for ArduPilot flight controller... (no serial device found, retrying in 3s)
2026-10-02 17:49:52 | INFO | Waiting for ArduPilot flight controller... (no serial device found, retrying in 3s)
2026-10-02 17:49:55 | INFO | Waiting for ArduPilot flight controller... (no serial device found, retrying in 3s)
2026-10-02 17:49:58 | INFO | Waiting for ArduPilot flight controller... (no serial device found, retrying in 3s)
2026-10-02 17:50:01 | INFO | Waiting for ArduPilot flight controller... (no serial device found, retrying in 3s)
2026-10-02 17:50:04 | INFO | Waiting for ArduPilot flight controller... (no serial device found, retrying in 3s)
2026-10-02 17:50:07 | INFO | Waiting for ArduPilot flight controller... (no serial device found, retrying in 3s)
2026-10-02 17:50:10 | INFO | Waiting for ArduPilot flight controller... (no serial device found, retrying in 3s)
2026-10-02 17:50:13 | INFO | Waiting for ArduPilot flight controller... (no serial device found, retrying in 3s)
2026-10-02 17:50:16 | INFO | Waiting for ArduPilot flight controller... (no serial device found, retrying in 3s)
2026-10-02 17:50:19 | INFO | Waiting for ArduPilot flight controller... (no serial device found, retrying in 3s)
2026-10-02 17:50:22 | INFO | Waiting for ArduPilot flight controller... (no serial device found, retrying in 3s)
2026-10-02 17:50:25 | INFO | Waiting for ArduPilot flight controller... (no serial device found, retrying in 3s)
2026-10-02 17:50:28 | INFO | Waiting for ArduPilot flight controller... (no serial device found, retrying in 3s)
2026-10-02 17:50:31 | INFO | Waiting for ArduPilot flight controller... (no serial device found, retrying in 3s)
2026-10-02 17:50:34 | INFO | Waiting for ArduPilot flight controller... (no serial device found, retrying in 3s)
2026-10-02 17:50:37 | INFO | Waiting for ArduPilot flight controller... (no serial device found, retrying in 3s)
2026-10-02 17:50:40 | INFO | Waiting for ArduPilot flight controller... (no serial device found, retrying in 3s)
2026-10-02 17:50:43 | INFO | Waiting for ArduPilot flight controller... (no serial device found, retrying in 3s)
2026-10-02 17:50:46 | INFO | Waiting for ArduPilot flight controller... (no serial device found, retrying in 3s)
2026-10-02 17:50:49 | INFO | Waiting for ArduPilot flight controller... (no serial device found, retrying in 3s)
2026-10-02 17:50:52 | INFO | Waiting for ArduPilot flight controller... (no serial device found, retrying in 3s)
2026-10-02 17:50:55 | INFO | Waiting for ArduPilot flight controller... (no serial device found, retrying in 3s)
2026-10-02 17:50:58 | INFO | Waiting for ArduPilot flight controller... (no serial device found, retrying in 3s)
2026-10-02 17:51:01 | INFO | Waiting for ArduPilot flight controller... (no serial device found, retrying in 3s)
2026-10-02 17:51:04 | INFO | Waiting for ArduPilot flight controller... (no serial device found, retrying in 3s)
2026-10-02 17:51:07 | INFO | Waiting for ArduPilot flight controller... (no serial device found, retrying in 3s)
2026-10-02 17:51:10 | INFO | Waiting for ArduPilot flight controller... (no serial device found, retrying in 3s)
2026-10-02 17:51:13 | INFO | Waiting for ArduPilot flight controller... (no serial device found, retrying in 3s)
2026-10-02 17:51:16 | INFO | Waiting for ArduPilot flight controller... (no serial device found, retrying in 3s)
2026-10-02 17:51:19 | INFO | Waiting for ArduPilot flight controller... (no serial device found, retrying in 3s)
2026-10-02 17:51:22 | INFO | Waiting for ArduPilot flight controller... (no serial device found, retrying in 3s)
2026-10-02 17:51:25 | INFO | Waiting for ArduPilot flight controller... (no serial device found, retrying in 3s)
2026-10-02 17:51:28 | INFO | Waiting for ArduPilot flight controller... (no serial device found, retrying in 3s)
2026-10-02 17:51:31 | INFO | Waiting for ArduPilot flight controller... (no serial device found, retrying in 3s)
2026-10-02 17:51:34 | INFO | Waiting for ArduPilot flight controller... (no serial device found, retrying in 3s)
2026-10-02 17:51:37 | INFO | Waiting for ArduPilot flight controller... (no serial device found, retrying in 3s)
2026-10-02 17:51:40 | INFO | Waiting for ArduPilot flight controller... (no serial device found, retrying in 3s)
2026-10-02 17:51:43 | INFO | Waiting for ArduPilot flight controller... (no serial device found, retrying in 3s)
2026-10-02 17:51:46 | INFO | Waiting for ArduPilot flight controller... (no serial device found, retrying in 3s)
2026-10-02 17:51:49 | INFO | Waiting for ArduPilot flight controller... (no serial device found, retrying in 3s)
2026-10-02 17:51:52 | INFO | Waiting for ArduPilot flight controller... (no serial device found, retrying in 3s)
2026-10-02 17:51:55 | INFO | Waiting for ArduPilot flight controller... (no serial device found, retrying in 3s)
2026-10-02 17:51:58 | INFO | Waiting for ArduPilot flight controller... (no serial device found, retrying in 3s)
2026-10-02 17:52:01 | INFO | Waiting for ArduPilot flight controller... (no serial device found, retrying in 3s)
2026-10-02 17:52:04 | INFO | Waiting for ArduPilot flight controller... (no serial device found, retrying in 3s)
2026-10-02 17:52:07 | INFO | Waiting for ArduPilot flight controller... (no serial device found, retrying in 3s)
2026-10-02 17:52:10 | INFO | Waiting for ArduPilot flight controller... (no serial device found, retrying in 3s)
2026-10-02 17:52:13 | INFO | Waiting for ArduPilot flight controller... (no serial device found, retrying in 3s)
2026-10-02 17:52:16 | INFO | Waiting for ArduPilot flight controller... (no serial device found, retrying in 3s)
2026-10-02 17:52:19 | INFO | Waiting for ArduPilot flight controller... (no serial device found, retrying in 3s)
2026-10-02 17:52:22 | INFO | Waiting for ArduPilot flight controller... (no serial device found, retrying in 3s)
2026-10-02 17:52:25 | INFO | Waiting for ArduPilot flight controller... (no serial device found, retrying in 3s)
2026-10-02 17:52:28 | INFO | Waiting for ArduPilot flight controller... (no serial device found, retrying in 3s)
2026-10-02 17:52:31 | INFO | Waiting for ArduPilot flight controller... (no serial device found, retrying in 3s)
2026-10-02 17:52:34 | INFO | Waiting for ArduPilot flight controller... (no serial device found, retrying in 3s)
2026-10-02 17:52:37 | INFO | Waiting for ArduPilot flight controller... (no serial device found, retrying in 3s)
2026-10-02 17:52:40 | INFO | Waiting for ArduPilot flight controller... (no serial device found, retrying in 3s)
2026-10-02 17:52:43 | INFO | Waiting for ArduPilot flight controller... (no serial device found, retrying in 3s)
2026-10-02 17:52:46 | INFO | Waiting for ArduPilot flight controller... (no serial device found, retrying in 3s)
2026-10-02 17:52:49 | INFO | Waiting for ArduPilot flight controller... (no serial device found, retrying in 3s)
2026-10-02 17:52:52 | INFO | Waiting for ArduPilot flight controller... (no serial device found, retrying in 3s)
2026-10-02 17:52:55 | INFO | Waiting for ArduPilot flight controller... (no serial device found, retrying in 3s)
2026-10-02 17:52:58 | INFO | Waiting for ArduPilot flight controller... (no serial device found, retrying in 3s)
2026-10-02 17:53:01 | INFO | Waiting for ArduPilot flight controller... (no serial device found, retrying in 3s)
2026-10-02 17:53:04 | INFO | Waiting for ArduPilot flight controller... (no serial device found, retrying in 3s)
2026-10-02 17:53:07 | INFO | Waiting for ArduPilot flight controller... (no serial device found, retrying in 3s)
2026-10-02 17:53:10 | INFO | Waiting for ArduPilot flight controller... (no serial device found, retrying in 3s)
2026-10-02 17:53:13 | INFO | Waiting for ArduPilot flight controller... (no serial device found, retrying in 3s)
2026-10-02 17:53:16 | INFO | Waiting for ArduPilot flight controller... (no serial device found, retrying in 3s)
2026-10-02 17:53:19 | INFO | Waiting for ArduPilot flight controller... (no serial device found, retrying in 3s)
2026-10-02 17:53:22 | INFO | Waiting for ArduPilot flight controller... (no serial device found, retrying in 3s)
2026-10-02 17:53:25 | INFO | Waiting for ArduPilot flight controller... (no serial device found, retrying in 3s)
2026-10-02 17:53:28 | INFO | Waiting for ArduPilot flight controller... (no serial device found, retrying in 3s)
2026-10-02 17:53:31 | INFO | Waiting for ArduPilot flight controller... (no serial device found, retrying in 3s)
2026-10-02 17:53:34 | INFO | Waiting for ArduPilot flight controller... (no serial device found, retrying in 3s)
2026-10-02 17:53:37 | INFO | Waiting for ArduPilot flight controller... (no serial device found, retrying in 3s)
2026-10-02 17:53:40 | INFO | Waiting for ArduPilot flight controller... (no serial device found, retrying in 3s)
2026-10-02 17:53:43 | INFO | Waiting for ArduPilot flight controller... (no serial device found, retrying in 3s)
2026-10-02 17:53:46 | INFO | Waiting for ArduPilot flight controller... (no serial device found, retrying in 3s)
2026-10-02 17:53:49 | INFO | Waiting for ArduPilot flight controller... (no serial device found, retrying in 3s)
2026-10-02 17:53:52 | INFO | Waiting for ArduPilot flight controller... (no serial device found, retrying in 3s)
2026-10-02 17:53:55 | INFO | Waiting for ArduPilot flight controller... (no serial device found, retrying in 3s)
2026-10-02 17:53:58 | INFO | Waiting for ArduPilot flight controller... (no serial device found, retrying in 3s)
2026-10-02 17:54:01 | INFO | Waiting for ArduPilot flight controller... (no serial device found, retrying in 3s)
2026-10-02 17:54:04 | INFO | Waiting for ArduPilot flight controller... (no serial device found, retrying in 3s)
2026-10-02 17:54:07 | INFO | Waiting for ArduPilot flight controller... (no serial device found, retrying in 3s)
2026-10-02 17:54:10 | INFO | Waiting for ArduPilot flight controller... (no serial device found, retrying in 3s)
2026-10-02 17:54:13 | INFO | Waiting for ArduPilot flight controller... (no serial device found, retrying in 3s)
2026-10-02 17:54:16 | INFO | Waiting for ArduPilot flight controller... (no serial device found, retrying in 3s)
2026-10-02 17:54:19 | INFO | Waiting for ArduPilot flight controller... (no serial device found, retrying in 3s)
2026-10-02 17:54:22 | INFO | Waiting for ArduPilot flight controller... (no serial device found, retrying in 3s)
2026-10-02 17:54:25 | INFO | Waiting for ArduPilot flight controller... (no serial device found, retrying in 3s)
2026-10-02 17:54:28 | INFO | Waiting for ArduPilot flight controller... (no serial device found, retrying in 3s)
2026-10-02 17:54:31 | INFO | Waiting for ArduPilot flight controller... (no serial device found, retrying in 3s)
2026-10-02 17:54:34 | INFO | Waiting for ArduPilot flight controller... (no serial device found, retrying in 3s)
2026-10-02 17:54:37 | INFO | Waiting for ArduPilot flight controller... (no serial device found, retrying in 3s)
2026-10-02 17:54:40 | INFO | Waiting for ArduPilot flight controller... (no serial device found, retrying in 3s)
2026-10-02 17:54:43 | INFO | Waiting for ArduPilot flight controller... (no serial device found, retrying in 3s)
2026-10-02 17:54:46 | INFO | Waiting for ArduPilot flight controller... (no serial device found, retrying in 3s)
2026-10-02 17:54:49 | INFO | Waiting for ArduPilot flight controller... (no serial device found, retrying in 3s)
2026-10-02 17:54:52 | INFO | Waiting for ArduPilot flight controller... (no serial device found, retrying in 3s)
2026-10-02 17:54:55 | INFO | Waiting for ArduPilot flight controller... (no serial device found, retrying in 3s)
2026-10-02 17:54:58 | INFO | Waiting for ArduPilot flight controller... (no serial device found, retrying in 3s)
2026-10-02 17:55:01 | INFO | Waiting for ArduPilot flight controller... (no serial device found, retrying in 3s)
2026-10-02 17:55:04 | INFO | Waiting for ArduPilot flight controller... (no serial device found, retrying in 3s)
2026-10-02 17:55:07 | INFO | Waiting for ArduPilot flight controller... (no serial device found, retrying in 3s)
2026-10-02 17:55:10 | INFO | Waiting for ArduPilot flight controller... (no serial device found, retrying in 3s)
2026-10-02 17:55:13 | INFO | Waiting for ArduPilot flight controller... (no serial device found, retrying in 3s)
2026-10-02 17:55:16 | INFO | Waiting for ArduPilot flight controller... (no serial device found, retrying in 3s)
2026-10-02 17:55:19 | INFO | Waiting for ArduPilot flight controller... (no serial device found, retrying in 3s)
2026-10-02 17:55:22 | INFO | Waiting for ArduPilot flight controller... (no serial device found, retrying in 3s)
2026-10-02 17:55:25 | INFO | Waiting for ArduPilot flight controller... (no serial device found, retrying in 3s)
2026-10-02 17:55:28 | INFO | Waiting for ArduPilot flight controller... (no serial device found, retrying in 3s)
2026-10-02 17:55:31 | INFO | Waiting for ArduPilot flight controller... (no serial device found, retrying in 3s)
2026-10-02 17:55:34 | INFO | Waiting for ArduPilot flight controller... (no serial device found, retrying in 3s)
2026-10-02 17:55:37 | INFO | Waiting for ArduPilot flight controller... (no serial device found, retrying in 3s)
2026-10-02 17:55:40 | INFO | Waiting for ArduPilot flight controller... (no serial device found, retrying in 3s)
2026-10-02 17:55:43 | INFO | Waiting for ArduPilot flight controller... (no serial device found, retrying in 3s)
2026-10-02 17:55:46 | INFO | Waiting for ArduPilot flight controller... (no serial device found, retrying in 3s)
2026-10-02 17:55:49 | INFO | Waiting for ArduPilot flight controller... (no serial device found, retrying in 3s)
2026-10-02 17:55:52 | INFO | Waiting for ArduPilot flight controller... (no serial device found, retrying in 3s)
2026-10-02 17:55:52 | INFO | Received exit signal 15. Finalizing video and exiting...
2026-10-04 14:59:39 | INFO | ==========================================================
2026-10-04 14:59:39 | INFO | === ARDUPILOT POLYGON RASTER COVERAGE MISSION ===
2026-10-04 14:59:39 | INFO | ==========================================================
2026-10-04 14:59:39 | INFO | Project directory : /home/aahswarm/ardupilotRasterFix
2026-10-04 14:59:39 | INFO | Mission log       : /home/aahswarm/ardupilotRasterFix/ardupilot_raster_mission.log
2026-10-04 14:59:39 | INFO | Trigger file      : /home/aahswarm/ardupilotRasterFix/START_RASTER_MISSION
2026-10-04 14:59:39 | INFO | Recordings        : /home/aahswarm/ardupilotRasterFix/recordings/
2026-10-04 14:59:39 | INFO | =========================================================
2026-10-04 14:59:39 | INFO | === POLYGON RASTER MISSION PLAN ===
2026-10-04 14:59:39 | INFO | =========================================================
2026-10-04 14:59:39 | INFO |   Corner A: 13.3458930, 74.7940200
2026-10-04 14:59:39 | INFO |   Corner B: 13.3457210, 74.7940420
2026-10-04 14:59:39 | INFO |   Corner C: 13.3457120, 74.7940080
2026-10-04 14:59:39 | INFO |   Corner D: 13.3458870, 74.7939650
2026-10-04 14:59:39 | INFO |   Sides: AB=19.29m BC=3.82m CD=20.03m DA=5.99m; area=96.03m^2
2026-10-04 14:59:39 | INFO |   Corner angles: A=90.7 B=98.1 C=88.2 D=83.0 deg (a rectangle is not required)
2026-10-04 14:59:39 | INFO |   Inward safety inset: 0.20m -> inset area 86.36m^2
2026-10-04 14:59:39 | INFO |   Sweep axis: RASTER_AXIS=short -> passes run A->D (5.99m side, stepping across the 19.29m side), bearing 262.9 deg, alternating
2026-10-04 14:59:39 | INFO |   Passes: 20, spacing 0.974m (requested 1.000m), waypoints 40
2026-10-04 14:59:39 | INFO |   Pass lengths: 3.46m to 5.52m; the longest leg is 6s at 1.00m/s, which is how long the aircraft flies in one direction before its first turn
2026-10-04 14:59:39 | INFO |   Path length 108.3m, estimated 108s at 1.00m/s (horizontal travel only)
2026-10-04 14:59:39 | INFO |   Containment: 40/40 waypoints and 39 segments verified inside the inset polygon (2223 samples); worst clearance +0.200m from the polygon edge
2026-10-04 14:59:39 | INFO |   Outer safety geofence: area 217.93m^2, sides 10.24m, 24.00m, 7.46m, 25.53m, winding CCW
2026-10-04 14:59:39 | INFO |   Inner inside outer: minimum separation 1.96m (corners A=1.99m, B=1.96m, C=1.99m, D=2.01m); raster path worst 2.16m, 1.66m against the effective boundary
2026-10-04 14:59:39 | INFO |   Outer safety geofence: 4 GPS corners, effective boundary 0.50m inside them (independent safety layer, NOT the mission polygon, NOT an ArduPilot fence)
2026-10-04 14:59:39 | INFO |   Inner runtime breach tolerance: 0.50m beyond the mission-polygon edge, enforced during the RASTER phase only
2026-10-04 14:59:39 | INFO |   Max planned distance from polygon centroid: 10.34m
2026-10-04 14:59:39 | INFO | ==========================================================
2026-10-04 14:59:39 | INFO | === ARDUPILOT CONTINUOUS AUTONOMOUS MISSION DAEMON ===
2026-10-04 14:59:39 | INFO | ==========================================================
2026-10-04 14:59:39 | INFO | Mission Parameters: Port=auto-discover, Baud=115200, TakeoffAlt=2.5m, DescentSpeed=0.15m/s, TouchdownSpeed=0.08m/s, Orbit=3.0m x 1.0 at 1.0m/s, HorizontalFence=4.0m, Geofence=DISABLED
2026-10-04 14:59:39 | INFO | Waiting for ArduPilot flight controller... (no serial device found, retrying in 3s)
2026-10-04 14:59:42 | INFO | Waiting for ArduPilot flight controller... (no serial device found, retrying in 3s)
2026-10-04 14:59:45 | INFO | Waiting for ArduPilot flight controller... (no serial device found, retrying in 3s)
2026-10-04 14:59:48 | INFO | Waiting for ArduPilot flight controller... (no serial device found, retrying in 3s)
2026-10-04 14:59:51 | INFO | Waiting for ArduPilot flight controller... (no serial device found, retrying in 3s)
2026-10-04 14:59:54 | INFO | Waiting for ArduPilot flight controller... (no serial device found, retrying in 3s)
2026-10-04 14:59:57 | INFO | Waiting for ArduPilot flight controller... (no serial device found, retrying in 3s)
2026-10-04 15:00:00 | INFO | Waiting for ArduPilot flight controller... (no serial device found, retrying in 3s)
2026-10-04 15:00:03 | INFO | Waiting for ArduPilot flight controller... (no serial device found, retrying in 3s)
2026-10-04 15:00:06 | INFO | Waiting for ArduPilot flight controller... (no serial device found, retrying in 3s)
2026-10-04 15:00:09 | INFO | Waiting for ArduPilot flight controller... (no serial device found, retrying in 3s)
2026-10-04 15:00:12 | INFO | Waiting for ArduPilot flight controller... (no serial device found, retrying in 3s)
2026-10-04 15:00:15 | INFO | Waiting for ArduPilot flight controller... (no serial device found, retrying in 3s)
2026-10-04 15:00:18 | INFO | Waiting for ArduPilot flight controller... (no serial device found, retrying in 3s)
2026-10-04 15:00:21 | INFO | Waiting for ArduPilot flight controller... (no serial device found, retrying in 3s)
2026-10-04 15:00:24 | INFO | Waiting for ArduPilot flight controller... (no serial device found, retrying in 3s)
2026-10-04 15:00:27 | INFO | Waiting for ArduPilot flight controller... (no serial device found, retrying in 3s)
2026-10-04 15:00:30 | INFO | Waiting for ArduPilot flight controller... (no serial device found, retrying in 3s)
2026-10-04 15:00:33 | INFO | Waiting for ArduPilot flight controller... (no serial device found, retrying in 3s)
2026-10-04 15:00:36 | INFO | Waiting for ArduPilot flight controller... (no serial device found, retrying in 3s)
2026-10-04 15:00:39 | INFO | Waiting for ArduPilot flight controller... (no serial device found, retrying in 3s)
2026-10-04 15:00:42 | INFO | Waiting for ArduPilot flight controller... (no serial device found, retrying in 3s)
2026-10-04 15:00:45 | INFO | Waiting for ArduPilot flight controller... (no serial device found, retrying in 3s)
2026-10-04 15:00:48 | INFO | Waiting for ArduPilot flight controller... (no serial device found, retrying in 3s)
2026-10-04 15:00:51 | INFO | Waiting for ArduPilot flight controller... (no serial device found, retrying in 3s)
2026-10-04 15:00:54 | INFO | Waiting for ArduPilot flight controller... (no serial device found, retrying in 3s)
2026-10-04 15:00:57 | INFO | Waiting for ArduPilot flight controller... (no serial device found, retrying in 3s)
2026-10-04 15:01:00 | INFO | Waiting for ArduPilot flight controller... (no serial device found, retrying in 3s)
2026-10-04 15:01:03 | INFO | Waiting for ArduPilot flight controller... (no serial device found, retrying in 3s)
2026-10-04 15:01:06 | INFO | Waiting for ArduPilot flight controller... (no serial device found, retrying in 3s)
2026-10-04 15:01:09 | INFO | Waiting for ArduPilot flight controller... (no serial device found, retrying in 3s)
2026-10-04 15:01:12 | INFO | Waiting for ArduPilot flight controller... (no serial device found, retrying in 3s)
2026-10-04 15:01:15 | INFO | Waiting for ArduPilot flight controller... (no serial device found, retrying in 3s)
2026-10-04 15:01:18 | INFO | Waiting for ArduPilot flight controller... (no serial device found, retrying in 3s)
2026-10-04 15:01:21 | INFO | Waiting for ArduPilot flight controller... (no serial device found, retrying in 3s)
2026-10-04 15:01:24 | INFO | Waiting for ArduPilot flight controller... (no serial device found, retrying in 3s)
2026-10-04 15:01:27 | INFO | Waiting for ArduPilot flight controller... (no serial device found, retrying in 3s)
2026-10-04 15:01:30 | INFO | Waiting for ArduPilot flight controller... (no serial device found, retrying in 3s)
2026-10-04 15:01:33 | INFO | Waiting for ArduPilot flight controller... (no serial device found, retrying in 3s)
2026-10-04 15:01:36 | INFO | Waiting for ArduPilot flight controller... (no serial device found, retrying in 3s)
2026-10-04 15:01:39 | INFO | Waiting for ArduPilot flight controller... (no serial device found, retrying in 3s)
2026-10-04 15:01:42 | INFO | Waiting for ArduPilot flight controller... (no serial device found, retrying in 3s)
2026-10-04 15:01:45 | INFO | Waiting for ArduPilot flight controller... (no serial device found, retrying in 3s)
2026-10-04 15:01:48 | INFO | Waiting for ArduPilot flight controller... (no serial device found, retrying in 3s)
2026-10-04 15:01:51 | INFO | Waiting for ArduPilot flight controller... (no serial device found, retrying in 3s)
2026-10-04 15:01:54 | INFO | Waiting for ArduPilot flight controller... (no serial device found, retrying in 3s)
2026-10-04 15:01:57 | INFO | Waiting for ArduPilot flight controller... (no serial device found, retrying in 3s)
2026-10-04 15:02:00 | INFO | Waiting for ArduPilot flight controller... (no serial device found, retrying in 3s)
2026-10-04 15:02:03 | INFO | Waiting for ArduPilot flight controller... (no serial device found, retrying in 3s)
2026-10-04 15:02:06 | INFO | Waiting for ArduPilot flight controller... (no serial device found, retrying in 3s)
2026-10-04 15:02:09 | INFO | Waiting for ArduPilot flight controller... (no serial device found, retrying in 3s)
2026-10-04 15:02:12 | INFO | Waiting for ArduPilot flight controller... (no serial device found, retrying in 3s)
2026-10-04 15:02:15 | INFO | Waiting for ArduPilot flight controller... (no serial device found, retrying in 3s)
2026-10-04 15:02:18 | INFO | Waiting for ArduPilot flight controller... (no serial device found, retrying in 3s)
2026-10-04 15:02:21 | INFO | Waiting for ArduPilot flight controller... (no serial device found, retrying in 3s)
2026-10-04 15:02:24 | INFO | Waiting for ArduPilot flight controller... (no serial device found, retrying in 3s)
2026-10-04 15:02:27 | INFO | Waiting for ArduPilot flight controller... (no serial device found, retrying in 3s)
2026-10-04 15:02:30 | INFO | Waiting for ArduPilot flight controller... (no serial device found, retrying in 3s)
2026-10-04 15:02:33 | INFO | Waiting for ArduPilot flight controller... (no serial device found, retrying in 3s)
2026-10-04 15:02:36 | INFO | Waiting for ArduPilot flight controller... (no serial device found, retrying in 3s)
2026-10-04 15:02:39 | INFO | Waiting for ArduPilot flight controller... (no serial device found, retrying in 3s)
2026-10-04 15:02:42 | INFO | Waiting for ArduPilot flight controller... (no serial device found, retrying in 3s)
2026-10-04 15:02:45 | INFO | Waiting for ArduPilot flight controller... (no serial device found, retrying in 3s)
2026-10-04 15:02:48 | INFO | Waiting for ArduPilot flight controller... (no serial device found, retrying in 3s)
2026-10-04 15:02:51 | INFO | Waiting for ArduPilot flight controller... (no serial device found, retrying in 3s)
2026-10-04 15:02:54 | INFO | Waiting for ArduPilot flight controller... (no serial device found, retrying in 3s)
2026-10-04 15:02:57 | INFO | Waiting for ArduPilot flight controller... (no serial device found, retrying in 3s)
2026-10-04 15:03:00 | INFO | Waiting for ArduPilot flight controller... (no serial device found, retrying in 3s)
2026-10-04 15:03:03 | INFO | Waiting for ArduPilot flight controller... (no serial device found, retrying in 3s)
2026-10-04 15:03:06 | INFO | Waiting for ArduPilot flight controller... (no serial device found, retrying in 3s)
2026-10-04 15:03:09 | INFO | Waiting for ArduPilot flight controller... (no serial device found, retrying in 3s)
2026-10-04 15:03:12 | INFO | Waiting for ArduPilot flight controller... (no serial device found, retrying in 3s)
2026-10-04 15:03:15 | INFO | Waiting for ArduPilot flight controller... (no serial device found, retrying in 3s)
2026-10-04 15:03:18 | INFO | Waiting for ArduPilot flight controller... (no serial device found, retrying in 3s)
2026-10-04 15:03:21 | INFO | Waiting for ArduPilot flight controller... (no serial device found, retrying in 3s)
2026-10-04 15:03:24 | INFO | Waiting for ArduPilot flight controller... (no serial device found, retrying in 3s)
2026-10-04 15:03:27 | INFO | Waiting for ArduPilot flight controller... (no serial device found, retrying in 3s)
2026-10-04 15:03:30 | INFO | Waiting for ArduPilot flight controller... (no serial device found, retrying in 3s)
2026-10-04 15:03:33 | INFO | Waiting for ArduPilot flight controller... (no serial device found, retrying in 3s)
2026-10-04 15:03:36 | INFO | Waiting for ArduPilot flight controller... (no serial device found, retrying in 3s)
2026-10-04 15:03:39 | INFO | Waiting for ArduPilot flight controller... (no serial device found, retrying in 3s)
2026-10-04 15:03:42 | INFO | Waiting for ArduPilot flight controller... (no serial device found, retrying in 3s)
2026-10-04 15:03:45 | INFO | Waiting for ArduPilot flight controller... (no serial device found, retrying in 3s)
2026-10-04 15:03:48 | INFO | Waiting for ArduPilot flight controller... (no serial device found, retrying in 3s)
2026-10-04 15:03:51 | INFO | Waiting for ArduPilot flight controller... (no serial device found, retrying in 3s)
2026-10-04 15:03:54 | INFO | Waiting for ArduPilot flight controller... (no serial device found, retrying in 3s)
2026-10-04 15:03:57 | INFO | Waiting for ArduPilot flight controller... (no serial device found, retrying in 3s)
2026-10-04 15:04:00 | INFO | Waiting for ArduPilot flight controller... (no serial device found, retrying in 3s)
2026-10-04 15:04:03 | INFO | Waiting for ArduPilot flight controller... (no serial device found, retrying in 3s)
2026-10-04 15:04:06 | INFO | Waiting for ArduPilot flight controller... (no serial device found, retrying in 3s)
2026-10-04 15:04:09 | INFO | Waiting for ArduPilot flight controller... (no serial device found, retrying in 3s)
2026-10-04 15:04:12 | INFO | Waiting for ArduPilot flight controller... (no serial device found, retrying in 3s)
2026-10-04 15:04:15 | INFO | Waiting for ArduPilot flight controller... (no serial device found, retrying in 3s)
2026-10-04 15:04:18 | INFO | Waiting for ArduPilot flight controller... (no serial device found, retrying in 3s)
2026-10-04 15:04:21 | INFO | Waiting for ArduPilot flight controller... (no serial device found, retrying in 3s)
2026-10-04 15:04:24 | INFO | Waiting for ArduPilot flight controller... (no serial device found, retrying in 3s)
2026-10-04 15:04:27 | INFO | Waiting for ArduPilot flight controller... (no serial device found, retrying in 3s)
2026-10-04 15:04:30 | INFO | Waiting for ArduPilot flight controller... (no serial device found, retrying in 3s)
2026-10-04 15:04:33 | INFO | Waiting for ArduPilot flight controller... (no serial device found, retrying in 3s)
2026-10-04 15:04:36 | INFO | Waiting for ArduPilot flight controller... (no serial device found, retrying in 3s)
2026-10-04 15:04:39 | INFO | Waiting for ArduPilot flight controller... (no serial device found, retrying in 3s)
2026-10-04 15:04:42 | INFO | Waiting for ArduPilot flight controller... (no serial device found, retrying in 3s)
2026-10-04 15:04:45 | INFO | Waiting for ArduPilot flight controller... (no serial device found, retrying in 3s)
2026-10-04 15:04:48 | INFO | Waiting for ArduPilot flight controller... (no serial device found, retrying in 3s)
2026-10-04 15:04:51 | INFO | Waiting for ArduPilot flight controller... (no serial device found, retrying in 3s)
2026-10-04 15:04:54 | INFO | Waiting for ArduPilot flight controller... (no serial device found, retrying in 3s)
2026-10-04 15:04:57 | INFO | Waiting for ArduPilot flight controller... (no serial device found, retrying in 3s)
2026-10-04 15:05:00 | INFO | Waiting for ArduPilot flight controller... (no serial device found, retrying in 3s)
2026-10-04 15:05:03 | INFO | Waiting for ArduPilot flight controller... (no serial device found, retrying in 3s)
2026-10-04 15:05:06 | INFO | Waiting for ArduPilot flight controller... (no serial device found, retrying in 3s)
2026-10-04 15:05:09 | INFO | Waiting for ArduPilot flight controller... (no serial device found, retrying in 3s)
2026-10-04 15:05:12 | INFO | Waiting for ArduPilot flight controller... (no serial device found, retrying in 3s)
2026-10-04 15:05:15 | INFO | Waiting for ArduPilot flight controller... (no serial device found, retrying in 3s)
2026-10-04 15:05:18 | INFO | Waiting for ArduPilot flight controller... (no serial device found, retrying in 3s)
2026-10-04 15:05:21 | INFO | Waiting for ArduPilot flight controller... (no serial device found, retrying in 3s)
2026-10-04 15:05:24 | INFO | Waiting for ArduPilot flight controller... (no serial device found, retrying in 3s)
2026-10-04 15:05:27 | INFO | Waiting for ArduPilot flight controller... (no serial device found, retrying in 3s)
2026-10-04 15:05:30 | INFO | Waiting for ArduPilot flight controller... (no serial device found, retrying in 3s)
2026-10-04 15:05:33 | INFO | Waiting for ArduPilot flight controller... (no serial device found, retrying in 3s)
2026-10-04 15:05:36 | INFO | Waiting for ArduPilot flight controller... (no serial device found, retrying in 3s)
2026-10-04 15:05:39 | INFO | Waiting for ArduPilot flight controller... (no serial device found, retrying in 3s)
2026-10-04 15:05:42 | INFO | Waiting for ArduPilot flight controller... (no serial device found, retrying in 3s)
2026-10-04 15:05:45 | INFO | Waiting for ArduPilot flight controller... (no serial device found, retrying in 3s)
2026-10-04 15:05:48 | INFO | Waiting for ArduPilot flight controller... (no serial device found, retrying in 3s)
2026-10-04 15:05:51 | INFO | Waiting for ArduPilot flight controller... (no serial device found, retrying in 3s)
2026-10-04 15:05:54 | INFO | Waiting for ArduPilot flight controller... (no serial device found, retrying in 3s)
2026-10-04 15:05:57 | INFO | Waiting for ArduPilot flight controller... (no serial device found, retrying in 3s)
2026-10-04 15:06:00 | INFO | Waiting for ArduPilot flight controller... (no serial device found, retrying in 3s)
2026-10-04 15:06:03 | INFO | Waiting for ArduPilot flight controller... (no serial device found, retrying in 3s)
2026-10-04 15:06:06 | INFO | Waiting for ArduPilot flight controller... (no serial device found, retrying in 3s)
2026-10-04 15:06:09 | INFO | Waiting for ArduPilot flight controller... (no serial device found, retrying in 3s)
2026-10-04 15:06:12 | INFO | Waiting for ArduPilot flight controller... (no serial device found, retrying in 3s)
2026-10-04 15:06:15 | INFO | Waiting for ArduPilot flight controller... (no serial device found, retrying in 3s)
2026-10-04 15:06:18 | INFO | Waiting for ArduPilot flight controller... (no serial device found, retrying in 3s)
2026-10-04 15:06:21 | INFO | Waiting for ArduPilot flight controller... (no serial device found, retrying in 3s)
2026-10-04 15:06:24 | INFO | Waiting for ArduPilot flight controller... (no serial device found, retrying in 3s)
2026-10-04 15:06:27 | INFO | Waiting for ArduPilot flight controller... (no serial device found, retrying in 3s)
2026-10-04 15:06:30 | INFO | Waiting for ArduPilot flight controller... (no serial device found, retrying in 3s)
2026-10-04 15:06:33 | INFO | Waiting for ArduPilot flight controller... (no serial device found, retrying in 3s)
2026-10-04 15:06:36 | INFO | Waiting for ArduPilot flight controller... (no serial device found, retrying in 3s)
2026-10-04 15:06:39 | INFO | Waiting for ArduPilot flight controller... (no serial device found, retrying in 3s)
2026-10-04 15:06:42 | INFO | Waiting for ArduPilot flight controller... (no serial device found, retrying in 3s)
2026-10-04 15:06:45 | INFO | Waiting for ArduPilot flight controller... (no serial device found, retrying in 3s)
2026-10-04 15:06:48 | INFO | Waiting for ArduPilot flight controller... (no serial device found, retrying in 3s)
2026-10-04 15:06:51 | INFO | Waiting for ArduPilot flight controller... (no serial device found, retrying in 3s)
2026-10-04 15:06:54 | INFO | Waiting for ArduPilot flight controller... (no serial device found, retrying in 3s)
2026-10-04 15:06:57 | INFO | Waiting for ArduPilot flight controller... (no serial device found, retrying in 3s)
2026-10-04 15:07:00 | INFO | Waiting for ArduPilot flight controller... (no serial device found, retrying in 3s)
2026-10-04 15:07:03 | INFO | Waiting for ArduPilot flight controller... (no serial device found, retrying in 3s)
2026-10-04 15:07:06 | INFO | Waiting for ArduPilot flight controller... (no serial device found, retrying in 3s)
2026-10-04 15:07:09 | INFO | Waiting for ArduPilot flight controller... (no serial device found, retrying in 3s)
2026-10-04 15:07:12 | INFO | Waiting for ArduPilot flight controller... (no serial device found, retrying in 3s)
2026-10-04 15:07:15 | INFO | Waiting for ArduPilot flight controller... (no serial device found, retrying in 3s)
2026-10-04 15:07:18 | INFO | Waiting for ArduPilot flight controller... (no serial device found, retrying in 3s)
2026-10-04 15:07:21 | INFO | Waiting for ArduPilot flight controller... (no serial device found, retrying in 3s)
2026-10-04 15:07:24 | INFO | Waiting for ArduPilot flight controller... (no serial device found, retrying in 3s)
2026-10-04 15:07:27 | INFO | Waiting for ArduPilot flight controller... (no serial device found, retrying in 3s)
2026-10-04 15:07:30 | INFO | Waiting for ArduPilot flight controller... (no serial device found, retrying in 3s)
2026-10-04 15:07:33 | INFO | Waiting for ArduPilot flight controller... (no serial device found, retrying in 3s)
2026-10-04 15:07:36 | INFO | Waiting for ArduPilot flight controller... (no serial device found, retrying in 3s)
2026-10-04 15:07:39 | INFO | Waiting for ArduPilot flight controller... (no serial device found, retrying in 3s)
2026-10-04 15:07:42 | INFO | Waiting for ArduPilot flight controller... (no serial device found, retrying in 3s)
2026-10-04 15:07:45 | INFO | Waiting for ArduPilot flight controller... (no serial device found, retrying in 3s)
2026-10-04 15:07:48 | INFO | Waiting for ArduPilot flight controller... (no serial device found, retrying in 3s)
2026-10-04 15:07:51 | INFO | Waiting for ArduPilot flight controller... (no serial device found, retrying in 3s)
2026-10-04 15:07:54 | INFO | Waiting for ArduPilot flight controller... (no serial device found, retrying in 3s)
2026-10-04 15:07:57 | INFO | Waiting for ArduPilot flight controller... (no serial device found, retrying in 3s)
2026-10-04 15:08:00 | INFO | Waiting for ArduPilot flight controller... (no serial device found, retrying in 3s)
2026-10-04 15:08:03 | INFO | Waiting for ArduPilot flight controller... (no serial device found, retrying in 3s)
2026-10-04 15:08:06 | INFO | Waiting for ArduPilot flight controller... (no serial device found, retrying in 3s)
2026-10-04 15:08:09 | INFO | Waiting for ArduPilot flight controller... (no serial device found, retrying in 3s)
2026-10-04 15:08:12 | INFO | Waiting for ArduPilot flight controller... (no serial device found, retrying in 3s)
2026-10-04 15:08:15 | INFO | Waiting for ArduPilot flight controller... (no serial device found, retrying in 3s)
2026-10-04 15:08:18 | INFO | Waiting for ArduPilot flight controller... (no serial device found, retrying in 3s)
2026-10-04 15:08:21 | INFO | Waiting for ArduPilot flight controller... (no serial device found, retrying in 3s)
2026-10-04 15:08:24 | INFO | Waiting for ArduPilot flight controller... (no serial device found, retrying in 3s)
2026-10-04 15:08:27 | INFO | Waiting for ArduPilot flight controller... (no serial device found, retrying in 3s)
2026-10-04 15:08:30 | INFO | Waiting for ArduPilot flight controller... (no serial device found, retrying in 3s)
2026-10-04 15:08:33 | INFO | Waiting for ArduPilot flight controller... (no serial device found, retrying in 3s)
2026-10-04 15:08:36 | INFO | Waiting for ArduPilot flight controller... (no serial device found, retrying in 3s)
2026-10-04 15:08:39 | INFO | Waiting for ArduPilot flight controller... (no serial device found, retrying in 3s)
2026-10-04 15:08:42 | INFO | Waiting for ArduPilot flight controller... (no serial device found, retrying in 3s)
2026-10-04 15:08:45 | INFO | Waiting for ArduPilot flight controller... (no serial device found, retrying in 3s)
2026-10-04 15:08:48 | INFO | Waiting for ArduPilot flight controller... (no serial device found, retrying in 3s)
2026-10-04 15:08:51 | INFO | Waiting for ArduPilot flight controller... (no serial device found, retrying in 3s)
2026-10-04 15:08:54 | INFO | Waiting for ArduPilot flight controller... (no serial device found, retrying in 3s)
2026-10-04 15:08:57 | INFO | Waiting for ArduPilot flight controller... (no serial device found, retrying in 3s)
2026-10-04 15:09:00 | INFO | Waiting for ArduPilot flight controller... (no serial device found, retrying in 3s)
2026-10-04 15:09:03 | INFO | Waiting for ArduPilot flight controller... (no serial device found, retrying in 3s)
2026-10-04 15:09:06 | INFO | Waiting for ArduPilot flight controller... (no serial device found, retrying in 3s)
2026-10-04 15:09:09 | INFO | Waiting for ArduPilot flight controller... (no serial device found, retrying in 3s)
2026-10-04 15:09:12 | INFO | Waiting for ArduPilot flight controller... (no serial device found, retrying in 3s)
2026-10-04 15:09:15 | INFO | Waiting for ArduPilot flight controller... (no serial device found, retrying in 3s)
2026-10-04 15:09:18 | INFO | Waiting for ArduPilot flight controller... (no serial device found, retrying in 3s)
2026-10-04 15:09:21 | INFO | Waiting for ArduPilot flight controller... (no serial device found, retrying in 3s)
2026-10-04 15:09:24 | INFO | Waiting for ArduPilot flight controller... (no serial device found, retrying in 3s)
2026-10-04 15:09:27 | INFO | Waiting for ArduPilot flight controller... (no serial device found, retrying in 3s)
2026-10-04 15:09:30 | INFO | Waiting for ArduPilot flight controller... (no serial device found, retrying in 3s)
2026-10-04 15:09:33 | INFO | Waiting for ArduPilot flight controller... (no serial device found, retrying in 3s)
2026-10-04 15:09:36 | INFO | Waiting for ArduPilot flight controller... (no serial device found, retrying in 3s)
2026-10-04 15:09:39 | INFO | Waiting for ArduPilot flight controller... (no serial device found, retrying in 3s)
2026-10-04 15:09:42 | INFO | Waiting for ArduPilot flight controller... (no serial device found, retrying in 3s)
2026-10-04 15:09:45 | INFO | Waiting for ArduPilot flight controller... (no serial device found, retrying in 3s)
2026-10-04 15:09:48 | INFO | Waiting for ArduPilot flight controller... (no serial device found, retrying in 3s)
2026-10-04 15:09:51 | INFO | Waiting for ArduPilot flight controller... (no serial device found, retrying in 3s)
2026-10-04 15:09:54 | INFO | Waiting for ArduPilot flight controller... (no serial device found, retrying in 3s)
2026-10-04 15:09:57 | INFO | Waiting for ArduPilot flight controller... (no serial device found, retrying in 3s)
2026-10-04 15:10:00 | INFO | Waiting for ArduPilot flight controller... (no serial device found, retrying in 3s)
2026-10-04 15:10:03 | INFO | Waiting for ArduPilot flight controller... (no serial device found, retrying in 3s)
2026-10-04 15:10:06 | INFO | Waiting for ArduPilot flight controller... (no serial device found, retrying in 3s)
2026-10-04 15:10:09 | INFO | Waiting for ArduPilot flight controller... (no serial device found, retrying in 3s)
2026-10-04 15:10:12 | INFO | Waiting for ArduPilot flight controller... (no serial device found, retrying in 3s)
2026-10-04 15:10:15 | INFO | Waiting for ArduPilot flight controller... (no serial device found, retrying in 3s)
2026-10-04 15:10:18 | INFO | Waiting for ArduPilot flight controller... (no serial device found, retrying in 3s)
2026-10-04 15:10:21 | INFO | Waiting for ArduPilot flight controller... (no serial device found, retrying in 3s)
2026-10-04 15:10:24 | INFO | Waiting for ArduPilot flight controller... (no serial device found, retrying in 3s)
2026-10-04 15:10:27 | INFO | Waiting for ArduPilot flight controller... (no serial device found, retrying in 3s)
2026-10-04 15:10:30 | INFO | Waiting for ArduPilot flight controller... (no serial device found, retrying in 3s)
2026-10-04 15:10:33 | INFO | Waiting for ArduPilot flight controller... (no serial device found, retrying in 3s)
2026-10-04 15:10:36 | INFO | Waiting for ArduPilot flight controller... (no serial device found, retrying in 3s)
2026-10-04 15:10:39 | INFO | Waiting for ArduPilot flight controller... (no serial device found, retrying in 3s)
2026-10-04 15:10:42 | INFO | Waiting for ArduPilot flight controller... (no serial device found, retrying in 3s)
2026-10-04 15:10:45 | INFO | Waiting for ArduPilot flight controller... (no serial device found, retrying in 3s)
2026-10-04 15:10:48 | INFO | Waiting for ArduPilot flight controller... (no serial device found, retrying in 3s)
2026-10-04 15:10:51 | INFO | Waiting for ArduPilot flight controller... (no serial device found, retrying in 3s)
2026-10-04 15:10:54 | INFO | Waiting for ArduPilot flight controller... (no serial device found, retrying in 3s)
2026-10-04 15:10:57 | INFO | Waiting for ArduPilot flight controller... (no serial device found, retrying in 3s)
2026-10-04 15:11:00 | INFO | Waiting for ArduPilot flight controller... (no serial device found, retrying in 3s)
2026-10-04 15:11:03 | INFO | Waiting for ArduPilot flight controller... (no serial device found, retrying in 3s)
2026-10-04 15:11:06 | INFO | Waiting for ArduPilot flight controller... (no serial device found, retrying in 3s)
2026-10-04 15:11:09 | INFO | Waiting for ArduPilot flight controller... (no serial device found, retrying in 3s)
2026-10-04 15:11:12 | INFO | Waiting for ArduPilot flight controller... (no serial device found, retrying in 3s)
2026-10-04 15:11:15 | INFO | Waiting for ArduPilot flight controller... (no serial device found, retrying in 3s)
2026-10-04 15:11:18 | INFO | Waiting for ArduPilot flight controller... (no serial device found, retrying in 3s)
2026-10-04 15:11:21 | INFO | Waiting for ArduPilot flight controller... (no serial device found, retrying in 3s)
2026-10-04 15:11:24 | INFO | Waiting for ArduPilot flight controller... (no serial device found, retrying in 3s)
2026-10-04 15:11:27 | INFO | Waiting for ArduPilot flight controller... (no serial device found, retrying in 3s)
2026-10-04 15:11:30 | INFO | Waiting for ArduPilot flight controller... (no serial device found, retrying in 3s)
2026-10-04 15:11:33 | INFO | Waiting for ArduPilot flight controller... (no serial device found, retrying in 3s)
2026-10-04 15:11:36 | INFO | Waiting for ArduPilot flight controller... (no serial device found, retrying in 3s)
2026-10-04 15:11:39 | INFO | Waiting for ArduPilot flight controller... (no serial device found, retrying in 3s)
2026-10-04 15:11:42 | INFO | Waiting for ArduPilot flight controller... (no serial device found, retrying in 3s)
2026-10-04 15:11:45 | INFO | Waiting for ArduPilot flight controller... (no serial device found, retrying in 3s)
2026-10-04 15:11:48 | INFO | Waiting for ArduPilot flight controller... (no serial device found, retrying in 3s)
2026-10-04 15:11:51 | INFO | Waiting for ArduPilot flight controller... (no serial device found, retrying in 3s)
2026-10-04 15:11:54 | INFO | Waiting for ArduPilot flight controller... (no serial device found, retrying in 3s)
2026-10-04 15:11:57 | INFO | Waiting for ArduPilot flight controller... (no serial device found, retrying in 3s)
2026-10-04 15:12:00 | INFO | Waiting for ArduPilot flight controller... (no serial device found, retrying in 3s)
2026-10-04 15:12:03 | INFO | Waiting for ArduPilot flight controller... (no serial device found, retrying in 3s)
2026-10-04 15:12:06 | INFO | Waiting for ArduPilot flight controller... (no serial device found, retrying in 3s)
2026-10-04 15:12:09 | INFO | Waiting for ArduPilot flight controller... (no serial device found, retrying in 3s)
2026-10-04 15:12:12 | INFO | Waiting for ArduPilot flight controller... (no serial device found, retrying in 3s)
2026-10-04 15:12:15 | INFO | Waiting for ArduPilot flight controller... (no serial device found, retrying in 3s)
2026-10-04 15:12:18 | INFO | Waiting for ArduPilot flight controller... (no serial device found, retrying in 3s)
2026-10-04 15:12:21 | INFO | Waiting for ArduPilot flight controller... (no serial device found, retrying in 3s)
2026-10-04 15:12:24 | INFO | Waiting for ArduPilot flight controller... (no serial device found, retrying in 3s)
2026-10-04 15:12:27 | INFO | Waiting for ArduPilot flight controller... (no serial device found, retrying in 3s)
2026-10-04 15:12:30 | INFO | Waiting for ArduPilot flight controller... (no serial device found, retrying in 3s)
2026-10-04 15:12:33 | INFO | Waiting for ArduPilot flight controller... (no serial device found, retrying in 3s)
2026-10-04 15:12:36 | INFO | Waiting for ArduPilot flight controller... (no serial device found, retrying in 3s)
2026-10-04 15:12:39 | INFO | Waiting for ArduPilot flight controller... (no serial device found, retrying in 3s)
2026-10-04 15:12:42 | INFO | Waiting for ArduPilot flight controller... (no serial device found, retrying in 3s)
2026-10-04 15:12:45 | INFO | Waiting for ArduPilot flight controller... (no serial device found, retrying in 3s)
2026-10-04 15:12:48 | INFO | Waiting for ArduPilot flight controller... (no serial device found, retrying in 3s)
2026-10-04 15:12:51 | INFO | Waiting for ArduPilot flight controller... (no serial device found, retrying in 3s)
2026-10-04 15:12:54 | INFO | Waiting for ArduPilot flight controller... (no serial device found, retrying in 3s)
2026-10-04 15:12:57 | INFO | Waiting for ArduPilot flight controller... (no serial device found, retrying in 3s)
2026-10-04 15:13:00 | INFO | Waiting for ArduPilot flight controller... (no serial device found, retrying in 3s)
2026-10-04 15:13:03 | INFO | Waiting for ArduPilot flight controller... (no serial device found, retrying in 3s)
2026-10-04 15:13:06 | INFO | Waiting for ArduPilot flight controller... (no serial device found, retrying in 3s)
2026-10-04 15:13:09 | INFO | Waiting for ArduPilot flight controller... (no serial device found, retrying in 3s)
2026-10-04 15:13:12 | INFO | Waiting for ArduPilot flight controller... (no serial device found, retrying in 3s)
2026-10-04 15:13:15 | INFO | Waiting for ArduPilot flight controller... (no serial device found, retrying in 3s)
2026-10-04 15:13:18 | INFO | Waiting for ArduPilot flight controller... (no serial device found, retrying in 3s)
2026-10-04 15:13:21 | INFO | Waiting for ArduPilot flight controller... (no serial device found, retrying in 3s)
2026-10-04 15:13:24 | INFO | Waiting for ArduPilot flight controller... (no serial device found, retrying in 3s)
2026-10-04 15:13:27 | INFO | Waiting for ArduPilot flight controller... (no serial device found, retrying in 3s)
2026-10-04 15:13:30 | INFO | Waiting for ArduPilot flight controller... (no serial device found, retrying in 3s)
2026-10-04 15:13:33 | INFO | Waiting for ArduPilot flight controller... (no serial device found, retrying in 3s)
2026-10-04 15:13:36 | INFO | Waiting for ArduPilot flight controller... (no serial device found, retrying in 3s)
2026-10-04 15:13:39 | INFO | Waiting for ArduPilot flight controller... (no serial device found, retrying in 3s)
2026-10-04 15:13:42 | INFO | Waiting for ArduPilot flight controller... (no serial device found, retrying in 3s)
2026-10-04 15:13:45 | INFO | Waiting for ArduPilot flight controller... (no serial device found, retrying in 3s)
2026-10-04 15:13:48 | INFO | Waiting for ArduPilot flight controller... (no serial device found, retrying in 3s)
2026-10-04 15:13:51 | INFO | Waiting for ArduPilot flight controller... (no serial device found, retrying in 3s)
2026-10-04 15:13:54 | INFO | Waiting for ArduPilot flight controller... (no serial device found, retrying in 3s)
2026-10-04 15:13:57 | INFO | Waiting for ArduPilot flight controller... (no serial device found, retrying in 3s)
2026-10-04 15:14:00 | INFO | Waiting for ArduPilot flight controller... (no serial device found, retrying in 3s)
2026-10-04 15:14:03 | INFO | Waiting for ArduPilot flight controller... (no serial device found, retrying in 3s)
2026-10-04 15:14:06 | INFO | Waiting for ArduPilot flight controller... (no serial device found, retrying in 3s)
2026-10-04 15:14:09 | INFO | Waiting for ArduPilot flight controller... (no serial device found, retrying in 3s)
2026-10-04 15:14:12 | INFO | Waiting for ArduPilot flight controller... (no serial device found, retrying in 3s)
2026-10-04 15:14:15 | INFO | Waiting for ArduPilot flight controller... (no serial device found, retrying in 3s)
2026-10-04 15:14:18 | INFO | Waiting for ArduPilot flight controller... (no serial device found, retrying in 3s)
2026-10-04 15:14:21 | INFO | Waiting for ArduPilot flight controller... (no serial device found, retrying in 3s)
2026-10-04 15:14:24 | INFO | Waiting for ArduPilot flight controller... (no serial device found, retrying in 3s)
2026-10-04 15:14:27 | INFO | Waiting for ArduPilot flight controller... (no serial device found, retrying in 3s)
2026-10-04 15:14:30 | INFO | Waiting for ArduPilot flight controller... (no serial device found, retrying in 3s)
2026-10-04 15:14:33 | INFO | Waiting for ArduPilot flight controller... (no serial device found, retrying in 3s)
2026-10-04 15:14:36 | INFO | Waiting for ArduPilot flight controller... (no serial device found, retrying in 3s)
2026-10-04 15:14:39 | INFO | Waiting for ArduPilot flight controller... (no serial device found, retrying in 3s)
2026-10-04 15:14:42 | INFO | Waiting for ArduPilot flight controller... (no serial device found, retrying in 3s)
2026-10-04 15:14:45 | INFO | Waiting for ArduPilot flight controller... (no serial device found, retrying in 3s)
2026-10-04 15:14:48 | INFO | Waiting for ArduPilot flight controller... (no serial device found, retrying in 3s)
2026-10-04 15:14:51 | INFO | Waiting for ArduPilot flight controller... (no serial device found, retrying in 3s)
2026-10-04 15:14:54 | INFO | Waiting for ArduPilot flight controller... (no serial device found, retrying in 3s)
2026-10-04 15:14:57 | INFO | Waiting for ArduPilot flight controller... (no serial device found, retrying in 3s)
2026-10-04 15:15:00 | INFO | Waiting for ArduPilot flight controller... (no serial device found, retrying in 3s)
2026-10-04 15:15:03 | INFO | Waiting for ArduPilot flight controller... (no serial device found, retrying in 3s)
2026-10-04 15:15:06 | INFO | Waiting for ArduPilot flight controller... (no serial device found, retrying in 3s)
2026-10-04 15:15:09 | INFO | Waiting for ArduPilot flight controller... (no serial device found, retrying in 3s)
2026-10-04 15:15:12 | INFO | Waiting for ArduPilot flight controller... (no serial device found, retrying in 3s)
2026-10-04 15:15:15 | INFO | Waiting for ArduPilot flight controller... (no serial device found, retrying in 3s)
2026-10-04 15:15:18 | INFO | Waiting for ArduPilot flight controller... (no serial device found, retrying in 3s)
2026-10-04 15:15:21 | INFO | Waiting for ArduPilot flight controller... (no serial device found, retrying in 3s)
2026-10-04 15:15:24 | INFO | Waiting for ArduPilot flight controller... (no serial device found, retrying in 3s)
2026-10-04 15:15:27 | INFO | Waiting for ArduPilot flight controller... (no serial device found, retrying in 3s)
2026-10-04 15:15:30 | INFO | Waiting for ArduPilot flight controller... (no serial device found, retrying in 3s)
2026-10-04 15:15:33 | INFO | Waiting for ArduPilot flight controller... (no serial device found, retrying in 3s)
2026-10-04 15:15:36 | INFO | Waiting for ArduPilot flight controller... (no serial device found, retrying in 3s)
2026-10-04 15:15:39 | INFO | Waiting for ArduPilot flight controller... (no serial device found, retrying in 3s)
2026-10-04 15:15:42 | INFO | Waiting for ArduPilot flight controller... (no serial device found, retrying in 3s)
2026-10-04 15:15:45 | INFO | Waiting for ArduPilot flight controller... (no serial device found, retrying in 3s)
2026-10-04 15:15:48 | INFO | Waiting for ArduPilot flight controller... (no serial device found, retrying in 3s)
2026-10-04 15:15:51 | INFO | Waiting for ArduPilot flight controller... (no serial device found, retrying in 3s)
2026-10-04 15:15:54 | INFO | Waiting for ArduPilot flight controller... (no serial device found, retrying in 3s)
2026-10-04 15:15:57 | INFO | Waiting for ArduPilot flight controller... (no serial device found, retrying in 3s)
2026-10-04 15:16:00 | INFO | Waiting for ArduPilot flight controller... (no serial device found, retrying in 3s)
2026-10-04 15:16:03 | INFO | Waiting for ArduPilot flight controller... (no serial device found, retrying in 3s)
2026-10-04 15:16:06 | INFO | Waiting for ArduPilot flight controller... (no serial device found, retrying in 3s)
2026-10-04 15:16:09 | INFO | Waiting for ArduPilot flight controller... (no serial device found, retrying in 3s)
2026-10-04 15:16:12 | INFO | Waiting for ArduPilot flight controller... (no serial device found, retrying in 3s)
2026-10-04 15:16:15 | INFO | Waiting for ArduPilot flight controller... (no serial device found, retrying in 3s)
2026-10-04 15:16:18 | INFO | Waiting for ArduPilot flight controller... (no serial device found, retrying in 3s)
2026-10-04 15:16:21 | INFO | Waiting for ArduPilot flight controller... (no serial device found, retrying in 3s)
2026-10-04 15:16:24 | INFO | Waiting for ArduPilot flight controller... (no serial device found, retrying in 3s)
2026-10-04 15:16:27 | INFO | Waiting for ArduPilot flight controller... (no serial device found, retrying in 3s)
2026-10-04 15:16:30 | INFO | Waiting for ArduPilot flight controller... (no serial device found, retrying in 3s)
2026-10-04 15:16:33 | INFO | Waiting for ArduPilot flight controller... (no serial device found, retrying in 3s)
2026-10-04 15:16:36 | INFO | Waiting for ArduPilot flight controller... (no serial device found, retrying in 3s)
2026-10-04 15:16:39 | INFO | Waiting for ArduPilot flight controller... (no serial device found, retrying in 3s)
2026-10-04 15:16:42 | INFO | Waiting for ArduPilot flight controller... (no serial device found, retrying in 3s)
2026-10-04 15:16:45 | INFO | Waiting for ArduPilot flight controller... (no serial device found, retrying in 3s)
2026-10-04 15:16:48 | INFO | Waiting for ArduPilot flight controller... (no serial device found, retrying in 3s)
2026-10-04 15:16:51 | INFO | Waiting for ArduPilot flight controller... (no serial device found, retrying in 3s)
2026-10-04 15:16:54 | INFO | Waiting for ArduPilot flight controller... (no serial device found, retrying in 3s)
2026-10-04 15:16:57 | INFO | Waiting for ArduPilot flight controller... (no serial device found, retrying in 3s)
2026-10-04 15:17:00 | INFO | Waiting for ArduPilot flight controller... (no serial device found, retrying in 3s)
2026-10-04 15:17:03 | INFO | Waiting for ArduPilot flight controller... (no serial device found, retrying in 3s)
2026-10-04 15:17:06 | INFO | Waiting for ArduPilot flight controller... (no serial device found, retrying in 3s)
2026-10-04 15:17:09 | INFO | Waiting for ArduPilot flight controller... (no serial device found, retrying in 3s)
2026-10-04 15:17:12 | INFO | Waiting for ArduPilot flight controller... (no serial device found, retrying in 3s)
2026-10-04 15:17:15 | INFO | Waiting for ArduPilot flight controller... (no serial device found, retrying in 3s)
2026-10-04 15:17:18 | INFO | Waiting for ArduPilot flight controller... (no serial device found, retrying in 3s)
2026-10-04 15:17:21 | INFO | Waiting for ArduPilot flight controller... (no serial device found, retrying in 3s)
2026-10-04 15:17:24 | INFO | Waiting for ArduPilot flight controller... (no serial device found, retrying in 3s)
2026-10-04 15:17:27 | INFO | Waiting for ArduPilot flight controller... (no serial device found, retrying in 3s)
2026-10-04 15:17:30 | INFO | Waiting for ArduPilot flight controller... (no serial device found, retrying in 3s)
2026-10-04 15:17:33 | INFO | Waiting for ArduPilot flight controller... (no serial device found, retrying in 3s)
2026-10-04 15:17:36 | INFO | Waiting for ArduPilot flight controller... (no serial device found, retrying in 3s)
2026-10-04 15:17:39 | INFO | Waiting for ArduPilot flight controller... (no serial device found, retrying in 3s)
2026-10-04 15:17:42 | INFO | Waiting for ArduPilot flight controller... (no serial device found, retrying in 3s)
2026-10-04 15:17:45 | INFO | Waiting for ArduPilot flight controller... (no serial device found, retrying in 3s)
2026-10-04 15:17:48 | INFO | Waiting for ArduPilot flight controller... (no serial device found, retrying in 3s)
2026-10-04 15:17:51 | INFO | Waiting for ArduPilot flight controller... (no serial device found, retrying in 3s)
2026-10-04 15:17:54 | INFO | Waiting for ArduPilot flight controller... (no serial device found, retrying in 3s)
2026-10-04 15:17:57 | INFO | Waiting for ArduPilot flight controller... (no serial device found, retrying in 3s)
2026-10-04 15:18:00 | INFO | Waiting for ArduPilot flight controller... (no serial device found, retrying in 3s)
2026-10-04 15:18:03 | INFO | Waiting for ArduPilot flight controller... (no serial device found, retrying in 3s)
2026-10-04 15:18:06 | INFO | Waiting for ArduPilot flight controller... (no serial device found, retrying in 3s)
2026-10-04 15:18:09 | INFO | Waiting for ArduPilot flight controller... (no serial device found, retrying in 3s)
2026-10-04 15:18:12 | INFO | Waiting for ArduPilot flight controller... (no serial device found, retrying in 3s)
2026-10-04 15:18:15 | INFO | Waiting for ArduPilot flight controller... (no serial device found, retrying in 3s)
2026-10-04 15:18:18 | INFO | Waiting for ArduPilot flight controller... (no serial device found, retrying in 3s)
2026-10-04 15:18:21 | INFO | Waiting for ArduPilot flight controller... (no serial device found, retrying in 3s)
2026-10-04 15:18:24 | INFO | Waiting for ArduPilot flight controller... (no serial device found, retrying in 3s)
2026-10-04 15:18:27 | INFO | Waiting for ArduPilot flight controller... (no serial device found, retrying in 3s)
2026-10-04 15:18:30 | INFO | Waiting for ArduPilot flight controller... (no serial device found, retrying in 3s)
2026-10-04 15:18:33 | INFO | Waiting for ArduPilot flight controller... (no serial device found, retrying in 3s)
2026-10-04 15:18:36 | INFO | Waiting for ArduPilot flight controller... (no serial device found, retrying in 3s)
2026-10-04 15:18:39 | INFO | Waiting for ArduPilot flight controller... (no serial device found, retrying in 3s)
2026-10-04 15:18:42 | INFO | Waiting for ArduPilot flight controller... (no serial device found, retrying in 3s)
2026-10-04 15:18:45 | INFO | Waiting for ArduPilot flight controller... (no serial device found, retrying in 3s)
2026-10-04 15:18:48 | INFO | Waiting for ArduPilot flight controller... (no serial device found, retrying in 3s)
2026-10-04 15:18:51 | INFO | Waiting for ArduPilot flight controller... (no serial device found, retrying in 3s)
2026-10-04 15:18:54 | INFO | Waiting for ArduPilot flight controller... (no serial device found, retrying in 3s)
2026-10-04 15:18:57 | INFO | Waiting for ArduPilot flight controller... (no serial device found, retrying in 3s)
2026-10-04 15:19:00 | INFO | Waiting for ArduPilot flight controller... (no serial device found, retrying in 3s)
2026-10-04 15:19:03 | INFO | Waiting for ArduPilot flight controller... (no serial device found, retrying in 3s)
2026-10-04 15:19:06 | INFO | Waiting for ArduPilot flight controller... (no serial device found, retrying in 3s)
2026-10-04 15:19:09 | INFO | Waiting for ArduPilot flight controller... (no serial device found, retrying in 3s)
2026-10-04 15:19:12 | INFO | Waiting for ArduPilot flight controller... (no serial device found, retrying in 3s)
2026-10-04 15:19:15 | INFO | Waiting for ArduPilot flight controller... (no serial device found, retrying in 3s)
2026-10-04 15:19:18 | INFO | Waiting for ArduPilot flight controller... (no serial device found, retrying in 3s)
2026-10-04 15:19:21 | INFO | Waiting for ArduPilot flight controller... (no serial device found, retrying in 3s)
2026-10-04 15:19:24 | INFO | Waiting for ArduPilot flight controller... (no serial device found, retrying in 3s)
2026-10-04 15:19:27 | INFO | Waiting for ArduPilot flight controller... (no serial device found, retrying in 3s)
2026-10-04 15:19:30 | INFO | Waiting for ArduPilot flight controller... (no serial device found, retrying in 3s)
2026-10-04 15:19:33 | INFO | Waiting for ArduPilot flight controller... (no serial device found, retrying in 3s)
2026-10-04 15:19:36 | INFO | Waiting for ArduPilot flight controller... (no serial device found, retrying in 3s)
2026-10-04 15:19:39 | INFO | Waiting for ArduPilot flight controller... (no serial device found, retrying in 3s)
2026-10-04 15:19:42 | INFO | Waiting for ArduPilot flight controller... (no serial device found, retrying in 3s)
2026-10-04 15:19:45 | INFO | Waiting for ArduPilot flight controller... (no serial device found, retrying in 3s)
2026-10-04 15:19:48 | INFO | Waiting for ArduPilot flight controller... (no serial device found, retrying in 3s)
2026-10-04 15:19:51 | INFO | Waiting for ArduPilot flight controller... (no serial device found, retrying in 3s)
2026-10-04 15:19:54 | INFO | Waiting for ArduPilot flight controller... (no serial device found, retrying in 3s)
2026-10-04 15:19:57 | INFO | Waiting for ArduPilot flight controller... (no serial device found, retrying in 3s)
2026-10-04 15:20:00 | INFO | Waiting for ArduPilot flight controller... (no serial device found, retrying in 3s)
2026-10-04 15:20:03 | INFO | Waiting for ArduPilot flight controller... (no serial device found, retrying in 3s)
2026-10-04 15:20:06 | INFO | Waiting for ArduPilot flight controller... (no serial device found, retrying in 3s)
2026-10-04 15:20:09 | INFO | Waiting for ArduPilot flight controller... (no serial device found, retrying in 3s)
2026-10-04 15:20:12 | INFO | Waiting for ArduPilot flight controller... (no serial device found, retrying in 3s)
2026-10-04 15:20:15 | INFO | Waiting for ArduPilot flight controller... (no serial device found, retrying in 3s)
2026-10-04 15:20:18 | INFO | Waiting for ArduPilot flight controller... (no serial device found, retrying in 3s)
2026-10-04 15:20:21 | INFO | Waiting for ArduPilot flight controller... (no serial device found, retrying in 3s)
2026-10-04 15:20:24 | INFO | Waiting for ArduPilot flight controller... (no serial device found, retrying in 3s)
2026-10-04 15:20:27 | INFO | Waiting for ArduPilot flight controller... (no serial device found, retrying in 3s)
2026-10-04 15:20:30 | INFO | Waiting for ArduPilot flight controller... (no serial device found, retrying in 3s)
2026-10-04 15:20:33 | INFO | Waiting for ArduPilot flight controller... (no serial device found, retrying in 3s)
2026-10-04 15:20:36 | INFO | Waiting for ArduPilot flight controller... (no serial device found, retrying in 3s)
2026-10-04 15:20:39 | INFO | Waiting for ArduPilot flight controller... (no serial device found, retrying in 3s)
2026-10-04 15:20:42 | INFO | Waiting for ArduPilot flight controller... (no serial device found, retrying in 3s)
2026-10-04 15:20:45 | INFO | Waiting for ArduPilot flight controller... (no serial device found, retrying in 3s)
2026-10-04 15:20:48 | INFO | Waiting for ArduPilot flight controller... (no serial device found, retrying in 3s)
2026-10-04 15:20:51 | INFO | Waiting for ArduPilot flight controller... (no serial device found, retrying in 3s)
2026-10-04 15:20:54 | INFO | Waiting for ArduPilot flight controller... (no serial device found, retrying in 3s)
2026-10-04 15:20:57 | INFO | Waiting for ArduPilot flight controller... (no serial device found, retrying in 3s)
2026-10-04 15:21:00 | INFO | Waiting for ArduPilot flight controller... (no serial device found, retrying in 3s)
2026-10-04 15:21:03 | INFO | Waiting for ArduPilot flight controller... (no serial device found, retrying in 3s)
2026-10-04 15:21:06 | INFO | Waiting for ArduPilot flight controller... (no serial device found, retrying in 3s)
2026-10-04 15:21:09 | INFO | Waiting for ArduPilot flight controller... (no serial device found, retrying in 3s)
2026-10-04 15:21:12 | INFO | Waiting for ArduPilot flight controller... (no serial device found, retrying in 3s)
2026-10-04 15:21:15 | INFO | Waiting for ArduPilot flight controller... (no serial device found, retrying in 3s)
2026-10-04 15:21:18 | INFO | Waiting for ArduPilot flight controller... (no serial device found, retrying in 3s)
2026-10-04 15:21:21 | INFO | Waiting for ArduPilot flight controller... (no serial device found, retrying in 3s)
2026-10-04 15:21:24 | INFO | Waiting for ArduPilot flight controller... (no serial device found, retrying in 3s)
2026-10-04 15:21:27 | INFO | Waiting for ArduPilot flight controller... (no serial device found, retrying in 3s)
2026-10-04 15:21:30 | INFO | Waiting for ArduPilot flight controller... (no serial device found, retrying in 3s)
2026-10-04 15:21:33 | INFO | Waiting for ArduPilot flight controller... (no serial device found, retrying in 3s)
2026-10-04 15:21:36 | INFO | Waiting for ArduPilot flight controller... (no serial device found, retrying in 3s)
2026-10-04 15:21:39 | INFO | Waiting for ArduPilot flight controller... (no serial device found, retrying in 3s)
2026-10-04 15:21:42 | INFO | Waiting for ArduPilot flight controller... (no serial device found, retrying in 3s)
2026-10-04 15:21:45 | INFO | Waiting for ArduPilot flight controller... (no serial device found, retrying in 3s)
2026-10-04 15:21:48 | INFO | Waiting for ArduPilot flight controller... (no serial device found, retrying in 3s)
2026-10-04 15:21:51 | INFO | Waiting for ArduPilot flight controller... (no serial device found, retrying in 3s)
2026-10-04 15:21:54 | INFO | Waiting for ArduPilot flight controller... (no serial device found, retrying in 3s)
2026-10-04 15:21:57 | INFO | Waiting for ArduPilot flight controller... (no serial device found, retrying in 3s)
2026-10-04 15:22:00 | INFO | Waiting for ArduPilot flight controller... (no serial device found, retrying in 3s)
2026-10-04 15:22:03 | INFO | Waiting for ArduPilot flight controller... (no serial device found, retrying in 3s)
2026-10-04 15:22:06 | INFO | Waiting for ArduPilot flight controller... (no serial device found, retrying in 3s)
2026-10-04 15:22:09 | INFO | Waiting for ArduPilot flight controller... (no serial device found, retrying in 3s)
2026-10-04 15:22:12 | INFO | Waiting for ArduPilot flight controller... (no serial device found, retrying in 3s)
2026-10-04 15:22:15 | INFO | Waiting for ArduPilot flight controller... (no serial device found, retrying in 3s)
2026-10-04 15:22:18 | INFO | Waiting for ArduPilot flight controller... (no serial device found, retrying in 3s)
2026-10-04 15:22:21 | INFO | Waiting for ArduPilot flight controller... (no serial device found, retrying in 3s)
2026-10-04 15:22:24 | INFO | Waiting for ArduPilot flight controller... (no serial device found, retrying in 3s)
2026-10-04 15:22:27 | INFO | Waiting for ArduPilot flight controller... (no serial device found, retrying in 3s)
2026-10-04 15:22:30 | INFO | Waiting for ArduPilot flight controller... (no serial device found, retrying in 3s)
2026-10-04 15:22:33 | INFO | Waiting for ArduPilot flight controller... (no serial device found, retrying in 3s)
2026-10-04 15:22:36 | INFO | Waiting for ArduPilot flight controller... (no serial device found, retrying in 3s)
2026-10-04 15:22:39 | INFO | Waiting for ArduPilot flight controller... (no serial device found, retrying in 3s)
2026-10-04 15:22:42 | INFO | Waiting for ArduPilot flight controller... (no serial device found, retrying in 3s)
2026-10-04 15:22:45 | INFO | Waiting for ArduPilot flight controller... (no serial device found, retrying in 3s)
2026-10-04 15:22:48 | INFO | Waiting for ArduPilot flight controller... (no serial device found, retrying in 3s)
2026-10-04 15:22:51 | INFO | Waiting for ArduPilot flight controller... (no serial device found, retrying in 3s)
2026-10-04 15:22:54 | INFO | Waiting for ArduPilot flight controller... (no serial device found, retrying in 3s)
2026-10-04 15:22:57 | INFO | Waiting for ArduPilot flight controller... (no serial device found, retrying in 3s)
2026-10-04 15:23:00 | INFO | Waiting for ArduPilot flight controller... (no serial device found, retrying in 3s)
2026-10-04 15:23:03 | INFO | Waiting for ArduPilot flight controller... (no serial device found, retrying in 3s)
2026-10-04 15:23:06 | INFO | Waiting for ArduPilot flight controller... (no serial device found, retrying in 3s)
2026-10-04 15:23:09 | INFO | Waiting for ArduPilot flight controller... (no serial device found, retrying in 3s)
2026-10-04 15:23:12 | INFO | Waiting for ArduPilot flight controller... (no serial device found, retrying in 3s)
2026-10-04 15:23:15 | INFO | Waiting for ArduPilot flight controller... (no serial device found, retrying in 3s)
2026-10-04 15:23:18 | INFO | Waiting for ArduPilot flight controller... (no serial device found, retrying in 3s)
2026-10-04 15:23:21 | INFO | Waiting for ArduPilot flight controller... (no serial device found, retrying in 3s)
2026-10-04 15:23:24 | INFO | Waiting for ArduPilot flight controller... (no serial device found, retrying in 3s)
2026-10-04 15:23:27 | INFO | Waiting for ArduPilot flight controller... (no serial device found, retrying in 3s)
2026-10-04 15:23:30 | INFO | Waiting for ArduPilot flight controller... (no serial device found, retrying in 3s)
2026-10-04 15:23:33 | INFO | Waiting for ArduPilot flight controller... (no serial device found, retrying in 3s)
2026-10-04 15:23:36 | INFO | Waiting for ArduPilot flight controller... (no serial device found, retrying in 3s)
2026-10-04 15:23:39 | INFO | Waiting for ArduPilot flight controller... (no serial device found, retrying in 3s)
2026-10-04 15:23:42 | INFO | Waiting for ArduPilot flight controller... (no serial device found, retrying in 3s)
2026-10-04 15:23:45 | INFO | Waiting for ArduPilot flight controller... (no serial device found, retrying in 3s)
2026-10-04 15:23:48 | INFO | Waiting for ArduPilot flight controller... (no serial device found, retrying in 3s)
2026-10-04 15:23:51 | INFO | Waiting for ArduPilot flight controller... (no serial device found, retrying in 3s)
2026-10-04 15:23:54 | INFO | Waiting for ArduPilot flight controller... (no serial device found, retrying in 3s)
2026-10-04 15:23:57 | INFO | Waiting for ArduPilot flight controller... (no serial device found, retrying in 3s)
2026-10-04 15:24:00 | INFO | Waiting for ArduPilot flight controller... (no serial device found, retrying in 3s)
2026-10-04 15:24:03 | INFO | Waiting for ArduPilot flight controller... (no serial device found, retrying in 3s)
2026-10-04 15:24:06 | INFO | Waiting for ArduPilot flight controller... (no serial device found, retrying in 3s)
2026-10-04 15:24:09 | INFO | Waiting for ArduPilot flight controller... (no serial device found, retrying in 3s)
2026-10-04 15:24:12 | INFO | Waiting for ArduPilot flight controller... (no serial device found, retrying in 3s)
2026-10-04 15:24:15 | INFO | Waiting for ArduPilot flight controller... (no serial device found, retrying in 3s)
2026-10-04 15:24:18 | INFO | Waiting for ArduPilot flight controller... (no serial device found, retrying in 3s)
2026-10-04 15:24:21 | INFO | Waiting for ArduPilot flight controller... (no serial device found, retrying in 3s)
2026-10-04 15:24:24 | INFO | Waiting for ArduPilot flight controller... (no serial device found, retrying in 3s)
2026-10-04 15:24:27 | INFO | Waiting for ArduPilot flight controller... (no serial device found, retrying in 3s)
2026-10-04 15:24:30 | INFO | Waiting for ArduPilot flight controller... (no serial device found, retrying in 3s)
2026-10-04 15:24:33 | INFO | Waiting for ArduPilot flight controller... (no serial device found, retrying in 3s)
2026-10-04 15:24:36 | INFO | Waiting for ArduPilot flight controller... (no serial device found, retrying in 3s)
2026-10-04 15:24:39 | INFO | Waiting for ArduPilot flight controller... (no serial device found, retrying in 3s)
2026-10-04 15:24:42 | INFO | Waiting for ArduPilot flight controller... (no serial device found, retrying in 3s)
2026-10-04 15:24:45 | INFO | Waiting for ArduPilot flight controller... (no serial device found, retrying in 3s)
2026-10-04 15:24:48 | INFO | Waiting for ArduPilot flight controller... (no serial device found, retrying in 3s)
2026-10-04 15:24:51 | INFO | Waiting for ArduPilot flight controller... (no serial device found, retrying in 3s)
2026-10-04 15:24:54 | INFO | Waiting for ArduPilot flight controller... (no serial device found, retrying in 3s)
2026-10-04 15:24:57 | INFO | Waiting for ArduPilot flight controller... (no serial device found, retrying in 3s)
2026-10-04 15:25:00 | INFO | Waiting for ArduPilot flight controller... (no serial device found, retrying in 3s)
2026-10-04 15:25:03 | INFO | Waiting for ArduPilot flight controller... (no serial device found, retrying in 3s)
2026-10-04 15:25:06 | INFO | Waiting for ArduPilot flight controller... (no serial device found, retrying in 3s)
2026-10-04 15:25:09 | INFO | Waiting for ArduPilot flight controller... (no serial device found, retrying in 3s)
2026-10-04 15:25:12 | INFO | Waiting for ArduPilot flight controller... (no serial device found, retrying in 3s)
2026-10-04 15:25:15 | INFO | Waiting for ArduPilot flight controller... (no serial device found, retrying in 3s)
2026-10-04 15:25:18 | INFO | Waiting for ArduPilot flight controller... (no serial device found, retrying in 3s)
2026-10-04 15:25:21 | INFO | Waiting for ArduPilot flight controller... (no serial device found, retrying in 3s)
2026-10-04 15:25:24 | INFO | Waiting for ArduPilot flight controller... (no serial device found, retrying in 3s)
2026-10-04 15:25:27 | INFO | Waiting for ArduPilot flight controller... (no serial device found, retrying in 3s)
2026-10-04 15:25:30 | INFO | Waiting for ArduPilot flight controller... (no serial device found, retrying in 3s)
2026-10-04 15:25:33 | INFO | Waiting for ArduPilot flight controller... (no serial device found, retrying in 3s)
2026-10-04 15:25:36 | INFO | Waiting for ArduPilot flight controller... (no serial device found, retrying in 3s)
2026-10-04 15:25:39 | INFO | Waiting for ArduPilot flight controller... (no serial device found, retrying in 3s)
2026-10-04 15:25:42 | INFO | Waiting for ArduPilot flight controller... (no serial device found, retrying in 3s)
2026-10-04 15:25:45 | INFO | Waiting for ArduPilot flight controller... (no serial device found, retrying in 3s)
2026-10-04 15:25:48 | INFO | Waiting for ArduPilot flight controller... (no serial device found, retrying in 3s)
2026-10-04 15:25:51 | INFO | Waiting for ArduPilot flight controller... (no serial device found, retrying in 3s)
2026-10-04 15:25:54 | INFO | Waiting for ArduPilot flight controller... (no serial device found, retrying in 3s)
2026-10-04 15:25:57 | INFO | Waiting for ArduPilot flight controller... (no serial device found, retrying in 3s)
2026-10-04 15:26:00 | INFO | Waiting for ArduPilot flight controller... (no serial device found, retrying in 3s)
2026-10-04 15:26:03 | INFO | Waiting for ArduPilot flight controller... (no serial device found, retrying in 3s)
2026-10-04 15:26:06 | INFO | Waiting for ArduPilot flight controller... (no serial device found, retrying in 3s)
2026-10-04 15:26:09 | INFO | Waiting for ArduPilot flight controller... (no serial device found, retrying in 3s)
2026-10-04 15:26:12 | INFO | Waiting for ArduPilot flight controller... (no serial device found, retrying in 3s)
2026-10-04 15:26:15 | INFO | Waiting for ArduPilot flight controller... (no serial device found, retrying in 3s)
2026-10-04 15:26:18 | INFO | Waiting for ArduPilot flight controller... (no serial device found, retrying in 3s)
2026-10-04 15:26:21 | INFO | Waiting for ArduPilot flight controller... (no serial device found, retrying in 3s)
2026-10-04 15:26:24 | INFO | Waiting for ArduPilot flight controller... (no serial device found, retrying in 3s)
2026-10-04 15:26:27 | INFO | Waiting for ArduPilot flight controller... (no serial device found, retrying in 3s)
2026-10-04 15:26:30 | INFO | Waiting for ArduPilot flight controller... (no serial device found, retrying in 3s)
2026-10-04 15:26:33 | INFO | Waiting for ArduPilot flight controller... (no serial device found, retrying in 3s)
2026-10-04 15:26:36 | INFO | Waiting for ArduPilot flight controller... (no serial device found, retrying in 3s)
2026-10-04 15:26:39 | INFO | Waiting for ArduPilot flight controller... (no serial device found, retrying in 3s)
2026-10-04 15:26:42 | INFO | Waiting for ArduPilot flight controller... (no serial device found, retrying in 3s)
2026-10-04 15:26:45 | INFO | Waiting for ArduPilot flight controller... (no serial device found, retrying in 3s)
2026-10-04 15:26:48 | INFO | Waiting for ArduPilot flight controller... (no serial device found, retrying in 3s)
2026-10-04 15:26:51 | INFO | Waiting for ArduPilot flight controller... (no serial device found, retrying in 3s)
2026-10-04 15:26:54 | INFO | Waiting for ArduPilot flight controller... (no serial device found, retrying in 3s)
2026-10-04 15:26:57 | INFO | Waiting for ArduPilot flight controller... (no serial device found, retrying in 3s)
2026-10-04 15:27:00 | INFO | Waiting for ArduPilot flight controller... (no serial device found, retrying in 3s)
2026-10-04 15:27:03 | INFO | Waiting for ArduPilot flight controller... (no serial device found, retrying in 3s)
2026-10-04 15:27:06 | INFO | Waiting for ArduPilot flight controller... (no serial device found, retrying in 3s)
2026-10-04 15:27:09 | INFO | Waiting for ArduPilot flight controller... (no serial device found, retrying in 3s)
2026-10-04 15:27:12 | INFO | Waiting for ArduPilot flight controller... (no serial device found, retrying in 3s)
2026-10-04 15:27:15 | INFO | Waiting for ArduPilot flight controller... (no serial device found, retrying in 3s)
2026-10-04 15:27:18 | INFO | Waiting for ArduPilot flight controller... (no serial device found, retrying in 3s)
2026-10-04 15:27:21 | INFO | Waiting for ArduPilot flight controller... (no serial device found, retrying in 3s)
2026-10-04 15:27:24 | INFO | Waiting for ArduPilot flight controller... (no serial device found, retrying in 3s)
2026-10-04 15:27:27 | INFO | Waiting for ArduPilot flight controller... (no serial device found, retrying in 3s)
2026-10-04 15:27:30 | INFO | Waiting for ArduPilot flight controller... (no serial device found, retrying in 3s)
2026-10-04 15:27:33 | INFO | Waiting for ArduPilot flight controller... (no serial device found, retrying in 3s)
2026-10-04 15:27:36 | INFO | Waiting for ArduPilot flight controller... (no serial device found, retrying in 3s)
2026-10-04 15:27:39 | INFO | Waiting for ArduPilot flight controller... (no serial device found, retrying in 3s)
2026-10-04 15:27:42 | INFO | Waiting for ArduPilot flight controller... (no serial device found, retrying in 3s)
2026-10-04 15:27:45 | INFO | Waiting for ArduPilot flight controller... (no serial device found, retrying in 3s)
2026-10-04 15:27:48 | INFO | Waiting for ArduPilot flight controller... (no serial device found, retrying in 3s)
2026-10-04 15:27:51 | INFO | Waiting for ArduPilot flight controller... (no serial device found, retrying in 3s)
2026-10-04 15:27:54 | INFO | Waiting for ArduPilot flight controller... (no serial device found, retrying in 3s)
2026-10-04 15:27:57 | INFO | Waiting for ArduPilot flight controller... (no serial device found, retrying in 3s)
2026-10-04 15:28:00 | INFO | Waiting for ArduPilot flight controller... (no serial device found, retrying in 3s)
2026-10-04 15:28:03 | INFO | Waiting for ArduPilot flight controller... (no serial device found, retrying in 3s)
2026-10-04 15:28:06 | INFO | Waiting for ArduPilot flight controller... (no serial device found, retrying in 3s)
2026-10-04 15:28:09 | INFO | Waiting for ArduPilot flight controller... (no serial device found, retrying in 3s)
2026-10-04 15:28:12 | INFO | Waiting for ArduPilot flight controller... (no serial device found, retrying in 3s)
2026-10-04 15:28:15 | INFO | Waiting for ArduPilot flight controller... (no serial device found, retrying in 3s)
2026-10-04 15:28:18 | INFO | Waiting for ArduPilot flight controller... (no serial device found, retrying in 3s)
2026-10-04 15:28:21 | INFO | Waiting for ArduPilot flight controller... (no serial device found, retrying in 3s)
2026-10-04 15:28:24 | INFO | Waiting for ArduPilot flight controller... (no serial device found, retrying in 3s)
2026-10-04 15:28:27 | INFO | Waiting for ArduPilot flight controller... (no serial device found, retrying in 3s)
2026-10-04 15:28:30 | INFO | Waiting for ArduPilot flight controller... (no serial device found, retrying in 3s)
2026-10-04 15:28:33 | INFO | Waiting for ArduPilot flight controller... (no serial device found, retrying in 3s)
2026-10-04 15:28:36 | INFO | Waiting for ArduPilot flight controller... (no serial device found, retrying in 3s)
2026-10-04 15:28:39 | INFO | Waiting for ArduPilot flight controller... (no serial device found, retrying in 3s)
2026-10-04 15:28:42 | INFO | Waiting for ArduPilot flight controller... (no serial device found, retrying in 3s)
2026-10-04 15:28:45 | INFO | Waiting for ArduPilot flight controller... (no serial device found, retrying in 3s)
2026-10-04 15:28:48 | INFO | Waiting for ArduPilot flight controller... (no serial device found, retrying in 3s)
2026-10-04 15:28:51 | INFO | Waiting for ArduPilot flight controller... (no serial device found, retrying in 3s)
2026-10-04 15:28:54 | INFO | Waiting for ArduPilot flight controller... (no serial device found, retrying in 3s)
2026-10-04 15:28:57 | INFO | Waiting for ArduPilot flight controller... (no serial device found, retrying in 3s)
2026-10-04 15:29:00 | INFO | Waiting for ArduPilot flight controller... (no serial device found, retrying in 3s)
2026-10-04 15:29:03 | INFO | Waiting for ArduPilot flight controller... (no serial device found, retrying in 3s)
2026-10-04 15:29:06 | INFO | Waiting for ArduPilot flight controller... (no serial device found, retrying in 3s)
2026-10-04 15:29:09 | INFO | Waiting for ArduPilot flight controller... (no serial device found, retrying in 3s)
2026-10-04 15:29:12 | INFO | Waiting for ArduPilot flight controller... (no serial device found, retrying in 3s)
2026-10-04 15:29:15 | INFO | Waiting for ArduPilot flight controller... (no serial device found, retrying in 3s)
2026-10-04 15:29:18 | INFO | Waiting for ArduPilot flight controller... (no serial device found, retrying in 3s)
2026-10-04 15:29:21 | INFO | Waiting for ArduPilot flight controller... (no serial device found, retrying in 3s)
2026-10-04 15:29:24 | INFO | Waiting for ArduPilot flight controller... (no serial device found, retrying in 3s)
2026-10-04 15:29:27 | INFO | Waiting for ArduPilot flight controller... (no serial device found, retrying in 3s)
2026-10-04 15:29:30 | INFO | Waiting for ArduPilot flight controller... (no serial device found, retrying in 3s)
2026-10-04 15:29:33 | INFO | Waiting for ArduPilot flight controller... (no serial device found, retrying in 3s)
2026-10-04 15:29:36 | INFO | Waiting for ArduPilot flight controller... (no serial device found, retrying in 3s)
2026-10-04 15:29:39 | INFO | Waiting for ArduPilot flight controller... (no serial device found, retrying in 3s)
2026-10-04 15:29:42 | INFO | Waiting for ArduPilot flight controller... (no serial device found, retrying in 3s)
2026-10-04 15:29:45 | INFO | Waiting for ArduPilot flight controller... (no serial device found, retrying in 3s)
2026-10-04 15:29:48 | INFO | Waiting for ArduPilot flight controller... (no serial device found, retrying in 3s)
2026-10-04 15:29:51 | INFO | Waiting for ArduPilot flight controller... (no serial device found, retrying in 3s)
2026-10-04 15:29:54 | INFO | Waiting for ArduPilot flight controller... (no serial device found, retrying in 3s)
2026-10-04 15:29:57 | INFO | Waiting for ArduPilot flight controller... (no serial device found, retrying in 3s)
2026-10-04 15:30:00 | INFO | Waiting for ArduPilot flight controller... (no serial device found, retrying in 3s)
2026-10-04 15:30:03 | INFO | Waiting for ArduPilot flight controller... (no serial device found, retrying in 3s)
2026-10-04 15:30:06 | INFO | Waiting for ArduPilot flight controller... (no serial device found, retrying in 3s)
2026-10-04 15:30:09 | INFO | Waiting for ArduPilot flight controller... (no serial device found, retrying in 3s)
2026-10-04 15:30:12 | INFO | Waiting for ArduPilot flight controller... (no serial device found, retrying in 3s)
2026-10-04 15:30:15 | INFO | Waiting for ArduPilot flight controller... (no serial device found, retrying in 3s)
2026-10-04 15:30:18 | INFO | Waiting for ArduPilot flight controller... (no serial device found, retrying in 3s)
2026-10-04 15:30:21 | INFO | Waiting for ArduPilot flight controller... (no serial device found, retrying in 3s)
2026-10-04 15:30:24 | INFO | Waiting for ArduPilot flight controller... (no serial device found, retrying in 3s)
2026-10-04 15:30:27 | INFO | Waiting for ArduPilot flight controller... (no serial device found, retrying in 3s)
2026-10-04 15:30:30 | INFO | Waiting for ArduPilot flight controller... (no serial device found, retrying in 3s)
2026-10-04 15:30:33 | INFO | Waiting for ArduPilot flight controller... (no serial device found, retrying in 3s)
2026-10-04 15:30:36 | INFO | Waiting for ArduPilot flight controller... (no serial device found, retrying in 3s)
2026-10-04 15:30:39 | INFO | Waiting for ArduPilot flight controller... (no serial device found, retrying in 3s)
2026-10-04 15:30:42 | INFO | Waiting for ArduPilot flight controller... (no serial device found, retrying in 3s)
2026-10-04 15:30:45 | INFO | Waiting for ArduPilot flight controller... (no serial device found, retrying in 3s)
2026-10-04 15:30:48 | INFO | Waiting for ArduPilot flight controller... (no serial device found, retrying in 3s)
2026-10-04 15:30:51 | INFO | Waiting for ArduPilot flight controller... (no serial device found, retrying in 3s)
2026-10-04 15:30:54 | INFO | Waiting for ArduPilot flight controller... (no serial device found, retrying in 3s)
2026-10-04 15:30:57 | INFO | Waiting for ArduPilot flight controller... (no serial device found, retrying in 3s)
2026-10-04 15:31:00 | INFO | Waiting for ArduPilot flight controller... (no serial device found, retrying in 3s)
2026-10-04 15:31:03 | INFO | Waiting for ArduPilot flight controller... (no serial device found, retrying in 3s)
2026-10-04 15:31:06 | INFO | Waiting for ArduPilot flight controller... (no serial device found, retrying in 3s)
2026-10-04 15:31:09 | INFO | Waiting for ArduPilot flight controller... (no serial device found, retrying in 3s)
2026-10-04 15:31:12 | INFO | Waiting for ArduPilot flight controller... (no serial device found, retrying in 3s)
2026-10-04 15:31:15 | INFO | Waiting for ArduPilot flight controller... (no serial device found, retrying in 3s)
2026-10-04 15:31:18 | INFO | Waiting for ArduPilot flight controller... (no serial device found, retrying in 3s)
2026-10-04 15:31:21 | INFO | Waiting for ArduPilot flight controller... (no serial device found, retrying in 3s)
2026-10-04 15:31:24 | INFO | Waiting for ArduPilot flight controller... (no serial device found, retrying in 3s)
2026-10-04 15:31:27 | INFO | Waiting for ArduPilot flight controller... (no serial device found, retrying in 3s)
2026-10-04 15:31:30 | INFO | Waiting for ArduPilot flight controller... (no serial device found, retrying in 3s)
2026-10-04 15:31:33 | INFO | Waiting for ArduPilot flight controller... (no serial device found, retrying in 3s)
2026-10-04 15:31:36 | INFO | Waiting for ArduPilot flight controller... (no serial device found, retrying in 3s)
2026-10-04 15:31:39 | INFO | Waiting for ArduPilot flight controller... (no serial device found, retrying in 3s)
2026-10-04 15:31:42 | INFO | Waiting for ArduPilot flight controller... (no serial device found, retrying in 3s)
2026-10-04 15:31:45 | INFO | Waiting for ArduPilot flight controller... (no serial device found, retrying in 3s)
2026-10-04 15:31:48 | INFO | Waiting for ArduPilot flight controller... (no serial device found, retrying in 3s)
2026-10-04 15:31:51 | INFO | Waiting for ArduPilot flight controller... (no serial device found, retrying in 3s)
2026-10-04 15:31:54 | INFO | Waiting for ArduPilot flight controller... (no serial device found, retrying in 3s)
2026-10-04 15:31:57 | INFO | Waiting for ArduPilot flight controller... (no serial device found, retrying in 3s)
2026-10-04 15:32:00 | INFO | Waiting for ArduPilot flight controller... (no serial device found, retrying in 3s)
2026-10-04 15:32:03 | INFO | Waiting for ArduPilot flight controller... (no serial device found, retrying in 3s)
2026-10-04 15:32:06 | INFO | Waiting for ArduPilot flight controller... (no serial device found, retrying in 3s)
2026-10-04 15:32:09 | INFO | Waiting for ArduPilot flight controller... (no serial device found, retrying in 3s)
2026-10-04 15:32:12 | INFO | Waiting for ArduPilot flight controller... (no serial device found, retrying in 3s)
2026-10-04 15:32:15 | INFO | Waiting for ArduPilot flight controller... (no serial device found, retrying in 3s)
2026-10-04 15:32:18 | INFO | Waiting for ArduPilot flight controller... (no serial device found, retrying in 3s)
2026-10-04 15:32:21 | INFO | Waiting for ArduPilot flight controller... (no serial device found, retrying in 3s)
2026-10-04 15:32:24 | INFO | Waiting for ArduPilot flight controller... (no serial device found, retrying in 3s)
2026-10-04 15:32:27 | INFO | Waiting for ArduPilot flight controller... (no serial device found, retrying in 3s)
2026-10-04 15:32:30 | INFO | Waiting for ArduPilot flight controller... (no serial device found, retrying in 3s)
2026-10-04 15:32:33 | INFO | Waiting for ArduPilot flight controller... (no serial device found, retrying in 3s)
2026-10-04 15:32:36 | INFO | Waiting for ArduPilot flight controller... (no serial device found, retrying in 3s)
2026-10-04 15:32:39 | INFO | Waiting for ArduPilot flight controller... (no serial device found, retrying in 3s)
2026-10-04 15:32:42 | INFO | Waiting for ArduPilot flight controller... (no serial device found, retrying in 3s)
2026-10-04 15:32:45 | INFO | Waiting for ArduPilot flight controller... (no serial device found, retrying in 3s)
2026-10-04 15:32:48 | INFO | Waiting for ArduPilot flight controller... (no serial device found, retrying in 3s)
2026-10-04 15:32:51 | INFO | Waiting for ArduPilot flight controller... (no serial device found, retrying in 3s)
2026-10-04 15:32:54 | INFO | Waiting for ArduPilot flight controller... (no serial device found, retrying in 3s)
2026-10-04 15:32:57 | INFO | Waiting for ArduPilot flight controller... (no serial device found, retrying in 3s)
2026-10-04 15:33:00 | INFO | Waiting for ArduPilot flight controller... (no serial device found, retrying in 3s)
2026-10-04 15:33:03 | INFO | Waiting for ArduPilot flight controller... (no serial device found, retrying in 3s)
2026-10-04 15:33:06 | INFO | Waiting for ArduPilot flight controller... (no serial device found, retrying in 3s)
2026-10-04 15:33:09 | INFO | Waiting for ArduPilot flight controller... (no serial device found, retrying in 3s)
2026-10-04 15:33:12 | INFO | Waiting for ArduPilot flight controller... (no serial device found, retrying in 3s)
2026-10-04 15:33:15 | INFO | Waiting for ArduPilot flight controller... (no serial device found, retrying in 3s)
2026-10-04 15:33:18 | INFO | Waiting for ArduPilot flight controller... (no serial device found, retrying in 3s)
2026-10-04 15:33:21 | INFO | Waiting for ArduPilot flight controller... (no serial device found, retrying in 3s)
2026-10-04 15:33:24 | INFO | Waiting for ArduPilot flight controller... (no serial device found, retrying in 3s)
2026-10-04 15:33:27 | INFO | Waiting for ArduPilot flight controller... (no serial device found, retrying in 3s)
2026-10-04 15:33:30 | INFO | Waiting for ArduPilot flight controller... (no serial device found, retrying in 3s)
2026-10-04 15:33:33 | INFO | Waiting for ArduPilot flight controller... (no serial device found, retrying in 3s)
2026-10-04 15:33:36 | INFO | Waiting for ArduPilot flight controller... (no serial device found, retrying in 3s)
2026-10-04 15:33:39 | INFO | Waiting for ArduPilot flight controller... (no serial device found, retrying in 3s)
2026-10-04 15:33:42 | INFO | Waiting for ArduPilot flight controller... (no serial device found, retrying in 3s)
2026-10-04 15:33:45 | INFO | Waiting for ArduPilot flight controller... (no serial device found, retrying in 3s)
2026-10-04 15:33:48 | INFO | Waiting for ArduPilot flight controller... (no serial device found, retrying in 3s)
2026-10-04 15:33:51 | INFO | Waiting for ArduPilot flight controller... (no serial device found, retrying in 3s)
2026-10-04 15:33:54 | INFO | Waiting for ArduPilot flight controller... (no serial device found, retrying in 3s)
2026-10-04 15:33:57 | INFO | Waiting for ArduPilot flight controller... (no serial device found, retrying in 3s)
2026-10-04 15:34:00 | INFO | Waiting for ArduPilot flight controller... (no serial device found, retrying in 3s)
2026-10-04 15:34:03 | INFO | Waiting for ArduPilot flight controller... (no serial device found, retrying in 3s)
2026-10-04 15:34:06 | INFO | Waiting for ArduPilot flight controller... (no serial device found, retrying in 3s)
2026-10-04 15:34:09 | INFO | Waiting for ArduPilot flight controller... (no serial device found, retrying in 3s)
2026-10-04 15:34:12 | INFO | Waiting for ArduPilot flight controller... (no serial device found, retrying in 3s)
2026-10-04 15:34:15 | INFO | Waiting for ArduPilot flight controller... (no serial device found, retrying in 3s)
2026-10-04 15:34:18 | INFO | Waiting for ArduPilot flight controller... (no serial device found, retrying in 3s)
2026-10-04 15:34:21 | INFO | Waiting for ArduPilot flight controller... (no serial device found, retrying in 3s)
2026-10-04 15:34:24 | INFO | Waiting for ArduPilot flight controller... (no serial device found, retrying in 3s)
2026-10-04 15:34:27 | INFO | Waiting for ArduPilot flight controller... (no serial device found, retrying in 3s)
2026-10-04 15:34:30 | INFO | Waiting for ArduPilot flight controller... (no serial device found, retrying in 3s)
2026-10-04 15:34:33 | INFO | Waiting for ArduPilot flight controller... (no serial device found, retrying in 3s)
2026-10-04 15:34:36 | INFO | Waiting for ArduPilot flight controller... (no serial device found, retrying in 3s)
2026-10-04 15:34:39 | INFO | Waiting for ArduPilot flight controller... (no serial device found, retrying in 3s)
2026-10-04 15:34:42 | INFO | Waiting for ArduPilot flight controller... (no serial device found, retrying in 3s)
2026-10-04 15:34:45 | INFO | Waiting for ArduPilot flight controller... (no serial device found, retrying in 3s)
2026-10-04 15:34:48 | INFO | Waiting for ArduPilot flight controller... (no serial device found, retrying in 3s)
2026-10-04 15:34:51 | INFO | Waiting for ArduPilot flight controller... (no serial device found, retrying in 3s)
2026-10-04 15:34:54 | INFO | Waiting for ArduPilot flight controller... (no serial device found, retrying in 3s)
2026-10-04 15:34:57 | INFO | Waiting for ArduPilot flight controller... (no serial device found, retrying in 3s)
2026-10-04 15:35:00 | INFO | Waiting for ArduPilot flight controller... (no serial device found, retrying in 3s)
2026-10-04 15:35:03 | INFO | Waiting for ArduPilot flight controller... (no serial device found, retrying in 3s)
2026-10-04 15:35:06 | INFO | Waiting for ArduPilot flight controller... (no serial device found, retrying in 3s)
2026-10-04 15:35:09 | INFO | Waiting for ArduPilot flight controller... (no serial device found, retrying in 3s)
2026-10-04 15:35:12 | INFO | Waiting for ArduPilot flight controller... (no serial device found, retrying in 3s)
2026-10-04 15:35:15 | INFO | Waiting for ArduPilot flight controller... (no serial device found, retrying in 3s)
2026-10-04 15:35:18 | INFO | Waiting for ArduPilot flight controller... (no serial device found, retrying in 3s)
2026-10-04 15:35:21 | INFO | Waiting for ArduPilot flight controller... (no serial device found, retrying in 3s)
2026-10-04 15:35:24 | INFO | Waiting for ArduPilot flight controller... (no serial device found, retrying in 3s)
2026-10-04 15:35:27 | INFO | Waiting for ArduPilot flight controller... (no serial device found, retrying in 3s)
2026-10-04 15:35:30 | INFO | Waiting for ArduPilot flight controller... (no serial device found, retrying in 3s)
2026-10-04 15:35:33 | INFO | Waiting for ArduPilot flight controller... (no serial device found, retrying in 3s)
2026-10-04 15:35:36 | INFO | Waiting for ArduPilot flight controller... (no serial device found, retrying in 3s)
2026-10-04 15:35:39 | INFO | Waiting for ArduPilot flight controller... (no serial device found, retrying in 3s)
2026-10-04 15:35:42 | INFO | Waiting for ArduPilot flight controller... (no serial device found, retrying in 3s)
2026-10-04 15:35:45 | INFO | Waiting for ArduPilot flight controller... (no serial device found, retrying in 3s)
2026-10-04 15:35:48 | INFO | Waiting for ArduPilot flight controller... (no serial device found, retrying in 3s)
2026-10-04 15:35:51 | INFO | Waiting for ArduPilot flight controller... (no serial device found, retrying in 3s)
2026-10-04 15:35:54 | INFO | Waiting for ArduPilot flight controller... (no serial device found, retrying in 3s)
2026-10-04 15:35:57 | INFO | Waiting for ArduPilot flight controller... (no serial device found, retrying in 3s)
2026-10-04 15:36:00 | INFO | Waiting for ArduPilot flight controller... (no serial device found, retrying in 3s)
2026-10-04 15:36:03 | INFO | Waiting for ArduPilot flight controller... (no serial device found, retrying in 3s)
2026-10-04 15:36:06 | INFO | Waiting for ArduPilot flight controller... (no serial device found, retrying in 3s)
2026-10-04 15:36:09 | INFO | Waiting for ArduPilot flight controller... (no serial device found, retrying in 3s)
2026-10-04 15:36:12 | INFO | Waiting for ArduPilot flight controller... (no serial device found, retrying in 3s)
2026-10-04 15:36:15 | INFO | Waiting for ArduPilot flight controller... (no serial device found, retrying in 3s)
2026-10-04 15:36:18 | INFO | Waiting for ArduPilot flight controller... (no serial device found, retrying in 3s)
2026-10-04 15:36:21 | INFO | Waiting for ArduPilot flight controller... (no serial device found, retrying in 3s)
2026-10-04 15:36:24 | INFO | Waiting for ArduPilot flight controller... (no serial device found, retrying in 3s)
2026-10-04 15:36:27 | INFO | Waiting for ArduPilot flight controller... (no serial device found, retrying in 3s)
2026-10-04 15:36:30 | INFO | Waiting for ArduPilot flight controller... (no serial device found, retrying in 3s)
2026-10-04 15:36:33 | INFO | Waiting for ArduPilot flight controller... (no serial device found, retrying in 3s)
2026-10-04 15:36:36 | INFO | Waiting for ArduPilot flight controller... (no serial device found, retrying in 3s)
2026-10-04 15:36:39 | INFO | Waiting for ArduPilot flight controller... (no serial device found, retrying in 3s)
2026-10-04 15:36:42 | INFO | Waiting for ArduPilot flight controller... (no serial device found, retrying in 3s)
2026-10-04 15:36:45 | INFO | Waiting for ArduPilot flight controller... (no serial device found, retrying in 3s)
2026-10-04 15:36:48 | INFO | Waiting for ArduPilot flight controller... (no serial device found, retrying in 3s)
2026-10-04 15:36:51 | INFO | Waiting for ArduPilot flight controller... (no serial device found, retrying in 3s)
2026-10-04 15:36:54 | INFO | Waiting for ArduPilot flight controller... (no serial device found, retrying in 3s)
2026-10-04 15:36:57 | INFO | Waiting for ArduPilot flight controller... (no serial device found, retrying in 3s)
2026-10-04 15:37:00 | INFO | Waiting for ArduPilot flight controller... (no serial device found, retrying in 3s)
2026-10-04 15:37:03 | INFO | Waiting for ArduPilot flight controller... (no serial device found, retrying in 3s)
2026-10-04 15:37:06 | INFO | Waiting for ArduPilot flight controller... (no serial device found, retrying in 3s)
2026-10-04 15:37:09 | INFO | Waiting for ArduPilot flight controller... (no serial device found, retrying in 3s)
2026-10-04 15:37:13 | INFO | Waiting for ArduPilot flight controller... (no serial device found, retrying in 3s)
2026-10-04 15:37:16 | INFO | Waiting for ArduPilot flight controller... (no serial device found, retrying in 3s)
2026-10-04 15:37:19 | INFO | Waiting for ArduPilot flight controller... (no serial device found, retrying in 3s)
2026-10-04 15:37:22 | INFO | Waiting for ArduPilot flight controller... (no serial device found, retrying in 3s)
2026-10-04 15:37:25 | INFO | Waiting for ArduPilot flight controller... (no serial device found, retrying in 3s)
2026-10-04 15:37:28 | INFO | Waiting for ArduPilot flight controller... (no serial device found, retrying in 3s)
2026-10-04 15:37:31 | INFO | Waiting for ArduPilot flight controller... (no serial device found, retrying in 3s)
2026-10-04 15:37:34 | INFO | Waiting for ArduPilot flight controller... (no serial device found, retrying in 3s)
2026-10-04 15:37:37 | INFO | Waiting for ArduPilot flight controller... (no serial device found, retrying in 3s)
2026-10-04 15:37:40 | INFO | Waiting for ArduPilot flight controller... (no serial device found, retrying in 3s)
2026-10-04 15:37:43 | INFO | Waiting for ArduPilot flight controller... (no serial device found, retrying in 3s)
2026-10-04 15:37:46 | INFO | Waiting for ArduPilot flight controller... (no serial device found, retrying in 3s)
2026-10-04 15:37:49 | INFO | Waiting for ArduPilot flight controller... (no serial device found, retrying in 3s)
2026-10-04 15:37:52 | INFO | Waiting for ArduPilot flight controller... (no serial device found, retrying in 3s)
2026-10-04 15:37:55 | INFO | Waiting for ArduPilot flight controller... (no serial device found, retrying in 3s)
2026-10-04 15:37:58 | INFO | Waiting for ArduPilot flight controller... (no serial device found, retrying in 3s)
2026-10-04 15:38:01 | INFO | Waiting for ArduPilot flight controller... (no serial device found, retrying in 3s)
2026-10-04 15:38:04 | INFO | Waiting for ArduPilot flight controller... (no serial device found, retrying in 3s)
2026-10-04 15:38:07 | INFO | Waiting for ArduPilot flight controller... (no serial device found, retrying in 3s)
2026-10-04 15:38:10 | INFO | Waiting for ArduPilot flight controller... (no serial device found, retrying in 3s)
2026-10-04 15:38:13 | INFO | Waiting for ArduPilot flight controller... (no serial device found, retrying in 3s)
2026-10-04 15:38:16 | INFO | Waiting for ArduPilot flight controller... (no serial device found, retrying in 3s)
2026-10-04 15:38:19 | INFO | Waiting for ArduPilot flight controller... (no serial device found, retrying in 3s)
2026-10-04 15:38:22 | INFO | Waiting for ArduPilot flight controller... (no serial device found, retrying in 3s)
2026-10-04 15:38:25 | INFO | Waiting for ArduPilot flight controller... (no serial device found, retrying in 3s)
2026-10-04 15:38:28 | INFO | Waiting for ArduPilot flight controller... (no serial device found, retrying in 3s)
2026-10-04 15:38:31 | INFO | Waiting for ArduPilot flight controller... (no serial device found, retrying in 3s)
2026-10-04 15:38:34 | INFO | Waiting for ArduPilot flight controller... (no serial device found, retrying in 3s)
2026-10-04 15:38:37 | INFO | Waiting for ArduPilot flight controller... (no serial device found, retrying in 3s)
2026-10-04 15:38:40 | INFO | Waiting for ArduPilot flight controller... (no serial device found, retrying in 3s)
2026-10-04 15:38:43 | INFO | Waiting for ArduPilot flight controller... (no serial device found, retrying in 3s)
2026-10-04 15:38:46 | INFO | Waiting for ArduPilot flight controller... (no serial device found, retrying in 3s)
2026-10-04 15:38:49 | INFO | Waiting for ArduPilot flight controller... (no serial device found, retrying in 3s)
2026-10-04 15:38:52 | INFO | Waiting for ArduPilot flight controller... (no serial device found, retrying in 3s)
2026-10-04 15:38:55 | INFO | Waiting for ArduPilot flight controller... (no serial device found, retrying in 3s)
2026-10-04 15:38:58 | INFO | Waiting for ArduPilot flight controller... (no serial device found, retrying in 3s)
2026-10-04 15:39:01 | INFO | Waiting for ArduPilot flight controller... (no serial device found, retrying in 3s)
2026-10-04 15:39:04 | INFO | Waiting for ArduPilot flight controller... (no serial device found, retrying in 3s)
2026-10-04 15:39:07 | INFO | Waiting for ArduPilot flight controller... (no serial device found, retrying in 3s)
2026-10-04 15:39:10 | INFO | Waiting for ArduPilot flight controller... (no serial device found, retrying in 3s)
2026-10-04 15:39:13 | INFO | Waiting for ArduPilot flight controller... (no serial device found, retrying in 3s)
2026-10-04 15:39:16 | INFO | Waiting for ArduPilot flight controller... (no serial device found, retrying in 3s)
2026-10-04 15:39:19 | INFO | Waiting for ArduPilot flight controller... (no serial device found, retrying in 3s)
2026-10-04 15:39:22 | INFO | Waiting for ArduPilot flight controller... (no serial device found, retrying in 3s)
2026-10-04 15:39:25 | INFO | Waiting for ArduPilot flight controller... (no serial device found, retrying in 3s)
2026-10-04 15:39:28 | INFO | Waiting for ArduPilot flight controller... (no serial device found, retrying in 3s)
2026-10-04 15:39:31 | INFO | Waiting for ArduPilot flight controller... (no serial device found, retrying in 3s)
2026-10-04 15:39:34 | INFO | Waiting for ArduPilot flight controller... (no serial device found, retrying in 3s)
2026-10-04 15:39:37 | INFO | Waiting for ArduPilot flight controller... (no serial device found, retrying in 3s)
2026-10-04 15:39:40 | INFO | Waiting for ArduPilot flight controller... (no serial device found, retrying in 3s)
2026-10-04 15:39:43 | INFO | Waiting for ArduPilot flight controller... (no serial device found, retrying in 3s)
2026-10-04 15:39:46 | INFO | Waiting for ArduPilot flight controller... (no serial device found, retrying in 3s)
2026-10-04 15:39:49 | INFO | Waiting for ArduPilot flight controller... (no serial device found, retrying in 3s)
2026-10-04 15:39:52 | INFO | Waiting for ArduPilot flight controller... (no serial device found, retrying in 3s)
2026-10-04 15:39:55 | INFO | Waiting for ArduPilot flight controller... (no serial device found, retrying in 3s)
2026-10-04 15:39:58 | INFO | Waiting for ArduPilot flight controller... (no serial device found, retrying in 3s)
2026-10-04 15:40:01 | INFO | Waiting for ArduPilot flight controller... (no serial device found, retrying in 3s)
2026-10-04 15:40:04 | INFO | Waiting for ArduPilot flight controller... (no serial device found, retrying in 3s)
2026-10-04 15:40:07 | INFO | Waiting for ArduPilot flight controller... (no serial device found, retrying in 3s)
2026-10-04 15:40:10 | INFO | Waiting for ArduPilot flight controller... (no serial device found, retrying in 3s)
2026-10-04 15:40:13 | INFO | Waiting for ArduPilot flight controller... (no serial device found, retrying in 3s)
2026-10-04 15:40:16 | INFO | Waiting for ArduPilot flight controller... (no serial device found, retrying in 3s)
2026-10-04 15:40:19 | INFO | Waiting for ArduPilot flight controller... (no serial device found, retrying in 3s)
2026-10-04 15:40:22 | INFO | Waiting for ArduPilot flight controller... (no serial device found, retrying in 3s)
2026-10-04 15:40:25 | INFO | Waiting for ArduPilot flight controller... (no serial device found, retrying in 3s)
2026-10-04 15:40:28 | INFO | Waiting for ArduPilot flight controller... (no serial device found, retrying in 3s)
2026-10-04 15:40:31 | INFO | Waiting for ArduPilot flight controller... (no serial device found, retrying in 3s)
2026-10-04 15:40:34 | INFO | Waiting for ArduPilot flight controller... (no serial device found, retrying in 3s)
2026-10-04 15:40:37 | INFO | Waiting for ArduPilot flight controller... (no serial device found, retrying in 3s)
2026-10-04 15:40:40 | INFO | Waiting for ArduPilot flight controller... (no serial device found, retrying in 3s)
2026-10-04 15:40:43 | INFO | Waiting for ArduPilot flight controller... (no serial device found, retrying in 3s)
2026-10-04 15:40:46 | INFO | Waiting for ArduPilot flight controller... (no serial device found, retrying in 3s)
2026-10-04 15:40:49 | INFO | Waiting for ArduPilot flight controller... (no serial device found, retrying in 3s)
2026-10-04 15:40:52 | INFO | Waiting for ArduPilot flight controller... (no serial device found, retrying in 3s)
2026-10-04 15:40:55 | INFO | Waiting for ArduPilot flight controller... (no serial device found, retrying in 3s)
2026-10-04 15:40:58 | INFO | Waiting for ArduPilot flight controller... (no serial device found, retrying in 3s)
2026-10-04 15:41:01 | INFO | Waiting for ArduPilot flight controller... (no serial device found, retrying in 3s)
2026-10-04 15:41:04 | INFO | Waiting for ArduPilot flight controller... (no serial device found, retrying in 3s)
2026-10-04 15:41:07 | INFO | Waiting for ArduPilot flight controller... (no serial device found, retrying in 3s)
2026-10-04 15:41:10 | INFO | Waiting for ArduPilot flight controller... (no serial device found, retrying in 3s)
2026-10-04 15:41:13 | INFO | Waiting for ArduPilot flight controller... (no serial device found, retrying in 3s)
2026-10-04 15:41:16 | INFO | Waiting for ArduPilot flight controller... (no serial device found, retrying in 3s)
2026-10-04 15:41:19 | INFO | Waiting for ArduPilot flight controller... (no serial device found, retrying in 3s)
2026-10-04 15:41:22 | INFO | Waiting for ArduPilot flight controller... (no serial device found, retrying in 3s)
2026-10-04 15:41:25 | INFO | Waiting for ArduPilot flight controller... (no serial device found, retrying in 3s)
2026-10-04 15:41:28 | INFO | Waiting for ArduPilot flight controller... (no serial device found, retrying in 3s)
2026-10-04 15:41:31 | INFO | Waiting for ArduPilot flight controller... (no serial device found, retrying in 3s)
2026-10-04 15:41:34 | INFO | Waiting for ArduPilot flight controller... (no serial device found, retrying in 3s)
2026-10-04 15:41:37 | INFO | Waiting for ArduPilot flight controller... (no serial device found, retrying in 3s)
2026-10-04 15:41:40 | INFO | Waiting for ArduPilot flight controller... (no serial device found, retrying in 3s)
2026-10-04 15:41:43 | INFO | Waiting for ArduPilot flight controller... (no serial device found, retrying in 3s)
2026-10-04 15:41:46 | INFO | Waiting for ArduPilot flight controller... (no serial device found, retrying in 3s)
2026-10-04 15:41:49 | INFO | Waiting for ArduPilot flight controller... (no serial device found, retrying in 3s)
2026-10-04 15:41:52 | INFO | Waiting for ArduPilot flight controller... (no serial device found, retrying in 3s)
2026-10-04 15:41:55 | INFO | Waiting for ArduPilot flight controller... (no serial device found, retrying in 3s)
2026-10-04 15:41:58 | INFO | Waiting for ArduPilot flight controller... (no serial device found, retrying in 3s)
2026-10-04 15:42:01 | INFO | Waiting for ArduPilot flight controller... (no serial device found, retrying in 3s)
2026-10-04 15:42:04 | INFO | Waiting for ArduPilot flight controller... (no serial device found, retrying in 3s)
2026-10-04 15:42:07 | INFO | Waiting for ArduPilot flight controller... (no serial device found, retrying in 3s)
2026-10-04 15:42:10 | INFO | Waiting for ArduPilot flight controller... (no serial device found, retrying in 3s)
2026-10-04 15:42:13 | INFO | Waiting for ArduPilot flight controller... (no serial device found, retrying in 3s)
2026-10-04 15:42:16 | INFO | Waiting for ArduPilot flight controller... (no serial device found, retrying in 3s)
2026-10-04 15:42:19 | INFO | Waiting for ArduPilot flight controller... (no serial device found, retrying in 3s)
2026-10-04 15:42:22 | INFO | Waiting for ArduPilot flight controller... (no serial device found, retrying in 3s)
2026-10-04 15:42:25 | INFO | Waiting for ArduPilot flight controller... (no serial device found, retrying in 3s)
2026-10-04 15:42:28 | INFO | Waiting for ArduPilot flight controller... (no serial device found, retrying in 3s)
2026-10-04 15:42:31 | INFO | Waiting for ArduPilot flight controller... (no serial device found, retrying in 3s)
2026-10-04 15:42:34 | INFO | Waiting for ArduPilot flight controller... (no serial device found, retrying in 3s)
2026-10-04 15:42:37 | INFO | Waiting for ArduPilot flight controller... (no serial device found, retrying in 3s)
2026-10-04 15:42:40 | INFO | Waiting for ArduPilot flight controller... (no serial device found, retrying in 3s)
2026-10-04 15:42:43 | INFO | Waiting for ArduPilot flight controller... (no serial device found, retrying in 3s)
2026-10-04 15:42:46 | INFO | Waiting for ArduPilot flight controller... (no serial device found, retrying in 3s)
2026-10-04 15:42:49 | INFO | Waiting for ArduPilot flight controller... (no serial device found, retrying in 3s)
2026-10-04 15:42:52 | INFO | Waiting for ArduPilot flight controller... (no serial device found, retrying in 3s)
2026-10-04 15:42:55 | INFO | Waiting for ArduPilot flight controller... (no serial device found, retrying in 3s)
2026-10-04 15:42:58 | INFO | Waiting for ArduPilot flight controller... (no serial device found, retrying in 3s)
2026-10-04 15:43:01 | INFO | Waiting for ArduPilot flight controller... (no serial device found, retrying in 3s)
2026-10-04 15:43:04 | INFO | Waiting for ArduPilot flight controller... (no serial device found, retrying in 3s)
2026-10-04 15:43:07 | INFO | Waiting for ArduPilot flight controller... (no serial device found, retrying in 3s)
2026-10-04 15:43:10 | INFO | Waiting for ArduPilot flight controller... (no serial device found, retrying in 3s)
2026-10-04 15:43:13 | INFO | Waiting for ArduPilot flight controller... (no serial device found, retrying in 3s)
2026-10-04 15:43:16 | INFO | Waiting for ArduPilot flight controller... (no serial device found, retrying in 3s)
2026-10-04 15:43:19 | INFO | Waiting for ArduPilot flight controller... (no serial device found, retrying in 3s)
2026-10-04 15:43:22 | INFO | Waiting for ArduPilot flight controller... (no serial device found, retrying in 3s)
2026-10-04 15:43:25 | INFO | Waiting for ArduPilot flight controller... (no serial device found, retrying in 3s)
2026-10-04 15:43:28 | INFO | Waiting for ArduPilot flight controller... (no serial device found, retrying in 3s)
2026-10-04 15:43:31 | INFO | Waiting for ArduPilot flight controller... (no serial device found, retrying in 3s)
2026-10-04 15:43:34 | INFO | Waiting for ArduPilot flight controller... (no serial device found, retrying in 3s)
2026-10-04 15:43:37 | INFO | Waiting for ArduPilot flight controller... (no serial device found, retrying in 3s)
2026-10-04 15:43:40 | INFO | Waiting for ArduPilot flight controller... (no serial device found, retrying in 3s)
2026-10-04 15:43:43 | INFO | Waiting for ArduPilot flight controller... (no serial device found, retrying in 3s)
2026-10-04 15:43:46 | INFO | Waiting for ArduPilot flight controller... (no serial device found, retrying in 3s)
2026-10-04 15:43:49 | INFO | Waiting for ArduPilot flight controller... (no serial device found, retrying in 3s)
2026-10-04 15:43:52 | INFO | Waiting for ArduPilot flight controller... (no serial device found, retrying in 3s)
2026-10-04 15:43:55 | INFO | Waiting for ArduPilot flight controller... (no serial device found, retrying in 3s)
2026-10-04 15:43:58 | INFO | Waiting for ArduPilot flight controller... (no serial device found, retrying in 3s)
2026-10-04 15:44:01 | INFO | Waiting for ArduPilot flight controller... (no serial device found, retrying in 3s)
2026-10-04 15:44:04 | INFO | Waiting for ArduPilot flight controller... (no serial device found, retrying in 3s)
2026-10-04 15:44:07 | INFO | Waiting for ArduPilot flight controller... (no serial device found, retrying in 3s)
2026-10-04 15:44:10 | INFO | Waiting for ArduPilot flight controller... (no serial device found, retrying in 3s)
2026-10-04 15:44:13 | INFO | Waiting for ArduPilot flight controller... (no serial device found, retrying in 3s)
2026-10-04 15:44:16 | INFO | Waiting for ArduPilot flight controller... (no serial device found, retrying in 3s)
2026-10-04 15:44:19 | INFO | Waiting for ArduPilot flight controller... (no serial device found, retrying in 3s)
2026-10-04 15:44:22 | INFO | Waiting for ArduPilot flight controller... (no serial device found, retrying in 3s)
2026-10-04 15:44:25 | INFO | Waiting for ArduPilot flight controller... (no serial device found, retrying in 3s)
2026-10-04 15:44:28 | INFO | Waiting for ArduPilot flight controller... (no serial device found, retrying in 3s)
2026-10-04 15:44:31 | INFO | Waiting for ArduPilot flight controller... (no serial device found, retrying in 3s)
2026-10-04 15:44:34 | INFO | Waiting for ArduPilot flight controller... (no serial device found, retrying in 3s)
2026-10-04 15:44:37 | INFO | Waiting for ArduPilot flight controller... (no serial device found, retrying in 3s)
2026-10-04 15:44:40 | INFO | Waiting for ArduPilot flight controller... (no serial device found, retrying in 3s)
2026-10-04 15:44:43 | INFO | Waiting for ArduPilot flight controller... (no serial device found, retrying in 3s)
2026-10-04 15:44:46 | INFO | Waiting for ArduPilot flight controller... (no serial device found, retrying in 3s)
2026-10-04 15:44:49 | INFO | Waiting for ArduPilot flight controller... (no serial device found, retrying in 3s)
2026-10-04 15:44:52 | INFO | Waiting for ArduPilot flight controller... (no serial device found, retrying in 3s)
2026-10-04 15:44:55 | INFO | Waiting for ArduPilot flight controller... (no serial device found, retrying in 3s)
2026-10-04 15:44:58 | INFO | Waiting for ArduPilot flight controller... (no serial device found, retrying in 3s)
2026-10-04 15:45:01 | INFO | Waiting for ArduPilot flight controller... (no serial device found, retrying in 3s)
2026-10-04 15:45:04 | INFO | Waiting for ArduPilot flight controller... (no serial device found, retrying in 3s)
2026-10-04 15:45:07 | INFO | Waiting for ArduPilot flight controller... (no serial device found, retrying in 3s)
2026-10-04 15:45:10 | INFO | Waiting for ArduPilot flight controller... (no serial device found, retrying in 3s)
2026-10-04 15:45:13 | INFO | Waiting for ArduPilot flight controller... (no serial device found, retrying in 3s)
2026-10-04 15:45:16 | INFO | Waiting for ArduPilot flight controller... (no serial device found, retrying in 3s)
2026-10-04 15:45:19 | INFO | Waiting for ArduPilot flight controller... (no serial device found, retrying in 3s)
2026-10-04 15:45:22 | INFO | Waiting for ArduPilot flight controller... (no serial device found, retrying in 3s)
2026-10-04 15:45:25 | INFO | Waiting for ArduPilot flight controller... (no serial device found, retrying in 3s)
2026-10-04 15:45:28 | INFO | Waiting for ArduPilot flight controller... (no serial device found, retrying in 3s)
2026-10-04 15:45:31 | INFO | Waiting for ArduPilot flight controller... (no serial device found, retrying in 3s)
2026-10-04 15:45:34 | INFO | Waiting for ArduPilot flight controller... (no serial device found, retrying in 3s)
2026-10-04 15:45:37 | INFO | Waiting for ArduPilot flight controller... (no serial device found, retrying in 3s)
2026-10-04 15:45:40 | INFO | Waiting for ArduPilot flight controller... (no serial device found, retrying in 3s)
2026-10-04 15:45:43 | INFO | Waiting for ArduPilot flight controller... (no serial device found, retrying in 3s)
2026-10-04 15:45:46 | INFO | Waiting for ArduPilot flight controller... (no serial device found, retrying in 3s)
2026-10-04 15:45:49 | INFO | Waiting for ArduPilot flight controller... (no serial device found, retrying in 3s)
2026-10-04 15:45:52 | INFO | Waiting for ArduPilot flight controller... (no serial device found, retrying in 3s)
2026-10-04 15:45:55 | INFO | Waiting for ArduPilot flight controller... (no serial device found, retrying in 3s)
2026-10-04 15:45:58 | INFO | Waiting for ArduPilot flight controller... (no serial device found, retrying in 3s)
2026-10-04 15:46:01 | INFO | Waiting for ArduPilot flight controller... (no serial device found, retrying in 3s)
2026-10-04 15:46:04 | INFO | Waiting for ArduPilot flight controller... (no serial device found, retrying in 3s)
2026-10-04 15:46:07 | INFO | Waiting for ArduPilot flight controller... (no serial device found, retrying in 3s)
2026-10-04 15:46:10 | INFO | Waiting for ArduPilot flight controller... (no serial device found, retrying in 3s)
2026-10-04 15:46:13 | INFO | Waiting for ArduPilot flight controller... (no serial device found, retrying in 3s)
2026-10-04 15:46:16 | INFO | Waiting for ArduPilot flight controller... (no serial device found, retrying in 3s)
2026-10-04 15:46:19 | INFO | Waiting for ArduPilot flight controller... (no serial device found, retrying in 3s)
2026-10-04 15:46:22 | INFO | Waiting for ArduPilot flight controller... (no serial device found, retrying in 3s)
2026-10-04 15:46:25 | INFO | Waiting for ArduPilot flight controller... (no serial device found, retrying in 3s)
2026-10-04 15:46:28 | INFO | Waiting for ArduPilot flight controller... (no serial device found, retrying in 3s)
2026-10-04 15:46:31 | INFO | Waiting for ArduPilot flight controller... (no serial device found, retrying in 3s)
2026-10-04 15:46:34 | INFO | Waiting for ArduPilot flight controller... (no serial device found, retrying in 3s)
2026-10-04 15:46:37 | INFO | Waiting for ArduPilot flight controller... (no serial device found, retrying in 3s)
2026-10-04 15:46:40 | INFO | Waiting for ArduPilot flight controller... (no serial device found, retrying in 3s)
2026-10-04 15:46:43 | INFO | Waiting for ArduPilot flight controller... (no serial device found, retrying in 3s)
2026-10-04 15:46:46 | INFO | Waiting for ArduPilot flight controller... (no serial device found, retrying in 3s)
2026-10-04 15:46:49 | INFO | Waiting for ArduPilot flight controller... (no serial device found, retrying in 3s)
2026-10-04 15:46:52 | INFO | Waiting for ArduPilot flight controller... (no serial device found, retrying in 3s)
2026-10-04 15:46:55 | INFO | Waiting for ArduPilot flight controller... (no serial device found, retrying in 3s)
2026-10-04 15:46:58 | INFO | Waiting for ArduPilot flight controller... (no serial device found, retrying in 3s)
2026-10-04 15:47:01 | INFO | Waiting for ArduPilot flight controller... (no serial device found, retrying in 3s)
2026-10-04 15:47:04 | INFO | Waiting for ArduPilot flight controller... (no serial device found, retrying in 3s)
2026-10-04 15:47:07 | INFO | Waiting for ArduPilot flight controller... (no serial device found, retrying in 3s)
2026-10-04 15:47:10 | INFO | Waiting for ArduPilot flight controller... (no serial device found, retrying in 3s)
2026-10-04 15:47:13 | INFO | Waiting for ArduPilot flight controller... (no serial device found, retrying in 3s)
2026-10-04 15:47:16 | INFO | Waiting for ArduPilot flight controller... (no serial device found, retrying in 3s)
2026-10-04 15:47:19 | INFO | Waiting for ArduPilot flight controller... (no serial device found, retrying in 3s)
2026-10-04 15:47:22 | INFO | Waiting for ArduPilot flight controller... (no serial device found, retrying in 3s)
2026-10-04 15:47:25 | INFO | Waiting for ArduPilot flight controller... (no serial device found, retrying in 3s)
2026-10-04 15:47:28 | INFO | Waiting for ArduPilot flight controller... (no serial device found, retrying in 3s)
2026-10-04 15:47:31 | INFO | Waiting for ArduPilot flight controller... (no serial device found, retrying in 3s)
2026-10-04 15:47:34 | INFO | Waiting for ArduPilot flight controller... (no serial device found, retrying in 3s)
2026-10-04 15:47:37 | INFO | Waiting for ArduPilot flight controller... (no serial device found, retrying in 3s)
2026-10-04 15:47:40 | INFO | Waiting for ArduPilot flight controller... (no serial device found, retrying in 3s)
2026-10-04 15:47:43 | INFO | Waiting for ArduPilot flight controller... (no serial device found, retrying in 3s)
2026-10-04 15:47:46 | INFO | Waiting for ArduPilot flight controller... (no serial device found, retrying in 3s)
2026-10-04 15:47:49 | INFO | Waiting for ArduPilot flight controller... (no serial device found, retrying in 3s)
2026-10-04 15:47:52 | INFO | Waiting for ArduPilot flight controller... (no serial device found, retrying in 3s)
2026-10-04 15:47:55 | INFO | Waiting for ArduPilot flight controller... (no serial device found, retrying in 3s)
2026-10-04 15:47:58 | INFO | Waiting for ArduPilot flight controller... (no serial device found, retrying in 3s)
2026-10-04 15:48:01 | INFO | Waiting for ArduPilot flight controller... (no serial device found, retrying in 3s)
2026-10-04 15:48:04 | INFO | Waiting for ArduPilot flight controller... (no serial device found, retrying in 3s)
2026-10-04 15:48:07 | INFO | Waiting for ArduPilot flight controller... (no serial device found, retrying in 3s)
2026-10-04 15:48:10 | INFO | Waiting for ArduPilot flight controller... (no serial device found, retrying in 3s)
2026-10-04 15:48:13 | INFO | Waiting for ArduPilot flight controller... (no serial device found, retrying in 3s)
2026-10-04 15:48:16 | INFO | Waiting for ArduPilot flight controller... (no serial device found, retrying in 3s)
2026-10-04 15:48:19 | INFO | Waiting for ArduPilot flight controller... (no serial device found, retrying in 3s)
2026-10-04 15:48:22 | INFO | Waiting for ArduPilot flight controller... (no serial device found, retrying in 3s)
2026-10-04 15:48:25 | INFO | Waiting for ArduPilot flight controller... (no serial device found, retrying in 3s)
2026-10-04 15:48:28 | INFO | Waiting for ArduPilot flight controller... (no serial device found, retrying in 3s)
2026-10-04 15:48:31 | INFO | Waiting for ArduPilot flight controller... (no serial device found, retrying in 3s)
2026-10-04 15:48:34 | INFO | Waiting for ArduPilot flight controller... (no serial device found, retrying in 3s)
2026-10-04 15:48:37 | INFO | Waiting for ArduPilot flight controller... (no serial device found, retrying in 3s)
2026-10-04 15:48:40 | INFO | Waiting for ArduPilot flight controller... (no serial device found, retrying in 3s)
2026-10-04 15:48:43 | INFO | Waiting for ArduPilot flight controller... (no serial device found, retrying in 3s)
2026-10-04 15:48:46 | INFO | Waiting for ArduPilot flight controller... (no serial device found, retrying in 3s)
2026-10-04 15:48:49 | INFO | Waiting for ArduPilot flight controller... (no serial device found, retrying in 3s)
2026-10-04 15:48:52 | INFO | Waiting for ArduPilot flight controller... (no serial device found, retrying in 3s)
2026-10-04 15:48:55 | INFO | Waiting for ArduPilot flight controller... (no serial device found, retrying in 3s)
2026-10-04 15:48:58 | INFO | Waiting for ArduPilot flight controller... (no serial device found, retrying in 3s)
2026-10-04 15:49:01 | INFO | Waiting for ArduPilot flight controller... (no serial device found, retrying in 3s)
2026-10-04 15:49:04 | INFO | Waiting for ArduPilot flight controller... (no serial device found, retrying in 3s)
2026-10-04 15:49:07 | INFO | Waiting for ArduPilot flight controller... (no serial device found, retrying in 3s)
2026-10-04 15:49:08 | INFO | Received exit signal 15. Finalizing video and exiting...
2026-10-04 15:49:08 | INFO | ==========================================================
2026-10-04 15:49:08 | INFO | === ARDUPILOT POLYGON RASTER COVERAGE MISSION ===
2026-10-04 15:49:08 | INFO | ==========================================================
2026-10-04 15:49:08 | INFO | Project directory : /home/aahswarm/ardupilotRasterFix
2026-10-04 15:49:08 | INFO | Mission log       : /home/aahswarm/ardupilotRasterFix/ardupilot_raster_mission.log
2026-10-04 15:49:08 | INFO | Trigger file      : /home/aahswarm/ardupilotRasterFix/START_RASTER_MISSION
2026-10-04 15:49:08 | INFO | Recordings        : /home/aahswarm/ardupilotRasterFix/recordings/
2026-10-04 15:49:08 | INFO | =========================================================
2026-10-04 15:49:08 | INFO | === POLYGON RASTER MISSION PLAN ===
2026-10-04 15:49:08 | INFO | =========================================================
2026-10-04 15:49:08 | INFO |   Corner A: 13.3458930, 74.7940200
2026-10-04 15:49:08 | INFO |   Corner B: 13.3457210, 74.7940420
2026-10-04 15:49:08 | INFO |   Corner C: 13.3457120, 74.7940080
2026-10-04 15:49:08 | INFO |   Corner D: 13.3458870, 74.7939650
2026-10-04 15:49:08 | INFO |   Sides: AB=19.29m BC=3.82m CD=20.03m DA=5.99m; area=96.03m^2
2026-10-04 15:49:08 | INFO |   Corner angles: A=90.7 B=98.1 C=88.2 D=83.0 deg (a rectangle is not required)
2026-10-04 15:49:08 | INFO |   Inward safety inset: 0.20m -> inset area 86.36m^2
2026-10-04 15:49:08 | INFO |   Sweep axis: RASTER_AXIS=short -> passes run A->D (5.99m side, stepping across the 19.29m side), bearing 262.9 deg, alternating
2026-10-04 15:49:08 | INFO |   Passes: 20, spacing 0.974m (requested 1.000m), waypoints 40
2026-10-04 15:49:08 | INFO |   Pass lengths: 3.46m to 5.52m; the longest leg is 6s at 1.00m/s, which is how long the aircraft flies in one direction before its first turn
2026-10-04 15:49:08 | INFO |   Path length 108.3m, estimated 108s at 1.00m/s (horizontal travel only)
2026-10-04 15:49:08 | INFO |   Containment: 40/40 waypoints and 39 segments verified inside the inset polygon (2223 samples); worst clearance +0.200m from the polygon edge
2026-10-04 15:49:08 | INFO |   Outer safety geofence: area 217.93m^2, sides 10.24m, 24.00m, 7.46m, 25.53m, winding CCW
2026-10-04 15:49:08 | INFO |   Inner inside outer: minimum separation 1.96m (corners A=1.99m, B=1.96m, C=1.99m, D=2.01m); raster path worst 2.16m, 1.66m against the effective boundary
2026-10-04 15:49:08 | INFO |   Outer safety geofence: 4 GPS corners, effective boundary 0.50m inside them (independent safety layer, NOT the mission polygon, NOT an ArduPilot fence)
2026-10-04 15:49:08 | INFO |   Inner runtime breach tolerance: 0.50m beyond the mission-polygon edge, enforced during the RASTER phase only
2026-10-04 15:49:08 | INFO |   Max planned distance from polygon centroid: 10.34m
2026-10-04 15:49:08 | INFO | ==========================================================
2026-10-04 15:49:08 | INFO | === ARDUPILOT CONTINUOUS AUTONOMOUS MISSION DAEMON ===
2026-10-04 15:49:08 | INFO | ==========================================================
2026-10-04 15:49:08 | INFO | Mission Parameters: Port=auto-discover, Baud=115200, TakeoffAlt=2.5m, DescentSpeed=0.15m/s, TouchdownSpeed=0.08m/s, Orbit=3.0m x 1.0 at 1.0m/s, HorizontalFence=4.0m, Geofence=DISABLED
2026-10-04 15:49:08 | INFO | Waiting for ArduPilot flight controller... (no serial device found, retrying in 3s)
2026-10-04 15:49:11 | INFO | Waiting for ArduPilot flight controller... (no serial device found, retrying in 3s)
2026-10-04 15:49:14 | INFO | Waiting for ArduPilot flight controller... (no serial device found, retrying in 3s)
2026-10-04 15:49:17 | INFO | Waiting for ArduPilot flight controller... (no serial device found, retrying in 3s)
2026-10-04 15:49:20 | INFO | Waiting for ArduPilot flight controller... (no serial device found, retrying in 3s)
2026-10-04 15:49:23 | INFO | Waiting for ArduPilot flight controller... (no serial device found, retrying in 3s)
2026-10-04 15:49:26 | INFO | Waiting for ArduPilot flight controller... (no serial device found, retrying in 3s)
2026-10-04 15:49:29 | INFO | Waiting for ArduPilot flight controller... (no serial device found, retrying in 3s)
2026-10-04 15:49:32 | INFO | Waiting for ArduPilot flight controller... (no serial device found, retrying in 3s)
2026-10-04 15:49:35 | INFO | Waiting for ArduPilot flight controller... (no serial device found, retrying in 3s)
2026-10-04 15:49:38 | INFO | Waiting for ArduPilot flight controller... (no serial device found, retrying in 3s)
2026-10-04 15:49:41 | INFO | Waiting for ArduPilot flight controller... (no serial device found, retrying in 3s)
2026-10-04 15:49:44 | INFO | Waiting for ArduPilot flight controller... (no serial device found, retrying in 3s)
2026-10-04 15:49:47 | INFO | Waiting for ArduPilot flight controller... (no serial device found, retrying in 3s)
2026-10-04 15:49:50 | INFO | Waiting for ArduPilot flight controller... (no serial device found, retrying in 3s)
2026-10-04 15:49:53 | INFO | Waiting for ArduPilot flight controller... (no serial device found, retrying in 3s)
2026-10-04 15:49:56 | INFO | Waiting for ArduPilot flight controller... (no serial device found, retrying in 3s)
2026-10-04 15:49:59 | INFO | Waiting for ArduPilot flight controller... (no serial device found, retrying in 3s)
2026-10-04 15:50:02 | INFO | Waiting for ArduPilot flight controller... (no serial device found, retrying in 3s)
2026-10-04 15:50:05 | INFO | Waiting for ArduPilot flight controller... (no serial device found, retrying in 3s)
2026-10-04 15:50:08 | INFO | Waiting for ArduPilot flight controller... (no serial device found, retrying in 3s)
2026-10-04 15:50:11 | INFO | Waiting for ArduPilot flight controller... (no serial device found, retrying in 3s)
2026-10-04 15:50:14 | INFO | Waiting for ArduPilot flight controller... (no serial device found, retrying in 3s)
2026-10-04 15:50:17 | INFO | Waiting for ArduPilot flight controller... (no serial device found, retrying in 3s)
2026-10-04 15:50:20 | INFO | Waiting for ArduPilot flight controller... (no serial device found, retrying in 3s)
2026-10-04 15:50:23 | INFO | Waiting for ArduPilot flight controller... (no serial device found, retrying in 3s)
2026-10-04 15:50:26 | INFO | Waiting for ArduPilot flight controller... (no serial device found, retrying in 3s)
2026-10-04 15:57:41 | INFO | ==========================================================
2026-10-04 15:57:41 | INFO | === ARDUPILOT POLYGON RASTER COVERAGE MISSION ===
2026-10-04 15:57:41 | INFO | ==========================================================
2026-10-04 15:57:41 | INFO | Project directory : /home/aahswarm/ardupilotRasterFix
2026-10-04 15:57:41 | INFO | Mission log       : /home/aahswarm/ardupilotRasterFix/ardupilot_raster_mission.log
2026-10-04 15:57:41 | INFO | Trigger file      : /home/aahswarm/ardupilotRasterFix/START_RASTER_MISSION
2026-10-04 15:57:41 | INFO | Recordings        : /home/aahswarm/ardupilotRasterFix/recordings/
2026-10-04 15:57:41 | INFO | =========================================================
2026-10-04 15:57:41 | INFO | === POLYGON RASTER MISSION PLAN ===
2026-10-04 15:57:41 | INFO | =========================================================
2026-10-04 15:57:41 | INFO |   Corner A: 13.3458930, 74.7940200
2026-10-04 15:57:41 | INFO |   Corner B: 13.3457210, 74.7940420
2026-10-04 15:57:41 | INFO |   Corner C: 13.3457120, 74.7940080
2026-10-04 15:57:41 | INFO |   Corner D: 13.3458870, 74.7939650
2026-10-04 15:57:41 | INFO |   Sides: AB=19.29m BC=3.82m CD=20.03m DA=5.99m; area=96.03m^2
2026-10-04 15:57:41 | INFO |   Corner angles: A=90.7 B=98.1 C=88.2 D=83.0 deg (a rectangle is not required)
2026-10-04 15:57:41 | INFO |   Inward safety inset: 0.20m -> inset area 86.36m^2
2026-10-04 15:57:41 | INFO |   Sweep axis: RASTER_AXIS=short -> passes run A->D (5.99m side, stepping across the 19.29m side), bearing 262.9 deg, alternating
2026-10-04 15:57:41 | INFO |   Passes: 20, spacing 0.974m (requested 1.000m), waypoints 40
2026-10-04 15:57:41 | INFO |   Pass lengths: 3.46m to 5.52m; the longest leg is 6s at 1.00m/s, which is how long the aircraft flies in one direction before its first turn
2026-10-04 15:57:41 | INFO |   Path length 108.3m, estimated 108s at 1.00m/s (horizontal travel only)
2026-10-04 15:57:41 | INFO |   Containment: 40/40 waypoints and 39 segments verified inside the inset polygon (2223 samples); worst clearance +0.200m from the polygon edge
2026-10-04 15:57:41 | INFO |   Outer safety geofence: area 217.93m^2, sides 10.24m, 24.00m, 7.46m, 25.53m, winding CCW
2026-10-04 15:57:41 | INFO |   Inner inside outer: minimum separation 1.96m (corners A=1.99m, B=1.96m, C=1.99m, D=2.01m); raster path worst 2.16m, 1.66m against the effective boundary
2026-10-04 15:57:41 | INFO |   Outer safety geofence: 4 GPS corners, effective boundary 0.50m inside them (independent safety layer, NOT the mission polygon, NOT an ArduPilot fence)
2026-10-04 15:57:41 | INFO |   Inner runtime breach tolerance: 0.50m beyond the mission-polygon edge, enforced during the RASTER phase only
2026-10-04 15:57:41 | INFO |   Max planned distance from polygon centroid: 10.34m
2026-10-04 15:57:41 | INFO | ==========================================================
2026-10-04 15:57:41 | INFO | === ARDUPILOT CONTINUOUS AUTONOMOUS MISSION DAEMON ===
2026-10-04 15:57:41 | INFO | ==========================================================
2026-10-04 15:57:41 | INFO | Mission Parameters: Port=auto-discover, Baud=115200, TakeoffAlt=2.5m, DescentSpeed=0.15m/s, TouchdownSpeed=0.08m/s, Orbit=3.0m x 1.0 at 1.0m/s, HorizontalFence=4.0m, Geofence=DISABLED
2026-10-04 15:57:41 | INFO | Connecting to ArduPilot flight controller at /dev/serial/by-id/usb-ArduPilot_MicoAir743v2-BL_300020001251333236353637-if00 (baud: 115200)...
2026-10-04 15:57:41 | INFO | Waiting for ArduPilot heartbeat...
2026-10-04 15:57:43 | ERROR | Supervisor loop encountered error: device reports readiness to read but returned no data (device disconnected or multiple access on port?). Reconnecting in 3 seconds...
Traceback (most recent call last):
  File "/home/aahswarm/ardupilotRasterFix/ardupilot_horizontal_geofence_mission.py", line 2027, in main_daemon
    heartbeat = master.wait_heartbeat(timeout=8.0)
                ^^^^^^^^^^^^^^^^^^^^^^^^^^^^^^^^^^
  File "/home/aahswarm/px4_mavsdk_env/lib/python3.12/site-packages/pymavlink/mavutil.py", line 557, in wait_heartbeat
    return self.recv_match(type='HEARTBEAT', blocking=blocking, timeout=timeout)
           ^^^^^^^^^^^^^^^^^^^^^^^^^^^^^^^^^^^^^^^^^^^^^^^^^^^^^^^^^^^^^^^^^^^^^
  File "/home/aahswarm/px4_mavsdk_env/lib/python3.12/site-packages/pymavlink/mavutil.py", line 518, in recv_match
    m = self.recv_msg()
        ^^^^^^^^^^^^^^^
  File "/home/aahswarm/px4_mavsdk_env/lib/python3.12/site-packages/pymavlink/mavutil.py", line 481, in recv_msg
    s = self.recv(n)
        ^^^^^^^^^^^^
  File "/home/aahswarm/px4_mavsdk_env/lib/python3.12/site-packages/pymavlink/mavutil.py", line 1008, in recv
    ret = self.port.read(n)
          ^^^^^^^^^^^^^^^^^
  File "/home/aahswarm/px4_mavsdk_env/lib/python3.12/site-packages/serial/serialposix.py", line 595, in read
    raise SerialException(
serial.serialutil.SerialException: device reports readiness to read but returned no data (device disconnected or multiple access on port?)
2026-10-04 15:57:46 | INFO | Connecting to ArduPilot flight controller at /dev/serial/by-id/usb-ArduPilot_MicoAir743v2_300020001251333236353637-if00 (baud: 115200)...
2026-10-04 15:57:46 | INFO | Waiting for ArduPilot heartbeat...
2026-10-04 15:57:46 | INFO | Connected to ArduPilot! (System ID: 1, Component ID: 1)
2026-10-04 15:57:46 | INFO | Starting GCS heartbeat sender (1 Hz)...
2026-10-04 15:57:46 | INFO | Requesting telemetry message streams from ArduPilot...
2026-10-04 15:57:46 | INFO | [RASTER] Position snapshot hook attached to the existing MAVLink receive path (no additional reader).
2026-10-04 15:57:46 | INFO | [FC LOG] Verbose flight-controller log attached to the existing MAVLink receive path (no additional reader) -> /home/aahswarm/ardupilotRasterFix/fc_telemetry.log [level=full]
2026-10-04 15:57:46 | WARNING | Geofence DISABLED (CONFIGURE_FENCE=0) — writing FENCE_ENABLE=0. There is no automatic containment: the pilot is responsible for keeping the aircraft inside the test area, taking manual control on the transmitter if it drifts.
2026-10-04 15:57:46 | INFO | Configured ArduPilot parameter: LAND_SPEED = 20.0
2026-10-04 15:57:46 | INFO | Configured ArduPilot parameter: LAND_ALT_LOW = 150.0
2026-10-04 15:57:46 | INFO | Configured ArduPilot parameter: WPNAV_SPEED_UP = 50.0
2026-10-04 15:57:47 | INFO | Configured ArduPilot parameter: WPNAV_ACCEL_Z = 50.0
2026-10-04 15:57:47 | INFO | Configured ArduPilot parameter: BATT_FS_LOW_ACT = 1.0
2026-10-04 15:57:47 | INFO | Configured ArduPilot parameter: BATT_FS_CRT_ACT = 1.0
2026-10-04 15:57:47 | INFO | Configured ArduPilot parameter: FS_THR_ENABLE = 3.0
2026-10-04 15:57:47 | INFO | Configured ArduPilot parameter: FS_GCS_ENABLE = 5.0
2026-10-04 15:57:47 | INFO | Configured ArduPilot parameter: FENCE_ENABLE = 0.0
2026-10-04 15:57:47 | INFO | Configured ArduPilot parameter: ARMING_CHECK = 1.0
2026-10-04 15:57:47 | INFO | [AP STATUSTEXT] Barometer 1 calibration complete
2026-10-04 15:57:48 | INFO | [AP STATUSTEXT] Initialising ArduPilot
2026-10-04 15:57:50 | INFO | ArduPilot Health: Mode=STABILIZE, Armed=False, AGL=0.00m (src=NONE), GPS=NO FIX, EKF=FAIL, Batt=-1% (0.00V), RC=NONE
2026-10-04 15:57:50 | WARNING | Flight controller reports NO RC receiver data (RC_CHANNELS chancount=0).
2026-10-04 15:57:50 | WARNING | Flight controller reports battery voltage 0.00V — no flight battery detected. The motors cannot run on USB power alone.
2026-10-04 15:57:50 | INFO | System initialized and READY in STANDBY mode.
2026-10-04 15:57:50 | INFO | Continuous flight supervisor active. Ready for flight triggers.
2026-10-04 15:57:50 | INFO | [TRIGGER] Mission starts on an observed transition into GUIDED flight mode (CH8 must also be GUIDED when a receiver is present). The CH8 launch condition is disabled; CH8=MANUAL/LAND still aborts.
2026-10-04 15:57:50 | WARNING | No RC receiver data. CH8 triggering is unavailable; create /home/aahswarm/ardupilotRasterFix/START_RASTER_MISSION to start a mission.
2026-10-04 15:57:50 | INFO | [SUPERVISOR] CH8 state: None -> NO_SIGNAL (Mode=STABILIZE, Armed=False, InAir=False, AGL=0.00m)
2026-10-04 15:57:50 | INFO | [SUPERVISOR] Flight mode: None -> STABILIZE (CH8=NO_SIGNAL, Armed=False, InAir=False, AGL=0.00m)
2026-10-04 15:57:50 | INFO | [SUPERVISOR] GUIDED-mode trigger armed — putting the aircraft into GUIDED will now start an autonomous mission.
2026-10-04 15:57:50 | INFO | [STANDBY] Waiting for the aircraft to be put into GUIDED flight mode... (CH8=NO_SIGNAL, Mode=STABILIZE, Armed=False, Batt=-1%, AGL=0.00m)
2026-10-04 15:57:53 | INFO | [AP STATUSTEXT] Initialising ArduPilot
2026-10-04 15:57:58 | INFO | [AP STATUSTEXT] Initialising ArduPilot
2026-10-04 15:58:03 | INFO | [AP STATUSTEXT] Initialising ArduPilot
2026-10-04 15:58:05 | INFO | [STANDBY] Waiting for the aircraft to be put into GUIDED flight mode... (CH8=NO_SIGNAL, Mode=STABILIZE, Armed=False, Batt=-1%, AGL=0.00m)
2026-10-04 15:58:08 | INFO | [AP STATUSTEXT] Initialising ArduPilot
2026-10-04 15:58:13 | INFO | [AP STATUSTEXT] Initialising ArduPilot
2026-10-04 15:58:18 | INFO | [AP STATUSTEXT] Initialising ArduPilot
2026-10-04 15:58:18 | INFO | [AP STATUSTEXT] ArduPilot Ready
2026-10-04 15:58:18 | INFO | [AP STATUSTEXT] AHRS: DCM active
2026-10-04 15:58:18 | INFO | [AP STATUSTEXT] RCOut: DS600:1-4 PWM:5-11
2026-10-04 15:58:20 | INFO | [STANDBY] Waiting for the aircraft to be put into GUIDED flight mode... (CH8=NO_SIGNAL, Mode=STABILIZE, Armed=False, Batt=-1%, AGL=0.00m)
2026-10-04 15:58:28 | INFO | [AP STATUSTEXT] Calibrating barometer
2026-10-04 15:58:29 | INFO | [AP STATUSTEXT] Barometer 1 calibration complete
2026-10-04 15:58:30 | INFO | [AP STATUSTEXT] ArduPilot Ready
2026-10-04 15:58:30 | INFO | [AP STATUSTEXT] AHRS: DCM active
2026-10-04 15:58:30 | INFO | [AP STATUSTEXT] RCOut: DS600:1-4 PWM:5-11
2026-10-04 15:58:35 | INFO | [STANDBY] Waiting for the aircraft to be put into GUIDED flight mode... (CH8=NO_SIGNAL, Mode=STABILIZE, Armed=False, Batt=-1%, AGL=0.00m)
2026-10-04 15:58:40 | INFO | [AP STATUSTEXT] Calibrating barometer
2026-10-04 15:58:49 | INFO | [AP STATUSTEXT] Calibrating barometer
2026-10-04 15:58:50 | INFO | [STANDBY] Waiting for the aircraft to be put into GUIDED flight mode... (CH8=NO_SIGNAL, Mode=STABILIZE, Armed=False, Batt=-1%, AGL=0.00m)
2026-10-04 15:58:51 | INFO | [AP STATUSTEXT] Barometer 1 calibration complete
2026-10-04 15:58:52 | INFO | [AP STATUSTEXT] Initialising ArduPilot
2026-10-04 15:58:52 | INFO | [AP STATUSTEXT] ArduPilot Ready
2026-10-04 15:58:52 | INFO | [AP STATUSTEXT] AHRS: DCM active
2026-10-04 15:58:52 | INFO | [AP STATUSTEXT] RCOut: DS600:1-4 PWM:5-11
2026-10-04 15:59:01 | INFO | [AP STATUSTEXT] Calibrating barometer
2026-10-04 15:59:03 | INFO | [AP STATUSTEXT] Barometer 1 calibration complete
2026-10-04 15:59:04 | INFO | [AP STATUSTEXT] Initialising ArduPilot
2026-10-04 15:59:04 | INFO | [AP STATUSTEXT] ArduPilot Ready
2026-10-04 15:59:04 | INFO | [AP STATUSTEXT] AHRS: DCM active
2026-10-04 15:59:04 | INFO | [AP STATUSTEXT] RCOut: DS600:1-4 PWM:5-11
2026-10-04 15:59:05 | INFO | [STANDBY] Waiting for the aircraft to be put into GUIDED flight mode... (CH8=NO_SIGNAL, Mode=STABILIZE, Armed=False, Batt=-1%, AGL=0.00m)
2026-10-04 15:59:14 | INFO | [AP STATUSTEXT] Calibrating barometer
2026-10-04 15:59:20 | INFO | [STANDBY] Waiting for the aircraft to be put into GUIDED flight mode... (CH8=NO_SIGNAL, Mode=STABILIZE, Armed=False, Batt=-1%, AGL=0.00m)
2026-10-04 15:59:23 | INFO | [AP STATUSTEXT] Calibrating barometer
2026-10-04 15:59:25 | INFO | [AP STATUSTEXT] Barometer 1 calibration complete
2026-10-04 15:59:26 | INFO | [AP STATUSTEXT] Initialising ArduPilot
2026-10-04 15:59:26 | INFO | [AP STATUSTEXT] ArduPilot Ready
2026-10-04 15:59:26 | INFO | [AP STATUSTEXT] AHRS: DCM active
2026-10-04 15:59:26 | INFO | [AP STATUSTEXT] RCOut: DS600:1-4 PWM:5-11
2026-10-04 15:59:35 | INFO | [STANDBY] Waiting for the aircraft to be put into GUIDED flight mode... (CH8=NO_SIGNAL, Mode=STABILIZE, Armed=False, Batt=-1%, AGL=0.00m)
2026-10-04 15:59:36 | INFO | [AP STATUSTEXT] Calibrating barometer
2026-10-04 15:59:37 | INFO | [AP STATUSTEXT] Barometer 1 calibration complete
2026-10-04 15:59:38 | INFO | [AP STATUSTEXT] Initialising ArduPilot
2026-10-04 15:59:38 | INFO | [AP STATUSTEXT] ArduPilot Ready
2026-10-04 15:59:38 | INFO | [AP STATUSTEXT] AHRS: DCM active
2026-10-04 15:59:38 | INFO | [AP STATUSTEXT] RCOut: DS600:1-4 PWM:5-11
2026-10-04 15:59:40 | INFO | [AP STATUSTEXT] EKF3 IMU0 initialised
2026-10-04 15:59:40 | INFO | [AP STATUSTEXT] EKF3 IMU1 initialised
2026-10-04 15:59:40 | INFO | [AP STATUSTEXT] AHRS: EKF3 active
2026-10-04 15:59:41 | INFO | [AP STATUSTEXT] EKF3 IMU0 tilt alignment complete
2026-10-04 15:59:41 | INFO | [AP STATUSTEXT] EKF3 IMU0 MAG0 initial yaw alignment complete
2026-10-04 15:59:41 | INFO | [AP STATUSTEXT] EKF3 IMU1 tilt alignment complete
2026-10-04 15:59:42 | INFO | [AP STATUSTEXT] EKF3 IMU1 MAG0 initial yaw alignment complete
2026-10-04 15:59:45 | INFO | [AP STATUSTEXT] GPS 1: probing for u-blox at 230400 baud
2026-10-04 15:59:46 | INFO | [AP STATUSTEXT] GPS 1: detected u-blox
2026-10-04 15:59:49 | INFO | [AP STATUSTEXT] u-blox NEO-F10N 1 HW: 000A0000 SW: EXT SPGL1L5 6.0
2026-10-04 15:59:49 | INFO | [AP STATUSTEXT] 0 (041e8a)
2026-10-04 15:59:49 | INFO | [AP STATUSTEXT] u-blox supports L5 Band
2026-10-04 15:59:50 | INFO | [STANDBY] Waiting for the aircraft to be put into GUIDED flight mode... (CH8=NO_SIGNAL, Mode=STABILIZE, Armed=False, Batt=-1%, AGL=0.00m)
2026-10-04 15:59:56 | INFO | [AP STATUSTEXT] EKF3 IMU1 origin set
2026-10-04 15:59:56 | INFO | [AP STATUSTEXT] Field Elevation Set: 88m
2026-10-04 15:59:56 | INFO | [AP STATUSTEXT] EKF3 IMU0 origin set
2026-10-04 16:00:05 | INFO | [STANDBY] Waiting for the aircraft to be put into GUIDED flight mode... (CH8=NO_SIGNAL, Mode=STABILIZE, Armed=False, Batt=-1%, AGL=0.00m)
2026-10-04 16:00:11 | INFO | [AP STATUSTEXT] Calibrating barometer
2026-10-04 16:00:12 | INFO | [AP STATUSTEXT] Barometer 1 calibration complete
2026-10-04 16:00:13 | INFO | [AP STATUSTEXT] Initialising ArduPilot
2026-10-04 16:00:13 | INFO | [AP STATUSTEXT] ArduPilot Ready
2026-10-04 16:00:13 | INFO | [AP STATUSTEXT] AHRS: DCM active
2026-10-04 16:00:13 | INFO | [AP STATUSTEXT] RCOut: DS600:1-4 PWM:5-11
2026-10-04 16:00:20 | INFO | [STANDBY] Waiting for the aircraft to be put into GUIDED flight mode... (CH8=NO_SIGNAL, Mode=STABILIZE, Armed=False, Batt=-1%, AGL=0.00m)
2026-10-04 16:00:23 | INFO | [AP STATUSTEXT] Calibrating barometer
2026-10-04 16:00:25 | INFO | [AP STATUSTEXT] Barometer 1 calibration complete
2026-10-04 16:00:25 | INFO | [AP STATUSTEXT] Initialising ArduPilot
2026-10-04 16:00:26 | INFO | [AP STATUSTEXT] ArduPilot Ready
2026-10-04 16:00:26 | INFO | [AP STATUSTEXT] AHRS: DCM active
2026-10-04 16:00:26 | INFO | [AP STATUSTEXT] RCOut: DS600:1-4 PWM:5-11
2026-10-04 16:00:35 | INFO | [STANDBY] Waiting for the aircraft to be put into GUIDED flight mode... (CH8=NO_SIGNAL, Mode=STABILIZE, Armed=False, Batt=-1%, AGL=0.00m)
2026-10-04 16:00:36 | INFO | [AP STATUSTEXT] Calibrating barometer
2026-10-04 16:00:37 | INFO | [AP STATUSTEXT] Barometer 1 calibration complete
2026-10-04 16:00:38 | INFO | [AP STATUSTEXT] Initialising ArduPilot
2026-10-04 16:00:38 | INFO | [AP STATUSTEXT] ArduPilot Ready
2026-10-04 16:00:38 | INFO | [AP STATUSTEXT] AHRS: DCM active
2026-10-04 16:00:38 | INFO | [AP STATUSTEXT] RCOut: DS600:1-4 PWM:5-11
2026-10-04 16:00:48 | INFO | [AP STATUSTEXT] Calibrating barometer
2026-10-04 16:00:49 | INFO | [AP STATUSTEXT] Barometer 1 calibration complete
2026-10-04 16:00:50 | INFO | [AP STATUSTEXT] Initialising ArduPilot
2026-10-04 16:00:50 | INFO | [AP STATUSTEXT] ArduPilot Ready
2026-10-04 16:00:50 | INFO | [AP STATUSTEXT] AHRS: DCM active
2026-10-04 16:00:50 | INFO | [AP STATUSTEXT] RCOut: DS600:1-4 PWM:5-11
2026-10-04 16:00:50 | INFO | [STANDBY] Waiting for the aircraft to be put into GUIDED flight mode... (CH8=NO_SIGNAL, Mode=STABILIZE, Armed=False, Batt=-1%, AGL=0.00m)
2026-10-04 16:01:00 | INFO | [AP STATUSTEXT] Calibrating barometer
2026-10-04 16:01:01 | INFO | [AP STATUSTEXT] Barometer 1 calibration complete
2026-10-04 16:01:02 | INFO | [AP STATUSTEXT] ArduPilot Ready
2026-10-04 16:01:02 | INFO | [AP STATUSTEXT] AHRS: DCM active
2026-10-04 16:01:02 | INFO | [AP STATUSTEXT] RCOut: DS600:1-4 PWM:5-11
2026-10-04 16:01:04 | INFO | [AP STATUSTEXT] EKF3 IMU0 initialised
2026-10-04 16:01:04 | INFO | [AP STATUSTEXT] EKF3 IMU1 initialised
2026-10-04 16:01:04 | INFO | [AP STATUSTEXT] AHRS: EKF3 active
2026-10-04 16:01:05 | INFO | [STANDBY] Waiting for the aircraft to be put into GUIDED flight mode... (CH8=NO_SIGNAL, Mode=STABILIZE, Armed=False, Batt=-1%, AGL=0.00m)
2026-10-04 16:01:05 | INFO | [AP STATUSTEXT] EKF3 IMU0 tilt alignment complete
2026-10-04 16:01:05 | INFO | [AP STATUSTEXT] EKF3 IMU1 tilt alignment complete
2026-10-04 16:01:05 | INFO | [AP STATUSTEXT] EKF3 IMU1 MAG0 initial yaw alignment complete
2026-10-04 16:01:05 | INFO | [AP STATUSTEXT] EKF3 IMU0 MAG0 initial yaw alignment complete
2026-10-04 16:01:09 | INFO | [AP STATUSTEXT] GPS 1: probing for u-blox at 230400 baud
2026-10-04 16:01:09 | INFO | [AP STATUSTEXT] GPS 1: detected u-blox
2026-10-04 16:01:13 | INFO | [AP STATUSTEXT] u-blox NEO-F10N 1 HW: 000A0000 SW: EXT SPGL1L5 6.0
2026-10-04 16:01:13 | INFO | [AP STATUSTEXT] 0 (041e8a)
2026-10-04 16:01:13 | INFO | [AP STATUSTEXT] u-blox supports L5 Band
2026-10-04 16:01:20 | INFO | [AP STATUSTEXT] EKF3 IMU0 origin set
2026-10-04 16:01:20 | INFO | [AP STATUSTEXT] EKF3 IMU1 origin set
2026-10-04 16:01:20 | INFO | [AP STATUSTEXT] Field Elevation Set: 87m
2026-10-04 16:01:20 | INFO | [STANDBY] Waiting for the aircraft to be put into GUIDED flight mode... (CH8=NO_SIGNAL, Mode=STABILIZE, Armed=False, Batt=-1%, AGL=0.00m)
2026-10-04 16:01:28 | INFO | [AP STATUSTEXT] PreArm: RC not found
2026-10-04 16:01:28 | INFO | [AP STATUSTEXT] PreArm: Battery 1 below minimum arming voltage
2026-10-04 16:01:35 | INFO | [STANDBY] Waiting for the aircraft to be put into GUIDED flight mode... (CH8=NO_SIGNAL, Mode=STABILIZE, Armed=False, Batt=-1%, AGL=0.00m)
2026-10-04 16:01:41 | INFO | [AP STATUSTEXT] EKF3 IMU0 is using GPS
2026-10-04 16:01:41 | INFO | [AP STATUSTEXT] EKF3 IMU1 is using GPS
2026-10-04 16:01:50 | INFO | [STANDBY] Waiting for the aircraft to be put into GUIDED flight mode... (CH8=NO_SIGNAL, Mode=STABILIZE, Armed=False, Batt=-1%, AGL=0.00m)
2026-10-04 16:02:01 | INFO | [AP STATUSTEXT] Calibrating barometer
2026-10-04 16:02:03 | INFO | [AP STATUSTEXT] Barometer 1 calibration complete
2026-10-04 16:02:04 | INFO | [AP STATUSTEXT] ArduPilot Ready
2026-10-04 16:02:04 | INFO | [AP STATUSTEXT] AHRS: DCM active
2026-10-04 16:02:05 | INFO | [STANDBY] Waiting for the aircraft to be put into GUIDED flight mode... (CH8=NO_SIGNAL, Mode=STABILIZE, Armed=False, Batt=-1%, AGL=0.00m)
2026-10-04 16:02:13 | INFO | [AP STATUSTEXT] Calibrating barometer
2026-10-04 16:02:15 | INFO | [AP STATUSTEXT] Barometer 1 calibration complete
2026-10-04 16:02:15 | INFO | [AP STATUSTEXT] ArduPilot Ready
2026-10-04 16:02:15 | INFO | [AP STATUSTEXT] AHRS: DCM active
2026-10-04 16:02:15 | INFO | [AP STATUSTEXT] RCOut: DS600:1-4 PWM:5-11
2026-10-04 16:02:20 | INFO | [STANDBY] Waiting for the aircraft to be put into GUIDED flight mode... (CH8=NO_SIGNAL, Mode=STABILIZE, Armed=False, Batt=-1%, AGL=0.00m)
2026-10-04 16:02:25 | INFO | [AP STATUSTEXT] Calibrating barometer
2026-10-04 16:02:27 | INFO | [AP STATUSTEXT] Barometer 1 calibration complete
2026-10-04 16:02:27 | INFO | [AP STATUSTEXT] ArduPilot Ready
2026-10-04 16:02:27 | INFO | [AP STATUSTEXT] AHRS: DCM active
2026-10-04 16:02:27 | INFO | [AP STATUSTEXT] RCOut: DS600:1-4 PWM:5-11
2026-10-04 16:02:35 | INFO | [STANDBY] Waiting for the aircraft to be put into GUIDED flight mode... (CH8=NO_SIGNAL, Mode=STABILIZE, Armed=False, Batt=-1%, AGL=0.00m)
2026-10-04 16:02:37 | INFO | [AP STATUSTEXT] Calibrating barometer
2026-10-04 16:02:38 | INFO | [AP STATUSTEXT] Barometer 1 calibration complete
2026-10-04 16:02:39 | INFO | [AP STATUSTEXT] ArduPilot Ready
2026-10-04 16:02:39 | INFO | [AP STATUSTEXT] AHRS: DCM active
2026-10-04 16:02:39 | INFO | [AP STATUSTEXT] RCOut: DS600:1-4 PWM:5-11
2026-10-04 16:02:49 | INFO | [AP STATUSTEXT] Calibrating barometer
2026-10-04 16:02:50 | INFO | [STANDBY] Waiting for the aircraft to be put into GUIDED flight mode... (CH8=NO_SIGNAL, Mode=STABILIZE, Armed=False, Batt=-1%, AGL=0.00m)
2026-10-04 16:02:50 | INFO | [AP STATUSTEXT] Barometer 1 calibration complete
2026-10-04 16:02:51 | INFO | [AP STATUSTEXT] ArduPilot Ready
2026-10-04 16:02:51 | INFO | [AP STATUSTEXT] AHRS: DCM active
2026-10-04 16:02:51 | INFO | [AP STATUSTEXT] RCOut: DS600:1-4 PWM:5-11
2026-10-04 16:02:53 | INFO | [AP STATUSTEXT] EKF3 IMU0 initialised
2026-10-04 16:02:53 | INFO | [AP STATUSTEXT] EKF3 IMU1 initialised
2026-10-04 16:02:53 | INFO | [AP STATUSTEXT] AHRS: EKF3 active
2026-10-04 16:02:54 | INFO | [AP STATUSTEXT] EKF3 IMU0 tilt alignment complete
2026-10-04 16:02:54 | INFO | [AP STATUSTEXT] EKF3 IMU1 tilt alignment complete
2026-10-04 16:02:54 | INFO | [AP STATUSTEXT] EKF3 IMU0 MAG0 initial yaw alignment complete
2026-10-04 16:02:54 | INFO | [AP STATUSTEXT] EKF3 IMU1 MAG0 initial yaw alignment complete
2026-10-04 16:02:58 | INFO | [AP STATUSTEXT] GPS 1: probing for u-blox at 230400 baud
2026-10-04 16:02:59 | INFO | [AP STATUSTEXT] GPS 1: detected u-blox
2026-10-04 16:03:02 | INFO | [AP STATUSTEXT] u-blox NEO-F10N 1 HW: 000A0000 SW: EXT SPGL1L5 6.0
2026-10-04 16:03:02 | INFO | [AP STATUSTEXT] 0 (041e8a)
2026-10-04 16:03:02 | INFO | [AP STATUSTEXT] u-blox supports L5 Band
2026-10-04 16:03:05 | INFO | [STANDBY] Waiting for the aircraft to be put into GUIDED flight mode... (CH8=NO_SIGNAL, Mode=STABILIZE, Armed=False, Batt=-1%, AGL=0.00m)
2026-10-04 16:03:09 | INFO | [AP STATUSTEXT] EKF3 IMU0 origin set
2026-10-04 16:03:09 | INFO | [AP STATUSTEXT] EKF3 IMU1 origin set
2026-10-04 16:03:09 | INFO | [AP STATUSTEXT] Field Elevation Set: 79m
2026-10-04 16:03:17 | INFO | [AP STATUSTEXT] PreArm: RC not found
2026-10-04 16:03:17 | INFO | [AP STATUSTEXT] PreArm: Battery 1 below minimum arming voltage
2026-10-04 16:03:20 | INFO | [STANDBY] Waiting for the aircraft to be put into GUIDED flight mode... (CH8=NO_SIGNAL, Mode=STABILIZE, Armed=False, Batt=-1%, AGL=0.00m)
2026-10-04 16:03:30 | INFO | [AP STATUSTEXT] EKF3 IMU0 is using GPS
2026-10-04 16:03:30 | INFO | [AP STATUSTEXT] EKF3 IMU1 is using GPS
2026-10-04 16:03:35 | INFO | [STANDBY] Waiting for the aircraft to be put into GUIDED flight mode... (CH8=NO_SIGNAL, Mode=STABILIZE, Armed=False, Batt=-1%, AGL=0.00m)
2026-10-04 16:03:50 | INFO | [STANDBY] Waiting for the aircraft to be put into GUIDED flight mode... (CH8=NO_SIGNAL, Mode=STABILIZE, Armed=False, Batt=-1%, AGL=0.00m)
2026-10-04 16:03:53 | INFO | [AP STATUSTEXT] Calibrating barometer
2026-10-04 16:03:54 | INFO | [AP STATUSTEXT] Barometer 1 calibration complete
2026-10-04 16:03:55 | INFO | [AP STATUSTEXT] Initialising ArduPilot
2026-10-04 16:04:00 | INFO | [AP STATUSTEXT] Initialising ArduPilot
2026-10-04 16:04:05 | INFO | [STANDBY] Waiting for the aircraft to be put into GUIDED flight mode... (CH8=NO_SIGNAL, Mode=STABILIZE, Armed=False, Batt=-1%, AGL=0.00m)
2026-10-04 16:04:05 | INFO | [AP STATUSTEXT] Initialising ArduPilot
2026-10-04 16:04:10 | INFO | [AP STATUSTEXT] Initialising ArduPilot
2026-10-04 16:04:15 | INFO | [AP STATUSTEXT] Initialising ArduPilot
2026-10-04 16:04:20 | INFO | [STANDBY] Waiting for the aircraft to be put into GUIDED flight mode... (CH8=NO_SIGNAL, Mode=STABILIZE, Armed=False, Batt=-1%, AGL=0.00m)
2026-10-04 16:04:20 | INFO | [AP STATUSTEXT] Initialising ArduPilot
2026-10-04 16:04:25 | INFO | [AP STATUSTEXT] ArduPilot Ready
2026-10-04 16:04:25 | INFO | [AP STATUSTEXT] AHRS: DCM active
2026-10-04 16:04:25 | INFO | [AP STATUSTEXT] RCOut: DS600:1-4 PWM:5-11
2026-10-04 16:04:26 | INFO | [AP STATUSTEXT] PreArm: RC not found
2026-10-04 16:04:26 | INFO | [AP STATUSTEXT] PreArm: Gyros not calibrated
2026-10-04 16:04:26 | INFO | [AP STATUSTEXT] PreArm: EKF attitude is bad
2026-10-04 16:04:26 | INFO | [AP STATUSTEXT] PreArm: AHRS: not using configured AHRS type
2026-10-04 16:04:26 | INFO | [AP STATUSTEXT] PreArm: Battery 1 below minimum arming voltage
2026-10-04 16:04:27 | INFO | [AP STATUSTEXT] EKF3 IMU0 initialised
2026-10-04 16:04:27 | INFO | [AP STATUSTEXT] EKF3 IMU1 initialised
2026-10-04 16:04:27 | INFO | [AP STATUSTEXT] AHRS: EKF3 active
2026-10-04 16:04:29 | INFO | [AP STATUSTEXT] EKF3 IMU0 tilt alignment complete
2026-10-04 16:04:29 | INFO | [AP STATUSTEXT] EKF3 IMU1 tilt alignment complete
2026-10-04 16:04:29 | INFO | [AP STATUSTEXT] EKF3 IMU1 MAG0 initial yaw alignment complete
2026-10-04 16:04:29 | INFO | [AP STATUSTEXT] EKF3 IMU0 MAG0 initial yaw alignment complete
2026-10-04 16:04:32 | INFO | [AP STATUSTEXT] GPS 1: probing for u-blox at 230400 baud
2026-10-04 16:04:33 | INFO | [AP STATUSTEXT] GPS 1: detected u-blox
2026-10-04 16:04:34 | INFO | [AP STATUSTEXT] EKF3 IMU1 forced reset
2026-10-04 16:04:34 | INFO | [AP STATUSTEXT] EKF3 IMU1 initialised
2026-10-04 16:04:34 | INFO | [AP STATUSTEXT] EKF3 IMU0 forced reset
2026-10-04 16:04:34 | INFO | [AP STATUSTEXT] EKF3 IMU0 initialised
2026-10-04 16:04:35 | INFO | [STANDBY] Waiting for the aircraft to be put into GUIDED flight mode... (CH8=NO_SIGNAL, Mode=STABILIZE, Armed=False, Batt=-1%, AGL=0.00m)
2026-10-04 16:04:36 | INFO | [AP STATUSTEXT] EKF3 IMU1 tilt alignment complete
2026-10-04 16:04:36 | INFO | [AP STATUSTEXT] EKF3 IMU0 tilt alignment complete
2026-10-04 16:04:36 | INFO | [AP STATUSTEXT] EKF3 IMU0 MAG0 initial yaw alignment complete
2026-10-04 16:04:36 | INFO | [AP STATUSTEXT] EKF3 IMU1 MAG0 initial yaw alignment complete
2026-10-04 16:04:36 | INFO | [AP STATUSTEXT] u-blox NEO-F10N 1 HW: 000A0000 SW: EXT SPGL1L5 6.0
2026-10-04 16:04:36 | INFO | [AP STATUSTEXT] 0 (041e8a)
2026-10-04 16:04:36 | INFO | [AP STATUSTEXT] u-blox supports L5 Band
2026-10-04 16:04:50 | INFO | [STANDBY] Waiting for the aircraft to be put into GUIDED flight mode... (CH8=NO_SIGNAL, Mode=STABILIZE, Armed=False, Batt=-1%, AGL=0.00m)
2026-10-04 16:04:55 | INFO | [AP STATUSTEXT] Calibrating barometer
2026-10-04 16:04:56 | INFO | [AP STATUSTEXT] Barometer 1 calibration complete
2026-10-04 16:04:57 | INFO | [AP STATUSTEXT] Initialising ArduPilot
2026-10-04 16:05:02 | INFO | [AP STATUSTEXT] Initialising ArduPilot
2026-10-04 16:05:05 | INFO | [STANDBY] Waiting for the aircraft to be put into GUIDED flight mode... (CH8=NO_SIGNAL, Mode=STABILIZE, Armed=False, Batt=-1%, AGL=0.00m)
2026-10-04 16:05:07 | INFO | [AP STATUSTEXT] Initialising ArduPilot
2026-10-04 16:05:09 | INFO | [AP STATUSTEXT] Mission Planner 1.3.83
2026-10-04 16:05:09 | INFO | [AP STATUSTEXT] Mission Planner 1.3.83
2026-10-04 16:05:09 | INFO | [AP STATUSTEXT] Mission Planner 1.3.83
2026-10-04 16:05:12 | INFO | [AP STATUSTEXT] Initialising ArduPilot
2026-10-04 16:05:17 | INFO | [AP STATUSTEXT] Initialising ArduPilot
2026-10-04 16:05:20 | INFO | [STANDBY] Waiting for the aircraft to be put into GUIDED flight mode... (CH8=NO_SIGNAL, Mode=STABILIZE, Armed=False, Batt=-1%, AGL=0.00m)
2026-10-04 16:05:22 | INFO | [AP STATUSTEXT] Initialising ArduPilot
2026-10-04 16:05:27 | INFO | [AP STATUSTEXT] Initialising ArduPilot
2026-10-04 16:05:27 | INFO | [AP STATUSTEXT] ArduPilot Ready
2026-10-04 16:05:27 | INFO | [AP STATUSTEXT] AHRS: DCM active
2026-10-04 16:05:27 | INFO | [AP STATUSTEXT] RCOut: DS600:1-4 PWM:5-11
2026-10-04 16:05:35 | INFO | [STANDBY] Waiting for the aircraft to be put into GUIDED flight mode... (CH8=NO_SIGNAL, Mode=STABILIZE, Armed=False, Batt=-1%, AGL=0.00m)
2026-10-04 16:05:37 | INFO | [AP STATUSTEXT] Calibrating barometer
2026-10-04 16:05:38 | INFO | [AP STATUSTEXT] Barometer 1 calibration complete
2026-10-04 16:05:39 | INFO | [AP STATUSTEXT] Initialising ArduPilot
2026-10-04 16:05:44 | INFO | [AP STATUSTEXT] Initialising ArduPilot
2026-10-04 16:05:49 | INFO | [AP STATUSTEXT] Initialising ArduPilot
2026-10-04 16:05:50 | INFO | [STANDBY] Waiting for the aircraft to be put into GUIDED flight mode... (CH8=NO_SIGNAL, Mode=STABILIZE, Armed=False, Batt=-1%, AGL=0.00m)
2026-10-04 16:05:54 | INFO | [AP STATUSTEXT] Initialising ArduPilot
2026-10-04 16:05:59 | INFO | [AP STATUSTEXT] Initialising ArduPilot
2026-10-04 16:06:04 | INFO | [AP STATUSTEXT] Initialising ArduPilot
2026-10-04 16:06:05 | INFO | [STANDBY] Waiting for the aircraft to be put into GUIDED flight mode... (CH8=NO_SIGNAL, Mode=STABILIZE, Armed=False, Batt=-1%, AGL=0.00m)
2026-10-04 16:06:09 | INFO | [AP STATUSTEXT] Initialising ArduPilot
2026-10-04 16:06:09 | INFO | [AP STATUSTEXT] ArduPilot Ready
2026-10-04 16:06:09 | INFO | [AP STATUSTEXT] AHRS: DCM active
2026-10-04 16:06:09 | INFO | [AP STATUSTEXT] RCOut: DS600:1-4 PWM:5-11
2026-10-04 16:06:19 | INFO | [AP STATUSTEXT] Calibrating barometer
2026-10-04 16:06:20 | INFO | [STANDBY] Waiting for the aircraft to be put into GUIDED flight mode... (CH8=NO_SIGNAL, Mode=STABILIZE, Armed=False, Batt=-1%, AGL=0.00m)
2026-10-04 16:06:20 | INFO | [AP STATUSTEXT] Barometer 1 calibration complete
2026-10-04 16:06:21 | INFO | [AP STATUSTEXT] Initialising ArduPilot
2026-10-04 16:06:26 | INFO | [AP STATUSTEXT] Initialising ArduPilot
2026-10-04 16:06:31 | INFO | [AP STATUSTEXT] Initialising ArduPilot
2026-10-04 16:06:35 | INFO | [STANDBY] Waiting for the aircraft to be put into GUIDED flight mode... (CH8=NO_SIGNAL, Mode=STABILIZE, Armed=False, Batt=-1%, AGL=0.00m)
2026-10-04 16:06:36 | INFO | [AP STATUSTEXT] Initialising ArduPilot
2026-10-04 16:06:41 | INFO | [AP STATUSTEXT] Initialising ArduPilot
2026-10-04 16:06:46 | INFO | [AP STATUSTEXT] Initialising ArduPilot
2026-10-04 16:06:50 | INFO | [STANDBY] Waiting for the aircraft to be put into GUIDED flight mode... (CH8=NO_SIGNAL, Mode=STABILIZE, Armed=False, Batt=-1%, AGL=0.00m)
2026-10-04 16:06:51 | INFO | [AP STATUSTEXT] Initialising ArduPilot
2026-10-04 16:06:51 | INFO | [AP STATUSTEXT] ArduPilot Ready
2026-10-04 16:06:51 | INFO | [AP STATUSTEXT] AHRS: DCM active
2026-10-04 16:06:51 | INFO | [AP STATUSTEXT] RCOut: DS600:1-4 PWM:5-11
2026-10-04 16:07:01 | INFO | [AP STATUSTEXT] Calibrating barometer
2026-10-04 16:07:02 | INFO | [AP STATUSTEXT] Barometer 1 calibration complete
2026-10-04 16:07:03 | INFO | [AP STATUSTEXT] Initialising ArduPilot
2026-10-04 16:07:05 | INFO | [STANDBY] Waiting for the aircraft to be put into GUIDED flight mode... (CH8=NO_SIGNAL, Mode=STABILIZE, Armed=False, Batt=-1%, AGL=0.00m)
2026-10-04 16:07:08 | INFO | [AP STATUSTEXT] Initialising ArduPilot
2026-10-04 16:07:13 | INFO | [AP STATUSTEXT] Initialising ArduPilot
2026-10-04 16:07:20 | INFO | [STANDBY] Waiting for the aircraft to be put into GUIDED flight mode... (CH8=NO_SIGNAL, Mode=STABILIZE, Armed=False, Batt=-1%, AGL=0.00m)
2026-10-04 16:07:26 | INFO | [AP STATUSTEXT] Calibrating barometer
2026-10-04 16:07:28 | INFO | [AP STATUSTEXT] Barometer 1 calibration complete
2026-10-04 16:07:28 | INFO | [AP STATUSTEXT] Initialising ArduPilot
2026-10-04 16:07:33 | INFO | [AP STATUSTEXT] Initialising ArduPilot
2026-10-04 16:07:35 | INFO | [STANDBY] Waiting for the aircraft to be put into GUIDED flight mode... (CH8=NO_SIGNAL, Mode=STABILIZE, Armed=False, Batt=-1%, AGL=0.00m)
2026-10-04 16:07:44 | INFO | [AP STATUSTEXT] Calibrating barometer
2026-10-04 16:07:50 | INFO | [STANDBY] Waiting for the aircraft to be put into GUIDED flight mode... (CH8=NO_SIGNAL, Mode=STABILIZE, Armed=False, Batt=-1%, AGL=0.00m)
2026-10-04 16:07:54 | WARNING | Heartbeat timeout (>10s without telemetry). Flight controller disconnected.
2026-10-04 16:07:54 | INFO | Connecting to ArduPilot flight controller at /dev/serial/by-id/usb-ArduPilot_MicoAir743v2-BL_300020001251333236353637-if00 (baud: 115200)...
2026-10-04 16:07:54 | INFO | Waiting for ArduPilot heartbeat...
2026-10-04 16:07:59 | ERROR | Supervisor loop encountered error: device reports readiness to read but returned no data (device disconnected or multiple access on port?). Reconnecting in 3 seconds...
Traceback (most recent call last):
  File "/home/aahswarm/ardupilotRasterFix/ardupilot_horizontal_geofence_mission.py", line 2027, in main_daemon
    heartbeat = master.wait_heartbeat(timeout=8.0)
                ^^^^^^^^^^^^^^^^^^^^^^^^^^^^^^^^^^
  File "/home/aahswarm/px4_mavsdk_env/lib/python3.12/site-packages/pymavlink/mavutil.py", line 557, in wait_heartbeat
    return self.recv_match(type='HEARTBEAT', blocking=blocking, timeout=timeout)
           ^^^^^^^^^^^^^^^^^^^^^^^^^^^^^^^^^^^^^^^^^^^^^^^^^^^^^^^^^^^^^^^^^^^^^
  File "/home/aahswarm/px4_mavsdk_env/lib/python3.12/site-packages/pymavlink/mavutil.py", line 518, in recv_match
    m = self.recv_msg()
        ^^^^^^^^^^^^^^^
  File "/home/aahswarm/px4_mavsdk_env/lib/python3.12/site-packages/pymavlink/mavutil.py", line 481, in recv_msg
    s = self.recv(n)
        ^^^^^^^^^^^^
  File "/home/aahswarm/px4_mavsdk_env/lib/python3.12/site-packages/pymavlink/mavutil.py", line 1008, in recv
    ret = self.port.read(n)
          ^^^^^^^^^^^^^^^^^
  File "/home/aahswarm/px4_mavsdk_env/lib/python3.12/site-packages/serial/serialposix.py", line 595, in read
    raise SerialException(
serial.serialutil.SerialException: device reports readiness to read but returned no data (device disconnected or multiple access on port?)
2026-10-04 16:08:02 | INFO | Connecting to ArduPilot flight controller at /dev/serial/by-id/usb-ArduPilot_MicoAir743v2_300020001251333236353637-if00 (baud: 115200)...
2026-10-04 16:08:02 | INFO | Waiting for ArduPilot heartbeat...
2026-10-04 16:08:02 | INFO | Connected to ArduPilot! (System ID: 1, Component ID: 1)
2026-10-04 16:08:02 | INFO | Starting GCS heartbeat sender (1 Hz)...
2026-10-04 16:08:02 | INFO | Requesting telemetry message streams from ArduPilot...
2026-10-04 16:08:02 | INFO | [RASTER] Position snapshot hook attached to the existing MAVLink receive path (no additional reader).
2026-10-04 16:08:02 | INFO | [FC LOG] Verbose flight-controller log attached to the existing MAVLink receive path (no additional reader) -> /home/aahswarm/ardupilotRasterFix/fc_telemetry.log [level=full]
2026-10-04 16:08:02 | WARNING | Geofence DISABLED (CONFIGURE_FENCE=0) — writing FENCE_ENABLE=0. There is no automatic containment: the pilot is responsible for keeping the aircraft inside the test area, taking manual control on the transmitter if it drifts.
2026-10-04 16:08:02 | INFO | Configured ArduPilot parameter: LAND_SPEED = 20.0
2026-10-04 16:08:02 | INFO | Configured ArduPilot parameter: LAND_ALT_LOW = 150.0
2026-10-04 16:08:02 | INFO | Configured ArduPilot parameter: WPNAV_SPEED_UP = 50.0
2026-10-04 16:08:02 | INFO | Configured ArduPilot parameter: WPNAV_ACCEL_Z = 50.0
2026-10-04 16:08:02 | INFO | Configured ArduPilot parameter: BATT_FS_LOW_ACT = 1.0
2026-10-04 16:08:02 | INFO | Configured ArduPilot parameter: BATT_FS_CRT_ACT = 1.0
2026-10-04 16:08:02 | INFO | Configured ArduPilot parameter: FS_THR_ENABLE = 3.0
2026-10-04 16:08:02 | INFO | Configured ArduPilot parameter: FS_GCS_ENABLE = 5.0
2026-10-04 16:08:02 | INFO | Configured ArduPilot parameter: FENCE_ENABLE = 0.0
2026-10-04 16:08:02 | INFO | Configured ArduPilot parameter: ARMING_CHECK = 1.0
2026-10-04 16:08:03 | INFO | [AP STATUSTEXT] Barometer 1 calibration complete
2026-10-04 16:08:04 | INFO | [AP STATUSTEXT] Initialising ArduPilot
2026-10-04 16:08:05 | INFO | ArduPilot Health: Mode=STABILIZE, Armed=False, AGL=0.00m (src=NONE), GPS=NO FIX, EKF=FAIL, Batt=-1% (0.00V), RC=NONE
2026-10-04 16:08:05 | WARNING | Flight controller reports NO RC receiver data (RC_CHANNELS chancount=0).
2026-10-04 16:08:05 | WARNING | Flight controller reports battery voltage 0.00V — no flight battery detected. The motors cannot run on USB power alone.
2026-10-04 16:08:05 | INFO | System initialized and READY in STANDBY mode.
2026-10-04 16:08:05 | INFO | Continuous flight supervisor active. Ready for flight triggers.
2026-10-04 16:08:05 | INFO | [TRIGGER] Mission starts on an observed transition into GUIDED flight mode (CH8 must also be GUIDED when a receiver is present). The CH8 launch condition is disabled; CH8=MANUAL/LAND still aborts.
2026-10-04 16:08:05 | WARNING | No RC receiver data. CH8 triggering is unavailable; create /home/aahswarm/ardupilotRasterFix/START_RASTER_MISSION to start a mission.
2026-10-04 16:08:05 | INFO | [SUPERVISOR] CH8 state: None -> NO_SIGNAL (Mode=STABILIZE, Armed=False, InAir=False, AGL=0.00m)
2026-10-04 16:08:05 | INFO | [SUPERVISOR] Flight mode: None -> STABILIZE (CH8=NO_SIGNAL, Armed=False, InAir=False, AGL=0.00m)
2026-10-04 16:08:05 | INFO | [SUPERVISOR] GUIDED-mode trigger armed — putting the aircraft into GUIDED will now start an autonomous mission.
2026-10-04 16:08:05 | INFO | [STANDBY] Waiting for the aircraft to be put into GUIDED flight mode... (CH8=NO_SIGNAL, Mode=STABILIZE, Armed=False, Batt=-1%, AGL=0.00m)
2026-10-04 16:08:16 | INFO | [AP STATUSTEXT] Calibrating barometer
2026-10-04 16:08:20 | INFO | [STANDBY] Waiting for the aircraft to be put into GUIDED flight mode... (CH8=NO_SIGNAL, Mode=STABILIZE, Armed=False, Batt=-1%, AGL=0.00m)
2026-10-04 16:08:27 | INFO | [AP STATUSTEXT] Calibrating barometer
2026-10-04 16:08:29 | INFO | [AP STATUSTEXT] Barometer 1 calibration complete
2026-10-04 16:08:29 | INFO | [AP STATUSTEXT] Initialising ArduPilot
2026-10-04 16:08:34 | INFO | [AP STATUSTEXT] Initialising ArduPilot
2026-10-04 16:08:35 | INFO | [STANDBY] Waiting for the aircraft to be put into GUIDED flight mode... (CH8=NO_SIGNAL, Mode=STABILIZE, Armed=False, Batt=-1%, AGL=0.00m)
2026-10-04 16:08:45 | INFO | [AP STATUSTEXT] Calibrating barometer
2026-10-04 16:08:46 | INFO | [AP STATUSTEXT] Barometer 1 calibration complete
2026-10-04 16:08:47 | INFO | [AP STATUSTEXT] Initialising ArduPilot
2026-10-04 16:08:50 | INFO | [STANDBY] Waiting for the aircraft to be put into GUIDED flight mode... (CH8=NO_SIGNAL, Mode=STABILIZE, Armed=False, Batt=-1%, AGL=0.00m)
2026-10-04 16:08:58 | INFO | [AP STATUSTEXT] Calibrating barometer
2026-10-04 16:09:00 | INFO | [AP STATUSTEXT] Barometer 1 calibration complete
2026-10-04 16:09:00 | INFO | [AP STATUSTEXT] Initialising ArduPilot
2026-10-04 16:09:05 | INFO | [AP STATUSTEXT] Initialising ArduPilot
2026-10-04 16:09:05 | INFO | [STANDBY] Waiting for the aircraft to be put into GUIDED flight mode... (CH8=NO_SIGNAL, Mode=STABILIZE, Armed=False, Batt=-1%, AGL=0.00m)
2026-10-04 16:09:10 | INFO | [AP STATUSTEXT] Initialising ArduPilot
2026-10-04 16:09:15 | INFO | [AP STATUSTEXT] Initialising ArduPilot
2026-10-04 16:09:20 | INFO | [AP STATUSTEXT] Initialising ArduPilot
2026-10-04 16:09:20 | INFO | [STANDBY] Waiting for the aircraft to be put into GUIDED flight mode... (CH8=NO_SIGNAL, Mode=STABILIZE, Armed=False, Batt=-1%, AGL=0.00m)
2026-10-04 16:09:25 | INFO | [AP STATUSTEXT] Initialising ArduPilot
2026-10-04 16:09:30 | INFO | [AP STATUSTEXT] Initialising ArduPilot
2026-10-04 16:09:30 | INFO | [AP STATUSTEXT] ArduPilot Ready
2026-10-04 16:09:30 | INFO | [AP STATUSTEXT] AHRS: DCM active
2026-10-04 16:09:30 | INFO | [AP STATUSTEXT] RCOut: DS600:1-4 PWM:5-11
2026-10-04 16:09:35 | INFO | [STANDBY] Waiting for the aircraft to be put into GUIDED flight mode... (CH8=NO_SIGNAL, Mode=STABILIZE, Armed=False, Batt=-1%, AGL=0.00m)
2026-10-04 16:09:40 | INFO | [AP STATUSTEXT] Calibrating barometer
2026-10-04 16:09:42 | INFO | [AP STATUSTEXT] Barometer 1 calibration complete
2026-10-04 16:09:42 | INFO | [AP STATUSTEXT] Initialising ArduPilot
2026-10-04 16:09:47 | INFO | [AP STATUSTEXT] Initialising ArduPilot
2026-10-04 16:09:50 | INFO | [STANDBY] Waiting for the aircraft to be put into GUIDED flight mode... (CH8=NO_SIGNAL, Mode=STABILIZE, Armed=False, Batt=-1%, AGL=0.00m)
2026-10-04 16:09:52 | INFO | [AP STATUSTEXT] Initialising ArduPilot
2026-10-04 16:09:57 | INFO | [AP STATUSTEXT] Initialising ArduPilot
2026-10-04 16:10:02 | INFO | [AP STATUSTEXT] Initialising ArduPilot
2026-10-04 16:10:05 | INFO | [STANDBY] Waiting for the aircraft to be put into GUIDED flight mode... (CH8=NO_SIGNAL, Mode=STABILIZE, Armed=False, Batt=-1%, AGL=0.00m)
2026-10-04 16:10:07 | INFO | [AP STATUSTEXT] Initialising ArduPilot
2026-10-04 16:10:12 | INFO | [AP STATUSTEXT] Initialising ArduPilot
2026-10-04 16:10:12 | INFO | [AP STATUSTEXT] ArduPilot Ready
2026-10-04 16:10:12 | INFO | [AP STATUSTEXT] AHRS: DCM active
2026-10-04 16:10:12 | INFO | [AP STATUSTEXT] RCOut: DS600:1-4 PWM:5-11
2026-10-04 16:10:20 | INFO | [STANDBY] Waiting for the aircraft to be put into GUIDED flight mode... (CH8=NO_SIGNAL, Mode=STABILIZE, Armed=False, Batt=-1%, AGL=0.00m)
2026-10-04 16:10:22 | INFO | [AP STATUSTEXT] Calibrating barometer
2026-10-04 16:10:24 | INFO | [AP STATUSTEXT] Barometer 1 calibration complete
2026-10-04 16:10:24 | INFO | [AP STATUSTEXT] Initialising ArduPilot
2026-10-04 16:10:29 | INFO | [AP STATUSTEXT] Initialising ArduPilot
2026-10-04 16:10:34 | INFO | [AP STATUSTEXT] Initialising ArduPilot
2026-10-04 16:10:35 | INFO | [STANDBY] Waiting for the aircraft to be put into GUIDED flight mode... (CH8=NO_SIGNAL, Mode=STABILIZE, Armed=False, Batt=-1%, AGL=0.00m)
2026-10-04 16:10:39 | INFO | [AP STATUSTEXT] Initialising ArduPilot
2026-10-04 16:10:44 | INFO | [AP STATUSTEXT] Initialising ArduPilot
2026-10-04 16:10:46 | INFO | [AP STATUSTEXT] ArduPilot Ready
2026-10-04 16:10:46 | INFO | [AP STATUSTEXT] AHRS: DCM active
2026-10-04 16:10:46 | INFO | [AP STATUSTEXT] RCOut: DS600:1-4 PWM:5-11
2026-10-04 16:10:48 | INFO | [AP STATUSTEXT] EKF3 IMU0 initialised
2026-10-04 16:10:48 | INFO | [AP STATUSTEXT] EKF3 IMU1 initialised
2026-10-04 16:10:48 | INFO | [AP STATUSTEXT] AHRS: EKF3 active
2026-10-04 16:10:49 | INFO | [AP STATUSTEXT] Mission Planner 1.3.83
2026-10-04 16:10:49 | INFO | [AP STATUSTEXT] Mission Planner 1.3.83
2026-10-04 16:10:49 | INFO | [AP STATUSTEXT] Mission Planner 1.3.83
2026-10-04 16:10:49 | INFO | [AP STATUSTEXT] EKF3 IMU1 tilt alignment complete
2026-10-04 16:10:49 | INFO | [AP STATUSTEXT] EKF3 IMU0 tilt alignment complete
2026-10-04 16:10:49 | INFO | [AP STATUSTEXT] EKF3 IMU0 MAG0 initial yaw alignment complete
2026-10-04 16:10:49 | INFO | [AP STATUSTEXT] EKF3 IMU1 MAG0 initial yaw alignment complete
2026-10-04 16:10:50 | INFO | [AP STATUSTEXT] PreArm: RC not found
2026-10-04 16:10:50 | INFO | [AP STATUSTEXT] PreArm: Accels inconsistent
2026-10-04 16:10:50 | INFO | [AP STATUSTEXT] PreArm: Battery 1 below minimum arming voltage
2026-10-04 16:10:50 | INFO | [STANDBY] Waiting for the aircraft to be put into GUIDED flight mode... (CH8=NO_SIGNAL, Mode=STABILIZE, Armed=False, Batt=-1%, AGL=0.00m)
2026-10-04 16:10:53 | INFO | [AP STATUSTEXT] GPS 1: probing for u-blox at 230400 baud
2026-10-04 16:10:53 | INFO | [AP STATUSTEXT] GPS 1: detected u-blox
2026-10-04 16:10:57 | INFO | [AP STATUSTEXT] u-blox NEO-F10N 1 HW: 000A0000 SW: EXT SPGL1L5 6.0
2026-10-04 16:10:57 | INFO | [AP STATUSTEXT] 0 (041e8a)
2026-10-04 16:10:57 | INFO | [AP STATUSTEXT] u-blox supports L5 Band
2026-10-04 16:11:03 | INFO | [AP STATUSTEXT] EKF3 IMU1 origin set
2026-10-04 16:11:03 | INFO | [AP STATUSTEXT] EKF3 IMU0 origin set
2026-10-04 16:11:03 | INFO | [AP STATUSTEXT] Field Elevation Set: 83m
2026-10-04 16:11:05 | INFO | [STANDBY] Waiting for the aircraft to be put into GUIDED flight mode... (CH8=NO_SIGNAL, Mode=STABILIZE, Armed=False, Batt=-1%, AGL=0.00m)
2026-10-04 16:11:20 | INFO | [STANDBY] Waiting for the aircraft to be put into GUIDED flight mode... (CH8=NO_SIGNAL, Mode=STABILIZE, Armed=False, Batt=-1%, AGL=0.00m)
2026-10-04 16:11:24 | WARNING | Heartbeat timeout (>10s without telemetry). Flight controller disconnected.
2026-10-04 16:11:24 | INFO | Connecting to ArduPilot flight controller at /dev/serial/by-id/usb-ArduPilot_MicoAir743v2-BL_300020001251333236353637-if00 (baud: 115200)...
2026-10-04 16:11:24 | INFO | Waiting for ArduPilot heartbeat...
2026-10-04 16:11:29 | ERROR | Supervisor loop encountered error: device reports readiness to read but returned no data (device disconnected or multiple access on port?). Reconnecting in 3 seconds...
Traceback (most recent call last):
  File "/home/aahswarm/ardupilotRasterFix/ardupilot_horizontal_geofence_mission.py", line 2027, in main_daemon
    heartbeat = master.wait_heartbeat(timeout=8.0)
                ^^^^^^^^^^^^^^^^^^^^^^^^^^^^^^^^^^
  File "/home/aahswarm/px4_mavsdk_env/lib/python3.12/site-packages/pymavlink/mavutil.py", line 557, in wait_heartbeat
    return self.recv_match(type='HEARTBEAT', blocking=blocking, timeout=timeout)
           ^^^^^^^^^^^^^^^^^^^^^^^^^^^^^^^^^^^^^^^^^^^^^^^^^^^^^^^^^^^^^^^^^^^^^
  File "/home/aahswarm/px4_mavsdk_env/lib/python3.12/site-packages/pymavlink/mavutil.py", line 518, in recv_match
    m = self.recv_msg()
        ^^^^^^^^^^^^^^^
  File "/home/aahswarm/px4_mavsdk_env/lib/python3.12/site-packages/pymavlink/mavutil.py", line 481, in recv_msg
    s = self.recv(n)
        ^^^^^^^^^^^^
  File "/home/aahswarm/px4_mavsdk_env/lib/python3.12/site-packages/pymavlink/mavutil.py", line 1008, in recv
    ret = self.port.read(n)
          ^^^^^^^^^^^^^^^^^
  File "/home/aahswarm/px4_mavsdk_env/lib/python3.12/site-packages/serial/serialposix.py", line 595, in read
    raise SerialException(
serial.serialutil.SerialException: device reports readiness to read but returned no data (device disconnected or multiple access on port?)
2026-10-04 16:11:32 | INFO | Connecting to ArduPilot flight controller at /dev/serial/by-id/usb-ArduPilot_MicoAir743v2_300020001251333236353637-if00 (baud: 115200)...
2026-10-04 16:11:32 | INFO | Waiting for ArduPilot heartbeat...
2026-10-04 16:11:32 | INFO | Connected to ArduPilot! (System ID: 1, Component ID: 1)
2026-10-04 16:11:32 | INFO | Starting GCS heartbeat sender (1 Hz)...
2026-10-04 16:11:32 | INFO | Requesting telemetry message streams from ArduPilot...
2026-10-04 16:11:32 | INFO | [RASTER] Position snapshot hook attached to the existing MAVLink receive path (no additional reader).
2026-10-04 16:11:32 | INFO | [FC LOG] Verbose flight-controller log attached to the existing MAVLink receive path (no additional reader) -> /home/aahswarm/ardupilotRasterFix/fc_telemetry.log [level=full]
2026-10-04 16:11:32 | WARNING | Geofence DISABLED (CONFIGURE_FENCE=0) — writing FENCE_ENABLE=0. There is no automatic containment: the pilot is responsible for keeping the aircraft inside the test area, taking manual control on the transmitter if it drifts.
2026-10-04 16:11:32 | INFO | Configured ArduPilot parameter: LAND_SPEED = 20.0
2026-10-04 16:11:32 | INFO | Configured ArduPilot parameter: LAND_ALT_LOW = 150.0
2026-10-04 16:11:32 | INFO | Configured ArduPilot parameter: WPNAV_SPEED_UP = 50.0
2026-10-04 16:11:32 | INFO | Configured ArduPilot parameter: WPNAV_ACCEL_Z = 50.0
2026-10-04 16:11:32 | INFO | Configured ArduPilot parameter: BATT_FS_LOW_ACT = 1.0
2026-10-04 16:11:32 | INFO | Configured ArduPilot parameter: BATT_FS_CRT_ACT = 1.0
2026-10-04 16:11:32 | INFO | Configured ArduPilot parameter: FS_THR_ENABLE = 3.0
2026-10-04 16:11:32 | INFO | Configured ArduPilot parameter: FS_GCS_ENABLE = 5.0
2026-10-04 16:11:32 | INFO | Configured ArduPilot parameter: FENCE_ENABLE = 0.0
2026-10-04 16:11:32 | INFO | Configured ArduPilot parameter: ARMING_CHECK = 1.0
2026-10-04 16:11:33 | INFO | [AP STATUSTEXT] Barometer 1 calibration complete
2026-10-04 16:11:34 | INFO | [AP STATUSTEXT] ArduPilot Ready
2026-10-04 16:11:34 | INFO | [AP STATUSTEXT] AHRS: DCM active
2026-10-04 16:11:34 | INFO | [AP STATUSTEXT] RCOut: DS600:1-4 PWM:5-11
2026-10-04 16:11:34 | WARNING | [CH8] No RC receiver data (chancount=0, raw=0). CH8 triggering is unavailable.
2026-10-04 16:11:35 | INFO | ArduPilot Health: Mode=STABILIZE, Armed=False, AGL=0.00m (src=GLOBAL_POSITION_INT), GPS=NO FIX, EKF=FAIL, Batt=-1% (0.00V), RC=NONE
2026-10-04 16:11:35 | WARNING | Flight controller reports NO RC receiver data (RC_CHANNELS chancount=0).
2026-10-04 16:11:35 | WARNING | Flight controller reports battery voltage 0.00V — no flight battery detected. The motors cannot run on USB power alone.
2026-10-04 16:11:35 | INFO | System initialized and READY in STANDBY mode.
2026-10-04 16:11:35 | INFO | Continuous flight supervisor active. Ready for flight triggers.
2026-10-04 16:11:35 | INFO | [TRIGGER] Mission starts on an observed transition into GUIDED flight mode (CH8 must also be GUIDED when a receiver is present). The CH8 launch condition is disabled; CH8=MANUAL/LAND still aborts.
2026-10-04 16:11:35 | WARNING | No RC receiver data. CH8 triggering is unavailable; create /home/aahswarm/ardupilotRasterFix/START_RASTER_MISSION to start a mission.
2026-10-04 16:11:35 | INFO | [SUPERVISOR] CH8 state: None -> NO_SIGNAL (Mode=STABILIZE, Armed=False, InAir=False, AGL=0.00m)
2026-10-04 16:11:35 | INFO | [SUPERVISOR] Flight mode: None -> STABILIZE (CH8=NO_SIGNAL, Armed=False, InAir=False, AGL=0.00m)
2026-10-04 16:11:35 | INFO | [SUPERVISOR] GUIDED-mode trigger armed — putting the aircraft into GUIDED will now start an autonomous mission.
2026-10-04 16:11:35 | INFO | [STANDBY] Waiting for the aircraft to be put into GUIDED flight mode... (CH8=NO_SIGNAL, Mode=STABILIZE, Armed=False, Batt=-1%, AGL=0.00m)
2026-10-04 16:11:43 | INFO | [AP STATUSTEXT] Calibrating barometer
2026-10-04 16:11:45 | INFO | [AP STATUSTEXT] Barometer 1 calibration complete
2026-10-04 16:11:46 | INFO | [AP STATUSTEXT] Initialising ArduPilot
2026-10-04 16:11:46 | INFO | [AP STATUSTEXT] ArduPilot Ready
2026-10-04 16:11:46 | INFO | [AP STATUSTEXT] AHRS: DCM active
2026-10-04 16:11:46 | INFO | [AP STATUSTEXT] RCOut: DS600:1-4 PWM:5-11
2026-10-04 16:11:50 | INFO | [STANDBY] Waiting for the aircraft to be put into GUIDED flight mode... (CH8=NO_SIGNAL, Mode=STABILIZE, Armed=False, Batt=-1%, AGL=0.00m)
2026-10-04 16:11:55 | INFO | [AP STATUSTEXT] Calibrating barometer
2026-10-04 16:11:57 | INFO | [AP STATUSTEXT] Barometer 1 calibration complete
2026-10-04 16:11:58 | INFO | [AP STATUSTEXT] ArduPilot Ready
2026-10-04 16:11:58 | INFO | [AP STATUSTEXT] AHRS: DCM active
2026-10-04 16:11:58 | INFO | [AP STATUSTEXT] RCOut: DS600:1-4 PWM:5-11
2026-10-04 16:12:05 | INFO | [STANDBY] Waiting for the aircraft to be put into GUIDED flight mode... (CH8=NO_SIGNAL, Mode=STABILIZE, Armed=False, Batt=-1%, AGL=0.00m)
2026-10-04 16:12:07 | INFO | [AP STATUSTEXT] Calibrating barometer
2026-10-04 16:12:09 | INFO | [AP STATUSTEXT] Barometer 1 calibration complete
2026-10-04 16:12:09 | INFO | [AP STATUSTEXT] ArduPilot Ready
2026-10-04 16:12:09 | INFO | [AP STATUSTEXT] AHRS: DCM active
2026-10-04 16:12:09 | INFO | [AP STATUSTEXT] RCOut: DS600:1-4 PWM:5-11
2026-10-04 16:12:11 | INFO | [AP STATUSTEXT] EKF3 IMU0 initialised
2026-10-04 16:12:11 | INFO | [AP STATUSTEXT] EKF3 IMU1 initialised
2026-10-04 16:12:11 | INFO | [AP STATUSTEXT] AHRS: EKF3 active
2026-10-04 16:12:13 | INFO | [AP STATUSTEXT] EKF3 IMU0 tilt alignment complete
2026-10-04 16:12:13 | INFO | [AP STATUSTEXT] EKF3 IMU1 tilt alignment complete
2026-10-04 16:12:13 | INFO | [AP STATUSTEXT] EKF3 IMU0 MAG0 initial yaw alignment complete
2026-10-04 16:12:13 | INFO | [AP STATUSTEXT] EKF3 IMU1 MAG0 initial yaw alignment complete
2026-10-04 16:12:14 | INFO | [AP STATUSTEXT] Mission Planner 1.3.83
2026-10-04 16:12:14 | INFO | [AP STATUSTEXT] Mission Planner 1.3.83
2026-10-04 16:12:14 | INFO | [AP STATUSTEXT] Mission Planner 1.3.83
2026-10-04 16:12:17 | INFO | [AP STATUSTEXT] GPS 1: probing for u-blox at 230400 baud
2026-10-04 16:12:17 | INFO | [AP STATUSTEXT] GPS 1: detected u-blox
2026-10-04 16:12:20 | INFO | [STANDBY] Waiting for the aircraft to be put into GUIDED flight mode... (CH8=NO_SIGNAL, Mode=STABILIZE, Armed=False, Batt=-1%, AGL=0.00m)
2026-10-04 16:12:21 | INFO | [AP STATUSTEXT] u-blox NEO-F10N 1 HW: 000A0000 SW: EXT SPGL1L5 6.0
2026-10-04 16:12:21 | INFO | [AP STATUSTEXT] 0 (041e8a)
2026-10-04 16:12:21 | INFO | [AP STATUSTEXT] u-blox supports L5 Band
2026-10-04 16:12:27 | INFO | [AP STATUSTEXT] EKF3 IMU0 origin set
2026-10-04 16:12:27 | INFO | [AP STATUSTEXT] EKF3 IMU1 origin set
2026-10-04 16:12:27 | INFO | [AP STATUSTEXT] Field Elevation Set: 85m
2026-10-04 16:12:35 | INFO | [AP STATUSTEXT] PreArm: RC not found
2026-10-04 16:12:35 | INFO | [AP STATUSTEXT] PreArm: Battery 1 below minimum arming voltage
2026-10-04 16:12:35 | INFO | [STANDBY] Waiting for the aircraft to be put into GUIDED flight mode... (CH8=NO_SIGNAL, Mode=STABILIZE, Armed=False, Batt=-1%, AGL=0.00m)
2026-10-04 16:12:48 | INFO | [AP STATUSTEXT] EKF3 IMU0 is using GPS
2026-10-04 16:12:49 | INFO | [AP STATUSTEXT] EKF3 IMU1 is using GPS
2026-10-04 16:12:50 | INFO | [STANDBY] Waiting for the aircraft to be put into GUIDED flight mode... (CH8=NO_SIGNAL, Mode=STABILIZE, Armed=False, Batt=-1%, AGL=0.00m)
2026-10-04 16:13:05 | INFO | [STANDBY] Waiting for the aircraft to be put into GUIDED flight mode... (CH8=NO_SIGNAL, Mode=STABILIZE, Armed=False, Batt=-1%, AGL=0.00m)
2026-10-04 16:13:14 | INFO | [AP STATUSTEXT] Calibrating barometer
2026-10-04 16:13:16 | INFO | [AP STATUSTEXT] Barometer 1 calibration complete
2026-10-04 16:13:17 | INFO | [AP STATUSTEXT] ArduPilot Ready
2026-10-04 16:13:17 | INFO | [AP STATUSTEXT] AHRS: DCM active
2026-10-04 16:13:17 | INFO | [AP STATUSTEXT] RCOut: DS600:1-4 PWM:5-11
2026-10-04 16:13:20 | INFO | [STANDBY] Waiting for the aircraft to be put into GUIDED flight mode... (CH8=NO_SIGNAL, Mode=STABILIZE, Armed=False, Batt=-1%, AGL=0.00m)
2026-10-04 16:13:26 | INFO | [AP STATUSTEXT] Calibrating barometer
2026-10-04 16:13:28 | INFO | [AP STATUSTEXT] Barometer 1 calibration complete
2026-10-04 16:13:28 | INFO | [AP STATUSTEXT] ArduPilot Ready
2026-10-04 16:13:28 | INFO | [AP STATUSTEXT] AHRS: DCM active
2026-10-04 16:13:28 | INFO | [AP STATUSTEXT] RCOut: DS600:1-4 PWM:5-11
2026-10-04 16:13:35 | INFO | [STANDBY] Waiting for the aircraft to be put into GUIDED flight mode... (CH8=NO_SIGNAL, Mode=STABILIZE, Armed=False, Batt=-1%, AGL=0.00m)
2026-10-04 16:13:38 | INFO | [AP STATUSTEXT] Calibrating barometer
2026-10-04 16:13:40 | INFO | [AP STATUSTEXT] Barometer 1 calibration complete
2026-10-04 16:13:40 | INFO | [AP STATUSTEXT] ArduPilot Ready
2026-10-04 16:13:40 | INFO | [AP STATUSTEXT] AHRS: DCM active
2026-10-04 16:13:40 | INFO | [AP STATUSTEXT] RCOut: DS600:1-4 PWM:5-11
2026-10-04 16:13:42 | INFO | [AP STATUSTEXT] EKF3 IMU0 initialised
2026-10-04 16:13:42 | INFO | [AP STATUSTEXT] EKF3 IMU1 initialised
2026-10-04 16:13:42 | INFO | [AP STATUSTEXT] AHRS: EKF3 active
2026-10-04 16:13:44 | INFO | [AP STATUSTEXT] EKF3 IMU0 tilt alignment complete
2026-10-04 16:13:44 | INFO | [AP STATUSTEXT] EKF3 IMU1 tilt alignment complete
2026-10-04 16:13:44 | INFO | [AP STATUSTEXT] EKF3 IMU0 MAG0 initial yaw alignment complete
2026-10-04 16:13:44 | INFO | [AP STATUSTEXT] EKF3 IMU1 MAG0 initial yaw alignment complete
2026-10-04 16:13:48 | INFO | [AP STATUSTEXT] GPS 1: probing for u-blox at 230400 baud
2026-10-04 16:13:48 | INFO | [AP STATUSTEXT] GPS 1: detected u-blox
2026-10-04 16:13:50 | INFO | [STANDBY] Waiting for the aircraft to be put into GUIDED flight mode... (CH8=NO_SIGNAL, Mode=STABILIZE, Armed=False, Batt=-1%, AGL=0.00m)
2026-10-04 16:13:52 | INFO | [AP STATUSTEXT] u-blox NEO-F10N 1 HW: 000A0000 SW: EXT SPGL1L5 6.0
2026-10-04 16:13:52 | INFO | [AP STATUSTEXT] 0 (041e8a)
2026-10-04 16:13:52 | INFO | [AP STATUSTEXT] u-blox supports L5 Band
2026-10-04 16:13:58 | INFO | [AP STATUSTEXT] EKF3 IMU0 origin set
2026-10-04 16:13:58 | INFO | [AP STATUSTEXT] Field Elevation Set: 94m
2026-10-04 16:13:58 | INFO | [AP STATUSTEXT] EKF3 IMU1 origin set
2026-10-04 16:14:05 | INFO | [STANDBY] Waiting for the aircraft to be put into GUIDED flight mode... (CH8=NO_SIGNAL, Mode=STABILIZE, Armed=False, Batt=-1%, AGL=0.00m)
2026-10-04 16:14:06 | INFO | [AP STATUSTEXT] PreArm: RC not found
2026-10-04 16:14:06 | INFO | [AP STATUSTEXT] PreArm: Battery 1 below minimum arming voltage
2026-10-04 16:14:19 | INFO | [AP STATUSTEXT] EKF3 IMU0 is using GPS
2026-10-04 16:14:19 | INFO | [AP STATUSTEXT] EKF3 IMU1 is using GPS
2026-10-04 16:14:20 | INFO | [STANDBY] Waiting for the aircraft to be put into GUIDED flight mode... (CH8=NO_SIGNAL, Mode=STABILIZE, Armed=False, Batt=-1%, AGL=0.00m)
2026-10-04 16:14:35 | INFO | [STANDBY] Waiting for the aircraft to be put into GUIDED flight mode... (CH8=NO_SIGNAL, Mode=STABILIZE, Armed=False, Batt=-1%, AGL=0.00m)
2026-10-04 16:14:40 | INFO | [AP STATUSTEXT] Calibrating barometer
2026-10-04 16:14:42 | INFO | [AP STATUSTEXT] Barometer 1 calibration complete
2026-10-04 16:14:42 | INFO | [AP STATUSTEXT] Initialising ArduPilot
2026-10-04 16:14:47 | INFO | [AP STATUSTEXT] Initialising ArduPilot
2026-10-04 16:14:50 | INFO | [STANDBY] Waiting for the aircraft to be put into GUIDED flight mode... (CH8=NO_SIGNAL, Mode=STABILIZE, Armed=False, Batt=-1%, AGL=0.00m)
2026-10-04 16:14:52 | INFO | [AP STATUSTEXT] Initialising ArduPilot
2026-10-04 16:14:57 | INFO | [AP STATUSTEXT] Initialising ArduPilot
2026-10-04 16:15:02 | INFO | [AP STATUSTEXT] Initialising ArduPilot
2026-10-04 16:15:05 | INFO | [STANDBY] Waiting for the aircraft to be put into GUIDED flight mode... (CH8=NO_SIGNAL, Mode=STABILIZE, Armed=False, Batt=-1%, AGL=0.00m)
2026-10-04 16:15:07 | INFO | [AP STATUSTEXT] Initialising ArduPilot
2026-10-04 16:15:12 | INFO | [AP STATUSTEXT] ArduPilot Ready
2026-10-04 16:15:12 | INFO | [AP STATUSTEXT] AHRS: DCM active
2026-10-04 16:15:12 | INFO | [AP STATUSTEXT] RCOut: DS600:1-4 PWM:5-11
2026-10-04 16:15:20 | INFO | [STANDBY] Waiting for the aircraft to be put into GUIDED flight mode... (CH8=NO_SIGNAL, Mode=STABILIZE, Armed=False, Batt=-1%, AGL=0.00m)
2026-10-04 16:15:22 | INFO | [AP STATUSTEXT] Calibrating barometer
2026-10-04 16:15:24 | INFO | [AP STATUSTEXT] Barometer 1 calibration complete
2026-10-04 16:15:24 | INFO | [AP STATUSTEXT] Initialising ArduPilot
2026-10-04 16:15:29 | INFO | [AP STATUSTEXT] Initialising ArduPilot
2026-10-04 16:15:34 | INFO | [AP STATUSTEXT] Initialising ArduPilot
2026-10-04 16:15:35 | INFO | [STANDBY] Waiting for the aircraft to be put into GUIDED flight mode... (CH8=NO_SIGNAL, Mode=STABILIZE, Armed=False, Batt=-1%, AGL=0.00m)
2026-10-04 16:15:39 | INFO | [AP STATUSTEXT] Initialising ArduPilot
2026-10-04 16:15:44 | INFO | [AP STATUSTEXT] Initialising ArduPilot
2026-10-04 16:15:48 | INFO | [AP STATUSTEXT] Mission Planner 1.3.83
2026-10-04 16:15:48 | INFO | [AP STATUSTEXT] Mission Planner 1.3.83
2026-10-04 16:15:48 | INFO | [AP STATUSTEXT] Mission Planner 1.3.83
2026-10-04 16:15:49 | INFO | [AP STATUSTEXT] Initialising ArduPilot
2026-10-04 16:15:50 | INFO | [STANDBY] Waiting for the aircraft to be put into GUIDED flight mode... (CH8=NO_SIGNAL, Mode=STABILIZE, Armed=False, Batt=-1%, AGL=0.00m)
2026-10-04 16:15:54 | INFO | [AP STATUSTEXT] Initialising ArduPilot
2026-10-04 16:15:54 | INFO | [AP STATUSTEXT] ArduPilot Ready
2026-10-04 16:15:54 | INFO | [AP STATUSTEXT] AHRS: DCM active
2026-10-04 16:15:54 | INFO | [AP STATUSTEXT] RCOut: DS600:1-4 PWM:5-11
2026-10-04 16:16:04 | INFO | [AP STATUSTEXT] Calibrating barometer
2026-10-04 16:16:05 | INFO | [AP STATUSTEXT] Barometer 1 calibration complete
2026-10-04 16:16:06 | INFO | [STANDBY] Waiting for the aircraft to be put into GUIDED flight mode... (CH8=NO_SIGNAL, Mode=STABILIZE, Armed=False, Batt=-1%, AGL=0.00m)
2026-10-04 16:16:06 | INFO | [AP STATUSTEXT] Initialising ArduPilot
2026-10-04 16:16:11 | INFO | [AP STATUSTEXT] Initialising ArduPilot
2026-10-04 16:16:16 | INFO | [AP STATUSTEXT] Initialising ArduPilot
2026-10-04 16:16:21 | INFO | [STANDBY] Waiting for the aircraft to be put into GUIDED flight mode... (CH8=NO_SIGNAL, Mode=STABILIZE, Armed=False, Batt=-1%, AGL=0.00m)
2026-10-04 16:16:21 | INFO | [AP STATUSTEXT] Initialising ArduPilot
2026-10-04 16:16:26 | INFO | [AP STATUSTEXT] Initialising ArduPilot
2026-10-04 16:16:31 | INFO | [AP STATUSTEXT] Initialising ArduPilot
2026-10-04 16:16:36 | INFO | [STANDBY] Waiting for the aircraft to be put into GUIDED flight mode... (CH8=NO_SIGNAL, Mode=STABILIZE, Armed=False, Batt=-1%, AGL=0.00m)
2026-10-04 16:16:36 | INFO | [AP STATUSTEXT] ArduPilot Ready
2026-10-04 16:16:36 | INFO | [AP STATUSTEXT] AHRS: DCM active
2026-10-04 16:16:36 | INFO | [AP STATUSTEXT] RCOut: DS600:1-4 PWM:5-11
2026-10-04 16:16:46 | INFO | [AP STATUSTEXT] Calibrating barometer
2026-10-04 16:16:47 | INFO | [AP STATUSTEXT] Barometer 1 calibration complete
2026-10-04 16:16:48 | INFO | [AP STATUSTEXT] ArduPilot Ready
2026-10-04 16:16:48 | INFO | [AP STATUSTEXT] AHRS: DCM active
2026-10-04 16:16:48 | INFO | [AP STATUSTEXT] RCOut: DS600:1-4 PWM:5-11
2026-10-04 16:16:51 | INFO | [STANDBY] Waiting for the aircraft to be put into GUIDED flight mode... (CH8=NO_SIGNAL, Mode=STABILIZE, Armed=False, Batt=-1%, AGL=0.00m)
2026-10-04 16:21:41 | INFO | ==========================================================
2026-10-04 16:21:41 | INFO | === ARDUPILOT POLYGON RASTER COVERAGE MISSION ===
2026-10-04 16:21:41 | INFO | ==========================================================
2026-10-04 16:21:41 | INFO | Project directory : /home/aahswarm/ardupilotRasterFix
2026-10-04 16:21:41 | INFO | Mission log       : /home/aahswarm/ardupilotRasterFix/ardupilot_raster_mission.log
2026-10-04 16:21:41 | INFO | Trigger file      : /home/aahswarm/ardupilotRasterFix/START_RASTER_MISSION
2026-10-04 16:21:41 | INFO | Recordings        : /home/aahswarm/ardupilotRasterFix/recordings/
2026-10-04 16:21:41 | INFO | =========================================================
2026-10-04 16:21:41 | INFO | === POLYGON RASTER MISSION PLAN ===
2026-10-04 16:21:41 | INFO | =========================================================
2026-10-04 16:21:41 | INFO |   Corner A: 13.3458930, 74.7940200
2026-10-04 16:21:41 | INFO |   Corner B: 13.3457210, 74.7940420
2026-10-04 16:21:41 | INFO |   Corner C: 13.3457120, 74.7940080
2026-10-04 16:21:41 | INFO |   Corner D: 13.3458870, 74.7939650
2026-10-04 16:21:41 | INFO |   Sides: AB=19.29m BC=3.82m CD=20.03m DA=5.99m; area=96.03m^2
2026-10-04 16:21:41 | INFO |   Corner angles: A=90.7 B=98.1 C=88.2 D=83.0 deg (a rectangle is not required)
2026-10-04 16:21:41 | INFO |   Inward safety inset: 0.20m -> inset area 86.36m^2
2026-10-04 16:21:41 | INFO |   Sweep axis: RASTER_AXIS=short -> passes run A->D (5.99m side, stepping across the 19.29m side), bearing 262.9 deg, alternating
2026-10-04 16:21:41 | INFO |   Passes: 20, spacing 0.974m (requested 1.000m), waypoints 40
2026-10-04 16:21:41 | INFO |   Pass lengths: 3.46m to 5.52m; the longest leg is 6s at 1.00m/s, which is how long the aircraft flies in one direction before its first turn
2026-10-04 16:21:41 | INFO |   Path length 108.3m, estimated 108s at 1.00m/s (horizontal travel only)
2026-10-04 16:21:41 | INFO |   Containment: 40/40 waypoints and 39 segments verified inside the inset polygon (2223 samples); worst clearance +0.200m from the polygon edge
2026-10-04 16:21:41 | INFO |   Outer safety geofence: area 217.93m^2, sides 10.24m, 24.00m, 7.46m, 25.53m, winding CCW
2026-10-04 16:21:41 | INFO |   Inner inside outer: minimum separation 1.96m (corners A=1.99m, B=1.96m, C=1.99m, D=2.01m); raster path worst 2.16m, 1.66m against the effective boundary
2026-10-04 16:21:41 | INFO |   Outer safety geofence: 4 GPS corners, effective boundary 0.50m inside them (independent safety layer, NOT the mission polygon, NOT an ArduPilot fence)
2026-10-04 16:21:41 | INFO |   Inner runtime breach tolerance: 0.50m beyond the mission-polygon edge, enforced during the RASTER phase only
2026-10-04 16:21:41 | INFO |   Max planned distance from polygon centroid: 10.34m
2026-10-04 16:21:41 | INFO | ==========================================================
2026-10-04 16:21:41 | INFO | === ARDUPILOT CONTINUOUS AUTONOMOUS MISSION DAEMON ===
2026-10-04 16:21:41 | INFO | ==========================================================
2026-10-04 16:21:41 | INFO | Mission Parameters: Port=auto-discover, Baud=115200, TakeoffAlt=2.5m, DescentSpeed=0.15m/s, TouchdownSpeed=0.08m/s, Orbit=3.0m x 1.0 at 1.0m/s, HorizontalFence=4.0m, Geofence=DISABLED
2026-10-04 16:21:41 | INFO | Connecting to ArduPilot flight controller at /dev/serial/by-id/usb-ArduPilot_MicoAir743v2_300020001251333236353637-if00 (baud: 115200)...
2026-10-04 16:21:41 | INFO | Waiting for ArduPilot heartbeat...
2026-10-04 16:21:42 | INFO | Connected to ArduPilot! (System ID: 1, Component ID: 1)
2026-10-04 16:21:42 | INFO | Starting GCS heartbeat sender (1 Hz)...
2026-10-04 16:21:42 | INFO | Requesting telemetry message streams from ArduPilot...
2026-10-04 16:21:42 | INFO | [RASTER] Position snapshot hook attached to the existing MAVLink receive path (no additional reader).
2026-10-04 16:21:42 | INFO | [FC LOG] Verbose flight-controller log attached to the existing MAVLink receive path (no additional reader) -> /home/aahswarm/ardupilotRasterFix/fc_telemetry.log [level=full]
2026-10-04 16:21:42 | WARNING | Geofence DISABLED (CONFIGURE_FENCE=0) — writing FENCE_ENABLE=0. There is no automatic containment: the pilot is responsible for keeping the aircraft inside the test area, taking manual control on the transmitter if it drifts.
2026-10-04 16:21:42 | INFO | Configured ArduPilot parameter: LAND_SPEED = 20.0
2026-10-04 16:21:42 | INFO | Configured ArduPilot parameter: LAND_ALT_LOW = 150.0
2026-10-04 16:21:42 | INFO | Configured ArduPilot parameter: WPNAV_SPEED_UP = 50.0
2026-10-04 16:21:42 | INFO | Configured ArduPilot parameter: WPNAV_ACCEL_Z = 50.0
2026-10-04 16:21:42 | INFO | Configured ArduPilot parameter: BATT_FS_LOW_ACT = 1.0
2026-10-04 16:21:42 | INFO | Configured ArduPilot parameter: BATT_FS_CRT_ACT = 1.0
2026-10-04 16:21:42 | INFO | Configured ArduPilot parameter: FS_THR_ENABLE = 3.0
2026-10-04 16:21:42 | INFO | Configured ArduPilot parameter: FS_GCS_ENABLE = 5.0
2026-10-04 16:21:42 | INFO | Configured ArduPilot parameter: FENCE_ENABLE = 0.0
2026-10-04 16:21:42 | INFO | Configured ArduPilot parameter: ARMING_CHECK = 1.0
2026-10-04 16:21:42 | INFO | [CH8] Switch state changed: None -> MANUAL (raw=999)
2026-10-04 16:21:45 | INFO | ArduPilot Health: Mode=STABILIZE, Armed=False, AGL=0.00m (src=GLOBAL_POSITION_INT), GPS=Fix=3 (Sats: 20), EKF=OK, Batt=99% (16.69V), CH8=999 (MANUAL)
2026-10-04 16:21:45 | INFO | System initialized and READY in STANDBY mode.
2026-10-04 16:21:45 | INFO | Continuous flight supervisor active. Ready for flight triggers.
2026-10-04 16:21:45 | INFO | [TRIGGER] Mission starts on an observed transition into GUIDED flight mode (CH8 must also be GUIDED when a receiver is present). The CH8 launch condition is disabled; CH8=MANUAL/LAND still aborts.
2026-10-04 16:21:45 | INFO | [SUPERVISOR] CH8 state: None -> MANUAL (Mode=STABILIZE, Armed=False, InAir=False, AGL=0.00m)
2026-10-04 16:21:45 | INFO | [SUPERVISOR] Flight mode: None -> STABILIZE (CH8=MANUAL, Armed=False, InAir=False, AGL=0.00m)
2026-10-04 16:21:45 | INFO | [SUPERVISOR] GUIDED-mode trigger armed — putting the aircraft into GUIDED will now start an autonomous mission.
2026-10-04 16:21:45 | INFO | [STANDBY] Waiting for CH8=GUIDED, then GUIDED flight mode... (CH8=MANUAL, Mode=STABILIZE, Armed=False, Batt=99%, AGL=0.00m)
2026-10-04 16:22:00 | INFO | [STANDBY] Waiting for CH8=GUIDED, then GUIDED flight mode... (CH8=MANUAL, Mode=STABILIZE, Armed=False, Batt=99%, AGL=0.00m)
2026-10-04 16:22:15 | INFO | [STANDBY] Waiting for CH8=GUIDED, then GUIDED flight mode... (CH8=MANUAL, Mode=STABILIZE, Armed=False, Batt=99%, AGL=0.00m)
2026-10-04 16:22:30 | INFO | [STANDBY] Waiting for CH8=GUIDED, then GUIDED flight mode... (CH8=MANUAL, Mode=STABILIZE, Armed=False, Batt=99%, AGL=0.00m)
2026-10-04 16:22:45 | INFO | [STANDBY] Waiting for CH8=GUIDED, then GUIDED flight mode... (CH8=MANUAL, Mode=STABILIZE, Armed=False, Batt=99%, AGL=0.00m)
2026-10-04 16:22:56 | INFO | [AP STATUSTEXT] PreArm: Compass calibration running
2026-10-04 16:23:00 | INFO | [STANDBY] Waiting for CH8=GUIDED, then GUIDED flight mode... (CH8=MANUAL, Mode=STABILIZE, Armed=False, Batt=99%, AGL=0.00m)
2026-10-04 16:23:15 | INFO | [STANDBY] Waiting for CH8=GUIDED, then GUIDED flight mode... (CH8=MANUAL, Mode=STABILIZE, Armed=False, Batt=99%, AGL=0.00m)
2026-10-04 16:23:27 | INFO | [AP STATUSTEXT] PreArm: Compass calibration running
2026-10-04 16:23:30 | INFO | [STANDBY] Waiting for CH8=GUIDED, then GUIDED flight mode... (CH8=MANUAL, Mode=STABILIZE, Armed=False, Batt=99%, AGL=0.00m)
2026-10-04 16:23:36 | INFO | [AP STATUSTEXT] Mag(1) good orientation: 0 25.0
2026-10-04 16:23:40 | INFO | [AP STATUSTEXT] Mag(0) good orientation: 14 22.5
2026-10-04 16:23:45 | INFO | [STANDBY] Waiting for CH8=GUIDED, then GUIDED flight mode... (CH8=MANUAL, Mode=STABILIZE, Armed=False, Batt=99%, AGL=0.00m)
2026-10-04 16:23:56 | INFO | [AP STATUSTEXT] Arm: Compass calibrated requires reboot
2026-10-04 16:23:56 | INFO | [AP STATUSTEXT] Mission Planner 1.3.83
2026-10-04 16:23:56 | INFO | [AP STATUSTEXT] Mission Planner 1.3.83
2026-10-04 16:23:56 | INFO | [AP STATUSTEXT] Mission Planner 1.3.83
2026-10-04 16:23:58 | INFO | [AP STATUSTEXT] PreArm: Compass calibrated requires reboot
2026-10-04 16:24:00 | INFO | [STANDBY] Waiting for CH8=GUIDED, then GUIDED flight mode... (CH8=MANUAL, Mode=STABILIZE, Armed=False, Batt=99%, AGL=0.00m)
2026-10-04 16:24:04 | INFO | [AP STATUSTEXT] Arm: Compass calibrated requires reboot
2026-10-04 16:24:15 | INFO | [STANDBY] Waiting for CH8=GUIDED, then GUIDED flight mode... (CH8=MANUAL, Mode=STABILIZE, Armed=False, Batt=99%, AGL=0.00m)
2026-10-04 16:24:29 | INFO | [AP STATUSTEXT] PreArm: Compass calibrated requires reboot
2026-10-04 16:24:30 | INFO | [STANDBY] Waiting for CH8=GUIDED, then GUIDED flight mode... (CH8=MANUAL, Mode=STABILIZE, Armed=False, Batt=99%, AGL=0.00m)
2026-10-04 16:24:35 | INFO | [AP STATUSTEXT] Arm: Compass calibrated requires reboot
2026-10-04 16:24:45 | INFO | [STANDBY] Waiting for CH8=GUIDED, then GUIDED flight mode... (CH8=MANUAL, Mode=STABILIZE, Armed=False, Batt=99%, AGL=0.00m)
2026-10-04 16:26:51 | INFO | ==========================================================
2026-10-04 16:26:51 | INFO | === ARDUPILOT POLYGON RASTER COVERAGE MISSION ===
2026-10-04 16:26:51 | INFO | ==========================================================
2026-10-04 16:26:51 | INFO | Project directory : /home/aahswarm/ardupilotRasterFix
2026-10-04 16:26:51 | INFO | Mission log       : /home/aahswarm/ardupilotRasterFix/ardupilot_raster_mission.log
2026-10-04 16:26:51 | INFO | Trigger file      : /home/aahswarm/ardupilotRasterFix/START_RASTER_MISSION
2026-10-04 16:26:51 | INFO | Recordings        : /home/aahswarm/ardupilotRasterFix/recordings/
2026-10-04 16:26:51 | INFO | =========================================================
2026-10-04 16:26:51 | INFO | === POLYGON RASTER MISSION PLAN ===
2026-10-04 16:26:51 | INFO | =========================================================
2026-10-04 16:26:51 | INFO |   Corner A: 13.3458930, 74.7940200
2026-10-04 16:26:51 | INFO |   Corner B: 13.3457210, 74.7940420
2026-10-04 16:26:51 | INFO |   Corner C: 13.3457120, 74.7940080
2026-10-04 16:26:51 | INFO |   Corner D: 13.3458870, 74.7939650
2026-10-04 16:26:51 | INFO |   Sides: AB=19.29m BC=3.82m CD=20.03m DA=5.99m; area=96.03m^2
2026-10-04 16:26:51 | INFO |   Corner angles: A=90.7 B=98.1 C=88.2 D=83.0 deg (a rectangle is not required)
2026-10-04 16:26:51 | INFO |   Inward safety inset: 0.20m -> inset area 86.36m^2
2026-10-04 16:26:51 | INFO |   Sweep axis: RASTER_AXIS=short -> passes run A->D (5.99m side, stepping across the 19.29m side), bearing 262.9 deg, alternating
2026-10-04 16:26:51 | INFO |   Passes: 20, spacing 0.974m (requested 1.000m), waypoints 40
2026-10-04 16:26:51 | INFO |   Pass lengths: 3.46m to 5.52m; the longest leg is 6s at 1.00m/s, which is how long the aircraft flies in one direction before its first turn
2026-10-04 16:26:51 | INFO |   Path length 108.3m, estimated 108s at 1.00m/s (horizontal travel only)
2026-10-04 16:26:51 | INFO |   Containment: 40/40 waypoints and 39 segments verified inside the inset polygon (2223 samples); worst clearance +0.200m from the polygon edge
2026-10-04 16:26:51 | INFO |   Outer safety geofence: area 217.93m^2, sides 10.24m, 24.00m, 7.46m, 25.53m, winding CCW
2026-10-04 16:26:51 | INFO |   Inner inside outer: minimum separation 1.96m (corners A=1.99m, B=1.96m, C=1.99m, D=2.01m); raster path worst 2.16m, 1.66m against the effective boundary
2026-10-04 16:26:51 | INFO |   Outer safety geofence: 4 GPS corners, effective boundary 0.50m inside them (independent safety layer, NOT the mission polygon, NOT an ArduPilot fence)
2026-10-04 16:26:51 | INFO |   Inner runtime breach tolerance: 0.50m beyond the mission-polygon edge, enforced during the RASTER phase only
2026-10-04 16:26:51 | INFO |   Max planned distance from polygon centroid: 10.34m
2026-10-04 16:26:51 | INFO | ==========================================================
2026-10-04 16:26:51 | INFO | === ARDUPILOT CONTINUOUS AUTONOMOUS MISSION DAEMON ===
2026-10-04 16:26:51 | INFO | ==========================================================
2026-10-04 16:26:51 | INFO | Mission Parameters: Port=auto-discover, Baud=115200, TakeoffAlt=2.5m, DescentSpeed=0.15m/s, TouchdownSpeed=0.08m/s, Orbit=3.0m x 1.0 at 1.0m/s, HorizontalFence=4.0m, Geofence=DISABLED
2026-10-04 16:26:51 | INFO | Connecting to ArduPilot flight controller at /dev/serial/by-id/usb-ArduPilot_MicoAir743v2_300020001251333236353637-if00 (baud: 115200)...
2026-10-04 16:26:51 | INFO | Waiting for ArduPilot heartbeat...
2026-10-04 16:26:52 | INFO | Connected to ArduPilot! (System ID: 1, Component ID: 1)
2026-10-04 16:26:52 | INFO | Starting GCS heartbeat sender (1 Hz)...
2026-10-04 16:26:52 | INFO | Requesting telemetry message streams from ArduPilot...
2026-10-04 16:26:52 | INFO | [RASTER] Position snapshot hook attached to the existing MAVLink receive path (no additional reader).
2026-10-04 16:26:52 | INFO | [FC LOG] Verbose flight-controller log attached to the existing MAVLink receive path (no additional reader) -> /home/aahswarm/ardupilotRasterFix/fc_telemetry.log [level=full]
2026-10-04 16:26:52 | WARNING | Geofence DISABLED (CONFIGURE_FENCE=0) — writing FENCE_ENABLE=0. There is no automatic containment: the pilot is responsible for keeping the aircraft inside the test area, taking manual control on the transmitter if it drifts.
2026-10-04 16:26:52 | INFO | Configured ArduPilot parameter: LAND_SPEED = 20.0
2026-10-04 16:26:52 | INFO | Configured ArduPilot parameter: LAND_ALT_LOW = 150.0
2026-10-04 16:26:52 | INFO | Configured ArduPilot parameter: WPNAV_SPEED_UP = 50.0
2026-10-04 16:26:52 | INFO | Configured ArduPilot parameter: WPNAV_ACCEL_Z = 50.0
2026-10-04 16:26:52 | INFO | Configured ArduPilot parameter: BATT_FS_LOW_ACT = 1.0
2026-10-04 16:26:52 | INFO | Configured ArduPilot parameter: BATT_FS_CRT_ACT = 1.0
2026-10-04 16:26:52 | INFO | Configured ArduPilot parameter: FS_THR_ENABLE = 3.0
2026-10-04 16:26:52 | INFO | Configured ArduPilot parameter: FS_GCS_ENABLE = 5.0
2026-10-04 16:26:52 | INFO | Configured ArduPilot parameter: FENCE_ENABLE = 0.0
2026-10-04 16:26:52 | INFO | Configured ArduPilot parameter: ARMING_CHECK = 1.0
2026-10-04 16:26:52 | INFO | [CH8] Switch state changed: None -> MANUAL (raw=999)
2026-10-04 16:26:55 | INFO | ArduPilot Health: Mode=STABILIZE, Armed=False, AGL=0.00m (src=GLOBAL_POSITION_INT), GPS=Fix=3 (Sats: 21), EKF=OK, Batt=99% (16.45V), CH8=999 (MANUAL)
2026-10-04 16:26:55 | INFO | System initialized and READY in STANDBY mode.
2026-10-04 16:26:55 | INFO | Continuous flight supervisor active. Ready for flight triggers.
2026-10-04 16:26:55 | INFO | [TRIGGER] Mission starts on an observed transition into GUIDED flight mode (CH8 must also be GUIDED when a receiver is present). The CH8 launch condition is disabled; CH8=MANUAL/LAND still aborts.
2026-10-04 16:26:55 | INFO | [SUPERVISOR] CH8 state: None -> MANUAL (Mode=STABILIZE, Armed=False, InAir=False, AGL=0.00m)
2026-10-04 16:26:55 | INFO | [SUPERVISOR] Flight mode: None -> STABILIZE (CH8=MANUAL, Armed=False, InAir=False, AGL=0.00m)
2026-10-04 16:26:55 | INFO | [SUPERVISOR] GUIDED-mode trigger armed — putting the aircraft into GUIDED will now start an autonomous mission.
2026-10-04 16:26:55 | INFO | [STANDBY] Waiting for CH8=GUIDED, then GUIDED flight mode... (CH8=MANUAL, Mode=STABILIZE, Armed=False, Batt=99%, AGL=0.00m)
2026-10-04 16:27:05 | INFO | [CH8] Switch state changed: MANUAL -> GUIDED (raw=1503)
2026-10-04 16:27:05 | INFO | [SUPERVISOR] CH8 state: MANUAL -> GUIDED (Mode=STABILIZE, Armed=False, InAir=False, AGL=0.00m)
2026-10-04 16:27:06 | INFO | [SUPERVISOR] Flight mode: STABILIZE -> GUIDED (CH8=GUIDED, Armed=False, InAir=False, AGL=0.00m)
2026-10-04 16:27:06 | INFO | [SUPERVISOR] GUIDED mode selected on GROUND -> Starting Autonomous Ground Mission...
2026-10-04 16:27:06 | INFO | ========================================================
2026-10-04 16:27:06 | INFO | === STARTING AUTONOMOUS GROUND FLIGHT SEQUENCE ===
2026-10-04 16:27:06 | INFO | ========================================================
2026-10-04 16:27:06 | INFO | ArduPilot Health: Mode=GUIDED, Armed=False, AGL=0.00m (src=GLOBAL_POSITION_INT), GPS=Fix=3 (Sats: 21), EKF=OK, Batt=99% (16.45V), CH8=1503 (GUIDED)
2026-10-04 16:27:06 | INFO | Starting onboard video recording...
2026-10-04 16:27:06 | INFO | Sending arm command to ArduPilot motors...
2026-10-04 16:27:06 | INFO | Altitude baseline latched at takeoff point (source=GLOBAL_POSITION_INT, raw=+0.00m). All altitudes below are AGL.
2026-10-04 16:27:06 | INFO | ArduPilot confirmed ARMED.
2026-10-04 16:27:07 | INFO | Sending MAV_CMD_NAV_TAKEOFF for target altitude 2.5m...
2026-10-04 16:27:07 | INFO | Takeoff command ACCEPTED by ArduPilot.
2026-10-04 16:27:07 | INFO | Monitoring takeoff climb to target 2.5m AGL (acceptance band: ±0.15m)...
2026-10-04 16:27:07 | INFO | Climbing... -0.01m AGL / target 2.5m (mode=GUIDED, armed=True)
2026-10-04 16:27:09 | INFO | Climbing... 0.02m AGL / target 2.5m (mode=GUIDED, armed=True)
2026-10-04 16:27:10 | INFO | Liftoff detected at 0.22m AGL.
2026-10-04 16:27:11 | INFO | Climbing... 0.98m AGL / target 2.5m (mode=GUIDED, armed=True)
2026-10-04 16:27:13 | INFO | Climbing... 1.87m AGL / target 2.5m (mode=GUIDED, armed=True)
2026-10-04 16:27:15 | INFO | Climbing... 2.44m AGL / target 2.5m (mode=GUIDED, armed=True)
2026-10-04 16:27:15 | INFO | Target altitude reached and stable: 2.43m AGL (target: 2.5m)
2026-10-04 16:27:15 | INFO | Takeoff stabilized. Hovering for 2.0 seconds...
2026-10-04 16:27:17 | INFO | [CH8] Switch state changed: GUIDED -> LAND (raw=2000)
2026-10-04 16:27:17 | WARNING | [CH8 LAND] Land command detected during velocity streaming.
2026-10-04 16:27:17 | INFO | Setting flight mode to LAND (ID: 9)...
2026-10-04 16:27:17 | INFO | Flight mode confirmed: LAND
2026-10-04 16:27:17 | WARNING | Hover interrupted. Yielding control.
2026-10-04 16:27:17 | WARNING | ==========================================================
2026-10-04 16:27:17 | WARNING | === EXECUTING SAFETY LAND ===
2026-10-04 16:27:17 | WARNING | ==========================================================
2026-10-04 16:27:17 | INFO | Issuing ArduPilot LAND command...
2026-10-04 16:27:17 | INFO | Setting flight mode to LAND (ID: 9)...
2026-10-04 16:27:17 | INFO | Flight mode confirmed: LAND
2026-10-04 16:27:17 | INFO | Landing descent in progress: altitude=2.36m, mode=LAND, armed=True
2026-10-04 16:27:20 | INFO | Landing descent in progress: altitude=1.54m, mode=LAND, armed=True
2026-10-04 16:27:23 | INFO | Landing descent in progress: altitude=0.92m, mode=LAND, armed=True
2026-10-04 16:27:26 | INFO | Landing descent in progress: altitude=0.34m, mode=LAND, armed=True
2026-10-04 16:27:29 | INFO | Landing descent in progress: altitude=0.15m, mode=LAND, armed=True
2026-10-04 16:27:30 | INFO | [CH8] Switch state changed: LAND -> GUIDED (raw=1503)
2026-10-04 16:27:31 | INFO | Touchdown confirmed on ground and aircraft disarmed.
2026-10-04 16:27:31 | INFO | Setting flight mode to LOITER (ID: 5)...
2026-10-04 16:27:31 | INFO | Flight mode confirmed: LOITER
2026-10-04 16:27:31 | INFO | Safety landing completed. Returning to STANDBY mode.
2026-10-04 16:27:31 | INFO | Mission cycle finished (not fully successful). Returning to STANDBY mode.
2026-10-04 16:27:31 | INFO | [SUPERVISOR] GUIDED-mode trigger armed — putting the aircraft into GUIDED will now start an autonomous mission.
2026-10-04 16:27:31 | INFO | [STANDBY] Waiting for the aircraft to be put into GUIDED flight mode... (CH8=GUIDED, Mode=LOITER, Armed=False, Batt=97%, AGL=0.00m)
2026-10-04 16:27:37 | INFO | [CH8] Switch state changed: GUIDED -> MANUAL (raw=999)
2026-10-04 16:27:37 | INFO | [SUPERVISOR] CH8 state: GUIDED -> MANUAL (Mode=LOITER, Armed=False, InAir=False, AGL=0.00m)
2026-10-04 16:27:37 | INFO | [SUPERVISOR] Flight mode: LOITER -> STABILIZE (CH8=MANUAL, Armed=False, InAir=False, AGL=0.00m)
2026-10-04 16:27:46 | INFO | [STANDBY] Waiting for CH8=GUIDED, then GUIDED flight mode... (CH8=MANUAL, Mode=STABILIZE, Armed=False, Batt=97%, AGL=0.00m)
2026-10-04 16:27:46 | INFO | [CH8] Switch state changed: MANUAL -> GUIDED (raw=1503)
2026-10-04 16:27:46 | INFO | [SUPERVISOR] CH8 state: MANUAL -> GUIDED (Mode=STABILIZE, Armed=False, InAir=False, AGL=0.00m)
2026-10-04 16:27:46 | INFO | [SUPERVISOR] Flight mode: STABILIZE -> GUIDED (CH8=GUIDED, Armed=False, InAir=False, AGL=0.00m)
                                                                                                                                                                                                                                                                                                                                          2026-10-04 16:28:53 | INFO | ==========================================================
2026-10-04 16:28:53 | INFO | === ARDUPILOT POLYGON RASTER COVERAGE MISSION ===
2026-10-04 16:28:53 | INFO | ==========================================================
2026-10-04 16:28:53 | INFO | Project directory : /home/aahswarm/ardupilotRasterFix
2026-10-04 16:28:53 | INFO | Mission log       : /home/aahswarm/ardupilotRasterFix/ardupilot_raster_mission.log
2026-10-04 16:28:53 | INFO | Trigger file      : /home/aahswarm/ardupilotRasterFix/START_RASTER_MISSION
2026-10-04 16:28:53 | INFO | Recordings        : /home/aahswarm/ardupilotRasterFix/recordings/
2026-10-04 16:28:53 | INFO | =========================================================
2026-10-04 16:28:53 | INFO | === POLYGON RASTER MISSION PLAN ===
2026-10-04 16:28:53 | INFO | =========================================================
2026-10-04 16:28:53 | INFO |   Corner A: 13.3458930, 74.7940200
2026-10-04 16:28:53 | INFO |   Corner B: 13.3457210, 74.7940420
2026-10-04 16:28:53 | INFO |   Corner C: 13.3457120, 74.7940080
2026-10-04 16:28:53 | INFO |   Corner D: 13.3458870, 74.7939650
2026-10-04 16:28:53 | INFO |   Sides: AB=19.29m BC=3.82m CD=20.03m DA=5.99m; area=96.03m^2
2026-10-04 16:28:53 | INFO |   Corner angles: A=90.7 B=98.1 C=88.2 D=83.0 deg (a rectangle is not required)
2026-10-04 16:28:53 | INFO |   Inward safety inset: 0.20m -> inset area 86.36m^2
2026-10-04 16:28:53 | INFO |   Sweep axis: RASTER_AXIS=short -> passes run A->D (5.99m side, stepping across the 19.29m side), bearing 262.9 deg, alternating
2026-10-04 16:28:53 | INFO |   Passes: 20, spacing 0.974m (requested 1.000m), waypoints 40
2026-10-04 16:28:53 | INFO |   Pass lengths: 3.46m to 5.52m; the longest leg is 6s at 1.00m/s, which is how long the aircraft flies in one direction before its first turn
2026-10-04 16:28:53 | INFO |   Path length 108.3m, estimated 108s at 1.00m/s (horizontal travel only)
2026-10-04 16:28:53 | INFO |   Containment: 40/40 waypoints and 39 segments verified inside the inset polygon (2223 samples); worst clearance +0.200m from the polygon edge
2026-10-04 16:28:53 | INFO |   Outer safety geofence: area 217.93m^2, sides 10.24m, 24.00m, 7.46m, 25.53m, winding CCW
2026-10-04 16:28:53 | INFO |   Inner inside outer: minimum separation 1.96m (corners A=1.99m, B=1.96m, C=1.99m, D=2.01m); raster path worst 2.16m, 1.66m against the effective boundary
2026-10-04 16:28:53 | INFO |   Outer safety geofence: 4 GPS corners, effective boundary 0.50m inside them (independent safety layer, NOT the mission polygon, NOT an ArduPilot fence)
2026-10-04 16:28:53 | INFO |   Inner runtime breach tolerance: 0.50m beyond the mission-polygon edge, enforced during the RASTER phase only
2026-10-04 16:28:53 | INFO |   Max planned distance from polygon centroid: 10.34m
2026-10-04 16:28:53 | INFO | ==========================================================
2026-10-04 16:28:53 | INFO | === ARDUPILOT CONTINUOUS AUTONOMOUS MISSION DAEMON ===
2026-10-04 16:28:53 | INFO | ==========================================================
2026-10-04 16:28:53 | INFO | Mission Parameters: Port=auto-discover, Baud=115200, TakeoffAlt=2.5m, DescentSpeed=0.15m/s, TouchdownSpeed=0.08m/s, Orbit=3.0m x 1.0 at 1.0m/s, HorizontalFence=4.0m, Geofence=DISABLED
2026-10-04 16:28:53 | INFO | Connecting to ArduPilot flight controller at /dev/serial/by-id/usb-ArduPilot_MicoAir743v2_300020001251333236353637-if00 (baud: 115200)...
2026-10-04 16:28:53 | INFO | Waiting for ArduPilot heartbeat...
2026-10-04 16:28:53 | INFO | Connected to ArduPilot! (System ID: 1, Component ID: 1)
2026-10-04 16:28:53 | INFO | Starting GCS heartbeat sender (1 Hz)...
2026-10-04 16:28:53 | INFO | Requesting telemetry message streams from ArduPilot...
2026-10-04 16:28:53 | INFO | [CH8] Switch state changed: None -> GUIDED (raw=1503)
2026-10-04 16:28:53 | INFO | [RASTER] Position snapshot hook attached to the existing MAVLink receive path (no additional reader).
2026-10-04 16:28:54 | INFO | [FC LOG] Verbose flight-controller log attached to the existing MAVLink receive path (no additional reader) -> /home/aahswarm/ardupilotRasterFix/fc_telemetry.log [level=full]
2026-10-04 16:28:54 | WARNING | Geofence DISABLED (CONFIGURE_FENCE=0) — writing FENCE_ENABLE=0. There is no automatic containment: the pilot is responsible for keeping the aircraft inside the test area, taking manual control on the transmitter if it drifts.
2026-10-04 16:28:54 | INFO | Configured ArduPilot parameter: LAND_SPEED = 20.0
2026-10-04 16:28:54 | INFO | Configured ArduPilot parameter: LAND_ALT_LOW = 150.0
2026-10-04 16:28:54 | INFO | Configured ArduPilot parameter: WPNAV_SPEED_UP = 50.0
2026-10-04 16:28:54 | INFO | Configured ArduPilot parameter: WPNAV_ACCEL_Z = 50.0
2026-10-04 16:28:54 | INFO | Configured ArduPilot parameter: BATT_FS_LOW_ACT = 1.0
2026-10-04 16:28:54 | INFO | Configured ArduPilot parameter: BATT_FS_CRT_ACT = 1.0
2026-10-04 16:28:54 | INFO | Configured ArduPilot parameter: FS_THR_ENABLE = 3.0
2026-10-04 16:28:54 | INFO | Configured ArduPilot parameter: FS_GCS_ENABLE = 5.0
2026-10-04 16:28:54 | INFO | Configured ArduPilot parameter: FENCE_ENABLE = 0.0
2026-10-04 16:28:54 | INFO | Configured ArduPilot parameter: ARMING_CHECK = 1.0
2026-10-04 16:28:57 | INFO | ArduPilot Health: Mode=GUIDED, Armed=False, AGL=0.00m (src=GLOBAL_POSITION_INT), GPS=Fix=3 (Sats: 21), EKF=OK, Batt=97% (16.21V), CH8=1503 (GUIDED)
2026-10-04 16:28:57 | INFO | System initialized and READY in STANDBY mode.
2026-10-04 16:28:57 | INFO | Continuous flight supervisor active. Ready for flight triggers.
2026-10-04 16:28:57 | INFO | [TRIGGER] Mission starts on an observed transition into GUIDED flight mode (CH8 must also be GUIDED when a receiver is present). The CH8 launch condition is disabled; CH8=MANUAL/LAND still aborts.
2026-10-04 16:28:57 | INFO | [SUPERVISOR] CH8 state: None -> GUIDED (Mode=GUIDED, Armed=False, InAir=False, AGL=0.00m)
2026-10-04 16:28:57 | INFO | [SUPERVISOR] Flight mode: None -> GUIDED (CH8=GUIDED, Armed=False, InAir=False, AGL=0.00m)
2026-10-04 16:28:57 | WARNING | [SUPERVISOR] Aircraft is in GUIDED, but the mode was never seen leaving GUIDED first. Ignoring it. Select another mode and return to GUIDED to start a mission.
2026-10-04 16:28:57 | INFO | [STANDBY] Waiting for the aircraft to leave GUIDED, then return (trigger not armed)... (CH8=GUIDED, Mode=GUIDED, Armed=False, Batt=97%, AGL=0.00m)
2026-10-04 16:28:57 | INFO | [CH8] Switch state changed: GUIDED -> MANUAL (raw=999)
2026-10-04 16:28:57 | INFO | [SUPERVISOR] CH8 state: GUIDED -> MANUAL (Mode=GUIDED, Armed=False, InAir=False, AGL=0.00m)
2026-10-04 16:28:57 | INFO | [SUPERVISOR] Flight mode: GUIDED -> STABILIZE (CH8=MANUAL, Armed=False, InAir=False, AGL=0.00m)
2026-10-04 16:28:57 | INFO | [SUPERVISOR] GUIDED-mode trigger armed — putting the aircraft into GUIDED will now start an autonomous mission.
2026-10-04 16:28:59 | INFO | [AP STATUSTEXT] Arm: Throttle too high
2026-10-04 16:29:08 | INFO | Altitude baseline latched at takeoff point (source=GLOBAL_POSITION_INT, raw=+0.00m). All altitudes below are AGL.
2026-10-04 16:29:12 | INFO | [STANDBY] Waiting for CH8=GUIDED, then GUIDED flight mode... (CH8=MANUAL, Mode=STABILIZE, Armed=False, Batt=97%, AGL=0.00m)
2026-10-04 16:30:22 | INFO | ==========================================================
2026-10-04 16:30:22 | INFO | === ARDUPILOT POLYGON RASTER COVERAGE MISSION ===
2026-10-04 16:30:22 | INFO | ==========================================================
2026-10-04 16:30:22 | INFO | Project directory : /home/aahswarm/ardupilotRasterFix
2026-10-04 16:30:22 | INFO | Mission log       : /home/aahswarm/ardupilotRasterFix/ardupilot_raster_mission.log
2026-10-04 16:30:22 | INFO | Trigger file      : /home/aahswarm/ardupilotRasterFix/START_RASTER_MISSION
2026-10-04 16:30:22 | INFO | Recordings        : /home/aahswarm/ardupilotRasterFix/recordings/
2026-10-04 16:30:22 | INFO | =========================================================
2026-10-04 16:30:22 | INFO | === POLYGON RASTER MISSION PLAN ===
2026-10-04 16:30:22 | INFO | =========================================================
2026-10-04 16:30:22 | INFO |   Corner A: 13.3458930, 74.7940200
2026-10-04 16:30:22 | INFO |   Corner B: 13.3457210, 74.7940420
2026-10-04 16:30:22 | INFO |   Corner C: 13.3457120, 74.7940080
2026-10-04 16:30:22 | INFO |   Corner D: 13.3458870, 74.7939650
2026-10-04 16:30:22 | INFO |   Sides: AB=19.29m BC=3.82m CD=20.03m DA=5.99m; area=96.03m^2
2026-10-04 16:30:22 | INFO |   Corner angles: A=90.7 B=98.1 C=88.2 D=83.0 deg (a rectangle is not required)
2026-10-04 16:30:22 | INFO |   Inward safety inset: 0.20m -> inset area 86.36m^2
2026-10-04 16:30:22 | INFO |   Sweep axis: RASTER_AXIS=short -> passes run A->D (5.99m side, stepping across the 19.29m side), bearing 262.9 deg, alternating
2026-10-04 16:30:22 | INFO |   Passes: 20, spacing 0.974m (requested 1.000m), waypoints 40
2026-10-04 16:30:22 | INFO |   Pass lengths: 3.46m to 5.52m; the longest leg is 6s at 1.00m/s, which is how long the aircraft flies in one direction before its first turn
2026-10-04 16:30:22 | INFO |   Path length 108.3m, estimated 108s at 1.00m/s (horizontal travel only)
2026-10-04 16:30:22 | INFO |   Containment: 40/40 waypoints and 39 segments verified inside the inset polygon (2223 samples); worst clearance +0.200m from the polygon edge
2026-10-04 16:30:22 | INFO |   Outer safety geofence: area 217.93m^2, sides 10.24m, 24.00m, 7.46m, 25.53m, winding CCW
2026-10-04 16:30:22 | INFO |   Inner inside outer: minimum separation 1.96m (corners A=1.99m, B=1.96m, C=1.99m, D=2.01m); raster path worst 2.16m, 1.66m against the effective boundary
2026-10-04 16:30:22 | INFO |   Outer safety geofence: 4 GPS corners, effective boundary 0.50m inside them (independent safety layer, NOT the mission polygon, NOT an ArduPilot fence)
2026-10-04 16:30:22 | INFO |   Inner runtime breach tolerance: 0.50m beyond the mission-polygon edge, enforced during the RASTER phase only
2026-10-04 16:30:22 | INFO |   Max planned distance from polygon centroid: 10.34m
2026-10-04 16:30:22 | INFO | ==========================================================
2026-10-04 16:30:22 | INFO | === ARDUPILOT CONTINUOUS AUTONOMOUS MISSION DAEMON ===
2026-10-04 16:30:22 | INFO | ==========================================================
2026-10-04 16:30:22 | INFO | Mission Parameters: Port=auto-discover, Baud=115200, TakeoffAlt=2.5m, DescentSpeed=0.15m/s, TouchdownSpeed=0.08m/s, Orbit=3.0m x 1.0 at 1.0m/s, HorizontalFence=4.0m, Geofence=DISABLED
2026-10-04 16:30:22 | INFO | Connecting to ArduPilot flight controller at /dev/serial/by-id/usb-ArduPilot_MicoAir743v2_300020001251333236353637-if00 (baud: 115200)...
2026-10-04 16:30:22 | INFO | Waiting for ArduPilot heartbeat...
2026-10-04 16:30:22 | INFO | Connected to ArduPilot! (System ID: 1, Component ID: 1)
2026-10-04 16:30:22 | INFO | Starting GCS heartbeat sender (1 Hz)...
2026-10-04 16:30:22 | INFO | Requesting telemetry message streams from ArduPilot...
2026-10-04 16:30:22 | INFO | [CH8] Switch state changed: None -> MANUAL (raw=999)
2026-10-04 16:30:22 | INFO | [AP STATUSTEXT] PreArm: Compass calibration running
2026-10-04 16:30:22 | INFO | [RASTER] Position snapshot hook attached to the existing MAVLink receive path (no additional reader).
2026-10-04 16:30:22 | INFO | [FC LOG] Verbose flight-controller log attached to the existing MAVLink receive path (no additional reader) -> /home/aahswarm/ardupilotRasterFix/fc_telemetry.log [level=full]
2026-10-04 16:30:22 | WARNING | Geofence DISABLED (CONFIGURE_FENCE=0) — writing FENCE_ENABLE=0. There is no automatic containment: the pilot is responsible for keeping the aircraft inside the test area, taking manual control on the transmitter if it drifts.
2026-10-04 16:30:22 | INFO | Configured ArduPilot parameter: LAND_SPEED = 20.0
2026-10-04 16:30:22 | INFO | Configured ArduPilot parameter: LAND_ALT_LOW = 150.0
2026-10-04 16:30:22 | INFO | Configured ArduPilot parameter: WPNAV_SPEED_UP = 50.0
2026-10-04 16:30:22 | INFO | Configured ArduPilot parameter: WPNAV_ACCEL_Z = 50.0
2026-10-04 16:30:22 | INFO | Configured ArduPilot parameter: BATT_FS_LOW_ACT = 1.0
2026-10-04 16:30:22 | INFO | Configured ArduPilot parameter: BATT_FS_CRT_ACT = 1.0
2026-10-04 16:30:22 | INFO | Configured ArduPilot parameter: FS_THR_ENABLE = 3.0
2026-10-04 16:30:22 | INFO | Configured ArduPilot parameter: FS_GCS_ENABLE = 5.0
2026-10-04 16:30:22 | INFO | Configured ArduPilot parameter: FENCE_ENABLE = 0.0
2026-10-04 16:30:22 | INFO | Configured ArduPilot parameter: ARMING_CHECK = 1.0
2026-10-04 16:30:25 | INFO | ArduPilot Health: Mode=STABILIZE, Armed=False, AGL=0.00m (src=GLOBAL_POSITION_INT), GPS=Fix=3 (Sats: 21), EKF=OK, Batt=97% (16.23V), CH8=999 (MANUAL)
2026-10-04 16:30:25 | INFO | System initialized and READY in STANDBY mode.
2026-10-04 16:30:25 | INFO | Continuous flight supervisor active. Ready for flight triggers.
2026-10-04 16:30:25 | INFO | [TRIGGER] Mission starts on an observed transition into GUIDED flight mode (CH8 must also be GUIDED when a receiver is present). The CH8 launch condition is disabled; CH8=MANUAL/LAND still aborts.
2026-10-04 16:30:25 | INFO | [SUPERVISOR] CH8 state: None -> MANUAL (Mode=STABILIZE, Armed=False, InAir=False, AGL=0.00m)
2026-10-04 16:30:25 | INFO | [SUPERVISOR] Flight mode: None -> STABILIZE (CH8=MANUAL, Armed=False, InAir=False, AGL=0.00m)
2026-10-04 16:30:25 | INFO | [SUPERVISOR] GUIDED-mode trigger armed — putting the aircraft into GUIDED will now start an autonomous mission.
2026-10-04 16:30:25 | INFO | [STANDBY] Waiting for CH8=GUIDED, then GUIDED flight mode... (CH8=MANUAL, Mode=STABILIZE, Armed=False, Batt=97%, AGL=0.00m)
2026-10-04 16:30:37 | INFO | [AP STATUSTEXT] Mag(0) good orientation: 14 29.7
2026-10-04 16:30:38 | INFO | [AP STATUSTEXT] Mag(1) good orientation: 0 19.9
2026-10-04 16:30:40 | INFO | [STANDBY] Waiting for CH8=GUIDED, then GUIDED flight mode... (CH8=MANUAL, Mode=STABILIZE, Armed=False, Batt=97%, AGL=0.00m)
2026-10-04 16:30:50 | INFO | [AP STATUSTEXT] PreArm: Compass calibrated requires reboot
2026-10-04 16:30:55 | INFO | [STANDBY] Waiting for CH8=GUIDED, then GUIDED flight mode... (CH8=MANUAL, Mode=STABILIZE, Armed=False, Batt=97%, AGL=0.00m)
2026-10-04 16:31:10 | INFO | [STANDBY] Waiting for CH8=GUIDED, then GUIDED flight mode... (CH8=MANUAL, Mode=STABILIZE, Armed=False, Batt=97%, AGL=0.00m)
2026-10-04 16:31:21 | INFO | [AP STATUSTEXT] PreArm: Compass calibrated requires reboot
2026-10-04 16:31:25 | INFO | [STANDBY] Waiting for CH8=GUIDED, then GUIDED flight mode... (CH8=MANUAL, Mode=STABILIZE, Armed=False, Batt=97%, AGL=0.00m)
2026-10-04 16:31:40 | INFO | [STANDBY] Waiting for CH8=GUIDED, then GUIDED flight mode... (CH8=MANUAL, Mode=STABILIZE, Armed=False, Batt=96%, AGL=0.00m)
2026-10-04 16:31:52 | INFO | [AP STATUSTEXT] PreArm: Gyros inconsistent
2026-10-04 16:31:52 | INFO | [AP STATUSTEXT] PreArm: Compass calibrated requires reboot
                                                                                                                                                                                                                                                                                                                  2026-10-04 16:33:31 | INFO | ==========================================================
2026-10-04 16:33:31 | INFO | === ARDUPILOT POLYGON RASTER COVERAGE MISSION ===
2026-10-04 16:33:31 | INFO | ==========================================================
2026-10-04 16:33:31 | INFO | Project directory : /home/aahswarm/ardupilotRasterFix
2026-10-04 16:33:31 | INFO | Mission log       : /home/aahswarm/ardupilotRasterFix/ardupilot_raster_mission.log
2026-10-04 16:33:31 | INFO | Trigger file      : /home/aahswarm/ardupilotRasterFix/START_RASTER_MISSION
2026-10-04 16:33:31 | INFO | Recordings        : /home/aahswarm/ardupilotRasterFix/recordings/
2026-10-04 16:33:31 | INFO | =========================================================
2026-10-04 16:33:31 | INFO | === POLYGON RASTER MISSION PLAN ===
2026-10-04 16:33:31 | INFO | =========================================================
2026-10-04 16:33:31 | INFO |   Corner A: 13.3458930, 74.7940200
2026-10-04 16:33:31 | INFO |   Corner B: 13.3457210, 74.7940420
2026-10-04 16:33:31 | INFO |   Corner C: 13.3457120, 74.7940080
2026-10-04 16:33:31 | INFO |   Corner D: 13.3458870, 74.7939650
2026-10-04 16:33:31 | INFO |   Sides: AB=19.29m BC=3.82m CD=20.03m DA=5.99m; area=96.03m^2
2026-10-04 16:33:31 | INFO |   Corner angles: A=90.7 B=98.1 C=88.2 D=83.0 deg (a rectangle is not required)
2026-10-04 16:33:31 | INFO |   Inward safety inset: 0.20m -> inset area 86.36m^2
2026-10-04 16:33:31 | INFO |   Sweep axis: RASTER_AXIS=short -> passes run A->D (5.99m side, stepping across the 19.29m side), bearing 262.9 deg, alternating
2026-10-04 16:33:31 | INFO |   Passes: 20, spacing 0.974m (requested 1.000m), waypoints 40
2026-10-04 16:33:31 | INFO |   Pass lengths: 3.46m to 5.52m; the longest leg is 6s at 1.00m/s, which is how long the aircraft flies in one direction before its first turn
2026-10-04 16:33:31 | INFO |   Path length 108.3m, estimated 108s at 1.00m/s (horizontal travel only)
2026-10-04 16:33:31 | INFO |   Containment: 40/40 waypoints and 39 segments verified inside the inset polygon (2223 samples); worst clearance +0.200m from the polygon edge
2026-10-04 16:33:31 | INFO |   Outer safety geofence: area 217.93m^2, sides 10.24m, 24.00m, 7.46m, 25.53m, winding CCW
2026-10-04 16:33:31 | INFO |   Inner inside outer: minimum separation 1.96m (corners A=1.99m, B=1.96m, C=1.99m, D=2.01m); raster path worst 2.16m, 1.66m against the effective boundary
2026-10-04 16:33:31 | INFO |   Outer safety geofence: 4 GPS corners, effective boundary 0.50m inside them (independent safety layer, NOT the mission polygon, NOT an ArduPilot fence)
2026-10-04 16:33:31 | INFO |   Inner runtime breach tolerance: 0.50m beyond the mission-polygon edge, enforced during the RASTER phase only
2026-10-04 16:33:31 | INFO |   Max planned distance from polygon centroid: 10.34m
2026-10-04 16:33:31 | INFO | ==========================================================
2026-10-04 16:33:31 | INFO | === ARDUPILOT CONTINUOUS AUTONOMOUS MISSION DAEMON ===
2026-10-04 16:33:31 | INFO | ==========================================================
2026-10-04 16:33:31 | INFO | Mission Parameters: Port=auto-discover, Baud=115200, TakeoffAlt=2.5m, DescentSpeed=0.15m/s, TouchdownSpeed=0.08m/s, Orbit=3.0m x 1.0 at 1.0m/s, HorizontalFence=4.0m, Geofence=DISABLED
2026-10-04 16:33:31 | INFO | Connecting to ArduPilot flight controller at /dev/serial/by-id/usb-ArduPilot_MicoAir743v2_300020001251333236353637-if00 (baud: 115200)...
2026-10-04 16:33:31 | INFO | Waiting for ArduPilot heartbeat...
2026-10-04 16:33:32 | INFO | Connected to ArduPilot! (System ID: 1, Component ID: 1)
2026-10-04 16:33:32 | INFO | Starting GCS heartbeat sender (1 Hz)...
2026-10-04 16:33:32 | INFO | Requesting telemetry message streams from ArduPilot...
2026-10-04 16:33:32 | INFO | [RASTER] Position snapshot hook attached to the existing MAVLink receive path (no additional reader).
2026-10-04 16:33:32 | INFO | [FC LOG] Verbose flight-controller log attached to the existing MAVLink receive path (no additional reader) -> /home/aahswarm/ardupilotRasterFix/fc_telemetry.log [level=full]
2026-10-04 16:33:32 | WARNING | Geofence DISABLED (CONFIGURE_FENCE=0) — writing FENCE_ENABLE=0. There is no automatic containment: the pilot is responsible for keeping the aircraft inside the test area, taking manual control on the transmitter if it drifts.
2026-10-04 16:33:32 | INFO | Configured ArduPilot parameter: LAND_SPEED = 20.0
2026-10-04 16:33:32 | INFO | Configured ArduPilot parameter: LAND_ALT_LOW = 150.0
2026-10-04 16:33:32 | INFO | Configured ArduPilot parameter: WPNAV_SPEED_UP = 50.0
2026-10-04 16:33:32 | INFO | Configured ArduPilot parameter: WPNAV_ACCEL_Z = 50.0
2026-10-04 16:33:32 | INFO | Configured ArduPilot parameter: BATT_FS_LOW_ACT = 1.0
2026-10-04 16:33:32 | INFO | Configured ArduPilot parameter: BATT_FS_CRT_ACT = 1.0
2026-10-04 16:33:32 | INFO | Configured ArduPilot parameter: FS_THR_ENABLE = 3.0
2026-10-04 16:33:32 | INFO | Configured ArduPilot parameter: FS_GCS_ENABLE = 5.0
2026-10-04 16:33:32 | INFO | Configured ArduPilot parameter: FENCE_ENABLE = 0.0
2026-10-04 16:33:32 | INFO | Configured ArduPilot parameter: ARMING_CHECK = 1.0
2026-10-04 16:33:32 | WARNING | Armed before a ground altitude reference was captured (daemon may have connected mid-flight). Reporting height above home instead of AGL.
2026-10-04 16:33:32 | INFO | [CH8] Switch state changed: None -> MANUAL (raw=999)
2026-10-04 16:33:33 | INFO | [CH8] Switch state changed: MANUAL -> GUIDED (raw=1503)
2026-10-04 16:33:35 | INFO | ArduPilot Health: Mode=GUIDED, Armed=False, AGL=0.00m (src=GLOBAL_POSITION_INT), GPS=Fix=3 (Sats: 19), EKF=OK, Batt=99% (16.14V), CH8=1503 (GUIDED)
2026-10-04 16:33:35 | INFO | System initialized and READY in STANDBY mode.
2026-10-04 16:33:35 | INFO | Continuous flight supervisor active. Ready for flight triggers.
2026-10-04 16:33:35 | INFO | [TRIGGER] Mission starts on an observed transition into GUIDED flight mode (CH8 must also be GUIDED when a receiver is present). The CH8 launch condition is disabled; CH8=MANUAL/LAND still aborts.
2026-10-04 16:33:35 | INFO | [SUPERVISOR] CH8 state: None -> GUIDED (Mode=GUIDED, Armed=False, InAir=False, AGL=0.00m)
2026-10-04 16:33:35 | INFO | [SUPERVISOR] Flight mode: None -> GUIDED (CH8=GUIDED, Armed=False, InAir=False, AGL=0.00m)
2026-10-04 16:33:35 | WARNING | [SUPERVISOR] Aircraft is in GUIDED, but the mode was never seen leaving GUIDED first. Ignoring it. Select another mode and return to GUIDED to start a mission.
2026-10-04 16:33:35 | INFO | [STANDBY] Waiting for the aircraft to leave GUIDED, then return (trigger not armed)... (CH8=GUIDED, Mode=GUIDED, Armed=False, Batt=99%, AGL=0.00m)
2026-10-04 16:33:47 | INFO | [CH8] Switch state changed: GUIDED -> MANUAL (raw=999)
2026-10-04 16:33:47 | INFO | [SUPERVISOR] CH8 state: GUIDED -> MANUAL (Mode=GUIDED, Armed=False, InAir=False, AGL=0.00m)
2026-10-04 16:33:47 | INFO | [SUPERVISOR] Flight mode: GUIDED -> STABILIZE (CH8=MANUAL, Armed=False, InAir=False, AGL=0.00m)
2026-10-04 16:33:47 | INFO | [SUPERVISOR] GUIDED-mode trigger armed — putting the aircraft into GUIDED will now start an autonomous mission.
2026-10-04 16:33:48 | INFO | [CH8] Switch state changed: MANUAL -> GUIDED (raw=1503)
2026-10-04 16:33:48 | INFO | [SUPERVISOR] CH8 state: MANUAL -> GUIDED (Mode=STABILIZE, Armed=False, InAir=False, AGL=0.00m)
2026-10-04 16:33:48 | INFO | [SUPERVISOR] Flight mode: STABILIZE -> GUIDED (CH8=GUIDED, Armed=False, InAir=False, AGL=0.00m)
2026-10-04 16:33:48 | INFO | [SUPERVISOR] GUIDED mode selected on GROUND -> Starting Autonomous Ground Mission...
2026-10-04 16:33:48 | INFO | ========================================================
2026-10-04 16:33:48 | INFO | === STARTING AUTONOMOUS GROUND FLIGHT SEQUENCE ===
2026-10-04 16:33:48 | INFO | ========================================================
2026-10-04 16:33:48 | INFO | ArduPilot Health: Mode=GUIDED, Armed=False, AGL=0.00m (src=GLOBAL_POSITION_INT), GPS=Fix=3 (Sats: 19), EKF=OK, Batt=99% (16.17V), CH8=1503 (GUIDED)
2026-10-04 16:33:48 | INFO | Starting onboard video recording...
2026-10-04 16:33:48 | INFO | Sending arm command to ArduPilot motors...
2026-10-04 16:33:49 | INFO | Altitude baseline latched at takeoff point (source=GLOBAL_POSITION_INT, raw=+0.00m). All altitudes below are AGL.
2026-10-04 16:33:49 | INFO | ArduPilot confirmed ARMED.
2026-10-04 16:33:50 | INFO | Sending MAV_CMD_NAV_TAKEOFF for target altitude 2.5m...
2026-10-04 16:33:50 | INFO | Takeoff command ACCEPTED by ArduPilot.
2026-10-04 16:33:50 | INFO | Monitoring takeoff climb to target 2.5m AGL (acceptance band: ±0.15m)...
2026-10-04 16:33:50 | INFO | Climbing... 0.00m AGL / target 2.5m (mode=GUIDED, armed=True)
2026-10-04 16:33:52 | INFO | Climbing... 0.07m AGL / target 2.5m (mode=GUIDED, armed=True)
2026-10-04 16:33:52 | INFO | Liftoff detected at 0.23m AGL.
2026-10-04 16:33:54 | INFO | Climbing... 0.98m AGL / target 2.5m (mode=GUIDED, armed=True)
2026-10-04 16:33:56 | INFO | Climbing... 1.95m AGL / target 2.5m (mode=GUIDED, armed=True)
2026-10-04 16:33:58 | INFO | Target altitude reached and stable: 2.44m AGL (target: 2.5m)
2026-10-04 16:33:58 | INFO | Takeoff stabilized. Hovering for 2.0 seconds...
2026-10-04 16:34:00 | INFO | [RASTER ANCHOR] GPS 13.3457211, 74.7940125 <-> local NED N=+1.95m E=+1.27m (samples 0ms apart, fix=3, sats=19).
2026-10-04 16:34:00 | INFO | =========================================================
2026-10-04 16:34:00 | INFO | === STARTING POLYGON RASTER COVERAGE PATTERN ===
2026-10-04 16:34:00 | INFO | =========================================================
2026-10-04 16:34:00 | INFO | [RASTER] Geofence origin (post-takeoff hover): N=+1.95m, E=+1.27m.
2026-10-04 16:34:00 | INFO | [RASTER] 40 waypoints converted into local NED (20 passes along A->D (5.99m side, stepping across the 19.29m side)).
2026-10-04 16:34:00 | INFO | [RASTER ENTRY] Starting from the as planned (first pass, far end) end: transit 0.54m + return 18.45m. The planner's own order would have cost 2.98m + 18.51m (2.50m saved).
2026-10-04 16:34:00 | INFO | [RASTER ENTRY]     as planned (first pass, start end)     transit   2.98m  return  18.51m  total  21.49m
2026-10-04 16:34:00 | INFO | [RASTER ENTRY]     as planned (first pass, far end)       transit   0.54m  return  18.45m  total  18.99m   <- chosen
2026-10-04 16:34:00 | INFO | [RASTER ENTRY]     reversed (last pass, far end)          transit  18.51m  return   2.98m  total  21.49m
2026-10-04 16:34:00 | INFO | [RASTER ENTRY]     reversed (last pass, start end)        transit  18.45m  return   0.54m  total  18.99m
2026-10-04 16:34:00 | INFO | [RASTER ROUTE] Flight order from the captured origin:
2026-10-04 16:34:00 | INFO | [RASTER ROUTE]   WP00 (pass 1 pass_start)     N=  +1.66m E=  +0.82m  leg  0.54m  cumulative   0.54m  dir D->A
2026-10-04 16:34:00 | INFO | [RASTER ROUTE]   WP01 (pass 1 pass_end)       N=  +2.08m E=  +4.25m  leg  3.46m  cumulative   4.00m  dir D->A
2026-10-04 16:34:00 | INFO | [RASTER ROUTE]   WP02 (pass 2 pass_start)     N=  +3.05m E=  +4.13m  leg  0.97m  cumulative   4.97m  dir A->D
2026-10-04 16:34:00 | INFO | [RASTER ROUTE]   WP03 (pass 2 pass_end)       N=  +2.61m E=  +0.59m  leg  3.56m  cumulative   8.53m  dir A->D
2026-10-04 16:34:00 | INFO | [RASTER ROUTE]   WP04 (pass 3 pass_start)     N=  +3.56m E=  +0.36m  leg  0.98m  cumulative   9.51m  dir D->A
2026-10-04 16:34:00 | INFO | [RASTER ROUTE]   WP05 (pass 3 pass_end)       N=  +4.02m E=  +4.01m  leg  3.67m  cumulative  13.19m  dir D->A
2026-10-04 16:34:00 | INFO | [RASTER ROUTE]   WP06 (pass 4 pass_start)     N=  +4.98m E=  +3.89m  leg  0.97m  cumulative  14.16m  dir A->D
2026-10-04 16:34:00 | INFO | [RASTER ROUTE]   WP07 (pass 4 pass_end)       N=  +4.52m E=  +0.14m  leg  3.78m  cumulative  17.94m  dir A->D
2026-10-04 16:34:00 | INFO | [RASTER ROUTE]   WP08 (pass 5 pass_start)     N=  +5.47m E=  -0.09m  leg  0.98m  cumulative  18.92m  dir D->A
2026-10-04 16:34:00 | INFO | [RASTER ROUTE]   WP09 (pass 5 pass_end)       N=  +5.95m E=  +3.77m  leg  3.89m  cumulative  22.81m  dir D->A
2026-10-04 16:34:00 | INFO | [RASTER ROUTE]   WP10 (pass 6 pass_start)     N=  +6.92m E=  +3.65m  leg  0.97m  cumulative  23.79m  dir A->D
2026-10-04 16:34:00 | INFO | [RASTER ROUTE]   WP11 (pass 6 pass_end)       N=  +6.42m E=  -0.32m  leg  4.00m  cumulative  27.79m  dir A->D
2026-10-04 16:34:00 | INFO | [RASTER ROUTE]   WP12 (pass 7 pass_start)     N=  +7.37m E=  -0.55m  leg  0.98m  cumulative  28.76m  dir D->A
2026-10-04 16:34:00 | INFO | [RASTER ROUTE]   WP13 (pass 7 pass_end)       N=  +7.88m E=  +3.53m  leg  4.11m  cumulative  32.87m  dir D->A
2026-10-04 16:34:00 | INFO | [RASTER ROUTE]   WP14 (pass 8 pass_start)     N=  +8.85m E=  +3.41m  leg  0.97m  cumulative  33.85m  dir A->D
2026-10-04 16:34:00 | INFO | [RASTER ROUTE]   WP15 (pass 8 pass_end)       N=  +8.33m E=  -0.78m  leg  4.22m  cumulative  38.06m  dir A->D
2026-10-04 16:34:00 | INFO | [RASTER ROUTE]   WP16 (pass 9 pass_start)     N=  +9.28m E=  -1.00m  leg  0.98m  cumulative  39.04m  dir D->A
2026-10-04 16:34:00 | INFO | [RASTER ROUTE]   WP17 (pass 9 pass_end)       N=  +9.81m E=  +3.29m  leg  4.32m  cumulative  43.36m  dir D->A
2026-10-04 16:34:00 | INFO | [RASTER ROUTE]   WP18 (pass 10 pass_start)    N= +10.78m E=  +3.17m  leg  0.97m  cumulative  44.34m  dir A->D
2026-10-04 16:34:00 | INFO | [RASTER ROUTE]   WP19 (pass 10 pass_end)      N= +10.23m E=  -1.23m  leg  4.43m  cumulative  48.77m  dir A->D
2026-10-04 16:34:00 | INFO | [RASTER ROUTE]   WP20 (pass 11 pass_start)    N= +11.19m E=  -1.46m  leg  0.98m  cumulative  49.75m  dir D->A
2026-10-04 16:34:00 | INFO | [RASTER ROUTE]   WP21 (pass 11 pass_end)      N= +11.75m E=  +3.05m  leg  4.54m  cumulative  54.29m  dir D->A
2026-10-04 16:34:00 | INFO | [RASTER ROUTE]   WP22 (pass 12 pass_start)    N= +12.71m E=  +2.93m  leg  0.97m  cumulative  55.26m  dir A->D
2026-10-04 16:34:00 | INFO | [RASTER ROUTE]   WP23 (pass 12 pass_end)      N= +12.14m E=  -1.69m  leg  4.65m  cumulative  59.91m  dir A->D
2026-10-04 16:34:00 | INFO | [RASTER ROUTE]   WP24 (pass 13 pass_start)    N= +13.09m E=  -1.91m  leg  0.98m  cumulative  60.89m  dir D->A
2026-10-04 16:34:00 | INFO | [RASTER ROUTE]   WP25 (pass 13 pass_end)      N= +13.68m E=  +2.81m  leg  4.76m  cumulative  65.65m  dir D->A
2026-10-04 16:34:00 | INFO | [RASTER ROUTE]   WP26 (pass 14 pass_start)    N= +14.65m E=  +2.69m  leg  0.97m  cumulative  66.62m  dir A->D
2026-10-04 16:34:00 | INFO | [RASTER ROUTE]   WP27 (pass 14 pass_end)      N= +14.05m E=  -2.14m  leg  4.87m  cumulative  71.49m  dir A->D
2026-10-04 16:34:00 | INFO | [RASTER ROUTE]   WP28 (pass 15 pass_start)    N= +15.00m E=  -2.37m  leg  0.98m  cumulative  72.47m  dir D->A
2026-10-04 16:34:00 | INFO | [RASTER ROUTE]   WP29 (pass 15 pass_end)      N= +15.61m E=  +2.57m  leg  4.97m  cumulative  77.44m  dir D->A
2026-10-04 16:34:00 | INFO | [RASTER ROUTE]   WP30 (pass 16 pass_start)    N= +16.58m E=  +2.45m  leg  0.97m  cumulative  78.42m  dir A->D
2026-10-04 16:34:00 | INFO | [RASTER ROUTE]   WP31 (pass 16 pass_end)      N= +15.95m E=  -2.60m  leg  5.08m  cumulative  83.50m  dir A->D
2026-10-04 16:34:00 | INFO | [RASTER ROUTE]   WP32 (pass 17 pass_start)    N= +16.90m E=  -2.83m  leg  0.98m  cumulative  84.48m  dir D->A
2026-10-04 16:34:00 | INFO | [RASTER ROUTE]   WP33 (pass 17 pass_end)      N= +17.55m E=  +2.33m  leg  5.19m  cumulative  89.67m  dir D->A
2026-10-04 16:34:00 | INFO | [RASTER ROUTE]   WP34 (pass 18 pass_start)    N= +18.51m E=  +2.21m  leg  0.97m  cumulative  90.65m  dir A->D
2026-10-04 16:34:00 | INFO | [RASTER ROUTE]   WP35 (pass 18 pass_end)      N= +17.86m E=  -3.05m  leg  5.30m  cumulative  95.94m  dir A->D
2026-10-04 16:34:00 | INFO | [RASTER ROUTE]   WP36 (pass 19 pass_start)    N= +18.81m E=  -3.28m  leg  0.98m  cumulative  96.92m  dir D->A
2026-10-04 16:34:00 | INFO | [RASTER ROUTE]   WP37 (pass 19 pass_end)      N= +19.48m E=  +2.08m  leg  5.41m  cumulative 102.33m  dir D->A
2026-10-04 16:34:00 | INFO | [RASTER ROUTE]   WP38 (pass 20 pass_start)    N= +20.44m E=  +1.96m  leg  0.97m  cumulative 103.31m  dir A->D
2026-10-04 16:34:00 | INFO | [RASTER ROUTE]   WP39 (pass 20 pass_end)      N= +19.76m E=  -3.51m  leg  5.52m  cumulative 108.82m  dir A->D
2026-10-04 16:34:00 | INFO | [RASTER ROUTE]   return to origin             N=  +1.95m E=  +1.27m  cumulative 127.27m
2026-10-04 16:34:00 | INFO | [RASTER BOUNDARY] Inner mission polygon projected into local NED; allowed excursion 0.50m beyond its edge, enforced during the RASTER phase only.
2026-10-04 16:34:00 | INFO | [RASTER BOUNDARY] Outer safety geofence projected into local NED from 4 GPS corners; enforced boundary is 0.50m inside them, active in EVERY phase.
2026-10-04 16:34:00 | INFO | [RASTER BOUNDARY] Altitude band 1.80-3.00m AGL (target 2.50m); companion battery floor 25%; flight controller reports 99%
2026-10-04 16:34:00 | INFO | [RASTER BOUNDARY] Inner polygon to outer polygon: minimum 1.96m; after the 0.50m outer margin 1.46m; after a full 0.50m inner excursion 0.96m remains.
2026-10-04 16:34:00 | INFO | [RASTER ORIGIN CHECK] Takeoff/hover origin N=+1.95m E=+1.27m sits +2.70m from the outer polygon edge; the enforced boundary needs >= 0.50m, leaving +2.20m.
2026-10-04 16:34:00 | INFO | [OUTER GEOFENCE CHECK] transit + pattern + return: 42 points and 41 segments, 2565 samples. Worst clearance to the raw outer polygon is +2.16m at WP01 (pass 1 pass_end); the enforced boundary is 0.50m inside it, leaving +1.66m.
2026-10-04 16:34:00 | INFO | [RASTER BUDGET] route from the captured origin: transit 0.5m + pattern 108.3m + return 18.4m = 127.3m
2026-10-04 16:34:00 | INFO | [RASTER BUDGET] 127s straight-line at 1.00m/s, x1.35 contingency = 172s expected, against a 650s budget (+478s).
2026-10-04 16:34:00 | INFO | [RASTER PHASE] TRANSIT_TO_RASTER: flying 0.54m from the origin to WP00 (pass 1 pass_start). Inner-polygon containment is not enforced on this leg; the outer GPS geofence, telemetry, EKF, altitude and battery checks are.
2026-10-04 16:34:03 | INFO | [RASTER PHASE] TRANSIT_TO_RASTER complete. Aircraft is +0.23m from the polygon edge; polygon containment is now ENFORCED (allowed excursion 0.50m).
2026-10-04 16:34:03 | INFO | [RASTER] --- pass 1/20, direction D->A, step offset -19.12m ---
2026-10-04 16:34:03 | INFO | [RASTER] -> WP01 (pass 1 pass_end): target N=+2.08m E=+4.25m (3.43m away, 2.98m from origin)
2026-10-04 16:34:06 | INFO | [RASTER PROGRESS] raster WP01 (pass 1 pass_end):  62.0% (2.12m of 3.43m), 1.30m to run, 3s of 15s, N=+1.88m E=+2.96m, cross-track 0.03m, +0.35m from the polygon edge
2026-10-04 16:34:09 | INFO | [RASTER] --- pass 2/20, direction A->D, step offset -18.15m ---
2026-10-04 16:34:09 | INFO | [RASTER] -> WP02 (pass 2 pass_start): target N=+3.05m E=+4.13m (1.00m away, 3.06m from origin)
2026-10-04 16:34:12 | INFO | [RASTER] -> WP03 (pass 2 pass_end): target N=+2.61m E=+0.59m (3.53m away, 0.95m from origin)
2026-10-04 16:34:13 | INFO | [AP STATUSTEXT] EKF3 IMU0 MAG0 in-flight yaw alignment complete
2026-10-04 16:34:15 | INFO | [RASTER PROGRESS] raster WP03 (pass 2 pass_end):  65.0% (2.29m of 3.53m), 1.23m to run, 3s of 15s, N=+2.82m E=+1.81m, cross-track 0.04m, +1.43m from the polygon edge
2026-10-04 16:34:16 | INFO | [RASTER] --- pass 3/20, direction D->A, step offset -17.17m ---
2026-10-04 16:34:16 | INFO | [RASTER] -> WP04 (pass 3 pass_start): target N=+3.56m E=+0.36m (0.93m away, 1.86m from origin)
2026-10-04 16:34:20 | INFO | [RASTER] -> WP05 (pass 3 pass_end): target N=+4.02m E=+4.01m (3.66m away, 3.43m from origin)
2026-10-04 16:34:23 | INFO | [RASTER PROGRESS] raster WP05 (pass 3 pass_end):  60.9% (2.23m of 3.66m), 1.43m to run, 3s of 15s, N=+3.82m E=+2.59m, cross-track 0.02m, +1.63m from the polygon edge
2026-10-04 16:34:25 | INFO | [RASTER] --- pass 4/20, direction A->D, step offset -16.20m ---
2026-10-04 16:34:25 | INFO | [RASTER] -> WP06 (pass 4 pass_start): target N=+4.98m E=+3.89m (0.97m away, 4.01m from origin)
2026-10-04 16:34:29 | INFO | [RASTER] -> WP07 (pass 4 pass_end): target N=+4.52m E=+0.14m (3.80m away, 2.81m from origin)
2026-10-04 16:34:32 | INFO | [RASTER PROGRESS] raster WP07 (pass 4 pass_end):  59.1% (2.25m of 3.80m), 1.55m to run, 3s of 15s, N=+4.76m E=+1.67m, cross-track 0.03m, +1.75m from the polygon edge
2026-10-04 16:34:34 | INFO | [RASTER] --- pass 5/20, direction D->A, step offset -15.22m ---
2026-10-04 16:34:34 | INFO | [RASTER] -> WP08 (pass 5 pass_start): target N=+5.47m E=-0.09m (0.97m away, 3.78m from origin)
2026-10-04 16:34:37 | INFO | [RASTER] -> WP09 (pass 5 pass_end): target N=+5.95m E=+3.77m (3.81m away, 4.72m from origin)
2026-10-04 16:34:40 | INFO | [RASTER PROGRESS] raster WP09 (pass 5 pass_end):  58.2% (2.22m of 3.81m), 1.59m to run, 3s of 15s, N=+5.80m E=+2.18m, cross-track 0.03m, +1.79m from the polygon edge
2026-10-04 16:34:43 | INFO | [RASTER] --- pass 6/20, direction A->D, step offset -14.25m ---
2026-10-04 16:34:43 | INFO | [RASTER] -> WP10 (pass 6 pass_start): target N=+6.92m E=+3.65m (1.03m away, 5.51m from origin)
2026-10-04 16:34:46 | INFO | [RASTER] -> WP11 (pass 6 pass_end): target N=+6.42m E=-0.32m (4.03m away, 4.75m from origin)
2026-10-04 16:34:49 | INFO | [RASTER PROGRESS] raster WP11 (pass 6 pass_end):  57.1% (2.30m of 4.03m), 1.73m to run, 3s of 15s, N=+6.68m E=+1.39m, cross-track 0.02m, +1.92m from the polygon edge
2026-10-04 16:34:52 | INFO | [RASTER] --- pass 7/20, direction D->A, step offset -13.28m ---
2026-10-04 16:34:52 | INFO | [RASTER] -> WP12 (pass 7 pass_start): target N=+7.37m E=-0.55m (1.01m away, 5.73m from origin)
2026-10-04 16:34:55 | INFO | [RASTER] -> WP13 (pass 7 pass_end): target N=+7.88m E=+3.53m (4.10m away, 6.35m from origin)
2026-10-04 16:34:58 | INFO | [RASTER PROGRESS] raster WP13 (pass 7 pass_end):  54.7% (2.24m of 4.10m), 1.86m to run, 3s of 15s, N=+7.63m E=+1.69m, cross-track 0.06m, +2.06m from the polygon edge
2026-10-04 16:35:01 | INFO | [RASTER] --- pass 8/20, direction A->D, step offset -12.30m ---
2026-10-04 16:35:01 | INFO | [RASTER] -> WP14 (pass 8 pass_start): target N=+8.85m E=+3.41m (0.98m away, 7.22m from origin)
2026-10-04 16:35:04 | INFO | [RASTER] -> WP15 (pass 8 pass_end): target N=+8.33m E=-0.78m (4.19m away, 6.70m from origin)
2026-10-04 16:35:07 | INFO | [RASTER PROGRESS] raster WP15 (pass 8 pass_end):  53.8% (2.25m of 4.19m), 1.94m to run, 3s of 15s, N=+8.60m E=+1.14m, cross-track 0.03m, +2.13m from the polygon edge
2026-10-04 16:35:10 | INFO | [RASTER] --- pass 9/20, direction D->A, step offset -11.33m ---
2026-10-04 16:35:10 | INFO | [RASTER] -> WP16 (pass 9 pass_start): target N=+9.28m E=-1.00m (1.01m away, 7.68m from origin)
2026-10-04 16:35:14 | INFO | [RASTER] -> WP17 (pass 9 pass_end): target N=+9.81m E=+3.29m (4.30m away, 8.12m from origin)
2026-10-04 16:35:17 | INFO | [RASTER PROGRESS] raster WP17 (pass 9 pass_end):  51.4% (2.21m of 4.30m), 2.09m to run, 3s of 15s, N=+9.58m E=+1.21m, cross-track 0.00m, +2.29m from the polygon edge
2026-10-04 16:35:20 | INFO | [RASTER] --- pass 10/20, direction A->D, step offset -10.36m ---
2026-10-04 16:35:20 | INFO | [RASTER] -> WP18 (pass 10 pass_start): target N=+10.78m E=+3.17m (0.97m away, 9.04m from origin)
2026-10-04 16:35:23 | INFO | [RASTER] -> WP19 (pass 10 pass_end): target N=+10.23m E=-1.23m (4.38m away, 8.66m from origin)
2026-10-04 16:35:26 | INFO | [RASTER PROGRESS] raster WP19 (pass 10 pass_end):  50.3% (2.20m of 4.38m), 2.18m to run, 3s of 15s, N=+10.55m E=+0.92m, cross-track 0.04m, +2.37m from the polygon edge
2026-10-04 16:35:29 | INFO | [RASTER] --- pass 11/20, direction D->A, step offset -9.38m ---
2026-10-04 16:35:29 | INFO | [RASTER] -> WP20 (pass 11 pass_start): target N=+11.19m E=-1.46m (0.96m away, 9.64m from origin)
2026-10-04 16:35:32 | INFO | [RASTER] -> WP21 (pass 11 pass_end): target N=+11.75m E=+3.05m (4.53m away, 9.96m from origin)
2026-10-04 16:35:35 | INFO | [RASTER PROGRESS] raster WP21 (pass 11 pass_end):  49.7% (2.25m of 4.53m), 2.28m to run, 3s of 15s, N=+11.51m E=+0.78m, cross-track 0.03m, +2.45m from the polygon edge
2026-10-04 16:35:38 | INFO | [RASTER] --- pass 12/20, direction A->D, step offset -8.41m ---
2026-10-04 16:35:38 | INFO | [RASTER] -> WP22 (pass 12 pass_start): target N=+12.71m E=+2.93m (0.99m away, 10.89m from origin)
2026-10-04 16:35:43 | INFO | [RASTER] -> WP23 (pass 12 pass_end): target N=+12.14m E=-1.69m (4.56m away, 10.62m from origin)
2026-10-04 16:35:46 | INFO | [RASTER PROGRESS] raster WP23 (pass 12 pass_end):  47.5% (2.16m of 4.56m), 2.40m to run, 3s of 15s, N=+12.50m E=+0.68m, cross-track 0.02m, +2.45m from the polygon edge
2026-10-04 16:35:49 | INFO | [RASTER] --- pass 13/20, direction D->A, step offset -7.43m ---
2026-10-04 16:35:49 | INFO | [RASTER] -> WP24 (pass 13 pass_start): target N=+13.09m E=-1.91m (1.00m away, 11.59m from origin)
2026-10-04 16:35:53 | INFO | [RASTER] -> WP25 (pass 13 pass_end): target N=+13.68m E=+2.81m (4.69m away, 11.83m from origin)
2026-10-04 16:35:56 | INFO | [RASTER PROGRESS] raster WP25 (pass 13 pass_end):  47.3% (2.22m of 4.69m), 2.47m to run, 3s of 15s, N=+13.44m E=+0.45m, cross-track 0.04m, +2.56m from the polygon edge
2026-10-04 16:36:01 | INFO | [RASTER] --- pass 14/20, direction A->D, step offset -6.46m ---
2026-10-04 16:36:01 | INFO | [RASTER] -> WP26 (pass 14 pass_start): target N=+14.65m E=+2.69m (0.94m away, 12.78m from origin)
2026-10-04 16:36:04 | INFO | [RASTER] -> WP27 (pass 14 pass_end): target N=+14.05m E=-2.14m (4.85m away, 12.57m from origin)
2026-10-04 16:36:07 | INFO | [RASTER PROGRESS] raster WP27 (pass 14 pass_end):  47.5% (2.31m of 4.85m), 2.54m to run, 3s of 15s, N=+14.42m E=+0.37m, cross-track 0.02m, +2.52m from the polygon edge
2026-10-04 16:36:10 | INFO | [RASTER] --- pass 15/20, direction D->A, step offset -5.49m ---
2026-10-04 16:36:10 | INFO | [RASTER] -> WP28 (pass 15 pass_start): target N=+15.00m E=-2.37m (1.02m away, 13.55m from origin)
2026-10-04 16:36:13 | INFO | [RASTER] -> WP29 (pass 15 pass_end): target N=+15.61m E=+2.57m (5.03m away, 13.73m from origin)
2026-10-04 16:36:16 | INFO | [RASTER PROGRESS] raster WP29 (pass 15 pass_end):  47.6% (2.39m of 5.03m), 2.64m to run, 3s of 15s, N=+15.30m E=-0.05m, cross-track 0.01m, +2.52m from the polygon edge
2026-10-04 16:36:19 | INFO | [RASTER] --- pass 16/20, direction A->D, step offset -4.51m ---
2026-10-04 16:36:19 | INFO | [RASTER] -> WP30 (pass 16 pass_start): target N=+16.58m E=+2.45m (0.96m away, 14.68m from origin)
2026-10-04 16:36:23 | INFO | [RASTER] -> WP31 (pass 16 pass_end): target N=+15.95m E=-2.60m (4.98m away, 14.53m from origin)
2026-10-04 16:36:26 | INFO | [RASTER PROGRESS] raster WP31 (pass 16 pass_end):  41.9% (2.09m of 4.99m), 2.90m to run, 3s of 15s, N=+16.42m E=+0.26m, cross-track 0.07m, +2.38m from the polygon edge
2026-10-04 16:36:30 | INFO | [RASTER] --- pass 17/20, direction D->A, step offset -3.54m ---
2026-10-04 16:36:30 | INFO | [RASTER] -> WP32 (pass 17 pass_start): target N=+16.90m E=-2.83m (1.00m away, 15.51m from origin)
2026-10-04 16:36:33 | INFO | [RASTER] -> WP33 (pass 17 pass_end): target N=+17.55m E=+2.33m (5.17m away, 15.64m from origin)
2026-10-04 16:36:36 | INFO | [RASTER PROGRESS] raster WP33 (pass 17 pass_end):  40.6% (2.10m of 5.17m), 3.07m to run, 3s of 16s, N=+17.22m E=-0.73m, cross-track 0.00m, +2.31m from the polygon edge
2026-10-04 16:36:38 | INFO | [CH8] Switch state changed: GUIDED -> LAND (raw=2000)
2026-10-04 16:36:38 | WARNING | [CH8 LAND] Land command detected during raster WP33 (pass 17 pass_end).
2026-10-04 16:36:38 | INFO | Setting flight mode to LAND (ID: 9)...
2026-10-04 16:36:38 | INFO | Flight mode confirmed: LAND
2026-10-04 16:36:38 | WARNING | [RASTER] Aborted at WP33 (pass 17 pass_end) — the leg was stopped by a safety check or timed out. Yielding to the base mission.
2026-10-04 16:36:38 | WARNING | Horizontal geofence orbit interrupted. Yielding control.
2026-10-04 16:36:38 | WARNING | ==========================================================
2026-10-04 16:36:38 | WARNING | === EXECUTING SAFETY LAND ===
2026-10-04 16:36:38 | WARNING | ==========================================================
2026-10-04 16:36:38 | INFO | Issuing ArduPilot LAND command...
2026-10-04 16:36:38 | INFO | Setting flight mode to LAND (ID: 9)...
2026-10-04 16:36:38 | INFO | Flight mode confirmed: LAND
2026-10-04 16:36:38 | INFO | Landing descent in progress: altitude=2.49m, mode=LAND, armed=True
2026-10-04 16:36:41 | INFO | Landing descent in progress: altitude=1.28m, mode=LAND, armed=True
                                                                                                                                                                                                                                                                                                                                                                                                                                                                                                                                                                                                                                                                                                                                                                                                                                                                                                                                                                                                                                                                                                                                                                                                                  2026-10-04 16:40:20 | INFO | ==========================================================
2026-10-04 16:40:20 | INFO | === ARDUPILOT POLYGON RASTER COVERAGE MISSION ===
2026-10-04 16:40:20 | INFO | ==========================================================
2026-10-04 16:40:20 | INFO | Project directory : /home/aahswarm/ardupilotRasterFix
2026-10-04 16:40:20 | INFO | Mission log       : /home/aahswarm/ardupilotRasterFix/ardupilot_raster_mission.log
2026-10-04 16:40:20 | INFO | Trigger file      : /home/aahswarm/ardupilotRasterFix/START_RASTER_MISSION
2026-10-04 16:40:20 | INFO | Recordings        : /home/aahswarm/ardupilotRasterFix/recordings/
2026-10-04 16:40:20 | INFO | =========================================================
2026-10-04 16:40:20 | INFO | === POLYGON RASTER MISSION PLAN ===
2026-10-04 16:40:20 | INFO | =========================================================
2026-10-04 16:40:20 | INFO |   Corner A: 13.3458930, 74.7940200
2026-10-04 16:40:20 | INFO |   Corner B: 13.3457210, 74.7940420
2026-10-04 16:40:20 | INFO |   Corner C: 13.3457120, 74.7940080
2026-10-04 16:40:20 | INFO |   Corner D: 13.3458870, 74.7939650
2026-10-04 16:40:20 | INFO |   Sides: AB=19.29m BC=3.82m CD=20.03m DA=5.99m; area=96.03m^2
2026-10-04 16:40:20 | INFO |   Corner angles: A=90.7 B=98.1 C=88.2 D=83.0 deg (a rectangle is not required)
2026-10-04 16:40:20 | INFO |   Inward safety inset: 0.20m -> inset area 86.36m^2
2026-10-04 16:40:20 | INFO |   Sweep axis: RASTER_AXIS=short -> passes run A->D (5.99m side, stepping across the 19.29m side), bearing 262.9 deg, alternating
2026-10-04 16:40:20 | INFO |   Passes: 20, spacing 0.974m (requested 1.000m), waypoints 40
2026-10-04 16:40:20 | INFO |   Pass lengths: 3.46m to 5.52m; the longest leg is 6s at 1.00m/s, which is how long the aircraft flies in one direction before its first turn
2026-10-04 16:40:20 | INFO |   Path length 108.3m, estimated 108s at 1.00m/s (horizontal travel only)
2026-10-04 16:40:20 | INFO |   Containment: 40/40 waypoints and 39 segments verified inside the inset polygon (2223 samples); worst clearance +0.200m from the polygon edge
2026-10-04 16:40:20 | INFO |   Outer safety geofence: area 217.93m^2, sides 10.24m, 24.00m, 7.46m, 25.53m, winding CCW
2026-10-04 16:40:20 | INFO |   Inner inside outer: minimum separation 1.96m (corners A=1.99m, B=1.96m, C=1.99m, D=2.01m); raster path worst 2.16m, 1.66m against the effective boundary
2026-10-04 16:40:20 | INFO |   Outer safety geofence: 4 GPS corners, effective boundary 0.50m inside them (independent safety layer, NOT the mission polygon, NOT an ArduPilot fence)
2026-10-04 16:40:20 | INFO |   Inner runtime breach tolerance: 0.50m beyond the mission-polygon edge, enforced during the RASTER phase only
2026-10-04 16:40:20 | INFO |   Max planned distance from polygon centroid: 10.34m
2026-10-04 16:40:20 | INFO | ==========================================================
2026-10-04 16:40:20 | INFO | === ARDUPILOT CONTINUOUS AUTONOMOUS MISSION DAEMON ===
2026-10-04 16:40:20 | INFO | ==========================================================
2026-10-04 16:40:20 | INFO | Mission Parameters: Port=auto-discover, Baud=115200, TakeoffAlt=2.5m, DescentSpeed=0.15m/s, TouchdownSpeed=0.08m/s, Orbit=3.0m x 1.0 at 1.0m/s, HorizontalFence=4.0m, Geofence=DISABLED
2026-10-04 16:40:20 | INFO | Waiting for ArduPilot flight controller... (no serial device found, retrying in 3s)
2026-10-04 16:40:23 | INFO | Waiting for ArduPilot flight controller... (no serial device found, retrying in 3s)
2026-10-04 16:40:26 | INFO | Waiting for ArduPilot flight controller... (no serial device found, retrying in 3s)
2026-10-04 16:40:29 | INFO | Waiting for ArduPilot flight controller... (no serial device found, retrying in 3s)
2026-10-04 16:40:32 | INFO | Waiting for ArduPilot flight controller... (no serial device found, retrying in 3s)
2026-10-04 16:40:35 | INFO | Waiting for ArduPilot flight controller... (no serial device found, retrying in 3s)
2026-10-04 16:40:38 | INFO | Waiting for ArduPilot flight controller... (no serial device found, retrying in 3s)
2026-10-04 16:40:41 | INFO | Waiting for ArduPilot flight controller... (no serial device found, retrying in 3s)
2026-10-04 16:40:44 | INFO | Waiting for ArduPilot flight controller... (no serial device found, retrying in 3s)
2026-10-04 16:40:47 | INFO | Waiting for ArduPilot flight controller... (no serial device found, retrying in 3s)
2026-10-04 16:40:50 | INFO | Waiting for ArduPilot flight controller... (no serial device found, retrying in 3s)
2026-10-04 16:40:53 | INFO | Waiting for ArduPilot flight controller... (no serial device found, retrying in 3s)
2026-10-04 16:40:56 | INFO | Waiting for ArduPilot flight controller... (no serial device found, retrying in 3s)
2026-10-04 16:40:59 | INFO | Waiting for ArduPilot flight controller... (no serial device found, retrying in 3s)
2026-10-04 16:41:02 | INFO | Waiting for ArduPilot flight controller... (no serial device found, retrying in 3s)
2026-10-04 16:41:05 | INFO | Waiting for ArduPilot flight controller... (no serial device found, retrying in 3s)
2026-10-04 16:41:08 | INFO | Waiting for ArduPilot flight controller... (no serial device found, retrying in 3s)
2026-10-04 16:41:11 | INFO | Waiting for ArduPilot flight controller... (no serial device found, retrying in 3s)
2026-10-04 16:41:14 | INFO | Waiting for ArduPilot flight controller... (no serial device found, retrying in 3s)
2026-10-04 16:41:17 | INFO | Waiting for ArduPilot flight controller... (no serial device found, retrying in 3s)
2026-10-04 16:41:20 | INFO | Waiting for ArduPilot flight controller... (no serial device found, retrying in 3s)
2026-10-04 16:41:23 | INFO | Waiting for ArduPilot flight controller... (no serial device found, retrying in 3s)
2026-10-04 16:41:26 | INFO | Waiting for ArduPilot flight controller... (no serial device found, retrying in 3s)
2026-10-04 16:41:29 | INFO | Waiting for ArduPilot flight controller... (no serial device found, retrying in 3s)
2026-10-04 16:41:32 | INFO | Waiting for ArduPilot flight controller... (no serial device found, retrying in 3s)
2026-10-04 16:41:35 | INFO | Waiting for ArduPilot flight controller... (no serial device found, retrying in 3s)
2026-10-04 16:41:38 | INFO | Waiting for ArduPilot flight controller... (no serial device found, retrying in 3s)
2026-10-04 16:41:41 | INFO | Waiting for ArduPilot flight controller... (no serial device found, retrying in 3s)
2026-10-04 16:41:44 | INFO | Waiting for ArduPilot flight controller... (no serial device found, retrying in 3s)
2026-10-04 16:41:47 | INFO | Waiting for ArduPilot flight controller... (no serial device found, retrying in 3s)
2026-10-04 16:41:50 | INFO | Waiting for ArduPilot flight controller... (no serial device found, retrying in 3s)
2026-10-04 16:41:53 | INFO | Waiting for ArduPilot flight controller... (no serial device found, retrying in 3s)
2026-10-04 16:41:56 | INFO | Waiting for ArduPilot flight controller... (no serial device found, retrying in 3s)
2026-10-04 16:41:59 | INFO | Waiting for ArduPilot flight controller... (no serial device found, retrying in 3s)
2026-10-04 16:42:02 | INFO | Waiting for ArduPilot flight controller... (no serial device found, retrying in 3s)
2026-10-04 16:42:05 | INFO | Waiting for ArduPilot flight controller... (no serial device found, retrying in 3s)
2026-10-04 16:42:08 | INFO | Waiting for ArduPilot flight controller... (no serial device found, retrying in 3s)
2026-10-04 16:42:11 | INFO | Waiting for ArduPilot flight controller... (no serial device found, retrying in 3s)
2026-10-04 16:42:14 | INFO | Waiting for ArduPilot flight controller... (no serial device found, retrying in 3s)
2026-10-04 16:42:17 | INFO | Waiting for ArduPilot flight controller... (no serial device found, retrying in 3s)
2026-10-04 16:42:20 | INFO | Waiting for ArduPilot flight controller... (no serial device found, retrying in 3s)
2026-10-04 16:42:23 | INFO | Waiting for ArduPilot flight controller... (no serial device found, retrying in 3s)
2026-10-04 16:42:26 | INFO | Waiting for ArduPilot flight controller... (no serial device found, retrying in 3s)
2026-10-04 16:42:29 | INFO | Waiting for ArduPilot flight controller... (no serial device found, retrying in 3s)
2026-10-04 16:42:32 | INFO | Waiting for ArduPilot flight controller... (no serial device found, retrying in 3s)
2026-10-04 16:42:35 | INFO | Waiting for ArduPilot flight controller... (no serial device found, retrying in 3s)
2026-10-04 16:42:38 | INFO | Waiting for ArduPilot flight controller... (no serial device found, retrying in 3s)
2026-10-04 16:42:41 | INFO | Waiting for ArduPilot flight controller... (no serial device found, retrying in 3s)
2026-10-04 16:42:44 | INFO | Waiting for ArduPilot flight controller... (no serial device found, retrying in 3s)
2026-10-04 16:42:47 | INFO | Waiting for ArduPilot flight controller... (no serial device found, retrying in 3s)
2026-10-04 16:42:50 | INFO | Waiting for ArduPilot flight controller... (no serial device found, retrying in 3s)
2026-10-04 16:42:53 | INFO | Waiting for ArduPilot flight controller... (no serial device found, retrying in 3s)
2026-10-04 16:42:56 | INFO | Waiting for ArduPilot flight controller... (no serial device found, retrying in 3s)
2026-10-04 16:42:59 | INFO | Waiting for ArduPilot flight controller... (no serial device found, retrying in 3s)
2026-10-04 16:43:02 | INFO | Waiting for ArduPilot flight controller... (no serial device found, retrying in 3s)
2026-10-04 16:43:05 | INFO | Waiting for ArduPilot flight controller... (no serial device found, retrying in 3s)
2026-10-04 16:43:08 | INFO | Waiting for ArduPilot flight controller... (no serial device found, retrying in 3s)
2026-10-04 16:43:11 | INFO | Waiting for ArduPilot flight controller... (no serial device found, retrying in 3s)
2026-10-04 16:43:14 | INFO | Waiting for ArduPilot flight controller... (no serial device found, retrying in 3s)
2026-10-04 16:43:17 | INFO | Waiting for ArduPilot flight controller... (no serial device found, retrying in 3s)
2026-10-04 16:43:20 | INFO | Waiting for ArduPilot flight controller... (no serial device found, retrying in 3s)
2026-10-04 16:43:23 | INFO | Waiting for ArduPilot flight controller... (no serial device found, retrying in 3s)
2026-10-04 16:43:26 | INFO | Waiting for ArduPilot flight controller... (no serial device found, retrying in 3s)
2026-10-04 16:43:29 | INFO | Waiting for ArduPilot flight controller... (no serial device found, retrying in 3s)
2026-10-04 16:43:32 | INFO | Waiting for ArduPilot flight controller... (no serial device found, retrying in 3s)
2026-10-04 16:43:35 | INFO | Waiting for ArduPilot flight controller... (no serial device found, retrying in 3s)
2026-10-04 16:43:38 | INFO | Waiting for ArduPilot flight controller... (no serial device found, retrying in 3s)
2026-10-04 16:43:41 | INFO | Waiting for ArduPilot flight controller... (no serial device found, retrying in 3s)
2026-10-04 16:43:44 | INFO | Waiting for ArduPilot flight controller... (no serial device found, retrying in 3s)
2026-10-04 16:43:47 | INFO | Waiting for ArduPilot flight controller... (no serial device found, retrying in 3s)
2026-10-04 16:43:50 | INFO | Waiting for ArduPilot flight controller... (no serial device found, retrying in 3s)
2026-10-04 16:43:53 | INFO | Waiting for ArduPilot flight controller... (no serial device found, retrying in 3s)
2026-10-04 16:43:56 | INFO | Waiting for ArduPilot flight controller... (no serial device found, retrying in 3s)
2026-10-04 16:43:59 | INFO | Waiting for ArduPilot flight controller... (no serial device found, retrying in 3s)
2026-10-04 16:44:02 | INFO | Waiting for ArduPilot flight controller... (no serial device found, retrying in 3s)
2026-10-04 16:44:05 | INFO | Waiting for ArduPilot flight controller... (no serial device found, retrying in 3s)
2026-10-04 16:44:08 | INFO | Waiting for ArduPilot flight controller... (no serial device found, retrying in 3s)
2026-10-04 16:44:11 | INFO | Waiting for ArduPilot flight controller... (no serial device found, retrying in 3s)
2026-10-04 16:44:14 | INFO | Waiting for ArduPilot flight controller... (no serial device found, retrying in 3s)
2026-10-04 16:44:17 | INFO | Waiting for ArduPilot flight controller... (no serial device found, retrying in 3s)
2026-10-04 16:44:20 | INFO | Waiting for ArduPilot flight controller... (no serial device found, retrying in 3s)
2026-10-04 16:44:23 | INFO | Waiting for ArduPilot flight controller... (no serial device found, retrying in 3s)
2026-10-04 16:44:26 | INFO | Waiting for ArduPilot flight controller... (no serial device found, retrying in 3s)
2026-10-04 16:44:29 | INFO | Waiting for ArduPilot flight controller... (no serial device found, retrying in 3s)
2026-10-04 16:44:32 | INFO | Waiting for ArduPilot flight controller... (no serial device found, retrying in 3s)
2026-10-04 16:44:35 | INFO | Waiting for ArduPilot flight controller... (no serial device found, retrying in 3s)
2026-10-04 16:44:38 | INFO | Waiting for ArduPilot flight controller... (no serial device found, retrying in 3s)
2026-10-04 16:44:41 | INFO | Waiting for ArduPilot flight controller... (no serial device found, retrying in 3s)
2026-10-04 16:44:44 | INFO | Waiting for ArduPilot flight controller... (no serial device found, retrying in 3s)
2026-10-04 16:44:47 | INFO | Waiting for ArduPilot flight controller... (no serial device found, retrying in 3s)
2026-10-04 16:44:50 | INFO | Waiting for ArduPilot flight controller... (no serial device found, retrying in 3s)
2026-10-04 16:44:53 | INFO | Waiting for ArduPilot flight controller... (no serial device found, retrying in 3s)
2026-10-04 16:44:56 | INFO | Waiting for ArduPilot flight controller... (no serial device found, retrying in 3s)
2026-10-04 16:44:59 | INFO | Waiting for ArduPilot flight controller... (no serial device found, retrying in 3s)
2026-10-04 16:45:02 | INFO | Waiting for ArduPilot flight controller... (no serial device found, retrying in 3s)
2026-10-04 16:45:05 | INFO | Waiting for ArduPilot flight controller... (no serial device found, retrying in 3s)
2026-10-04 16:45:08 | INFO | Waiting for ArduPilot flight controller... (no serial device found, retrying in 3s)
2026-10-04 16:45:11 | INFO | Waiting for ArduPilot flight controller... (no serial device found, retrying in 3s)
2026-10-04 16:45:14 | INFO | Waiting for ArduPilot flight controller... (no serial device found, retrying in 3s)
2026-10-04 16:45:17 | INFO | Waiting for ArduPilot flight controller... (no serial device found, retrying in 3s)
2026-10-04 16:45:20 | INFO | Waiting for ArduPilot flight controller... (no serial device found, retrying in 3s)
2026-10-04 16:45:23 | INFO | Waiting for ArduPilot flight controller... (no serial device found, retrying in 3s)
2026-10-04 16:45:26 | INFO | Waiting for ArduPilot flight controller... (no serial device found, retrying in 3s)
2026-10-04 16:45:29 | INFO | Waiting for ArduPilot flight controller... (no serial device found, retrying in 3s)
2026-10-04 16:45:32 | INFO | Waiting for ArduPilot flight controller... (no serial device found, retrying in 3s)
2026-10-04 16:45:35 | INFO | Waiting for ArduPilot flight controller... (no serial device found, retrying in 3s)
2026-10-04 16:45:38 | INFO | Waiting for ArduPilot flight controller... (no serial device found, retrying in 3s)
2026-10-04 16:45:41 | INFO | Waiting for ArduPilot flight controller... (no serial device found, retrying in 3s)
2026-10-04 16:45:44 | INFO | Waiting for ArduPilot flight controller... (no serial device found, retrying in 3s)
2026-10-04 16:45:47 | INFO | Waiting for ArduPilot flight controller... (no serial device found, retrying in 3s)
2026-10-04 16:45:50 | INFO | Waiting for ArduPilot flight controller... (no serial device found, retrying in 3s)
2026-10-04 16:45:53 | INFO | Waiting for ArduPilot flight controller... (no serial device found, retrying in 3s)
2026-10-04 16:45:56 | INFO | Waiting for ArduPilot flight controller... (no serial device found, retrying in 3s)
2026-10-04 16:45:59 | INFO | Waiting for ArduPilot flight controller... (no serial device found, retrying in 3s)
2026-10-04 16:46:02 | INFO | Waiting for ArduPilot flight controller... (no serial device found, retrying in 3s)
2026-10-04 16:46:05 | INFO | Waiting for ArduPilot flight controller... (no serial device found, retrying in 3s)
2026-10-04 16:46:08 | INFO | Waiting for ArduPilot flight controller... (no serial device found, retrying in 3s)
2026-10-04 16:46:11 | INFO | Waiting for ArduPilot flight controller... (no serial device found, retrying in 3s)
2026-10-04 16:46:14 | INFO | Waiting for ArduPilot flight controller... (no serial device found, retrying in 3s)
2026-10-04 16:46:17 | INFO | Waiting for ArduPilot flight controller... (no serial device found, retrying in 3s)
2026-10-04 16:46:20 | INFO | Waiting for ArduPilot flight controller... (no serial device found, retrying in 3s)
2026-10-04 16:46:23 | INFO | Waiting for ArduPilot flight controller... (no serial device found, retrying in 3s)
2026-10-04 16:46:26 | INFO | Waiting for ArduPilot flight controller... (no serial device found, retrying in 3s)
2026-10-04 16:46:29 | INFO | Waiting for ArduPilot flight controller... (no serial device found, retrying in 3s)
2026-10-04 16:46:32 | INFO | Waiting for ArduPilot flight controller... (no serial device found, retrying in 3s)
2026-10-04 16:46:35 | INFO | Waiting for ArduPilot flight controller... (no serial device found, retrying in 3s)
2026-10-04 16:46:38 | INFO | Waiting for ArduPilot flight controller... (no serial device found, retrying in 3s)
2026-10-04 16:46:41 | INFO | Waiting for ArduPilot flight controller... (no serial device found, retrying in 3s)
2026-10-04 16:46:44 | INFO | Waiting for ArduPilot flight controller... (no serial device found, retrying in 3s)
2026-10-04 16:46:47 | INFO | Waiting for ArduPilot flight controller... (no serial device found, retrying in 3s)
2026-10-04 16:46:50 | INFO | Waiting for ArduPilot flight controller... (no serial device found, retrying in 3s)
2026-10-04 16:46:53 | INFO | Waiting for ArduPilot flight controller... (no serial device found, retrying in 3s)
2026-10-04 16:46:56 | INFO | Waiting for ArduPilot flight controller... (no serial device found, retrying in 3s)
2026-10-04 16:46:59 | INFO | Waiting for ArduPilot flight controller... (no serial device found, retrying in 3s)
2026-10-04 16:47:02 | INFO | Waiting for ArduPilot flight controller... (no serial device found, retrying in 3s)
2026-10-04 16:47:05 | INFO | Waiting for ArduPilot flight controller... (no serial device found, retrying in 3s)
2026-10-04 16:47:08 | INFO | Waiting for ArduPilot flight controller... (no serial device found, retrying in 3s)
2026-10-04 16:47:11 | INFO | Waiting for ArduPilot flight controller... (no serial device found, retrying in 3s)
2026-10-04 16:47:14 | INFO | Waiting for ArduPilot flight controller... (no serial device found, retrying in 3s)
2026-10-04 16:47:17 | INFO | Waiting for ArduPilot flight controller... (no serial device found, retrying in 3s)
2026-10-04 16:47:20 | INFO | Waiting for ArduPilot flight controller... (no serial device found, retrying in 3s)
2026-10-04 16:47:23 | INFO | Waiting for ArduPilot flight controller... (no serial device found, retrying in 3s)
2026-10-04 16:47:26 | INFO | Waiting for ArduPilot flight controller... (no serial device found, retrying in 3s)
2026-10-04 16:47:29 | INFO | Waiting for ArduPilot flight controller... (no serial device found, retrying in 3s)
2026-10-04 16:47:32 | INFO | Waiting for ArduPilot flight controller... (no serial device found, retrying in 3s)
2026-10-04 16:47:35 | INFO | Waiting for ArduPilot flight controller... (no serial device found, retrying in 3s)
2026-10-04 16:47:38 | INFO | Waiting for ArduPilot flight controller... (no serial device found, retrying in 3s)
2026-10-04 16:47:41 | INFO | Waiting for ArduPilot flight controller... (no serial device found, retrying in 3s)
2026-10-04 16:47:44 | INFO | Waiting for ArduPilot flight controller... (no serial device found, retrying in 3s)
2026-10-04 16:47:47 | INFO | Waiting for ArduPilot flight controller... (no serial device found, retrying in 3s)
2026-10-04 16:47:50 | INFO | Waiting for ArduPilot flight controller... (no serial device found, retrying in 3s)
2026-10-04 16:47:53 | INFO | Waiting for ArduPilot flight controller... (no serial device found, retrying in 3s)
2026-10-04 16:47:56 | INFO | Waiting for ArduPilot flight controller... (no serial device found, retrying in 3s)
2026-10-04 16:47:59 | INFO | Waiting for ArduPilot flight controller... (no serial device found, retrying in 3s)
2026-10-04 16:48:02 | INFO | Waiting for ArduPilot flight controller... (no serial device found, retrying in 3s)
2026-10-04 16:48:05 | INFO | Waiting for ArduPilot flight controller... (no serial device found, retrying in 3s)
2026-10-04 16:48:08 | INFO | Waiting for ArduPilot flight controller... (no serial device found, retrying in 3s)
2026-10-04 16:48:11 | INFO | Waiting for ArduPilot flight controller... (no serial device found, retrying in 3s)
2026-10-04 16:48:14 | INFO | Waiting for ArduPilot flight controller... (no serial device found, retrying in 3s)
2026-10-04 16:48:17 | INFO | Waiting for ArduPilot flight controller... (no serial device found, retrying in 3s)
2026-10-04 16:48:20 | INFO | Waiting for ArduPilot flight controller... (no serial device found, retrying in 3s)
2026-10-04 16:48:23 | INFO | Waiting for ArduPilot flight controller... (no serial device found, retrying in 3s)
2026-10-04 16:48:26 | INFO | Waiting for ArduPilot flight controller... (no serial device found, retrying in 3s)
2026-10-04 16:48:29 | INFO | Waiting for ArduPilot flight controller... (no serial device found, retrying in 3s)
2026-10-04 16:48:32 | INFO | Waiting for ArduPilot flight controller... (no serial device found, retrying in 3s)
2026-10-04 16:48:35 | INFO | Waiting for ArduPilot flight controller... (no serial device found, retrying in 3s)
2026-10-04 16:48:38 | INFO | Waiting for ArduPilot flight controller... (no serial device found, retrying in 3s)
2026-10-04 16:48:41 | INFO | Waiting for ArduPilot flight controller... (no serial device found, retrying in 3s)
2026-10-04 16:48:44 | INFO | Waiting for ArduPilot flight controller... (no serial device found, retrying in 3s)
2026-10-04 16:48:47 | INFO | Waiting for ArduPilot flight controller... (no serial device found, retrying in 3s)
2026-10-04 16:48:50 | INFO | Waiting for ArduPilot flight controller... (no serial device found, retrying in 3s)
2026-10-04 16:48:53 | INFO | Waiting for ArduPilot flight controller... (no serial device found, retrying in 3s)
2026-10-04 16:48:56 | INFO | Waiting for ArduPilot flight controller... (no serial device found, retrying in 3s)
2026-10-04 16:48:59 | INFO | Waiting for ArduPilot flight controller... (no serial device found, retrying in 3s)
2026-10-04 16:49:02 | INFO | Waiting for ArduPilot flight controller... (no serial device found, retrying in 3s)
2026-10-04 16:49:05 | INFO | Waiting for ArduPilot flight controller... (no serial device found, retrying in 3s)
2026-10-04 16:49:08 | INFO | Waiting for ArduPilot flight controller... (no serial device found, retrying in 3s)
2026-10-04 16:49:11 | INFO | Waiting for ArduPilot flight controller... (no serial device found, retrying in 3s)
2026-10-04 16:49:14 | INFO | Waiting for ArduPilot flight controller... (no serial device found, retrying in 3s)
2026-10-04 16:49:17 | INFO | Waiting for ArduPilot flight controller... (no serial device found, retrying in 3s)
2026-10-04 16:49:20 | INFO | Waiting for ArduPilot flight controller... (no serial device found, retrying in 3s)
2026-10-04 16:49:23 | INFO | Waiting for ArduPilot flight controller... (no serial device found, retrying in 3s)
2026-10-04 16:49:26 | INFO | Waiting for ArduPilot flight controller... (no serial device found, retrying in 3s)
2026-10-04 16:49:29 | INFO | Waiting for ArduPilot flight controller... (no serial device found, retrying in 3s)
2026-10-04 16:49:32 | INFO | Waiting for ArduPilot flight controller... (no serial device found, retrying in 3s)
2026-10-04 16:49:35 | INFO | Waiting for ArduPilot flight controller... (no serial device found, retrying in 3s)
2026-10-04 16:49:38 | INFO | Waiting for ArduPilot flight controller... (no serial device found, retrying in 3s)
2026-10-04 16:49:41 | INFO | Waiting for ArduPilot flight controller... (no serial device found, retrying in 3s)
2026-10-04 16:49:44 | INFO | Waiting for ArduPilot flight controller... (no serial device found, retrying in 3s)
2026-10-04 16:49:47 | INFO | Waiting for ArduPilot flight controller... (no serial device found, retrying in 3s)
2026-10-04 16:49:50 | INFO | Waiting for ArduPilot flight controller... (no serial device found, retrying in 3s)
2026-10-04 16:49:53 | INFO | Waiting for ArduPilot flight controller... (no serial device found, retrying in 3s)
2026-10-04 16:49:56 | INFO | Waiting for ArduPilot flight controller... (no serial device found, retrying in 3s)
2026-10-04 16:49:59 | INFO | Waiting for ArduPilot flight controller... (no serial device found, retrying in 3s)
2026-10-04 16:50:02 | INFO | Waiting for ArduPilot flight controller... (no serial device found, retrying in 3s)
2026-10-04 16:50:05 | INFO | Waiting for ArduPilot flight controller... (no serial device found, retrying in 3s)
2026-10-04 16:50:08 | INFO | Waiting for ArduPilot flight controller... (no serial device found, retrying in 3s)
2026-10-04 16:50:11 | INFO | Waiting for ArduPilot flight controller... (no serial device found, retrying in 3s)
2026-10-04 16:50:14 | INFO | Waiting for ArduPilot flight controller... (no serial device found, retrying in 3s)
2026-10-04 16:50:17 | INFO | Waiting for ArduPilot flight controller... (no serial device found, retrying in 3s)
2026-10-04 16:50:20 | INFO | Waiting for ArduPilot flight controller... (no serial device found, retrying in 3s)
2026-10-04 16:50:23 | INFO | Waiting for ArduPilot flight controller... (no serial device found, retrying in 3s)
2026-10-04 16:50:26 | INFO | Waiting for ArduPilot flight controller... (no serial device found, retrying in 3s)
2026-10-04 16:50:29 | INFO | Waiting for ArduPilot flight controller... (no serial device found, retrying in 3s)
2026-10-04 16:50:32 | INFO | Waiting for ArduPilot flight controller... (no serial device found, retrying in 3s)
2026-10-04 16:50:35 | INFO | Waiting for ArduPilot flight controller... (no serial device found, retrying in 3s)
2026-10-04 16:50:38 | INFO | Waiting for ArduPilot flight controller... (no serial device found, retrying in 3s)
2026-10-04 16:50:41 | INFO | Waiting for ArduPilot flight controller... (no serial device found, retrying in 3s)
2026-10-04 16:50:44 | INFO | Waiting for ArduPilot flight controller... (no serial device found, retrying in 3s)
2026-10-04 16:50:47 | INFO | Waiting for ArduPilot flight controller... (no serial device found, retrying in 3s)
2026-10-04 16:50:50 | INFO | Waiting for ArduPilot flight controller... (no serial device found, retrying in 3s)
2026-10-04 16:50:53 | INFO | Waiting for ArduPilot flight controller... (no serial device found, retrying in 3s)
2026-10-04 16:50:56 | INFO | Waiting for ArduPilot flight controller... (no serial device found, retrying in 3s)
2026-10-04 16:50:59 | INFO | Waiting for ArduPilot flight controller... (no serial device found, retrying in 3s)
2026-10-04 16:51:02 | INFO | Waiting for ArduPilot flight controller... (no serial device found, retrying in 3s)
2026-10-04 16:51:05 | INFO | Waiting for ArduPilot flight controller... (no serial device found, retrying in 3s)
2026-10-04 16:51:08 | INFO | Waiting for ArduPilot flight controller... (no serial device found, retrying in 3s)
2026-10-04 16:51:11 | INFO | Waiting for ArduPilot flight controller... (no serial device found, retrying in 3s)
2026-10-04 16:51:14 | INFO | Waiting for ArduPilot flight controller... (no serial device found, retrying in 3s)
2026-10-04 16:51:17 | INFO | Waiting for ArduPilot flight controller... (no serial device found, retrying in 3s)
2026-10-04 16:51:20 | INFO | Waiting for ArduPilot flight controller... (no serial device found, retrying in 3s)
2026-10-04 16:51:23 | INFO | Waiting for ArduPilot flight controller... (no serial device found, retrying in 3s)
2026-10-04 16:51:26 | INFO | Waiting for ArduPilot flight controller... (no serial device found, retrying in 3s)
2026-10-04 16:51:29 | INFO | Waiting for ArduPilot flight controller... (no serial device found, retrying in 3s)
2026-10-04 16:51:32 | INFO | Waiting for ArduPilot flight controller... (no serial device found, retrying in 3s)
2026-10-04 16:51:35 | INFO | Waiting for ArduPilot flight controller... (no serial device found, retrying in 3s)
2026-10-04 16:51:38 | INFO | Waiting for ArduPilot flight controller... (no serial device found, retrying in 3s)
2026-10-04 16:51:41 | INFO | Waiting for ArduPilot flight controller... (no serial device found, retrying in 3s)
2026-10-04 16:51:44 | INFO | Waiting for ArduPilot flight controller... (no serial device found, retrying in 3s)
2026-10-04 16:51:47 | INFO | Waiting for ArduPilot flight controller... (no serial device found, retrying in 3s)
2026-10-04 16:51:50 | INFO | Waiting for ArduPilot flight controller... (no serial device found, retrying in 3s)
2026-10-04 16:51:53 | INFO | Waiting for ArduPilot flight controller... (no serial device found, retrying in 3s)
2026-10-04 16:51:56 | INFO | Waiting for ArduPilot flight controller... (no serial device found, retrying in 3s)
2026-10-04 16:51:59 | INFO | Waiting for ArduPilot flight controller... (no serial device found, retrying in 3s)
2026-10-04 16:52:02 | INFO | Waiting for ArduPilot flight controller... (no serial device found, retrying in 3s)
2026-10-04 16:52:05 | INFO | Waiting for ArduPilot flight controller... (no serial device found, retrying in 3s)
2026-10-04 16:52:08 | INFO | Waiting for ArduPilot flight controller... (no serial device found, retrying in 3s)
2026-10-04 16:52:11 | INFO | Waiting for ArduPilot flight controller... (no serial device found, retrying in 3s)
2026-10-04 16:52:14 | INFO | Waiting for ArduPilot flight controller... (no serial device found, retrying in 3s)
2026-10-04 16:52:17 | INFO | Waiting for ArduPilot flight controller... (no serial device found, retrying in 3s)
2026-10-04 16:52:20 | INFO | Waiting for ArduPilot flight controller... (no serial device found, retrying in 3s)
2026-10-04 16:52:23 | INFO | Waiting for ArduPilot flight controller... (no serial device found, retrying in 3s)
2026-10-04 16:52:26 | INFO | Waiting for ArduPilot flight controller... (no serial device found, retrying in 3s)
2026-10-04 16:52:29 | INFO | Waiting for ArduPilot flight controller... (no serial device found, retrying in 3s)
2026-10-04 16:52:32 | INFO | Waiting for ArduPilot flight controller... (no serial device found, retrying in 3s)
2026-10-04 16:52:35 | INFO | Waiting for ArduPilot flight controller... (no serial device found, retrying in 3s)
2026-10-04 16:52:38 | INFO | Waiting for ArduPilot flight controller... (no serial device found, retrying in 3s)
2026-10-04 16:52:41 | INFO | Waiting for ArduPilot flight controller... (no serial device found, retrying in 3s)
2026-10-04 16:52:44 | INFO | Waiting for ArduPilot flight controller... (no serial device found, retrying in 3s)
2026-10-04 16:52:47 | INFO | Waiting for ArduPilot flight controller... (no serial device found, retrying in 3s)
2026-10-04 16:52:50 | INFO | Waiting for ArduPilot flight controller... (no serial device found, retrying in 3s)
2026-10-04 16:52:53 | INFO | Waiting for ArduPilot flight controller... (no serial device found, retrying in 3s)
2026-10-04 16:52:56 | INFO | Waiting for ArduPilot flight controller... (no serial device found, retrying in 3s)
2026-10-04 16:52:59 | INFO | Waiting for ArduPilot flight controller... (no serial device found, retrying in 3s)
2026-10-04 16:53:02 | INFO | Waiting for ArduPilot flight controller... (no serial device found, retrying in 3s)
2026-10-04 16:53:05 | INFO | Waiting for ArduPilot flight controller... (no serial device found, retrying in 3s)
2026-10-04 16:53:08 | INFO | Waiting for ArduPilot flight controller... (no serial device found, retrying in 3s)
2026-10-04 16:53:11 | INFO | Waiting for ArduPilot flight controller... (no serial device found, retrying in 3s)
2026-10-04 16:53:14 | INFO | Waiting for ArduPilot flight controller... (no serial device found, retrying in 3s)
2026-10-04 16:53:17 | INFO | Waiting for ArduPilot flight controller... (no serial device found, retrying in 3s)
2026-10-04 16:53:20 | INFO | Waiting for ArduPilot flight controller... (no serial device found, retrying in 3s)
2026-10-04 16:53:23 | INFO | Waiting for ArduPilot flight controller... (no serial device found, retrying in 3s)
2026-10-04 16:53:26 | INFO | Waiting for ArduPilot flight controller... (no serial device found, retrying in 3s)
2026-10-04 16:53:29 | INFO | Waiting for ArduPilot flight controller... (no serial device found, retrying in 3s)
2026-10-04 16:53:32 | INFO | Waiting for ArduPilot flight controller... (no serial device found, retrying in 3s)
2026-10-04 16:53:35 | INFO | Waiting for ArduPilot flight controller... (no serial device found, retrying in 3s)
2026-10-04 16:53:38 | INFO | Waiting for ArduPilot flight controller... (no serial device found, retrying in 3s)
2026-10-04 16:53:41 | INFO | Waiting for ArduPilot flight controller... (no serial device found, retrying in 3s)
2026-10-04 16:53:44 | INFO | Waiting for ArduPilot flight controller... (no serial device found, retrying in 3s)
2026-10-04 16:53:47 | INFO | Waiting for ArduPilot flight controller... (no serial device found, retrying in 3s)
2026-10-04 16:53:50 | INFO | Waiting for ArduPilot flight controller... (no serial device found, retrying in 3s)
2026-10-04 16:53:53 | INFO | Waiting for ArduPilot flight controller... (no serial device found, retrying in 3s)
2026-10-04 16:53:56 | INFO | Waiting for ArduPilot flight controller... (no serial device found, retrying in 3s)
2026-10-04 16:53:59 | INFO | Waiting for ArduPilot flight controller... (no serial device found, retrying in 3s)
2026-10-04 16:54:02 | INFO | Waiting for ArduPilot flight controller... (no serial device found, retrying in 3s)
2026-10-04 16:54:05 | INFO | Waiting for ArduPilot flight controller... (no serial device found, retrying in 3s)
2026-10-04 16:54:08 | INFO | Waiting for ArduPilot flight controller... (no serial device found, retrying in 3s)
2026-10-04 16:54:11 | INFO | Waiting for ArduPilot flight controller... (no serial device found, retrying in 3s)
2026-10-04 16:54:14 | INFO | Waiting for ArduPilot flight controller... (no serial device found, retrying in 3s)
2026-10-04 16:54:17 | INFO | Waiting for ArduPilot flight controller... (no serial device found, retrying in 3s)
2026-10-04 16:54:20 | INFO | Waiting for ArduPilot flight controller... (no serial device found, retrying in 3s)
2026-10-04 16:54:23 | INFO | Waiting for ArduPilot flight controller... (no serial device found, retrying in 3s)
2026-10-04 16:54:26 | INFO | Waiting for ArduPilot flight controller... (no serial device found, retrying in 3s)
2026-10-04 16:54:29 | INFO | Waiting for ArduPilot flight controller... (no serial device found, retrying in 3s)
2026-10-04 16:54:32 | INFO | Waiting for ArduPilot flight controller... (no serial device found, retrying in 3s)
2026-10-04 16:54:35 | INFO | Waiting for ArduPilot flight controller... (no serial device found, retrying in 3s)
2026-10-04 16:54:38 | INFO | Waiting for ArduPilot flight controller... (no serial device found, retrying in 3s)
2026-10-04 16:54:41 | INFO | Waiting for ArduPilot flight controller... (no serial device found, retrying in 3s)
2026-10-04 16:54:44 | INFO | Waiting for ArduPilot flight controller... (no serial device found, retrying in 3s)
2026-10-04 16:54:47 | INFO | Waiting for ArduPilot flight controller... (no serial device found, retrying in 3s)
2026-10-04 16:54:50 | INFO | Waiting for ArduPilot flight controller... (no serial device found, retrying in 3s)
2026-10-04 16:54:53 | INFO | Waiting for ArduPilot flight controller... (no serial device found, retrying in 3s)
2026-10-04 16:54:56 | INFO | Waiting for ArduPilot flight controller... (no serial device found, retrying in 3s)
2026-10-04 16:54:59 | INFO | Waiting for ArduPilot flight controller... (no serial device found, retrying in 3s)
2026-10-04 16:55:02 | INFO | Waiting for ArduPilot flight controller... (no serial device found, retrying in 3s)
2026-10-04 16:55:05 | INFO | Waiting for ArduPilot flight controller... (no serial device found, retrying in 3s)
2026-10-04 16:55:08 | INFO | Waiting for ArduPilot flight controller... (no serial device found, retrying in 3s)
2026-10-04 16:55:11 | INFO | Waiting for ArduPilot flight controller... (no serial device found, retrying in 3s)
2026-10-04 16:55:14 | INFO | Waiting for ArduPilot flight controller... (no serial device found, retrying in 3s)
2026-10-04 16:55:17 | INFO | Waiting for ArduPilot flight controller... (no serial device found, retrying in 3s)
2026-10-04 16:55:20 | INFO | Waiting for ArduPilot flight controller... (no serial device found, retrying in 3s)
2026-10-04 16:55:23 | INFO | Waiting for ArduPilot flight controller... (no serial device found, retrying in 3s)
2026-10-04 16:55:26 | INFO | Waiting for ArduPilot flight controller... (no serial device found, retrying in 3s)
2026-10-04 16:55:29 | INFO | Waiting for ArduPilot flight controller... (no serial device found, retrying in 3s)
2026-10-04 16:55:32 | INFO | Waiting for ArduPilot flight controller... (no serial device found, retrying in 3s)
2026-10-04 16:55:35 | INFO | Waiting for ArduPilot flight controller... (no serial device found, retrying in 3s)
2026-10-04 16:55:38 | INFO | Waiting for ArduPilot flight controller... (no serial device found, retrying in 3s)
2026-10-04 16:55:41 | INFO | Waiting for ArduPilot flight controller... (no serial device found, retrying in 3s)
2026-10-04 16:55:44 | INFO | Waiting for ArduPilot flight controller... (no serial device found, retrying in 3s)
2026-10-04 16:55:47 | INFO | Waiting for ArduPilot flight controller... (no serial device found, retrying in 3s)
2026-10-04 16:55:50 | INFO | Waiting for ArduPilot flight controller... (no serial device found, retrying in 3s)
2026-10-04 16:55:53 | INFO | Waiting for ArduPilot flight controller... (no serial device found, retrying in 3s)
2026-10-04 16:55:56 | INFO | Waiting for ArduPilot flight controller... (no serial device found, retrying in 3s)
2026-10-04 16:55:59 | INFO | Waiting for ArduPilot flight controller... (no serial device found, retrying in 3s)
2026-10-04 16:56:02 | INFO | Waiting for ArduPilot flight controller... (no serial device found, retrying in 3s)
2026-10-04 16:56:05 | INFO | Waiting for ArduPilot flight controller... (no serial device found, retrying in 3s)
2026-10-04 16:56:08 | INFO | Waiting for ArduPilot flight controller... (no serial device found, retrying in 3s)
2026-10-04 16:56:11 | INFO | Waiting for ArduPilot flight controller... (no serial device found, retrying in 3s)
2026-10-04 16:56:14 | INFO | Waiting for ArduPilot flight controller... (no serial device found, retrying in 3s)
2026-10-04 16:56:17 | INFO | Waiting for ArduPilot flight controller... (no serial device found, retrying in 3s)
2026-10-04 16:56:20 | INFO | Waiting for ArduPilot flight controller... (no serial device found, retrying in 3s)
2026-10-04 16:56:23 | INFO | Waiting for ArduPilot flight controller... (no serial device found, retrying in 3s)
2026-10-04 16:56:26 | INFO | Waiting for ArduPilot flight controller... (no serial device found, retrying in 3s)
2026-10-04 16:56:29 | INFO | Waiting for ArduPilot flight controller... (no serial device found, retrying in 3s)
2026-10-04 16:56:32 | INFO | Waiting for ArduPilot flight controller... (no serial device found, retrying in 3s)
2026-10-04 16:56:35 | INFO | Waiting for ArduPilot flight controller... (no serial device found, retrying in 3s)
2026-10-04 16:56:38 | INFO | Waiting for ArduPilot flight controller... (no serial device found, retrying in 3s)
2026-10-04 16:56:41 | INFO | Waiting for ArduPilot flight controller... (no serial device found, retrying in 3s)
2026-10-04 16:56:44 | INFO | Waiting for ArduPilot flight controller... (no serial device found, retrying in 3s)
2026-10-04 16:56:47 | INFO | Waiting for ArduPilot flight controller... (no serial device found, retrying in 3s)
2026-10-04 16:56:50 | INFO | Waiting for ArduPilot flight controller... (no serial device found, retrying in 3s)
2026-10-04 16:56:53 | INFO | Waiting for ArduPilot flight controller... (no serial device found, retrying in 3s)
2026-10-04 16:56:56 | INFO | Waiting for ArduPilot flight controller... (no serial device found, retrying in 3s)
2026-10-04 16:56:59 | INFO | Waiting for ArduPilot flight controller... (no serial device found, retrying in 3s)
2026-10-04 16:57:02 | INFO | Waiting for ArduPilot flight controller... (no serial device found, retrying in 3s)
2026-10-04 16:57:05 | INFO | Waiting for ArduPilot flight controller... (no serial device found, retrying in 3s)
2026-10-04 16:57:08 | INFO | Waiting for ArduPilot flight controller... (no serial device found, retrying in 3s)
2026-10-04 16:57:11 | INFO | Waiting for ArduPilot flight controller... (no serial device found, retrying in 3s)
2026-10-04 16:57:14 | INFO | Waiting for ArduPilot flight controller... (no serial device found, retrying in 3s)
2026-10-04 16:57:17 | INFO | Waiting for ArduPilot flight controller... (no serial device found, retrying in 3s)
2026-10-04 16:57:20 | INFO | Waiting for ArduPilot flight controller... (no serial device found, retrying in 3s)
2026-10-04 16:57:23 | INFO | Waiting for ArduPilot flight controller... (no serial device found, retrying in 3s)
2026-10-04 16:57:26 | INFO | Waiting for ArduPilot flight controller... (no serial device found, retrying in 3s)
2026-10-04 16:57:29 | INFO | Waiting for ArduPilot flight controller... (no serial device found, retrying in 3s)
2026-10-04 16:57:32 | INFO | Waiting for ArduPilot flight controller... (no serial device found, retrying in 3s)
2026-10-04 16:57:35 | INFO | Waiting for ArduPilot flight controller... (no serial device found, retrying in 3s)
2026-10-04 16:57:38 | INFO | Waiting for ArduPilot flight controller... (no serial device found, retrying in 3s)
2026-10-04 16:57:41 | INFO | Waiting for ArduPilot flight controller... (no serial device found, retrying in 3s)
2026-10-04 16:57:44 | INFO | Waiting for ArduPilot flight controller... (no serial device found, retrying in 3s)
2026-10-04 16:57:47 | INFO | Waiting for ArduPilot flight controller... (no serial device found, retrying in 3s)
2026-10-04 16:57:50 | INFO | Waiting for ArduPilot flight controller... (no serial device found, retrying in 3s)
2026-10-04 16:57:53 | INFO | Waiting for ArduPilot flight controller... (no serial device found, retrying in 3s)
2026-10-04 16:57:56 | INFO | Waiting for ArduPilot flight controller... (no serial device found, retrying in 3s)
2026-10-04 16:57:59 | INFO | Waiting for ArduPilot flight controller... (no serial device found, retrying in 3s)
2026-10-04 16:58:02 | INFO | Waiting for ArduPilot flight controller... (no serial device found, retrying in 3s)
2026-10-04 16:58:05 | INFO | Waiting for ArduPilot flight controller... (no serial device found, retrying in 3s)
2026-10-04 16:58:08 | INFO | Waiting for ArduPilot flight controller... (no serial device found, retrying in 3s)
2026-10-04 16:58:11 | INFO | Waiting for ArduPilot flight controller... (no serial device found, retrying in 3s)
2026-10-04 16:58:14 | INFO | Waiting for ArduPilot flight controller... (no serial device found, retrying in 3s)
2026-10-04 16:58:17 | INFO | Waiting for ArduPilot flight controller... (no serial device found, retrying in 3s)
2026-10-04 16:58:20 | INFO | Waiting for ArduPilot flight controller... (no serial device found, retrying in 3s)
2026-10-04 16:58:23 | INFO | Waiting for ArduPilot flight controller... (no serial device found, retrying in 3s)
2026-10-04 16:58:26 | INFO | Waiting for ArduPilot flight controller... (no serial device found, retrying in 3s)
2026-10-04 16:58:29 | INFO | Waiting for ArduPilot flight controller... (no serial device found, retrying in 3s)
2026-10-04 16:58:32 | INFO | Waiting for ArduPilot flight controller... (no serial device found, retrying in 3s)
2026-10-04 16:58:35 | INFO | Waiting for ArduPilot flight controller... (no serial device found, retrying in 3s)
2026-10-04 16:58:38 | INFO | Waiting for ArduPilot flight controller... (no serial device found, retrying in 3s)
2026-10-04 16:58:41 | INFO | Waiting for ArduPilot flight controller... (no serial device found, retrying in 3s)
2026-10-04 16:58:44 | INFO | Waiting for ArduPilot flight controller... (no serial device found, retrying in 3s)
2026-10-04 16:58:47 | INFO | Waiting for ArduPilot flight controller... (no serial device found, retrying in 3s)
2026-10-04 16:58:50 | INFO | Waiting for ArduPilot flight controller... (no serial device found, retrying in 3s)
2026-10-04 16:58:53 | INFO | Waiting for ArduPilot flight controller... (no serial device found, retrying in 3s)
2026-10-04 16:58:56 | INFO | Waiting for ArduPilot flight controller... (no serial device found, retrying in 3s)
2026-10-04 16:58:59 | INFO | Waiting for ArduPilot flight controller... (no serial device found, retrying in 3s)
2026-10-04 16:59:02 | INFO | Waiting for ArduPilot flight controller... (no serial device found, retrying in 3s)
2026-10-04 16:59:05 | INFO | Waiting for ArduPilot flight controller... (no serial device found, retrying in 3s)
2026-10-04 16:59:08 | INFO | Waiting for ArduPilot flight controller... (no serial device found, retrying in 3s)
2026-10-04 16:59:11 | INFO | Waiting for ArduPilot flight controller... (no serial device found, retrying in 3s)
2026-10-04 16:59:14 | INFO | Waiting for ArduPilot flight controller... (no serial device found, retrying in 3s)
2026-10-04 16:59:17 | INFO | Waiting for ArduPilot flight controller... (no serial device found, retrying in 3s)
2026-10-04 16:59:20 | INFO | Waiting for ArduPilot flight controller... (no serial device found, retrying in 3s)
2026-10-04 16:59:23 | INFO | Waiting for ArduPilot flight controller... (no serial device found, retrying in 3s)
2026-10-04 16:59:26 | INFO | Waiting for ArduPilot flight controller... (no serial device found, retrying in 3s)
2026-10-04 16:59:29 | INFO | Waiting for ArduPilot flight controller... (no serial device found, retrying in 3s)
2026-10-04 16:59:32 | INFO | Waiting for ArduPilot flight controller... (no serial device found, retrying in 3s)
2026-10-04 16:59:35 | INFO | Waiting for ArduPilot flight controller... (no serial device found, retrying in 3s)
2026-10-04 16:59:38 | INFO | Waiting for ArduPilot flight controller... (no serial device found, retrying in 3s)
2026-10-04 16:59:41 | INFO | Waiting for ArduPilot flight controller... (no serial device found, retrying in 3s)
2026-10-04 16:59:44 | INFO | Waiting for ArduPilot flight controller... (no serial device found, retrying in 3s)
2026-10-04 16:59:47 | INFO | Waiting for ArduPilot flight controller... (no serial device found, retrying in 3s)
2026-10-04 16:59:50 | INFO | Waiting for ArduPilot flight controller... (no serial device found, retrying in 3s)
2026-10-04 16:59:53 | INFO | Waiting for ArduPilot flight controller... (no serial device found, retrying in 3s)
2026-10-04 16:59:56 | INFO | Waiting for ArduPilot flight controller... (no serial device found, retrying in 3s)
2026-10-04 16:59:59 | INFO | Waiting for ArduPilot flight controller... (no serial device found, retrying in 3s)
2026-10-04 17:00:02 | INFO | Waiting for ArduPilot flight controller... (no serial device found, retrying in 3s)
2026-10-04 17:00:05 | INFO | Waiting for ArduPilot flight controller... (no serial device found, retrying in 3s)
2026-10-04 17:00:08 | INFO | Waiting for ArduPilot flight controller... (no serial device found, retrying in 3s)
2026-10-04 17:00:11 | INFO | Waiting for ArduPilot flight controller... (no serial device found, retrying in 3s)
2026-10-04 17:00:14 | INFO | Waiting for ArduPilot flight controller... (no serial device found, retrying in 3s)
2026-10-04 17:00:17 | INFO | Waiting for ArduPilot flight controller... (no serial device found, retrying in 3s)
2026-10-04 17:00:20 | INFO | Waiting for ArduPilot flight controller... (no serial device found, retrying in 3s)
2026-10-04 17:00:23 | INFO | Waiting for ArduPilot flight controller... (no serial device found, retrying in 3s)
2026-10-04 17:00:26 | INFO | Waiting for ArduPilot flight controller... (no serial device found, retrying in 3s)
2026-10-04 17:00:29 | INFO | Waiting for ArduPilot flight controller... (no serial device found, retrying in 3s)
2026-10-04 17:00:32 | INFO | Waiting for ArduPilot flight controller... (no serial device found, retrying in 3s)
2026-10-04 17:00:35 | INFO | Waiting for ArduPilot flight controller... (no serial device found, retrying in 3s)
2026-10-04 17:00:38 | INFO | Waiting for ArduPilot flight controller... (no serial device found, retrying in 3s)
2026-10-04 17:00:41 | INFO | Waiting for ArduPilot flight controller... (no serial device found, retrying in 3s)
2026-10-04 17:00:44 | INFO | Waiting for ArduPilot flight controller... (no serial device found, retrying in 3s)
2026-10-04 17:00:47 | INFO | Waiting for ArduPilot flight controller... (no serial device found, retrying in 3s)
2026-10-04 17:00:50 | INFO | Waiting for ArduPilot flight controller... (no serial device found, retrying in 3s)
2026-10-04 17:00:53 | INFO | Waiting for ArduPilot flight controller... (no serial device found, retrying in 3s)
2026-10-04 17:00:56 | INFO | Waiting for ArduPilot flight controller... (no serial device found, retrying in 3s)
2026-10-04 17:00:59 | INFO | Waiting for ArduPilot flight controller... (no serial device found, retrying in 3s)
2026-10-04 17:01:02 | INFO | Waiting for ArduPilot flight controller... (no serial device found, retrying in 3s)
2026-10-04 17:01:05 | INFO | Waiting for ArduPilot flight controller... (no serial device found, retrying in 3s)
2026-10-04 17:01:08 | INFO | Waiting for ArduPilot flight controller... (no serial device found, retrying in 3s)
2026-10-04 17:01:11 | INFO | Waiting for ArduPilot flight controller... (no serial device found, retrying in 3s)
2026-10-04 17:01:14 | INFO | Waiting for ArduPilot flight controller... (no serial device found, retrying in 3s)
2026-10-04 17:01:17 | INFO | Waiting for ArduPilot flight controller... (no serial device found, retrying in 3s)
2026-10-04 17:01:20 | INFO | Waiting for ArduPilot flight controller... (no serial device found, retrying in 3s)
2026-10-04 17:01:23 | INFO | Waiting for ArduPilot flight controller... (no serial device found, retrying in 3s)
2026-10-04 17:01:26 | INFO | Waiting for ArduPilot flight controller... (no serial device found, retrying in 3s)
2026-10-04 17:01:29 | INFO | Waiting for ArduPilot flight controller... (no serial device found, retrying in 3s)
2026-10-04 17:01:32 | INFO | Waiting for ArduPilot flight controller... (no serial device found, retrying in 3s)
2026-10-04 17:01:35 | INFO | Waiting for ArduPilot flight controller... (no serial device found, retrying in 3s)
2026-10-04 17:01:38 | INFO | Waiting for ArduPilot flight controller... (no serial device found, retrying in 3s)
2026-10-04 17:01:41 | INFO | Waiting for ArduPilot flight controller... (no serial device found, retrying in 3s)
2026-10-04 17:01:44 | INFO | Waiting for ArduPilot flight controller... (no serial device found, retrying in 3s)
2026-10-04 17:01:47 | INFO | Waiting for ArduPilot flight controller... (no serial device found, retrying in 3s)
2026-10-04 17:01:50 | INFO | Waiting for ArduPilot flight controller... (no serial device found, retrying in 3s)
2026-10-04 17:01:53 | INFO | Waiting for ArduPilot flight controller... (no serial device found, retrying in 3s)
2026-10-04 17:01:56 | INFO | Waiting for ArduPilot flight controller... (no serial device found, retrying in 3s)
2026-10-04 17:01:59 | INFO | Waiting for ArduPilot flight controller... (no serial device found, retrying in 3s)
2026-10-04 17:02:02 | INFO | Waiting for ArduPilot flight controller... (no serial device found, retrying in 3s)
2026-10-04 17:02:05 | INFO | Waiting for ArduPilot flight controller... (no serial device found, retrying in 3s)
2026-10-04 17:02:08 | INFO | Waiting for ArduPilot flight controller... (no serial device found, retrying in 3s)
2026-10-04 17:02:11 | INFO | Waiting for ArduPilot flight controller... (no serial device found, retrying in 3s)
2026-10-04 17:02:14 | INFO | Waiting for ArduPilot flight controller... (no serial device found, retrying in 3s)
2026-10-04 17:02:17 | INFO | Waiting for ArduPilot flight controller... (no serial device found, retrying in 3s)
2026-10-04 17:02:20 | INFO | Waiting for ArduPilot flight controller... (no serial device found, retrying in 3s)
2026-10-04 17:02:23 | INFO | Waiting for ArduPilot flight controller... (no serial device found, retrying in 3s)
2026-10-04 17:02:26 | INFO | Waiting for ArduPilot flight controller... (no serial device found, retrying in 3s)
2026-10-04 17:02:29 | INFO | Waiting for ArduPilot flight controller... (no serial device found, retrying in 3s)
2026-10-04 17:02:32 | INFO | Waiting for ArduPilot flight controller... (no serial device found, retrying in 3s)
2026-10-04 17:02:35 | INFO | Waiting for ArduPilot flight controller... (no serial device found, retrying in 3s)
2026-10-04 17:02:38 | INFO | Waiting for ArduPilot flight controller... (no serial device found, retrying in 3s)
2026-10-04 17:02:41 | INFO | Waiting for ArduPilot flight controller... (no serial device found, retrying in 3s)
2026-10-04 17:02:44 | INFO | Waiting for ArduPilot flight controller... (no serial device found, retrying in 3s)
2026-10-04 17:02:47 | INFO | Waiting for ArduPilot flight controller... (no serial device found, retrying in 3s)
2026-10-04 17:02:50 | INFO | Waiting for ArduPilot flight controller... (no serial device found, retrying in 3s)
2026-10-04 17:02:53 | INFO | Waiting for ArduPilot flight controller... (no serial device found, retrying in 3s)
2026-10-04 17:02:56 | INFO | Waiting for ArduPilot flight controller... (no serial device found, retrying in 3s)
2026-10-04 17:02:59 | INFO | Waiting for ArduPilot flight controller... (no serial device found, retrying in 3s)
2026-10-04 17:03:02 | INFO | Waiting for ArduPilot flight controller... (no serial device found, retrying in 3s)
2026-10-04 17:03:05 | INFO | Waiting for ArduPilot flight controller... (no serial device found, retrying in 3s)
2026-10-04 17:03:08 | INFO | Waiting for ArduPilot flight controller... (no serial device found, retrying in 3s)
2026-10-04 17:03:11 | INFO | Waiting for ArduPilot flight controller... (no serial device found, retrying in 3s)
2026-10-04 17:03:14 | INFO | Waiting for ArduPilot flight controller... (no serial device found, retrying in 3s)
2026-10-04 17:03:17 | INFO | Waiting for ArduPilot flight controller... (no serial device found, retrying in 3s)
2026-10-04 17:03:20 | INFO | Waiting for ArduPilot flight controller... (no serial device found, retrying in 3s)
2026-10-04 17:03:23 | INFO | Waiting for ArduPilot flight controller... (no serial device found, retrying in 3s)
2026-10-04 17:03:26 | INFO | Waiting for ArduPilot flight controller... (no serial device found, retrying in 3s)
2026-10-04 17:03:29 | INFO | Waiting for ArduPilot flight controller... (no serial device found, retrying in 3s)
2026-10-04 17:03:32 | INFO | Waiting for ArduPilot flight controller... (no serial device found, retrying in 3s)
2026-10-04 17:03:35 | INFO | Waiting for ArduPilot flight controller... (no serial device found, retrying in 3s)
2026-10-04 17:03:38 | INFO | Waiting for ArduPilot flight controller... (no serial device found, retrying in 3s)
2026-10-04 17:03:41 | INFO | Waiting for ArduPilot flight controller... (no serial device found, retrying in 3s)
2026-10-04 17:03:44 | INFO | Waiting for ArduPilot flight controller... (no serial device found, retrying in 3s)
2026-10-04 17:03:47 | INFO | Waiting for ArduPilot flight controller... (no serial device found, retrying in 3s)
2026-10-04 17:03:50 | INFO | Waiting for ArduPilot flight controller... (no serial device found, retrying in 3s)
2026-10-04 17:03:53 | INFO | Waiting for ArduPilot flight controller... (no serial device found, retrying in 3s)
2026-10-04 17:03:56 | INFO | Waiting for ArduPilot flight controller... (no serial device found, retrying in 3s)
2026-10-04 17:03:59 | INFO | Waiting for ArduPilot flight controller... (no serial device found, retrying in 3s)
2026-10-04 17:04:02 | INFO | Waiting for ArduPilot flight controller... (no serial device found, retrying in 3s)
2026-10-04 17:04:05 | INFO | Waiting for ArduPilot flight controller... (no serial device found, retrying in 3s)
2026-10-04 17:04:08 | INFO | Waiting for ArduPilot flight controller... (no serial device found, retrying in 3s)
2026-10-04 17:04:11 | INFO | Waiting for ArduPilot flight controller... (no serial device found, retrying in 3s)
2026-10-04 17:04:14 | INFO | Waiting for ArduPilot flight controller... (no serial device found, retrying in 3s)
2026-10-04 17:04:17 | INFO | Waiting for ArduPilot flight controller... (no serial device found, retrying in 3s)
2026-10-04 17:04:20 | INFO | Waiting for ArduPilot flight controller... (no serial device found, retrying in 3s)
2026-10-04 17:04:23 | INFO | Waiting for ArduPilot flight controller... (no serial device found, retrying in 3s)
2026-10-04 17:04:26 | INFO | Waiting for ArduPilot flight controller... (no serial device found, retrying in 3s)
2026-10-04 17:04:29 | INFO | Waiting for ArduPilot flight controller... (no serial device found, retrying in 3s)
2026-10-04 17:04:32 | INFO | Waiting for ArduPilot flight controller... (no serial device found, retrying in 3s)
2026-10-04 17:04:35 | INFO | Waiting for ArduPilot flight controller... (no serial device found, retrying in 3s)
2026-10-04 17:04:38 | INFO | Waiting for ArduPilot flight controller... (no serial device found, retrying in 3s)
2026-10-04 17:04:41 | INFO | Waiting for ArduPilot flight controller... (no serial device found, retrying in 3s)
2026-10-04 17:04:44 | INFO | Waiting for ArduPilot flight controller... (no serial device found, retrying in 3s)
2026-10-04 17:04:47 | INFO | Waiting for ArduPilot flight controller... (no serial device found, retrying in 3s)
2026-10-04 17:04:50 | INFO | Waiting for ArduPilot flight controller... (no serial device found, retrying in 3s)
2026-10-04 17:04:53 | INFO | Waiting for ArduPilot flight controller... (no serial device found, retrying in 3s)
2026-10-04 17:04:56 | INFO | Waiting for ArduPilot flight controller... (no serial device found, retrying in 3s)
2026-10-04 17:04:59 | INFO | Waiting for ArduPilot flight controller... (no serial device found, retrying in 3s)
2026-10-04 17:05:02 | INFO | Waiting for ArduPilot flight controller... (no serial device found, retrying in 3s)
2026-10-04 17:05:05 | INFO | Waiting for ArduPilot flight controller... (no serial device found, retrying in 3s)
2026-10-04 17:05:08 | INFO | Waiting for ArduPilot flight controller... (no serial device found, retrying in 3s)
2026-10-04 17:05:11 | INFO | Waiting for ArduPilot flight controller... (no serial device found, retrying in 3s)
2026-10-04 17:05:14 | INFO | Waiting for ArduPilot flight controller... (no serial device found, retrying in 3s)
2026-10-04 17:05:17 | INFO | Waiting for ArduPilot flight controller... (no serial device found, retrying in 3s)
2026-10-04 17:05:20 | INFO | Waiting for ArduPilot flight controller... (no serial device found, retrying in 3s)
2026-10-04 17:05:23 | INFO | Waiting for ArduPilot flight controller... (no serial device found, retrying in 3s)
2026-10-04 17:05:26 | INFO | Waiting for ArduPilot flight controller... (no serial device found, retrying in 3s)
2026-10-04 17:05:29 | INFO | Waiting for ArduPilot flight controller... (no serial device found, retrying in 3s)
2026-10-04 17:05:32 | INFO | Waiting for ArduPilot flight controller... (no serial device found, retrying in 3s)
2026-10-04 17:05:35 | INFO | Waiting for ArduPilot flight controller... (no serial device found, retrying in 3s)
2026-10-04 17:05:38 | INFO | Waiting for ArduPilot flight controller... (no serial device found, retrying in 3s)
2026-10-04 17:05:41 | INFO | Waiting for ArduPilot flight controller... (no serial device found, retrying in 3s)
2026-10-04 17:05:44 | INFO | Waiting for ArduPilot flight controller... (no serial device found, retrying in 3s)
2026-10-04 17:05:47 | INFO | Waiting for ArduPilot flight controller... (no serial device found, retrying in 3s)
2026-10-04 17:05:50 | INFO | Waiting for ArduPilot flight controller... (no serial device found, retrying in 3s)
2026-10-04 17:05:53 | INFO | Waiting for ArduPilot flight controller... (no serial device found, retrying in 3s)
2026-10-04 17:05:56 | INFO | Waiting for ArduPilot flight controller... (no serial device found, retrying in 3s)
2026-10-04 17:05:59 | INFO | Waiting for ArduPilot flight controller... (no serial device found, retrying in 3s)
2026-10-04 17:06:02 | INFO | Waiting for ArduPilot flight controller... (no serial device found, retrying in 3s)
2026-10-04 17:06:05 | INFO | Waiting for ArduPilot flight controller... (no serial device found, retrying in 3s)
2026-10-04 17:06:08 | INFO | Waiting for ArduPilot flight controller... (no serial device found, retrying in 3s)
2026-10-04 17:06:11 | INFO | Waiting for ArduPilot flight controller... (no serial device found, retrying in 3s)
2026-10-04 17:06:14 | INFO | Waiting for ArduPilot flight controller... (no serial device found, retrying in 3s)
2026-10-04 17:06:17 | INFO | Waiting for ArduPilot flight controller... (no serial device found, retrying in 3s)
2026-10-04 17:06:20 | INFO | Waiting for ArduPilot flight controller... (no serial device found, retrying in 3s)
2026-10-04 17:06:23 | INFO | Waiting for ArduPilot flight controller... (no serial device found, retrying in 3s)
2026-10-04 17:06:26 | INFO | Waiting for ArduPilot flight controller... (no serial device found, retrying in 3s)
2026-10-04 17:06:29 | INFO | Waiting for ArduPilot flight controller... (no serial device found, retrying in 3s)
2026-10-04 17:06:32 | INFO | Waiting for ArduPilot flight controller... (no serial device found, retrying in 3s)
2026-10-04 17:06:35 | INFO | Waiting for ArduPilot flight controller... (no serial device found, retrying in 3s)
2026-10-04 17:06:38 | INFO | Waiting for ArduPilot flight controller... (no serial device found, retrying in 3s)
2026-10-04 17:06:41 | INFO | Waiting for ArduPilot flight controller... (no serial device found, retrying in 3s)
2026-10-04 17:06:44 | INFO | Waiting for ArduPilot flight controller... (no serial device found, retrying in 3s)
2026-10-04 17:06:47 | INFO | Waiting for ArduPilot flight controller... (no serial device found, retrying in 3s)
2026-10-04 17:06:50 | INFO | Waiting for ArduPilot flight controller... (no serial device found, retrying in 3s)
2026-10-04 17:06:53 | INFO | Waiting for ArduPilot flight controller... (no serial device found, retrying in 3s)
2026-10-04 17:06:56 | INFO | Waiting for ArduPilot flight controller... (no serial device found, retrying in 3s)
2026-10-04 17:06:59 | INFO | Waiting for ArduPilot flight controller... (no serial device found, retrying in 3s)
2026-10-04 17:07:02 | INFO | Waiting for ArduPilot flight controller... (no serial device found, retrying in 3s)
2026-10-04 17:07:05 | INFO | Waiting for ArduPilot flight controller... (no serial device found, retrying in 3s)
2026-10-04 17:07:08 | INFO | Waiting for ArduPilot flight controller... (no serial device found, retrying in 3s)
2026-10-04 17:07:11 | INFO | Waiting for ArduPilot flight controller... (no serial device found, retrying in 3s)
2026-10-04 17:07:14 | INFO | Waiting for ArduPilot flight controller... (no serial device found, retrying in 3s)
2026-10-04 17:07:17 | INFO | Waiting for ArduPilot flight controller... (no serial device found, retrying in 3s)
2026-10-04 17:07:20 | INFO | Waiting for ArduPilot flight controller... (no serial device found, retrying in 3s)
2026-10-04 17:07:23 | INFO | Waiting for ArduPilot flight controller... (no serial device found, retrying in 3s)
2026-10-04 17:07:26 | INFO | Waiting for ArduPilot flight controller... (no serial device found, retrying in 3s)
2026-10-04 17:07:29 | INFO | Waiting for ArduPilot flight controller... (no serial device found, retrying in 3s)
2026-10-04 17:07:32 | INFO | Waiting for ArduPilot flight controller... (no serial device found, retrying in 3s)
2026-10-04 17:07:35 | INFO | Waiting for ArduPilot flight controller... (no serial device found, retrying in 3s)
2026-10-04 17:07:38 | INFO | Waiting for ArduPilot flight controller... (no serial device found, retrying in 3s)
2026-10-04 17:07:41 | INFO | Waiting for ArduPilot flight controller... (no serial device found, retrying in 3s)
2026-10-04 17:07:44 | INFO | Waiting for ArduPilot flight controller... (no serial device found, retrying in 3s)
2026-10-04 17:07:47 | INFO | Waiting for ArduPilot flight controller... (no serial device found, retrying in 3s)
2026-10-04 17:07:50 | INFO | Waiting for ArduPilot flight controller... (no serial device found, retrying in 3s)
2026-10-04 17:07:53 | INFO | Waiting for ArduPilot flight controller... (no serial device found, retrying in 3s)
2026-10-04 17:07:56 | INFO | Waiting for ArduPilot flight controller... (no serial device found, retrying in 3s)
2026-10-04 17:07:59 | INFO | Waiting for ArduPilot flight controller... (no serial device found, retrying in 3s)
2026-10-04 17:08:02 | INFO | Waiting for ArduPilot flight controller... (no serial device found, retrying in 3s)
2026-10-04 17:08:05 | INFO | Waiting for ArduPilot flight controller... (no serial device found, retrying in 3s)
2026-10-04 17:08:08 | INFO | Waiting for ArduPilot flight controller... (no serial device found, retrying in 3s)
2026-10-04 17:08:11 | INFO | Waiting for ArduPilot flight controller... (no serial device found, retrying in 3s)
2026-10-04 17:08:14 | INFO | Waiting for ArduPilot flight controller... (no serial device found, retrying in 3s)
2026-10-04 17:08:17 | INFO | Waiting for ArduPilot flight controller... (no serial device found, retrying in 3s)
2026-10-04 17:08:20 | INFO | Waiting for ArduPilot flight controller... (no serial device found, retrying in 3s)
2026-10-04 17:08:23 | INFO | Waiting for ArduPilot flight controller... (no serial device found, retrying in 3s)
2026-10-04 17:08:26 | INFO | Waiting for ArduPilot flight controller... (no serial device found, retrying in 3s)
2026-10-04 17:08:29 | INFO | Waiting for ArduPilot flight controller... (no serial device found, retrying in 3s)
2026-10-04 17:08:32 | INFO | Waiting for ArduPilot flight controller... (no serial device found, retrying in 3s)
2026-10-04 17:08:35 | INFO | Waiting for ArduPilot flight controller... (no serial device found, retrying in 3s)
2026-10-04 17:08:38 | INFO | Waiting for ArduPilot flight controller... (no serial device found, retrying in 3s)
2026-10-04 17:08:41 | INFO | Waiting for ArduPilot flight controller... (no serial device found, retrying in 3s)
2026-10-04 17:08:44 | INFO | Waiting for ArduPilot flight controller... (no serial device found, retrying in 3s)
2026-10-04 17:08:47 | INFO | Waiting for ArduPilot flight controller... (no serial device found, retrying in 3s)
2026-10-04 17:08:50 | INFO | Waiting for ArduPilot flight controller... (no serial device found, retrying in 3s)
2026-10-04 17:08:53 | INFO | Waiting for ArduPilot flight controller... (no serial device found, retrying in 3s)
2026-10-04 17:08:56 | INFO | Waiting for ArduPilot flight controller... (no serial device found, retrying in 3s)
2026-10-04 17:08:59 | INFO | Waiting for ArduPilot flight controller... (no serial device found, retrying in 3s)
2026-10-04 17:09:02 | INFO | Waiting for ArduPilot flight controller... (no serial device found, retrying in 3s)
2026-10-04 17:09:05 | INFO | Waiting for ArduPilot flight controller... (no serial device found, retrying in 3s)
2026-10-04 17:09:08 | INFO | Waiting for ArduPilot flight controller... (no serial device found, retrying in 3s)
2026-10-04 17:09:11 | INFO | Waiting for ArduPilot flight controller... (no serial device found, retrying in 3s)
2026-10-04 17:09:14 | INFO | Waiting for ArduPilot flight controller... (no serial device found, retrying in 3s)
2026-10-04 17:09:17 | INFO | Waiting for ArduPilot flight controller... (no serial device found, retrying in 3s)
2026-10-04 17:09:20 | INFO | Waiting for ArduPilot flight controller... (no serial device found, retrying in 3s)
2026-10-04 17:09:23 | INFO | Waiting for ArduPilot flight controller... (no serial device found, retrying in 3s)
2026-10-04 17:09:26 | INFO | Waiting for ArduPilot flight controller... (no serial device found, retrying in 3s)
2026-10-04 17:09:29 | INFO | Waiting for ArduPilot flight controller... (no serial device found, retrying in 3s)
2026-10-04 17:09:32 | INFO | Waiting for ArduPilot flight controller... (no serial device found, retrying in 3s)
2026-10-04 17:09:35 | INFO | Waiting for ArduPilot flight controller... (no serial device found, retrying in 3s)
2026-10-04 17:09:38 | INFO | Waiting for ArduPilot flight controller... (no serial device found, retrying in 3s)
2026-10-04 17:09:41 | INFO | Waiting for ArduPilot flight controller... (no serial device found, retrying in 3s)
2026-10-04 17:09:44 | INFO | Waiting for ArduPilot flight controller... (no serial device found, retrying in 3s)
2026-10-04 17:09:47 | INFO | Waiting for ArduPilot flight controller... (no serial device found, retrying in 3s)
2026-10-04 17:09:50 | INFO | Waiting for ArduPilot flight controller... (no serial device found, retrying in 3s)
2026-10-04 17:09:53 | INFO | Waiting for ArduPilot flight controller... (no serial device found, retrying in 3s)
2026-10-04 17:09:56 | INFO | Waiting for ArduPilot flight controller... (no serial device found, retrying in 3s)
2026-10-04 17:09:59 | INFO | Waiting for ArduPilot flight controller... (no serial device found, retrying in 3s)
2026-10-04 17:10:02 | INFO | Waiting for ArduPilot flight controller... (no serial device found, retrying in 3s)
2026-10-04 17:10:05 | INFO | Waiting for ArduPilot flight controller... (no serial device found, retrying in 3s)
2026-10-04 17:10:08 | INFO | Waiting for ArduPilot flight controller... (no serial device found, retrying in 3s)
2026-10-04 17:10:11 | INFO | Waiting for ArduPilot flight controller... (no serial device found, retrying in 3s)
2026-10-04 17:10:14 | INFO | Waiting for ArduPilot flight controller... (no serial device found, retrying in 3s)
2026-10-04 17:10:17 | INFO | Waiting for ArduPilot flight controller... (no serial device found, retrying in 3s)
2026-10-04 17:10:20 | INFO | Waiting for ArduPilot flight controller... (no serial device found, retrying in 3s)
2026-10-04 17:10:23 | INFO | Waiting for ArduPilot flight controller... (no serial device found, retrying in 3s)
2026-10-04 17:10:26 | INFO | Waiting for ArduPilot flight controller... (no serial device found, retrying in 3s)
2026-10-04 17:10:29 | INFO | Waiting for ArduPilot flight controller... (no serial device found, retrying in 3s)
2026-10-04 17:10:32 | INFO | Waiting for ArduPilot flight controller... (no serial device found, retrying in 3s)
2026-10-04 17:10:35 | INFO | Waiting for ArduPilot flight controller... (no serial device found, retrying in 3s)
2026-10-04 17:10:38 | INFO | Waiting for ArduPilot flight controller... (no serial device found, retrying in 3s)
2026-10-04 17:10:41 | INFO | Waiting for ArduPilot flight controller... (no serial device found, retrying in 3s)
2026-10-04 17:10:44 | INFO | Waiting for ArduPilot flight controller... (no serial device found, retrying in 3s)
2026-10-04 17:10:47 | INFO | Waiting for ArduPilot flight controller... (no serial device found, retrying in 3s)
